"","BR:MCF7","BR:MDA-MB-231","BR:HS 578T","BR:BT-549","BR:T-47D","CNS:SF-268","CNS:SF-295","CNS:SNB-19","CNS:SNB-75","CNS:U251","CO:COLO 205","CO:HCC-2998","CO:HCT-116","CO:HCT-15","CO:HT29","CO:KM12","CO:SW-620","LE:CCRF-CEM","LE:HL-60(TB)","LE:K-562","LE:MOLT-4","LE:RPMI-8226","LE:SR","ME:LOX IMVI","ME:MALME-3M","ME:M14","ME:SK-MEL-2","ME:SK-MEL-28","ME:SK-MEL-5","ME:UACC-257","ME:UACC-62","ME:MDA-MB-435","LC:A549/ATCC","LC:EKVX","LC:HOP-62","LC:HOP-92","LC:NCI-H226","LC:NCI-H322M","LC:NCI-H460","LC:NCI-H522","OV:IGROV1","OV:OVCAR-3","OV:OVCAR-4","OV:OVCAR-5","OV:OVCAR-8","OV:SK-OV-3","OV:NCI/ADR-RES","PR:PC-3","PR:DU-145","RE:786-0","RE:A498","RE:ACHN","RE:CAKI-1","RE:RXF 393","RE:SN12C","RE:TK-10","RE:UO-31"
"ENSG00000094914",0.952069067986093,0.951371694374295,0.976337970757319,0.78169856443746,0.963403748693166,0.989370236464226,0.975624375429446,0.972940347857773,0.934149768935123,0.96155776353276,0.97889954548634,0.996503845570572,0.917132587676291,0.94421795745367,0.977493857301721,0.998814463347399,0.965320196854124,0.880503144475451,0.928381962675294,0.999209173388848,0.95035035016009,0.971377101486914,0.944969648533194,0.990656063421341,0.952673267138085,0.99212441411781,0.9896582288999,0.960538027700418,0.965822038702451,0.959960841711217,0.94561993257947,0.959104861677571,0.945839636722977,0.947085736831692,0.994105305026655,0.978193766607947,0.9883046880935,0.975904808928923,0.960173930040483,0.9855936411355,0.915655519203777,1.01378963240789,0.996900309769643,0.959171479593871,0.96854204457178,0.995541464183981,0.965345548503217,1.00069081200026,0.78671749582931,0.93762376219057,0.928091663190816,0.782869122335456,0.966424230155141,0.957568462040813,0.989085811356947,0.991705805737642,0.95589845675343
"ENSG00000149313",0.904435843821686,0.941863919789667,0.679800954467391,0.891945773346901,0.9511058214914,0.671279582697296,0.925474525289615,0.673372899975179,0.671953422872525,0.90735722153822,0.94517920223217,0.889621416264185,0.924520766588554,0.95197374943781,0.937985257800887,0.942501481734341,0.979113300299682,0.973625481644629,0.970006121001835,1.00830367714347,0.992592592393875,0.994395516214092,0.970444820186995,0.955069582315096,0.9116831681363,1.00947064081159,0.934896089641506,0.890317475840111,0.93950108015331,0.929613313572274,0.907850504072009,0.959500940497178,0.903277861643313,0.948080365834876,0.927565191142459,0.881409937094213,0.922810942556125,0.919385225400221,0.661527818823692,0.938102334637238,0.870869093248324,0.673779567051076,0.669333066559477,0.915355506688836,0.981649525916183,0.884969780860999,0.93666600260174,0.926675219396689,0.929975922766859,0.919801980015881,0.661201106151481,0.912848157948917,0.947095745552038,0.914234125606533,0.920196254947392,0.937543719209045,0.950323543862554
"ENSG00000008311",0.812344943770498,0.913142517398605,0.65827155465456,0.64613237626672,0.642864226789078,1.0371038906865,0.913286713104238,0.954229956552816,0.88616743607987,0.917394358944616,0.654416960998603,0.860453500976835,0.790335463100971,0.883364820347347,0.637051596926378,0.894289665897196,0.638620689529336,0.807668898192804,0.759844929451164,0.890075128333318,0.870670670496362,0.648718975050296,0.860583142429976,0.896222663837729,0.931881187934281,0.868906390017165,0.902984339426183,0.917416674727046,0.860145354378286,0.939402838778384,0.923472414292372,0.903653826932636,0.653756933806605,0.916053311932355,0.9253671693625,0.755551129989933,0.921183768753954,0.848388695915044,0.640577132001072,0.644013909459709,0.769655716529613,0.652440865495231,0.79172082775888,0.645488946296457,0.653559185187828,0.876647181040989,0.866560445953682,0.825816638542225,0.650280898745931,0.882772277052916,0.887593836252945,0.901267844484123,0.878549367165777,0.879927775929396,0.849704615830639,0.647746577266364,0.887207565776564
"ENSG00000183044",0.94472561259408,0.823610973393362,0.804102772254676,0.613237639431173,0.937617772302367,0.779181708628323,0.77122877107468,0.61885122208654,0.845613330486727,0.736926628377612,0.621100454190591,0.614524023451299,0.614217252273519,0.611713234441342,0.818280098119257,0.815451491638915,0.857733989978772,0.806451612739612,0.753723729697261,0.7931988926862,0.862862862690117,0.615692553919997,0.82296745928491,0.794433399444447,0.799009900831879,0.613298773678935,0.840145769557737,0.883592127211237,0.863681005526678,0.843465491758499,0.608265770099216,0.80899098904664,0.768330811746176,0.611895762758724,0.821061044895382,0.612565966222729,0.625648326934679,0.844620723679798,0.747307046003102,0.816095379867641,0.833777251487861,0.61922496213,0.793320667774558,0.61262696661768,0.807219197256056,0.609531358246402,0.825731925746717,0.607125234262879,0.617174959747758,0.824554455282266,0.729158435256982,0.827792752155777,0.817375709710596,0.617113050332609,0.616000800917993,0.835415209186486,0.916874066517297
"ENSG00000085563",1.02014488418773,0.974150737649965,0.982837412210249,0.979266347492172,0.976693444217655,0.823505816120436,0.954445554254856,1.0111658784808,1.00762898996032,1.00150557041022,0.991822311763388,1.00749175886375,0.964057507794717,1.06294123474934,1.002850122653,0.979055522430536,0.959999999810838,0.921485088066244,0.971842480928006,0.963226571577061,0.976976976781386,0.97017614071854,0.817195740707096,0.983499005768688,0.99405940574375,0.974578805508009,0.995764798385548,0.959944614586105,0.970339815169841,0.976994615569849,0.971920110545398,0.973363699183411,0.828240040175847,0.988462303364141,0.999100809072015,0.817683958813565,1.07657886686127,0.958453148049885,0.980926968874211,0.982414306809257,0.942685212401561,1.01680925998655,0.967103289477631,0.817765385218529,1.00080661403493,0.985237292978255,1.18701453870006,0.987466692788421,0.992375601727051,1.0073267324738,0.992295535165489,0.955775181999446,1.05589319496744,0.949944828779227,0.982276959851351,0.820625561942515,1.02439024369848
"ENSG00000125257",0.880619231739482,0.935525403399916,0.990555498935603,0.959330143349416,0.894575027096187,0.9263939027424,0.972227772033521,0.931495825182276,0.956032924923503,0.74776673677652,0.980514891270971,0.942363400071449,0.915734824098296,0.960723873727608,0.938181817997409,0.93104129600256,0.936945812623262,0.755731385523284,0.972658640895193,0.956899960269494,0.95135135116089,0.929343474593806,0.898198825575042,0.94075546700979,0.8875247522995,0.939487588288408,0.918940214533844,0.954406092185856,0.991160871932595,0.926480665506318,0.934546173435921,0.932171501944317,0.979122541406128,0.939526556407494,0.938155659718622,0.916260081466442,0.985457133939701,0.958849776706227,0.736238758625113,0.839741678919078,0.990233796785985,0.947357825677432,0.927707229091549,0.926707826941504,0.925589836473969,0.962845536319658,0.896235809421184,0.930820092582489,0.93459069002115,0.918613861204235,1.00829711556533,0.929220325261212,0.969413171073147,0.969806399644938,0.925202763407389,0.977915458983129,0.956296664817064
"ENSG00000101986",0.873077304580118,0.81727245700361,0.792119427075836,0.824162679261531,0.676782703426206,0.826714801278236,0.813786213623619,0.686450055188321,0.820517968114732,0.887483689473555,0.856537102300548,0.681650184660543,0.808306709103773,0.678532365381618,0.824373464211425,0.827306856189032,0.672315270803485,0.85717183995594,0.85982452543158,0.674574930669321,0.68308308294633,0.68294635694897,0.679072544396642,0.812326043576078,0.955247524563317,0.947662246845247,0.913227617273077,0.948867569785606,0.904144568669388,0.668037200064995,0.83567332393995,0.893949895852273,0.877660110765979,0.818380743819697,0.812668598099177,0.822463407184614,0.854673039590222,0.676648487719058,0.82182033781563,0.794237456374717,0.798658380033805,0.686864619891925,0.682331766686865,0.80043815956972,0.805404315223754,0.850490438749531,0.81059549874316,0.911872100875975,0.802568218137526,0.675643564222645,0.835045436421366,0.814215832921191,0.821360964267936,0.799679004754804,0.838289776541846,0.681922654005811,0.803583872413423
"ENSG00000117528",0.963580430492492,1.01535109418335,1.00599167238631,0.98843700139784,0.974313200243119,1.01684717187789,1.02637362616856,1.05764007623828,1.00943585605111,1.02238281621552,0.996264512671123,0.990510438319746,0.989616613220923,1.01879288037809,1.02211302191212,0.966212210834576,1.00098522147764,1.01805640068613,1.01550703917251,0.957493080079578,1.0070070068054,0.945556444966862,0.940392078626651,0.985685884495887,0.949108910703147,0.982753464064848,0.994976853935787,0.998912075759289,0.979964643296019,0.985413607247105,0.950168083656285,0.944053866532517,0.988199697228805,1.03123135050105,0.996503146968428,1.00009957164192,0.994813383302184,1.00406544352919,0.987251704518776,0.99413810213728,1.03659859898656,1.00110719657753,1.05869413037522,0.984465245770869,0.98023795100217,1.07321906250407,0.961362278239123,1.00661205940854,0.97672552147337,0.980594059211764,0.980047411896474,1.00189677528164,0.980372621105834,0.990871702078268,0.98407930289695,1.00789447366685,0.981184668794189
"ENSG00000060971",0.98322913546031,0.796276121462558,0.969229206668177,0.707336522984981,0.98423088347035,0.887484957704074,0.97842157822609,0.843979478755864,0.960449708700974,0.965974103991574,0.949419484916826,1.03106582738366,0.789536741056402,0.988167445363793,0.996167075971269,0.988144635252293,0.813990147622859,0.800568066382518,0.723933890894933,0.965994464024121,0.794594594435516,0.950960768424547,0.972037018415358,0.959443339769494,1.00693069286991,0.707407038040593,0.987491381663057,1.01295618613135,0.992339422315392,0.694664708625616,0.969942653555479,0.956530349350128,0.938779626638673,0.81141834079741,0.708961934117502,0.983968933389631,1.01169531149971,0.703619236350299,0.701255064591115,0.843318430036102,0.860017756563082,1.01781580251277,0.913908608956323,0.998406691695199,0.922766686645943,0.829683939199508,0.861780521636769,1.00740155906298,0.927568218112446,0.97386138594577,0.700908731588126,0.954377557960592,0.981767460200903,0.795265322340202,0.710523680642731,0.93954232018796,1.00248880019861
"ENSG00000167315",0.974694849464187,0.665742299561109,0.937544429585144,0.944776714325204,0.666666666534431,0.928600080038387,0.865534465361532,0.831505884552559,0.674764103458188,0.860784903972541,0.949015648470668,1.1087803414027,0.671126197949056,0.918166451045408,0.961179360990431,0.664098004215748,0.891822659922794,0.86062081540665,0.922464802913188,0.664491893897886,0.861661661489157,1.03622898297914,0.978604836107353,0.668190854737934,0.922970296846937,0.8750872294138,0.911651728373554,0.923944218984483,0.924769200368342,0.921194321895018,0.909036978265961,0.93236954135412,0.944629349279954,0.8589616071496,0.875212308747085,0.837797470708394,0.833112986711459,0.845413980992481,0.95543037830706,0.93174366598475,0.912498766713525,0.932259687784145,0.840715928239033,0.821947818995828,0.677757612285187,0.666006142739323,0.669388567881022,0.865094246350519,0.879614767078729,0.842376237456955,0.663966811405775,0.848357791584635,0.950682474653645,0.906610492344947,0.673074997361956,0.886979114442494,0.945545047098946
"ENSG00000278540",0.992160364991136,0.890363474122935,0.907281405319939,0.90749601257825,0.919964296157897,0.904332129782525,0.897502497323176,0.895483351595316,0.879943786211615,0.928234467343524,0.929833417278176,0.922784936385419,0.89556709247293,0.938450830080849,0.950368550181746,0.907528156311494,0.928866994890864,0.937512679866603,0.928381962675294,0.932977461262757,0.847047046877468,0.900120095896693,0.885262214969597,0.887475148928931,0.886138613685913,0.751271059565094,0.875406283684545,0.745326871576436,0.879787860758242,0.874400391409809,0.890053391162734,0.886820477099352,0.973877962486359,1.01113984463673,0.934958537129592,0.867868166709575,1.00294925231304,0.958056519393544,0.918074908406349,0.891604570115926,0.907566340947506,0.934876698352315,0.924307569058233,0.973312089031406,0.903206291408912,0.884177152306712,0.949213303933636,0.887792361415614,0.895064205277876,0.864158415670464,0.884630580623344,0.90965358871725,0.920793065473589,0.902798675714154,0.952237909091371,0.918756870007244,0.921652563280905
"ENSG00000177646",0.955641559798424,0.93235614520504,0.934700923949487,0.975677830746476,0.941783199257804,0.947051744695738,0.867332667159374,0.972336786847936,0.902629993795898,0.909966877263883,0.886219081093141,0.940365597654507,0.956469648371312,0.98677538013587,1.00088452068779,0.902983599900616,0.963743842174632,0.737877865543137,0.9469496019288,0.962831158370338,0.958358358166495,0.949359487400048,0.920688625550664,0.723061630074938,0.963960395848721,0.910975974297483,0.919728158983605,0.963109484529105,0.926929876070138,0.989133626825426,0.999802254103262,0.925438162011003,0.733635905046165,0.92560175036292,0.726745928518984,0.943741909599972,0.887216515633638,0.948934060297683,0.966893961662834,0.93989071019575,0.946828450045018,0.958631101971086,1.03769623016944,0.95698068094862,0.945351885270145,0.949370850896786,0.954789882303368,0.911477351048756,0.881621187624073,0.928118811697402,0.915053338420574,0.928222022376316,0.897678589041013,0.921657136940183,0.728346850760319,0.934945537936455,0.940766550335338
"ENSG00000117054",0.961198769284271,0.906011686460134,0.973494465121662,0.927033492638151,0.922146186467887,0.725030084090447,0.992207792009549,0.72729101685398,0.95763902811531,0.994680316973867,0.96476526987082,0.993307361703465,0.941293929524502,1.01819628099469,0.955085994898263,0.996443390437375,0.908374384057463,1.0282004461294,1.0104060393776,1.02016607334516,0.860060059887876,0.968174539437915,1.00467708209679,0.993240556462576,1.0271287126679,1.01624962595629,1.01644834019178,1.11383641556447,1.00549990158996,0.889084679218975,0.943444729890559,0.994355876622565,0.954109934250306,0.719116769301946,0.907583174961018,1.05824952682301,0.993593002950556,0.940604858514506,0.931712619639942,0.899751614326925,0.958468974852822,0.995671866935949,0.909709028915167,0.98366859171805,1.00786448860499,0.776379668923733,0.719976100235018,1.02003355353399,0.984751203654745,0.964356435452603,0.955353614983139,1.01607267624717,0.938128922798022,0.934296318400181,0.854510863952236,1.01049265493944,0.994524638925928
"ENSG00000122971",0.942740894920563,0.961473704870462,0.811211536343818,0.894537479885459,0.927105028081503,0.935018050353987,0.984615384418658,0.938738557300324,0.801847018509969,0.801766536022931,1.00878344250201,0.979322744784872,0.908546325697175,0.794272645760312,0.923832923651335,0.965817032016238,0.943645320011104,0.810306350008053,0.928177922683498,0.789640173825694,0.9337337335468,0.945556444966862,0.79490496551002,0.93220675925801,0.984356435448642,0.796331372585718,0.913818575610397,0.96508752824348,0.907483794753981,0.998531571023293,0.960253114304874,0.963065649873638,0.956933938284028,0.923811418157189,0.941552602469467,0.906900328406472,1.00620359991738,0.954090232830126,0.947919754729139,0.927968206472336,0.788004340379204,0.80402616994383,0.918508149001398,0.941246763405448,0.938697317818371,0.918854651556751,0.917147978307678,0.965755452291374,0.974117174764423,0.958811880998255,0.960687475116419,1.00469202335935,0.984955663846776,0.91784532030939,0.928607189160187,0.954531827529823,0.980786460730555
"ENSG00000072778",1.04356455273523,1.04407249657441,1.10693612245213,1.11204146708293,1.12288009498703,1.0724027274223,1.0855144852976,1.09707272888098,1.04938767294732,1.10468734294797,1.14588591597256,1.13814803693175,1.02076677295911,1.03947499233579,1.07656019634859,1.02035170894678,1.10541871899401,1.0381416106638,1.02795347867212,1.02234084598214,0.958558558366655,1.0992794233188,1.05164692983349,1.03896620257675,1.09465346512977,1.0728740901061,1.02058504855302,1.12471565599353,1.05558829285885,1.0929025940102,1.10005932349218,1.06465986710275,1.092082702755,1.06942510422331,1.08302527703406,1.04231803225285,1.15468320936547,1.06494794227765,1.11335112143229,1.11594634851149,1.05257965846847,1.09773527909457,1.12448755102,1.0957976496523,1.02742488384202,1.11364311877269,1.02867954570231,1.05733741220619,1.12439807361067,1.07267326711432,1.09186092432006,1.13107716858719,1.10849855512434,1.04845019539604,1.10043055950727,1.08044368920147,1.09626679918442
"ENSG00000075239",1.06460256007451,1.14014063560659,1.16807149361875,1.15968899498411,1.14529405908057,1.33112715576993,1.09230769208945,1.11799617722201,1.08753262375275,1.09264277806029,1.08652195838738,1.17011287560281,1.0840654949912,1.13970368874621,1.0775429973312,1.12487650639698,1.15073891602941,1.05011158428685,1.13466639438183,1.09114274395193,1.09229229207362,1.20156124875869,1.12488804833817,1.10636182880589,1.0798019799842,1.12989731808795,1.06293706272768,1.08970428224909,1.10881948514853,1.15359765028809,1.1510777138321,1.15496583797307,1.09712556710093,1.21603341929261,1.07463283023786,1.15782136788652,1.18336214762873,1.07327714406083,1.17066903821115,1.1542970688218,1.09203906459662,1.09370910898969,1.14128587118462,1.08066122264874,1.12159709596257,1.10650946178411,1.11212905773509,1.16135399167841,1.12138844279266,1.11544554433358,1.08790991681393,1.11370669839,1.10869781785221,1.11325107811952,1.10743967135127,1.0938343157602,1.14922847164774
"ENSG00000120437",0.916145678095436,0.92443299971785,0.89082969414221,0.922846889768172,0.952097589814123,0.930004011044925,0.881318681142594,0.886832310454314,0.969684802053868,0.88507477649602,0.919333669678075,0.924982519044055,0.882787539759827,0.977428656462677,0.905159704981787,0.917210037360757,0.903645320018986,1.00223168979464,0.968985921042851,0.984183471533376,1.04764764743791,1.01160928722746,0.896805652125225,0.91212723639918,0.910693069126596,0.912571029625646,0.885058603194118,0.886559192782799,0.870555882759663,0.883015173591186,0.798101641131481,0.938706802467827,0.713464447662438,0.890192957849574,0.901588570106586,0.704371203683288,0.925861893435195,0.888646504533734,0.771617748636897,0.847690014734687,0.785834073042156,0.712028183047403,0.906909308887729,0.884285998628901,0.974793304905265,0.834043396248084,0.89862577157964,0.879699989957624,0.973715890655354,0.950099009712852,0.815092848515391,0.905860037754645,0.87835010443791,0.8568562542167,0.92400120137699,0.917757569517786,0.909905425403702
"ENSG00000131473",1.12235784437385,1.09081905494883,1.09089062636521,1.09728867601729,1.12327680231612,1.05455274748204,1.17022976999596,1.06085906829074,1.10258984117595,1.10468734294797,1.11983846519539,1.12576166194671,1.05970447263185,1.10868052080965,1.09071253049814,1.12388855935114,1.04709359585279,1.04950294156026,1.06468067719554,1.13068406462422,1.14394394371493,1.16833466750033,1.11314558640399,1.13817097392879,1.10534653443458,1.11394676480631,1.12932138262005,1.03827514567535,1.09762325651196,1.10425844324929,1.0921494955325,1.09198930565561,1.17155824484689,1.08693057467935,1.11839344567521,1.11679776936836,1.09590155576205,1.03063956350409,1.04437197330875,1.08852458994764,1.03265265837375,1.03834927004764,1.05089491029879,1.05238000377367,1.13006654544665,1.07956009093836,1.09798844829755,1.06207441013282,1.15569823411804,1.13504950472573,1.18056104283276,1.16442048494271,1.17983461170074,1.10562744485793,1.08821467886488,1.15878884757494,1.12155301122518
"ENSG00000122729",0.656346134632064,1.00822026324488,0.671676652651228,0.808413077988753,0.985222651793073,0.990172482753676,1.00399600379541,0.665325419844015,1.0036137319808,0.974405299412947,1.01605249853285,0.969933073425246,0.660343450347376,0.984786715524553,0.965700245510427,1.00217348330327,0.959999999810838,0.670927165617584,0.838604366284717,0.977461447019086,0.989589589391473,0.842874299270842,0.981192158228442,1.00437375725559,0.954059405751671,0.659355996279662,0.977445089928603,0.837899317409178,0.980750343551218,0.941164953315484,0.933557444940961,1.06426378828314,0.968633383566589,0.657847622705819,0.660805275120231,0.950711938474418,0.672632970472362,0.655825483261115,0.849688704249493,0.657128663555464,0.652461280329,0.665727226841323,0.836316368195917,0.658633738167968,0.666868320091376,0.655305657256454,0.97052379984654,0.956873581178945,1.02909309770684,0.976039603767121,1.00987751856778,0.993910352202474,0.978379993827164,0.663456715685935,0.963252227703364,0.660937343727203,1.15500248857043
"ENSG00000100412",1.05507591524162,1.00980489234232,1.04478521355849,1.04485645912184,1.02370326271473,1.02366626533821,1.05614385593284,1.06287093832353,1.00823127865725,1.03282143911817,1.02453306390216,1.08240934949907,0.982827475842087,1.02376454190638,0.959999999811302,1.01442402667172,1.02443349733509,1.02130249522798,1.02632115873774,1.02649268465273,1.02902902882302,1.05344275399251,1.01184197412442,1.00894632186701,1.05623762355322,1.02282922918496,1.10312222966549,1.11937493796472,1.06423099566603,1.03494860479002,1.09392920682343,1.07594811346154,0.99889056964218,0.992440819376877,1.03167149544776,1.05566065895536,1.03386555455428,1.02488844798713,1.05603320465342,1.04302036740327,1.0604715396941,1.05546049299336,1.07529247053789,1.09061939830898,0.997580157088611,1.06806697690121,1.02290380381938,1.02378367689257,1.0084269660898,1.00435643544468,0.988146977284048,1.00688828970612,0.982763773840238,1.01454508957477,0.983078001204951,0.998900769261737,1.01582877033035
"ENSG00000112304",1.08246501913616,1.07180350577958,1.11181070354183,1.11283891524864,1.05841515401003,1.04271961471265,1.08431568409904,1.07635046754323,1.10519975886264,1.06815216278869,1.09197375041051,1.12436320025485,1.07767571863465,1.05180471292596,1.06004913984078,1.04959494150374,1.06206896530797,1.07344288880636,1.09120587612912,1.09272439677882,1.06706706685344,1.0976781422943,1.05901084663966,1.10337972145062,1.08772277206184,1.08902402530375,1.0625430905028,1.06774799701953,1.09251620485317,1.05296133116927,1.08681036165972,1.01673432993034,1.09672213795326,1.08215635546406,1.08482365849039,1.1112217462688,1.15875114387089,1.13812592937271,1.1210593929991,1.21748633855589,1.11117687656877,1.09350780048445,1.13008699107487,1.08086038616195,1.00524299233611,1.09164767639123,1.0832503483204,1.07510115443105,1.08968699817623,1.06910891067938,1.08158830480411,1.03264450413644,1.0845870277803,1.04684521997255,1.04716130949291,1.05466173657347,1.06978596295276
"ENSG00000097021",1.06837352365419,1.11696543505656,1.08236010945824,1.0887161082359,1.08420113040083,1.11752908120386,1.09850149828202,1.11678905520234,1.12326841977047,1.15808491395,1.15153962621877,1.08340825070754,1.15315495184641,1.12677736877264,1.05120393099731,1.11084765834601,1.1436453199717,1.16169608416277,1.1238522748166,1.10893633825446,1.17597597574055,1.15472377879209,1.11971340409599,1.08906560614531,1.16613861363047,1.20825441108399,1.17600709126839,1.24300267011314,1.14653309739805,1.19021047455894,1.18212378857383,1.18724626177102,1.07513867855267,1.03680127291888,1.09781196900833,1.12217464878579,1.0692565847515,1.08239960315669,1.05781203655345,1.21887729732362,1.07882016354369,1.12551585281822,1.05949405038306,1.06094403484148,1.13188142747895,1.05677202000262,1.09679346721832,1.10865488974467,1.09851524857574,1.11940594037239,1.06183326727344,1.0771688128028,1.12463883608157,1.13251078320142,1.13467507737365,1.08504047145297,1.09985067175712
"ENSG00000123130",1.01677086414275,1.09577102087833,1.05351883801086,1.0807416265788,0.96875929763587,1.125350982526,1.00439560419493,1.048787848094,1.06344107587564,1.03201846812566,0.995456839778807,1.00629307741359,1.0481230029856,0.994928905042273,0.924029483847856,0.994467496345689,1.02640394068445,0.972611077100302,0.976127320755738,0.981020165879593,0.972772772578023,0.98759007185997,0.975619464429173,0.991053677735377,1.00891089088932,1.03180141540588,1.00915985403149,1.06517654019085,1.00903555273835,1.00734214370879,1.0405378680956,1.01812060579897,1.0406454864265,1.03560771811506,0.98391447677412,1.11918749355388,1.0678328076746,1.00823004442078,1.05148730090889,1.09786388453098,1.0667850446746,1.01962757905996,1.04669533025763,1.00995817546107,1.03145795502491,1.02863370632545,1.01672973491003,1.02141517792926,0.820024076882018,1.01841584138249,1.01205057269616,1.00948387720685,1.04174554128888,1.08717022748778,1.03254230478972,1.03007894453281,1.03554006948023
"ENSG00000161533",0.930435645344758,0.890957710034474,0.934904031494891,0.771531100324655,0.99672716433666,0.90794223808505,0.945054944866123,0.950407403490513,0.896205581028668,0.944695372690014,0.957294295616902,0.773149535356478,0.891573482250085,0.949388485443097,0.962948402759126,0.94111835587016,0.909753694402019,0.906877662627941,0.907977963495618,0.927441676368636,0.91751751733383,0.882706164755263,0.91790227865103,0.906958250316708,0.932673267142045,0.918951250938301,0.931350339617581,0.915043022269797,0.917108622880159,0.914341654250741,0.926636345476243,0.874938112511152,0.929500756242158,0.932763079185844,0.897392346708484,0.940953898050193,0.90104749295209,0.936836886279259,0.909378396895073,1.01261798290857,0.899279865660594,0.92038248597476,0.944905509260093,0.932085241798031,0.885057471085893,0.946992965233926,0.906990639134238,0.989637816838125,0.776484751048057,0.944356435456563,0.874357961107397,0.911450533910063,0.942911228266831,0.96398836373478,0.909982977688999,0.912361346874715,0.911697361690055
"ENSG00000167107",0.88736727182944,0.892344260494732,0.911952878864232,0.881180223109812,0.897351978399811,0.864821500027112,0.910089909908074,0.905542701759271,0.884962858686014,0.894108200161777,0.912872286539551,0.940565377896201,0.854632587688771,0.905438997532974,0.728648648505425,0.89942699053558,0.863645320026868,0.908703590807729,0.89961232383195,0.850929220867748,0.877077076901486,0.904523618714067,0.870335356578697,0.856660039591121,0.872079207748103,0.87070082726135,0.905545158887906,0.952428048471481,0.875662934418452,0.883798335607675,0.931184496553058,0.885830280050336,0.888350983179354,0.89476825126422,0.890198820883165,0.896744000617994,0.891487846864337,0.735151214529469,0.898507757505977,0.871137605390733,0.888428528975352,0.895218922819282,0.974702529552104,0.913762198583198,0.915910465635025,0.921430694358183,0.738299143449851,0.881871114007328,0.890850722132654,0.908316831503304,0.90280521515156,0.928222022376316,0.930756201866941,0.881332129424951,0.74236507444831,0.883381632680447,0.738078645945629
"ENSG00000151726",0.96457278932925,0.987620084978187,0.966995023668732,0.988038277314985,0.96915600496496,0.823305254548074,0.979820179624412,0.929483955149485,0.8241317002963,0.906955736041964,0.978293790817104,0.82009789215461,0.958266772971592,0.956746544504972,0.806879606721006,1.01244813258003,0.949359605724264,0.832826130892103,1.02448479881157,0.811585606798817,0.960360360168096,0.821657325696226,0.933824260934655,0.922067594250086,1.03524752454748,1.08623267847947,0.957943464797017,1.0279893183606,1.07149872302662,0.987958883800693,0.970338144953463,1.0141598176029,0.902874432495638,0.987069822759684,0.960135877518206,0.817484815131438,0.951286484094114,1.01021318770249,0.81134499440432,0.815697963076861,0.968925717476783,0.826371414025894,0.987901209681452,0.939454291786605,0.973583383550397,1.00247696403399,0.973112925518201,0.961807954019183,0.823635633863637,0.982970296835055,0.995258790795089,1.01727063970904,1.00667530118428,0.9992978230516,0.822068689131457,0.820425701844624,0.988949726035052
"ENSG00000123983",1.01041976758749,1.02485886876798,1.07971971136799,1.04884369995039,1.02052960408201,1.1109105493159,1.06333666312421,1.07795996356947,1.04216020858419,1.08561678187582,1.05300353335628,1.06682649064692,1.0183706068254,1.03271353265731,1.02309582289472,1.03635645108944,1.01458128058826,1.07445729335069,1.09447051599786,1.03044681671996,1.05505505484383,1.02061649299027,1.03055030330768,1.08429423437688,1.14099009878396,1.08683082422753,1.08854525734491,1.17812283628165,1.15419367488623,1.13186490433052,1.13723551490266,1.07654223169095,1.05456379202127,1.07121543642904,1.07603157137056,1.05207607267707,1.06274788954282,1.112940009695,1.07876272337607,1.0404371582632,1.03521751977208,1.07297433294958,1.07649235054965,1.10535749828613,1.05101835026194,1.07738036241407,1.05317665782649,1.02615217585589,1.03250401263393,1.04178217801153,1.01777953358005,1.07836677626468,0.910032878168769,0.984050556528428,1.07119255010089,1.04646747255991,1.02419113966666
"ENSG00000068366",0.677979557273399,0.937704268408893,0.894485629959483,0.955940988645147,0.818208866246512,0.930004011044925,0.879120878945231,0.687254803201438,0.881549889403423,0.863193816950076,0.837960625777292,0.896014383998399,0.896964856050926,0.679327831226145,0.845798525632275,0.859513929883518,0.889852216573428,0.906269019901345,0.905121403610463,0.835705812408916,0.895495495316217,0.885108086292012,0.933227186599019,0.957455268199313,0.914653465165415,0.888645199703191,0.907908992237189,0.917614479098484,0.896876841308804,0.903573176524019,0.892821830948621,0.892959698803256,0.753807362429893,0.888601551444479,0.942551703278539,0.969630588276485,0.88152140732604,0.882102131704095,0.940804427129004,0.873124689344635,0.900266350813798,0.863814796001245,0.956504349373762,0.853813981108581,0.958862673732837,0.880610323812422,0.905596494541805,0.872002368326853,0.882624397896745,0.89564356417908,0.957724219486819,0.948587401228195,0.868785493500292,0.915839101030025,0.960849103642565,0.877985410037377,0.935589845508096
"ENSG00000243989",1.02669445251033,1.01257799326283,0.785010662986694,0.770534290117517,1.06039869065548,0.946048936833925,0.955044954854137,0.936927874270812,0.965870306973325,0.775870721514429,1.01221605229435,1.12855858533042,0.987020766576074,0.768618872274313,1.02859950839733,1.01284331139837,1.02088669930623,0.97484276709782,0.788614568294508,1.08600237226453,0.994594594395476,1.01421136889227,1.00487610687534,1.0186878725609,1.06732673246192,1.0066792939873,1.06924061832577,1.01256057738848,1.08190925140799,1.02966226117872,1.00692109926697,1.0735716405439,0.779626827881064,0.945892182027871,0.772304925412668,0.901324305306915,0.998067730906525,0.766484878380469,0.987251704518776,0.975062096179819,0.993587846306878,1.00452944116668,0.772922707574658,1.0705038834753,1.00846944928242,0.944615079571066,1.01613224437042,0.994966939505582,0.775481540775385,1.02178217801549,0.983405768276688,1.02585604451915,0.770150443206107,0.77540375147449,0.973665765300157,1.00889377415631,1.05644599282102
"ENSG00000119640",0.921107472279228,0.946815885719161,0.966791916123328,0.96630781479938,0.949915699504132,0.915563577834825,0.937462537275232,0.921235288015042,0.988355751658632,0.939676803986816,0.943563856447539,0.900809109799059,0.968250798528704,0.974246793084569,0.949975429788703,0.989132582298136,0.965911329858934,0.991073239807045,0.977759640690112,0.950771055565289,1.00840840820652,0.965572457773104,0.971638968858267,0.886282305986823,0.952871286940026,0.968796729943416,0.934108145191745,0.948274156671294,0.730111962142975,0.945472344406173,0.93850108741576,0.948608772957994,0.928693897946809,0.924806047160373,0.92037166531714,0.933585581811493,0.936235126424034,0.94833911731317,0.884079454316814,0.919423745470557,0.950577093627192,0.895420231324526,0.929307069107228,0.929296952613165,0.946158499506723,0.93549985119677,0.740290778581898,0.932991216632194,0.938603531111837,0.736039603814646,0.935401027077163,0.742138364631698,0.948291321919241,0.974621325915414,0.905577250244202,0.902568202078032,0.740069686263799
"ENSG00000196839",0.88974893303766,0.903040506902438,0.899766426139988,0.882775119441233,0.886640880514402,0.933012434630362,0.892507492329169,0.735942057994982,0.910861272653913,0.734316972651949,0.940535083101356,0.884027569496748,0.93670127776823,0.905041264610711,0.893366093190493,0.896858328216388,0.916847290459735,1.15439237144362,0.931646602544043,0.89699485945097,1.15555555532421,0.913730984604938,0.892626131775774,0.938170973968554,0.724356435500127,0.89243345610758,0.919531172871165,0.915636435384109,0.887055588118826,0.874008810401565,0.914969349235719,0.912565600373786,0.920020171271806,0.727670578729327,0.961534618650907,0.954694812116958,0.92362452945721,0.877937530812506,0.871627631016577,0.726875310337432,0.917036598418262,0.937091091909997,0.910708928924966,0.72854013130282,0.921153458172786,0.919647280111038,0.913563035069993,0.906542978208518,0.886837881041967,0.926138613677992,0.914065586544041,0.931216931031004,0.946497957368437,0.897381883659869,0.915590267164195,0.731088238087121,0.938576405985351
"ENSG00000197894",1.00287784042813,1.03218777834363,1.01005382329439,1.02531897906194,1.01894277476566,1.0098275168452,0.990009989812186,0.979579518965983,1.02850833145382,1.00491819712839,1.01100454295588,1.00988912176408,1.06928913716668,1.02058267852827,1.02329238309124,1.01007705967001,1.02995073871331,1.09920876423226,1.01428279922173,1.03736654783761,1.11831831809443,1.00440352261721,1.02338541128005,1.01510934373457,1.00475247504856,1.02601933984129,1.01053875681857,0.984867965387228,0.9886073461032,0.987958883800693,0.975677278826245,1.02901277333815,0.9930408470009,1.05868311098892,1.03067239463869,0.981778352886233,0.880301026974412,0.998909270996746,0.999308231841228,1.0485842024742,1.05119857925398,1.00775037725058,0.98950104969713,1.01493726329119,1.06190764245576,1.05122362012261,1.03565026866448,0.985295568738716,1.01384430156223,1.02356435623296,1.06025286427099,1.01407607047737,1.02719936215459,1.02256996669223,1.02673475497612,1.01009293474366,1.02797411627118
"ENSG00000156110",1.00942740875073,1.0206992173872,0.97288514248545,0.971291865835069,1.0613904589782,0.765543521707673,0.762637362484988,0.952218086520024,0.974503111629291,0.943490916201246,1.00858152427893,0.9577464786819,1.00619009564573,1.01302575300526,0.989680589486058,0.959098992104505,1.01990147763155,1.06492189063402,1.06019179737601,1.00830367714347,1.04424424403519,1.0018014409524,1.00009951219025,1.01848906540388,0.951089108722557,0.940484497868511,0.935684034091267,0.966867767586417,0.92123354921995,0.934703866679451,0.945422186880478,0.960689176955998,0.944024205558442,1.01869902506093,0.982915375965048,1.04968634849155,0.979558628906832,1.00525532949821,0.987054056529884,0.959960258130162,0.966755450139735,0.768394564515673,0.97850214958934,0.998008364668789,1.08328291972509,0.980679678791107,1.0324636524532,1.06681140805945,1.04735152466947,0.959405940404078,0.966218885625006,0.997703903165079,0.988343130220516,1.00471461510589,1.01371783298013,0.979714199864152,0.970233947044254
"ENSG00000181915",1.04396149626993,1.02604734059106,1.17660201052572,0.985446570776426,0.979867102850369,0.996991576214001,0.895104894926053,1.03088220480216,0.899417787412283,1.04004817805078,0.904593639393318,1.01288582538949,1.03614217231706,1.04742965078106,1.04373464352949,0.88520055307544,1.03546798009153,0.908906471716594,1.06182411731038,0.989126136617413,0.896896896717338,1.0332265810582,1.0938401828851,0.99284294214854,1.00099009881169,1.05114146125987,1.03476804864872,0.886163584039924,1.01983893124733,1.0047968671552,0.885900731483903,1.02564610337149,1.02531517881486,1.03540879231442,0.895194324928525,1.02758139977545,0.998474524357068,1.01378284560956,0.885462990239063,0.890213611348194,0.998914866134179,1.01137393034497,1.01369862993427,0.89225253915709,0.903407944968057,0.887743980801002,1.00099581736686,1.07648277882631,1.04755216672401,1.00415841564274,0.885025681373958,1.00648896855216,1.05788582224611,1.04443775683731,1.04575948712411,1.04067152972106,1.01045296147129
"ENSG00000159322",1.06083159649482,1.06467267484111,1.07626688309612,1.04485645912184,1.1165327777216,1.02948255093673,1.09050949029161,0.955235891569211,1.06063039528998,1.05650908339727,1.09843513354903,1.07022275475572,1.04932108605245,0.94421795745367,1.05945945925121,1.07468879646815,1.04019704413001,1.06999391335565,1.09365435603068,1.10656385901412,1.0346346344275,1.10548438728873,1.09602945544909,1.04552683875834,1.05643564335516,1.07167779860997,1.07180143778749,1.06458312707653,1.08308780179079,1.04982868310331,1.02630017776818,1.10090107909676,1.18628340873701,1.05271533696982,1.05405135357098,1.03475057233202,1.11278348395957,1.08537431807925,1.06393912420912,1.14197714830761,1.06343099515371,1.07458480099153,1.05129487030271,1.07508464427901,1.08146803769279,1.05419597720119,1.02429794841181,1.07648277882631,1.0784510431223,1.06910891067938,1.0663769259055,1.07277628010926,1.08837301960977,1.06871301011762,1.04575948712411,1.06545418185961,1.03036336465299
"ENSG00000239900",0.943931725524674,0.989402792712805,0.986696455572926,0.962519936012257,0.983040761483082,0.94324107482085,0.99260739240907,0.977567648933192,1.01606103171731,0.97701495513861,0.967995961440082,0.947357906113803,0.968450479039846,0.972258128473251,0.983980343786933,0.984785615296426,0.9986206894584,0.988232907082931,0.995511119976431,1.02985369690987,1.03783783763006,1.00260208146465,1.01204099890297,0.928628230431684,0.953069306741966,1.04974578784772,0.995567812273108,0.949065374157044,1.05696326830545,0.967988252380227,0.934150682037937,1.0496088719577,0.973877962486359,0.95643524946162,0.959536417032763,0.951707656885053,0.789179294052847,0.97749132355429,0.910366636839536,0.972478887039746,0.925717667766456,0.961449421044499,0.934106589154263,0.961561441752328,1.00302480318552,0.932329336979624,0.975502887676657,0.956676206265336,0.991171749399845,1.00851485128544,0.959107072113966,0.979534790659971,1.0144465475711,0.98164309339319,0.974867327330556,0.775457179819035,0.975211547839679
"ENSG00000006530",0.986206211970585,0.998316331385893,0.987508885754543,0.994617224682094,0.966775760990424,1.00421179281905,0.989010988813384,0.98722462509059,0.99638626761767,0.996085516210763,0.967188288547766,1.02487263989115,0.973841852840686,0.982002585068708,0.980049139856501,0.999802410393242,0.996059113104225,0.986406978903143,0.965721281174103,1.00533807809305,1.00680680660524,1.0162129701729,1.02239028738732,0.965606361637056,1.00970297009709,1.01624962595629,0.992810006698944,0.969637028786542,0.987625220784202,0.990699950858404,1.01146925034379,0.998712743638239,0.989611699245666,0.990451561370509,0.98751123968678,1.02100965826526,1.02267873466436,0.990183440557227,1.00622591145247,0.98479880755394,0.967939232323579,0.995067941420218,0.865513448482049,0.983867755231255,0.99193385743256,0.857624095738111,1.00776737681582,0.985098193825106,0.946027287129609,0.973465346341888,0.972342947259514,0.978736148352054,0.995317325695862,0.966997692653827,0.866726744594628,0.965124412718072,0.997909407466817
"ENSG00000162688",0.930832588879462,0.910765573752448,0.91784299768095,0.761562998253277,0.964990578009523,0.76614520642476,0.763236763084268,0.910773563844528,0.936759686621811,0.92863595283978,0.965169106316978,0.933173508953517,0.9374999998128,0.925325643646152,0.963341523152169,0.989922939934811,0.968078817543236,0.892878879916235,0.779432768663654,0.979636219656063,0.9673673671737,0.863490792461271,0.760274654043134,0.912326043556198,0.925148514668287,0.963214036294843,0.928395547930977,0.882603105354049,0.942251031046503,0.922956436432118,0.895985762132492,0.925438162011003,0.899243570166567,0.938929779005584,0.763313018131019,0.86488101147767,0.776975490536565,0.956668319096347,0.872418222972148,0.903527073839339,0.851139390184248,0.883744338020384,0.894910508770141,0.925313682349071,0.986489211335655,0.909343108905312,0.933081059364055,0.940294088435746,0.766452648321338,0.932277227538163,0.920782299304468,0.936008784878505,0.9267709473096,0.899989968723043,0.882347050989817,0.900569601099117,0.76057740154095
"ENSG00000018510",0.946710330267597,0.979498860853818,0.974916217939491,0.822767144971538,0.92571655242969,0.971520256523963,1.03096903076304,1.04677597806121,0.970688616548747,1.0725685032475,1.01524482564054,0.968934172216775,0.992811501399199,0.983195783835498,0.971400491209553,0.968978462562937,0.933990147599214,1.00973828342265,1.00061211977135,0.960854092336723,0.972372372177703,0.955964771626108,0.949547218439736,1.00159045705734,0.982574257231173,0.94008573403647,0.999507534521913,1.03550588447522,0.983500294444412,0.961722956248317,0.98635554657181,0.965244083381474,1.02995461401312,0.963994429885818,0.980517534023275,0.963656277812674,0.994609986576912,0.941001487170847,0.973613993285183,0.952210630709943,0.986485153203811,1.05324609943568,0.970302969508988,1.00936068492146,0.94252873544212,1.05538492003262,0.932483568824441,0.99595381407363,0.987560192418226,1.01069306910679,0.815290398890697,1.03563941279113,0.998107003886001,0.988865482798904,0.95323921078337,1.02108524012769,1.00985564937584
"ENSG00000101444",1.1283119973944,1.14212142197839,1.08012592645879,1.12539872385857,1.16612119385776,1.11432009604606,1.03616383595681,1.09063474477605,1.11824934729608,1.07879152843947,1.14326097907254,1.07861352490688,1.18250798698432,1.08740180946855,1.16226044203199,1.13594151331042,1.18719211799267,1.20511259865995,1.04652111792562,1.13246342405448,1.21441441417129,1.12510007983885,1.09543238111346,1.12942345902,1.13089108888497,1.13946765005693,1.14114054936647,1.06735238827666,1.11746218795571,1.12618697971098,1.13842198909661,1.15021289213779,1.13928391303292,1.10642530314175,1.10980117871719,1.12297122351429,1.04769653187274,1.12920178460502,1.12007115305464,1.13442622928278,1.12735523308132,1.10357322574664,1.129487051069,1.15594503064012,1.15547489389888,1.09917764765695,1.17147978467009,1.12957663058727,1.11857945402918,1.08455445523078,1.1078625047199,1.08715184165176,1.08538407869176,1.13331327091317,1.13527585838885,1.13460577573007,1.10443006448891
"ENSG00000106992",0.879626872902724,0.919877191062716,0.877627703690946,0.857057416097078,0.961618565712264,0.863217007448212,0.817982017818585,0.850819836867354,0.957036739418383,0.848740339084866,0.944371529339854,0.871041853786626,0.83666134168597,0.90603559691637,0.884717444543545,0.870183757978624,0.910935960411638,0.851896936325442,0.811058967392153,0.935349940503094,0.796196196036797,0.665332265679477,0.781172255790393,0.899005964035983,0.88950495031891,0.929717874403406,0.859647394689324,0.793986746950057,0.902769593222791,0.879099363508742,0.810164128769989,0.92286364968356,0.85466464934853,0.909090908910067,0.879208711983373,0.914666932009426,0.842876029524484,0.789885969104633,0.846131040449426,0.874714356507757,0.854690736735782,0.669149471430468,0.794120587782398,0.88169687295724,0.930026214775151,0.876449023902418,0.891455885104271,0.914635349666509,0.92636436578524,0.872871286955867,0.928091663190816,0.864330637742971,0.87157517169043,0.88594643376749,0.937218383711381,0.931348056174408,0.889397710126551
"ENSG00000004455",1.16820482263209,1.15420421884635,1.1755864727987,1.25019936179222,1.18952692627402,1.19935820272777,1.17262737239308,1.19002112439593,1.15759887549536,1.1875940979248,1.17253912141897,1.25262211542251,1.20986421701081,1.20493188799743,1.18486486463197,1.19146413728681,1.20985221651037,1.24061675771138,1.23872679019818,1.23368920497555,1.19399399375496,1.2387910325783,1.20390088542066,1.23777335959488,1.18792079184398,1.21642906964083,1.23589086945023,1.27564039140033,1.18562168509416,1.23954968159774,1.25608067999682,1.18685018295141,1.17418053430677,1.15894171450986,1.19972025153368,1.2121875931072,1.23095698134222,1.11333663835135,1.2016997724673,1.1501241925186,1.22580645137106,1.20744841445245,1.25227477227232,1.21927902783922,1.18975599895347,1.22520558778853,1.21907986432601,1.20221059879558,1.15930979109966,1.1764356433314,1.14203871964796,1.17240690802188,1.18103018806794,1.18788243531189,1.19715630295441,1.1879684218671,1.17730214013394
"ENSG00000147853",1.07909099909118,1.08012280854113,1.06936122655238,1.11503189770434,1.06813448357272,1.07781788987609,1.09690309668394,1.15783120387127,1.08652880925787,1.09244203531217,1.07238768277186,1.14234342200732,1.09105431288118,1.10987371957644,0.93208845190524,1.06915629301143,1.09517241357731,1.08115236334324,1.09977555578458,1.06781336475528,1.06986986965568,1.05484387488894,1.06259329265348,1.10437375723571,1.10910891067146,1.06669325070946,1.06943760443821,1.1092869150214,1.05598114298645,1.09505628955554,1.12813921274903,1.07555203464193,1.11003529982652,1.11557588997104,1.13677690056214,1.11241660836156,1.17034475721136,1.08993554762718,1.09180749064299,1.10779930430049,1.11176876766069,1.17906391521307,1.12828717105724,1.13065126446312,1.0752167773593,1.08827900503551,1.11332403881432,1.08477252519791,1.07925361134044,1.0512871285047,0.93678387970431,1.10771688108062,1.11527348787182,0.951349182274782,1.01612095704093,1.08484061135508,1.10861124915707
"ENSG00000162433",1.01240448526101,1.03991284519364,1.07443891518748,1.07296650696312,1.02191807973383,1.06939430383686,0.97162837143424,1.07011367044158,1.03894800220057,1.03402589560694,0.862796567215993,0.920986914210172,1.02795527136023,0.996718703192459,1.00442260422517,1.01837581485509,0.941674876661739,0.967741935287534,0.987553560296357,0.961447212146808,0.954954954763773,0.963771016620542,1.08209772095092,0.95248508927386,0.846138613693834,0.976772006584234,0.93056239516782,1.10810008879278,0.839324297615532,1.01693587841078,1.10599169446194,1.0143578570127,0.981744830866012,0.990252635569872,0.975921670301544,1.11440804518283,1.04708634169692,0.999107585324917,1.016305958886,0.997118728068133,1.04350399505899,1.08545546027469,1.13428657111603,1.00896235789505,0.992538818109994,1.0890716335898,0.995220075483923,1.09937826880502,1.03972712659717,1.09485148493171,1.01896483583189,1.0426275329854,1.0519079404101,1.13913130682333,1.02333032922332,1.11422004574513,1.02877053239845
"ENSG00000117448",1.01220601349366,0.996929780925635,0.895704275231907,1.00458532675347,1.04988594643462,0.983553950865713,1.01858141837791,0.970324916815145,1.0070267012634,1.04346080476895,1.08975264995664,1.0436519826104,1.04692491991875,1.06970269442782,1.02230958210864,1.07429361764981,1.03231527073255,1.07648610243934,1.04366455804047,1.02174772617205,1.05505505484383,1.1056845474168,1.02776395640805,1.02763419462671,1.01069306910679,1.03419399839813,1.06766472942625,1.11502324179309,0.991553722060194,1.08213411628348,0.872058532554467,0.873353797232725,1.00937972748172,1.01611298965265,1.00429613327919,0.878223638180181,0.988508084818772,1.03163113514494,0.99950587983012,1.02374565305042,0.997533786919693,1.02506290870155,0.975302469557983,0.996215893049947,1.02440008045485,0.993163578521121,1.00338577952532,1.05477153832927,1.03571428550648,1.02910891068731,1.0161991305776,1.00029949066581,1.02719936215459,0.988664860870967,0.995494142185743,1.04866593363672,1.02180189128486
"ENSG00000085662",1.09635804285078,1.11815390687964,1.10632679981592,1.07396331717026,1.00823167688025,1.07480946629065,1.13306693284055,1.09868222490722,1.12748444064897,1.10528957119235,1.06491670851794,1.05204275276155,1.08426517550234,1.05120811354257,1.08088452067206,0.939340051187643,1.08354679781605,1.12314871147836,1.0667210771135,1.06544088551494,1.18118118094471,1.13951160905934,1.14817394742797,1.07455268368299,1.08950495027931,1.13548001173652,1.09051511846932,1.08713282542041,1.09703398132056,1.07156142906088,1.0676290288575,1.14704426158094,1.21754916768179,1.1418340956551,1.13837546185665,1.05486408422685,1.06884979130096,1.04888448169581,1.19794446067834,0.944659711685115,1.06856071795037,1.06552591825556,1.0612938704007,1.05735909160379,1.10909457529561,1.11859704723698,1.06532563213198,1.0638507843553,1.11556982321116,1.24613861361463,1.27064401397261,1.26664670035607,1.24818172735913,1.29140335012711,1.08340843074328,1.27950434670141,1.24320557466536
"ENSG00000198074",0.97390096239478,0.754283450380453,1.01289732893005,0.759170653756146,0.942378260251437,0.985559566589338,0.760839160687145,0.766120108486848,0.996988556314598,1.00311151239524,0.76890459348432,0.760763160371439,0.760383386429636,0.996917569653591,1.01660933640951,1.00513732444079,0.750344827438356,0.966930411652073,1.00285655968111,1.00019770640565,0.762362362209737,0.95536429124192,0.876107075156512,1.01908548687493,0.754059405791275,1.01983850044465,0.750123116172536,1.00504401127385,0.988214495975601,1.01928536446025,0.753015621761318,0.887612634738566,1.37791225388242,0.911478018517709,0.943550804087611,0.758339141539711,0.981592596159546,0.755180961674728,1.27384128841312,0.979632389273794,0.751307092680022,0.766582787968479,0.761523847462949,1.057558255117,0.943537003237843,0.754582383680852,0.758414658283526,0.894108358651119,0.764044943666925,0.933267326547868,1.28704069512307,0.760307477136806,0.977782205643562,0.981241849537317,1.03414438749692,1.08084340939725,0.758188153159146
"ENSG00000151632",0.706956435306747,0.946221649807622,0.989743068753987,0.985446570776426,0.959238321737729,0.714400320755234,0.92147852129441,0.936525500264254,0.979321421204714,0.860784903972541,1.11075214515684,1.01428428708135,0.989217252198639,0.708362334551385,1.00697788677996,0.996245801028207,0.701871921043966,1.02576587522301,0.726790450780088,0.960260972526639,0.947747747558008,0.950560448168422,0.70892626117844,0.708151093298578,0.860198019631644,0.985146047057094,0.70166453251223,0.704579171060315,0.699666077254043,0.847772882849188,0.945817678278462,0.705416377719494,1.29077155798472,1.07320469443541,0.711759416382903,0.912874638870283,0.724499135416557,1.21507188870301,1.11631584126568,0.70779930437997,0.897109598323545,0.991645696831073,0.964303569450194,0.709420434035168,0.950191570689617,1.00861983532971,0.709420434035168,0.703049442277105,0.714686998251467,0.705346534513793,1.16653496618599,0.711190975199922,0.934940719152149,0.952151669986528,0.713327325380329,0.864195063282863,0.709208561332163
"ENSG00000196139",1.10350302647544,0.95473903120635,1.08012592645879,1.09589314172729,0.956064663105015,1.06738868811324,1.1010989008789,1.04335579900546,1.05922505499714,1.09424872004532,1.14063604217251,1.08181000877399,1.11661341830739,1.05339564461502,1.06181818160947,1.09800434675005,1.12886699485145,1.15114627690178,1.11038563535801,1.08620007886789,0.964964964771779,1.0928742992208,1.09622848022764,1.06282306141892,1.05584158394934,1.09301166362416,1.06805870165113,1.07308871504835,1.05657041817785,1.06744982847431,1.08404192187383,1.10941677371831,1.2901664142632,1.10065645492328,1.06783894473617,1.03275913551075,1.08735889330065,1.1613287057687,1.16612313446662,1.04341778419406,1.09065798538213,1.06935077985519,1.04569543024784,1.06094403484148,1.09961685801581,1.17685524597704,1.06213901592071,1.07529852934466,1.10834670924792,1.06613861365027,1.25088897644194,1.06698612337686,1.04792268585276,1.09399137303762,1.06838890536329,1.06005795921654,1.07456445971636
"ENSG00000053371",0.932817306552979,0.986629691792289,0.95988625957959,0.925837320389586,1.02826539699925,0.977336542122476,0.967432567239274,0.955034704565932,0.99739008211255,0.986851349796878,0.99323573932494,0.986714613727557,1.00958466433515,0.977627522923809,0.995773955578226,0.974313376610489,1.01517241359307,1.01582471068861,0.991838400124089,0.964215104593868,0.971571571377063,1.02401921516733,1.0064683051037,0.91630218669656,1.01445544534367,0.989532449209544,0.992810006698944,1.02245079596035,0.960518561979863,0.990895741362527,0.97409531323431,0.988018615508858,0.945234493001466,0.951859956046974,0.964531921078123,0.975206611376042,0.927895860687909,0.960436291331594,0.922818460139773,0.980824639646135,0.965177073894608,0.967891293212302,0.92650734907979,0.964349730937194,0.906432748355226,0.95828792213251,0.918741286413316,0.949768084289003,0.968298555182926,0.978019801786531,0.90043461064788,0.961365678154864,0.97658662927636,0.993279165213506,0.978872534098554,0.929949035489168,0.967048282535182
"ENSG00000163631",1.03542721027381,0.972368029915347,1.040519955105,1.00618022308489,0.924526430442422,1.06939430383686,0.95024975005989,1.01257418750376,0.941577996197234,0.978018668879249,0.908430085631816,0.970931974633717,0.969448881595557,0.881177289274898,0.908697788519175,0.912665480949878,0.948965517054391,0.893893284460561,0.938175882281539,0.855871885951785,0.796596596437118,0.90892714153144,0.961488705152455,0.92266401572114,0.994455445347633,0.883261887970639,0.974293312129559,0.986450400358728,0.968768414659444,0.956045031628772,0.923670159991364,0.94425190594232,0.928492183372972,1.01352695424438,1.04805674871654,0.986358657575155,1.01678022963149,0.960237977003423,0.973613993285183,1.08554396401678,1.0208148365353,0.960644187023524,0.95810418938944,1.04441346324549,0.994757007260585,0.961062122072513,1.03106950786077,0.911477351048756,0.931982343312203,0.909108910711068,0.946463848094338,0.929220325261212,0.895486699034475,1.07894472844238,0.95363973146017,1.00469671210059,0.906918864926447
"ENSG00000059573",1.01458767470188,1.01317222917437,1.01513151192949,1.05960925018748,1.01457899414568,1.05675892477803,1.00019979999996,1.04416054701858,0.995181690223814,1.03824149331763,1.02816759191758,1.08181000877399,1.02316293909282,1.04882171600898,1.00678132658343,1.03121912645105,1.04256157614925,1.01886792432159,0.9659253211659,0.954922894235879,1.03603603582862,1.02421937529539,0.988556075034619,0.97693836958709,0.982772277033114,0.985345428973114,1.00896286791905,1.02363762218897,0.956197210576272,0.963680861289539,1.01344670733371,1.02425982750287,1.00373171941427,0.97493534892084,1.02227994784249,1.03992830806732,1.04423878754312,0.948140802984999,1.05227789286446,1.05951316422066,1.06974450013421,1.05626572701434,1.09769023075739,0.98028281199357,0.968340391012635,1.06132963418977,0.975901214703067,1.00759893397659,0.986556982145554,1.03267326712224,1.01975503733312,1.01207946470758,1.05649098315104,1.03922158671096,1.00370481606014,0.989107624465053,1.01483325017126
"ENSG00000165092",0.687704673873632,0.923640685169131,0.875596628236905,0.879984050861247,0.68729544764707,0.850381066817011,0.854545454374716,0.860074439018193,0.878538445918784,0.695573622263259,1.20989399268856,1.07381879910622,0.875599041358706,0.818136621096125,1.17621621598502,1.14759928845137,0.682758620555121,0.864881314492822,0.899204243848357,0.91320680092661,0.693693693554816,0.693554843736278,0.870335356578697,0.799204771212882,0.686138613725517,0.834812082377667,0.682556879605524,0.981900899815666,0.83166372012735,0.678414096783473,0.878781886320193,0.990989206655909,1.34906706982369,1.07618858144496,0.692376860686906,0.690032858570142,0.704769653065235,0.871789786639209,1.10307342600987,1.29100844485027,1.06402288624563,0.91353799679647,0.692930706790735,0.690101573254312,0.698729582436231,0.856236995768109,0.81696873116571,0.882463238748157,0.914125200458643,1.0170297027689,1.28664559437245,1.19916142533709,1.08976785870484,0.695154980299899,0.829478321652252,1.002098530828,0.948929815639835
"ENSG00000184254",0.830802818134206,0.858274734899817,0.718391388094162,0.915869218318208,0.831300208106456,0.709386281446172,1.00459540439469,0.71159843059821,0.889781168261437,1.00732711010593,0.714184755029948,0.706622714872316,0.927915335277972,0.857313313939084,0.881179361006156,0.87215965207031,0.874088669778505,0.842361533608772,0.865333605210093,0.89699485945097,0.824024023859054,0.830664531459034,0.703950641714807,0.971769383504618,1.01089108890873,1.07566543693038,0.870284644761098,0.933241024442045,0.878216460247846,0.87537934393042,0.89064662825971,0.70046539247441,0.900655572183428,0.861945494159151,0.956339294443733,0.90232002371755,0.911827519391472,0.950123946266708,0.837236880949256,0.848087431525467,0.820163756373648,0.896829390861232,0.707329266931841,1.09460266857307,0.837063924009465,0.838997324712375,0.879506074311988,0.951347083597879,0.892857142677998,0.700396039465268,0.944685894716577,0.706199460775442,0.924180531847329,0.839000902630354,0.900771002122605,0.706905166242249,0.896167247208329
"ENSG00000137124",0.976679567137704,1.00980489234232,1.09657763763652,1.00219298225634,0.884458990204411,1.03449659024579,1.00879120858965,0.956644200592165,0.978317606709834,0.960955535288376,0.985966683294101,1.06243132532965,1.00998402535743,1.02038381206714,0.975528255336505,1.00869393380583,0.995467980099415,0.825116656355221,0.995307079984634,0.967971530057736,0.919919919735752,0.95116092855261,0.950542342332462,0.997415506759957,1.03762376217077,0.967999202279334,1.05151186820614,1.0517258429331,1.05283834196566,1.09877630913387,1.03361676863088,0.998316664818632,1.00534543600497,0.939128704806221,0.95713857509099,1.06223240046555,1.02369571829072,0.895587506019715,0.954639786351489,1.00606060586069,1.01785538107569,1.0119778558607,1.03329667012633,0.988448516034963,0.964710626948032,0.990983849996833,1.00836486735543,1.00088818691387,1.02287319401628,1.03643564335912,1.0574871590167,0.982130378160701,0.96781906925021,0.990069214366522,0.932211875251384,1.00069951014276,1.07894474841634
"ENSG00000111275",0.937382157202068,1.02505694740516,0.923936224043072,0.918460924856766,0.95884161440864,0.988367428602413,0.969830169636398,0.782215068749177,0.923509335289398,0.780487804721371,1.08510853082582,1.17350913971162,0.95007987201476,0.983792383218894,1.0173955771956,1.07587433292316,1.08886699485934,0.78880097366833,0.793307488105834,0.944839857464444,0.891491491313015,0.778222577906681,0.910538361844853,0.772962226486489,1.10178217799965,0.940883261700552,0.896286811603214,0.927504697670358,0.919858573773353,1.11130690139769,0.768835277680673,0.917912664438477,1.06142208753174,0.884821961232381,1.02028174622434,1.08832022282419,0.984440150313345,0.900545364223987,1.09358632254302,1.01361152488552,1.01864456919826,1.0005032710618,1.02089791000482,0.928699462073551,0.969550312367503,0.93787773685963,0.932284405311236,0.933780716286632,1.00100321007203,0.943960395852681,0.921967601556308,0.945792153150486,1.04094849037741,0.957367840112876,0.926204065099388,1.027880483456,0.982379292985091
"ENSG00000108602",1.04554927040874,1.03813013745902,1.03361429856126,1.06359649101603,1.05682832469368,1.04933814660061,1.0835164833,1.05945075926779,1.08532423186402,1.07678410095819,1.15779909113422,1.06103286363779,1.06729233205525,1.05379337753728,1.05474201453469,1.07864058465152,1.05182265989127,1.07526881698615,1.1297694345787,1.09470146281244,1.06046046024816,1.11008807023417,1.09901482712727,1.04055665983289,1.02158415821355,1.08084936674691,1.06825568776357,1.07269310630547,1.04930269081727,1.02985805168285,1.06782677455649,0.926230319650217,1.24296520398528,1.06445195920739,1.05764811648364,1.05725380841238,1.04566256462002,1.16529499233212,1.18470204542253,1.04441132617101,1.04725263864117,1.0721690989286,1.06589341044578,1.176259708987,1.07017543838069,1.07084117684121,1.05974905376225,1.07944340253046,1.08727929352181,1.06455445523474,1.02429869596517,0.933812518531734,1.09654279145232,1.10241749401095,1.0567738057361,1.08024382910358,1.04051767027566
"ENSG00000072210",1.00764116284457,0.928196493824265,0.991164821571816,0.986244018942136,0.99930576197574,0.952466907149525,1.00319680299636,1.04536766903825,1.12929130673975,0.989862491018797,1.03099444704069,1.04105483946837,0.962260383194437,1.0170030822279,0.958820638632173,1.00019758921158,0.996650246109035,1.06350172427196,0.971026320960819,0.983985764930015,0.996996996797398,0.941953562661739,0.9766145883219,0.961232604182657,0.987326732477757,0.96620476503515,1.02905545138795,0.989219661558853,0.972696915935436,0.95056289751335,0.99347439173552,0.955342112891308,1.08381240522767,0.982295603544401,1.06104505923448,0.836005177569251,1.03101800040048,1.11472483864854,1.0510920049311,0.953999006268455,0.987668935387655,0.998490186009363,0.998900109789241,1.0406293564946,1.01613228452992,1.04963836301404,0.978689503887933,1.00641468449493,0.842295344935334,0.978217821588472,0.977281706642181,0.960966357000905,0.997309952974532,0.997291603772236,1.03294282546652,0.839012690948534,0.9087108012128
"ENSG00000159423",1.00049617921991,0.857680498988277,0.934091601313275,0.927232854679579,1.01854606743657,0.930806257334375,0.906893106711909,0.924051906060949,0.959445894206094,0.750978620746567,1.03806158484845,0.978923184301484,0.877595846470129,0.950581684209887,0.990270270075623,0.926891918410019,0.940886699321993,0.924731182608089,0.945317281994426,0.911229734892995,0.905905905724543,0.910928742812064,0.875111951263785,0.906163021688635,1.0271287126679,0.926926527579119,0.914803506172599,0.973395311843854,0.897662541564003,1.00499265765933,0.947992880967373,0.878304782477809,0.948865355330537,0.89039188365021,0.944549904896683,0.899532012167772,0.959218956379697,0.943381259108898,0.893566557783661,0.974863387784428,0.961428430312434,0.907700050144399,0.94830516929341,0.931487751258417,0.929824561216006,0.741305855396551,0.941844253945062,0.884436987884252,0.936998394675562,0.949900989910911,0.739035954022316,0.931416591607983,0.942512702811097,0.889156384614474,0.962250926011365,0.902168481882249,0.956296664817064
"ENSG00000164904",1.13347226334554,1.11894622142836,1.12338783362986,1.14613237616704,1.14132698578968,1.12735659824963,1.09390609368753,1.08520269568752,1.11122264583192,1.10448660019984,1.10005047933366,1.08640495433295,1.11022364195083,1.1015213282089,1.08835380813988,1.07152736592145,1.11704433475526,1.12456887784042,1.14037951415214,1.06722024494519,1.04844844823855,1.10368294613617,1.08548114218619,1.07256461211281,1.10237623740547,1.10098694026498,1.10883482692626,1.11739689425034,1.10292673323455,1.07273617208561,1.11765869070246,1.13377562112412,1.1191124556492,1.11000596755321,1.13777600137121,1.1016628495267,1.11888538571771,1.1081804658189,1.10920051366554,1.19582712345836,1.11591200530415,1.14725717138455,1.11028897088085,1.11332403881432,1.10244000784383,1.13187357552128,1.10197171856165,1.09365439631034,1.12580256799242,1.10138613839577,1.07664954542144,1.09553758588489,1.10810002966861,1.10301935979476,1.11705216759446,1.09183571478129,1.09865604756622
"ENSG00000143149",1.05368661287016,1.04783599068083,1.04498832110389,0.994218500599239,1.12109491200613,1.03088648194326,0.987812187614823,1.00995875646113,0.987351937163752,1.01816721850483,1.0356385661715,1.04385176285209,1.03234824260536,1.07288455780593,1.04609336588775,1.0523611932321,1.02640394068445,1.04686548974501,1.00612119954986,1.00672202431658,1.02722722702158,1.05144115271188,1.05184595461203,1.0121272363793,1.09366336612007,1.04994516976374,1.07061952111285,1.0469785380186,1.05480259260365,1.10602055778639,1.05200711863714,1.04485592612242,1.03499747835905,1.03918838252652,1.02267958816611,1.04311460698136,1.02633987571924,1.03639067902104,1.07125209979815,1.03765524072774,1.04902831191693,0.996879717967412,1.01429856994015,1.00736904978941,1.05202661805767,1.03517289189831,1.04301931865305,1.03898154524051,1.02728731921603,1.03029702949895,1.01698933207882,1.05720275510488,0.980571883833701,1.0185575281335,1.0563732850593,1.02628160267287,1.01543056226671
"ENSG00000149925",1.20571598666156,0.91650985423066,1.07261094727884,0.992224880184963,1.24585936700469,0.840352988198886,1.2605394602876,0.976561713916797,0.907649066270297,1.25183177732574,1.26764260448912,1.21786035336772,0.960263578083014,1.07626528764517,0.978476658284329,1.24560363539901,0.825615763384115,1.00649218888081,1.3003468677208,1.26334519547977,0.945345345156087,1.2435948756518,1.26858393844789,0.992644134991522,1.04435643543676,1.23497158783073,1.19629666084974,1.1852437936534,1.21979964619529,0.820362212272078,0.992090171842577,1.26784830156098,1.19878971231492,0.833499104668093,0.937955839556808,1.0913073780561,1.19821010857354,0.951710460892075,0.828145073460195,0.980228514459965,0.969123014507424,1.19597382965355,0.959904009407078,0.967337183635264,1.0431538614553,0.98939859288826,0.834495120327725,1.23951445746778,1.27869181354761,1.20178217797985,1.12307388361852,1.23490066861637,1.19557636720224,0.961982144455415,0.948032441984974,1.20055960803426,1.17471378772032
"ENSG00000109107",1.20313585368599,0.946419728444801,1.06448664546268,0.959130781307988,1.24268570837198,0.824308062409886,1.25814185789048,1.02263353766771,0.910459746855961,1.25002509259259,1.26622917692757,1.21426430901723,0.940295526968791,1.07447548949498,0.97611793592607,1.24382533071649,0.935566502278706,0.940555893499583,1.29891858777822,1.26196124925624,0.911311311128867,1.24119295411505,1.26758881455516,0.991451292049413,1.04059405919988,1.23257900483848,1.19452378583778,1.18326574993902,1.21842467074869,0.898286832912719,0.995847340123423,1.26507574982373,1.19556227913352,0.963795504085181,0.931161954055118,1.09110823437397,1.19698972822191,0.94615765970329,0.812333234348783,0.971485345062795,0.985695965081248,1.19476597862209,0.821917808054811,0.959370643107076,1.0490018146705,0.814425839529491,1.00438159709134,1.2379354581589,1.27608346683867,1.19900990075267,1.12149348061606,1.2337027051545,1.19378300265143,0.824556123818928,0.950635826384172,1.19896072725113,1.17371826756123
"ENSG00000162551",0.878237570531262,0.922848370620412,0.937544429585144,0.934409888170971,0.919567588828807,0.916365824124275,0.917482517299204,0.908962880815016,0.940172655904402,0.91117133375265,0.918929833231917,0.916192188409511,0.879592651581551,0.898080938471098,0.916756756576559,0.891721003578004,0.893990147607096,0.880503144475451,0.928994082650685,0.888493475506427,0.897097096917498,0.849279423368839,0.843467011475079,0.895626242366675,0.918217821600353,0.930316020151467,0.912045700598435,0.937394916242232,0.901787467903793,0.885560450144775,0.912398655148824,0.757104663678165,0.91235501746599,0.929381340575019,0.873813567614384,0.96863486986585,0.953117054621556,0.921566683010101,0.933886747517761,0.874515648112366,0.961428430312434,0.942123804541092,0.90550944887401,0.761402110981597,0.870135107709188,0.924799365713901,0.890659231051452,0.902003355195499,0.87279293722456,0.883960395864562,0.908929276786067,0.916042727180585,0.918601175467052,0.912027284399232,0.899969960769006,0.897771559728636,0.884221005299309
"ENSG00000166825",0.917138036932195,0.946815885719161,1.00416370447768,1.16965709705549,0.72815630254326,0.736261532142747,0.940659340471397,0.913791368893715,0.737000602140735,0.874836896341496,0.932862190624359,0.88123064611303,0.981230031752949,0.913393655978245,0.721572481430649,0.927287097228357,0.931822659914912,0.95840941347973,0.908590083471008,0.898576512277862,0.734934934787801,0.914131304861063,0.879092446834692,0.931809144943974,0.72693069292536,0.731931013711109,0.723136018768219,0.726139847547,0.721076409208195,0.718746940632649,0.725924460999422,0.727002673388058,0.740494200556633,0.949472846439333,0.934159256482334,0.96325799044842,0.746669378471134,0.892017848112639,0.880126494538961,0.89577744641912,0.890796093343041,0.739003522750075,0.838916108221395,0.916550487768064,0.927001411387981,1.11800257582126,0.95020912149966,0.922925096038108,0.910112359367955,0.940594059219684,0.961477676617646,0.732953978090655,0.93753113461442,1.07673788723508,1.04916391287691,0.733686419359711,0.730910900800217
"ENSG00000138772",0.695048129265645,1.083292066736,0.825632172067506,0.833133971125771,0.882277099894421,0.702366626413484,0.896103895924854,0.863293431070658,0.846215619183655,0.881862892525973,1.08409893971043,0.991908900011605,1.11182108603997,1.08262901440139,1.05316953296252,1.05828887550715,1.02995073871331,0.861229458133246,0.894919404020625,0.854290233124893,0.898098097918299,0.700960768474587,1.07931137405129,0.69622266387749,0.893663366159671,0.936098095716061,0.852949866866355,0.892888932668799,0.896091141053606,0.685658345435994,0.692505437869783,0.693534013131293,1.02511346424103,1.13188780562326,1.0002997300429,0.966046001998199,1.0401708530377,0.954685175814638,0.94495503489575,0.695876800656557,1.05336884659103,1.00251635611424,1.01009898989899,1.05835490916982,1.02379511977742,1.01238482096257,0.921927902624591,0.931017467496098,1.11777688581104,1.03722772256689,1.04741208987605,0.69921134058117,0.934741456424282,0.896980639803996,1.05116651626091,1.06285600058702,1.08929815807082
"ENSG00000166747",1.051900366964,0.997325938199995,1.02508378165429,1.01176236024486,1.06674600792091,1.00882470898339,1.04675324654411,1.0564329542186,1.02087934129274,1.01535682003104,1.02069661766367,1.02127659554065,1.00499201257888,1.02535547359543,1.03449631429297,1.02193242422013,1.03842364511558,1.01683911523294,1.01387471923814,1.00652431771322,1.04044044023214,1.04983987168738,1.0381132448924,1.01988071550301,1.01999999979802,1.04316618461905,1.00403821510804,0.981307486701353,1.02966018443731,1.01830641193964,0.971326873448423,0.971383305085378,1.03499747835905,1.05868311098892,1.04485962612751,0.997311560092142,0.998067730906525,1.06355974198045,0.97262575334072,1.00983606537311,0.997928380980975,1.01479617493411,1.01689830996562,1.05178251323406,1.03972575094984,1.03755077756117,1.03565026866448,0.99200631580144,1.0264847509979,1.01881188098637,0.839786645428727,1.04861735029478,1.0168377003055,0.958972815536368,1.0581756281049,1.01029279484155,1.04211050253019
"ENSG00000149089",1.06142701179688,1.20966623725668,1.3055753018573,1.24043062176227,1.0853912523881,1.25912555129179,1.12587412564918,1.2731113567502,1.25557117019563,1.13138612844898,1.11580010073381,1.04225352091854,1.08726038316948,0.919160783351067,1.06987714966685,1.05967200137134,1.09871921160616,1.16149320325391,1.07916751661311,1.09806247506958,1.11171171148915,1.0726581262865,1.08886456342146,1.23121272341328,1.23069306906323,1.12710597126366,1.15000492442628,1.18821085922496,1.09605185600156,1.22936857538338,1.25884911978271,1.09495989680266,1.10136157315152,1.11020489335385,1.24547906858917,1.23409339814117,1.10851215272887,1.06574119959033,1.07619329952047,1.17754595108245,1.15043898566628,1.10437845976761,1.07469253053201,1.07249551860735,1.15749142949032,1.25037154438713,1.20274845624323,1.07273265546773,1.08928571406716,1.16079207897806,1.15428684291697,1.14205850032104,1.10770150421287,1.29481392290203,1.22919795709839,1.15679024659602,1.13668491764327
"ENSG00000198931",1.09675498638548,1.01951074556413,0.973088250030854,0.977870813202179,1.1147475947407,0.9825511430039,1.03256743236113,0.98722462509059,0.987753462961704,0.993877345981355,1.10005047933366,1.05763659952899,1.06249999978784,1.0589639055267,1.05533169512426,1.0800237105157,1.02640394068445,1.07283424607977,1.0603958373678,1.08442071943764,1.05805805784623,1.11168935125867,1.06856403600984,1.01172962206526,1.00792079187962,1.02601933984129,1.05151186820614,0.95638413590023,1.05794539362445,1.03142437571582,1.00751433636395,1.04525200494202,1.03237518889917,1.05271533696982,1.01928264541527,1.00627302578786,0.972236346797064,1.04947942468032,0.995157624074482,1.04401390938023,0.986879747265092,1.01258178137643,0.857514248403657,1.05496912944534,1.0526315787351,1.00287327831113,1.01653057139683,1.04213954385826,1.08206260010392,1.02970297009313,1.02884235459723,1.06598782049197,1.05649098315104,1.00872705366461,0.965655351764162,1.03387628639275,1.04370333478473
"ENSG00000095139",1.11699910665535,1.13499059103991,1.09860871309056,1.08612440169734,1.13021918057518,1.14961893278187,1.12047952025565,1.06689467838912,1.12146155367969,1.10328214371107,1.15133770799569,1.12116671638774,1.12300319466394,1.09515760145269,1.11115479093638,1.11519462534772,1.09261083722313,1.13390139964822,1.13323811443925,1.1035982599637,1.10250250228178,1.12790232163172,1.11314558640399,1.12683896597876,1.07227722751044,1.10357890517325,1.09071210458176,1.06379190959078,1.09801610663956,1.05707293175583,1.05339133853008,1.10248539437519,1.08845184042593,1.12134473818951,1.09581376739019,1.09369710224162,1.09590155576205,1.10619732253719,1.06433442018691,1.07858917017812,1.07763638135984,1.08102667315933,1.09449055072603,1.11073491314265,1.11756402477968,1.08372139084837,1.10356502666728,1.10174676776833,1.11777688581104,1.11544554433358,1.11339391522849,1.1021263849252,1.10590813966207,1.09539572653317,1.11504956421046,1.07764564783099,1.11338974592068
"ENSG00000100299",0.856405676122575,0.537981578580176,0.551640093317429,0.541467304517251,0.886442526849858,0.96409947834655,0.97842157822609,0.928075646126532,0.922505520794518,0.909163906271371,0.874507824154567,0.940765158137895,0.857827475867047,0.924927910723888,0.846584766418362,0.869195810932781,0.81793103432159,0.551024548478185,0.895939603979608,0.825820482240842,0.543743743634886,0.543634907817527,0.540551298529097,0.910934393457071,0.970495049312773,0.54152128391157,0.925637742356813,1.0042527937881,0.89432331547941,0.966226137843127,0.942653747094591,0.92167541322474,0.905900151103197,0.893972548061672,0.863822559523664,0.929602708168953,0.949455913566672,0.538621715312123,0.888823006050238,0.91346249360885,0.957482489699619,0.870457976674291,0.896710328787779,0.540928101863986,0.864488808053138,0.98107599306825,0.901214897251302,0.536070265363452,0.901284108968442,0.935445544369219,0.917028842173641,0.542278127075516,1.01703696303337,1.02919049031414,0.897767097046607,0.936144698523804,0.911498257658238
"ENSG00000104763",0.908603750936072,0.735069822574018,0.866456788693722,0.739832535737673,0.995140335020303,0.744283995037247,0.924275724091054,0.746604969168775,0.993374824133031,0.744956338302729,0.890661282000876,0.879632404179476,0.964456868817001,0.737993437260019,0.729434889291511,0.92392807727249,0.731231526949511,0.987218502538604,0.961028361362777,1.01285092902079,0.742942942794206,0.742794235239633,0.90257737070304,0.93439363798521,1.09821782156471,0.739906290351928,1.04067763202193,1.08317673799166,0.997250048910381,1.07821830620103,0.983587106785923,0.959302901087374,0.927080181356111,0.980903122939944,0.74153262049325,0.928009558711937,0.973863520599235,0.92811105583974,0.733471686780616,0.737406855293113,0.947617638167581,1.04016104659483,0.742125787272847,0.73909579750267,0.973986690668686,0.981868621622537,0.73909579750267,0.732458304404923,0.74458266437709,0.990495049308813,0.927103911314282,0.94718977718934,0.999701105708937,0.744507974572272,1.02272954820812,0.741680823275371,0.934196117285377
"ENSG00000070669",0.851046938404079,0.94721204299352,0.671473545105824,0.659090908959511,0.830705147112823,0.907340553367962,0.660539460407485,0.774972336631129,0.663722144014511,0.918598815433384,0.894093891793217,0.960343621823925,0.960063897571872,0.980212786918522,0.649828009700279,0.941315945279329,0.947783251044772,0.849259484510193,0.857580085521816,0.984183471533376,0.881281281104849,0.923939151136121,0.962682853823727,0.935387673770301,0.6546534652169,0.659156614363641,0.651236087727522,0.653941251972319,0.901983892967593,0.64728340662804,0.888866916968782,0.933953856632547,0.820978315517705,0.657648696905182,0.794285143212252,0.879020212908689,0.856503610117664,0.887059989908367,0.897321869572621,0.925782414123044,0.775377330418195,0.897835933387451,0.930706929120946,0.658434574654763,0.666666666532231,0.788467254376604,0.759609639362754,0.806276522094883,0.938202247002768,0.946336633475973,0.902607664776253,0.906459019485583,0.658762578328432,0.932490721048753,0.662060678749963,0.906765264133753,0.845993031190444
"ENSG00000198363",0.388806192241976,0.764979696788159,0.87133136978342,0.390550239156589,0.694436179570676,0.851584436251186,0.858941058769442,0.764711799463895,0.393294519093898,0.811201445184944,0.737001514237859,0.742383378135574,0.776557507832157,0.774982599030529,0.83380835364446,0.803991305907135,0.66975369444931,0.576587542995215,0.399714343929869,0.634638196790305,0,0.489591673240674,0.65917006654211,0.912326043556198,0.728712871142829,0.696042268827426,0.779080074701255,0.823261793922804,0.756040070564518,0.825256974875133,0.815503262642772,0.723834042831204,0.931517901980531,0.806644121582128,0.957338395252805,0.886189385465262,0.890267466512709,0.810510659234405,0.944362090929072,0.389269746569445,0.84640426144887,0.751484650075192,0.817518248011695,0.967536347148469,0.756402500351603,0.907361537519595,0.876319458100713,0.860357248423891,0.854133226152862,0.85326732656371,0.930462267694496,0.761505440598681,0.842283550693976,0.863677399766541,0.761590066934697,0.759268511889823,0.830462916708718
"ENSG00000130707",1.03443485143705,1.05338219252186,1.02122473829162,1.01315789453486,1.08082911810357,1.0082230242663,1.03616383595681,0.815813298296788,1.05199759063401,1.03583258034009,1.09762746065671,1.13595045427311,1.00778753973487,1.12956149922849,0.797051596894928,1.01798063603676,1.07586206875352,1.05031446519572,1.0477453578764,0.990510082840943,1.0928928926741,1.14431545213284,1.04607423603422,1.00616302166875,1.01881188098637,1.00129598225475,1.02610065970135,0.802096726178994,1.01433902946094,1.03612334781476,0.985169072377859,0.80304980675254,1.04044377185266,0.991247264573056,1.01648516314987,0.807527631025087,1.07922302428979,1.02330193336176,1.07026385985369,1.08872329834303,0.987471638357014,1.10296930023091,0.810918907947021,1.03624775920409,1.03791086891754,1.06033884849691,1.02449711192502,1.07075890633164,1.02849117154324,1.01465346514561,1.06519162365366,1.02605570509613,1.0513101522265,1.05527134094588,1.01351757264173,1.03607474746956,1.06739671457095
"ENSG00000138363",1.12136548553709,1.05892839436289,1.04072306265041,1.02671451335193,1.12883070492337,1.05736060949511,1.03896103875345,1.00150890232341,1.06324031297666,1.06674696355179,1.11680969184921,1.07222055717267,1.11501597421825,1.12558417000585,1.12471744449637,1.09583086324919,1.1253201968226,1.19030229231278,1.12874923461972,1.13997627498221,1.13413413390708,1.11208967151479,1.12687829612362,1.13797216677177,1.09762376215889,1.10597148816549,1.12085097978512,1.04776975550435,1.10390885855354,1.06960352401966,1.08819458155266,1.11139716781634,1.1158850224678,1.07598965564432,1.08162653590136,1.04669919325964,1.00803417044482,1.11274169536683,1.0591955724757,1.10263288602034,1.08059583681945,1.05344740794093,1.03609639015377,1.13503286175363,1.11373260715593,1.04567522024261,1.06711810375082,1.06464028400974,1.07564205435882,1.07999999978614,1.06519162365366,1.10591993588781,1.05569393223957,1.02878924645826,1.07039150874729,1.11222144476622,1.0867098056572
"ENSG00000068650",0.989580232015564,1.01970882420131,1.03178633065263,0.998405103469218,0.936229296650554,0.983754512438076,0.963436563244069,1.01659792756934,1.0244930734743,0.977817926131122,0.962544169416952,0.933772849678599,1.01337859404685,0.997514169036986,0.994004913809532,0.942501481734341,1.04453201949861,1.05782105882373,0.91348704327413,0.945432977274529,1.05665665644511,0.972578062255289,0.97999800955717,0.999403578330138,0.979405940400118,0.9618183628827,0.973899339904679,0.820888141465555,0.928894126708133,0.96289769927305,0.932964207843986,0.954747994661898,1.02471003509335,0.996220409588975,1.01148965910451,1.01284476729805,0.940913251105275,0.997917699355891,0.963731593840551,1.01222056611779,0.978198677916899,0.975541016411567,0.951504849324766,0.993228440351876,0.996773542852032,0.990785692858261,0.984266082257665,0.962794828587231,0.97030497572827,0.962772277037075,1.03141050947621,0.98492562623841,0.826940320648214,1.04905206117985,1.02993892039052,0.995103427401798,0.983573917175993
"ENSG00000163399",1.05944229412336,1.07734970762061,1.08865644336576,1.13417065368139,1.01418228681659,1.11211391875008,1.03756243735513,1.1528015287893,1.07408150952136,1.09163906431965,1.04028268530232,1.10118869221832,1.05750798700928,1.0933678033025,1.05926289905469,1.08377790928991,1.06285714264771,1.04564820429181,1.07080187694944,1.00988532997037,1.01301301281021,1.02822257785664,1.00328390864697,1.07813121250932,1.08495049483466,1.10058817643294,1.10627400746454,1.14152902756571,1.06423099566603,1.11032794887708,1.13268736382585,1.09515793621247,1.01886031245207,1.03182812790296,1.08921970205031,1.0986756942948,1.06742601422406,1.08061477420315,1.09002865874295,1.05851962224371,1.12696063902003,1.07840966259116,1.1672832714394,1.0999800834296,1.07541843091845,1.10195184759696,1.0705038834753,1.03187604835056,1.04514446206959,1.05920792058234,1.08632951381147,1.03064789836665,0.992926172961457,1.1098405053446,1.03634725121932,1.04267013069998,1.04310602268928
"ENSG00000143153",1.00367172749753,1.02981083469747,1.00375748938687,0.948564593112328,0.968164236642237,1.03569995967996,1.03516483495801,1.08138014262521,1.02268620738352,1.08099969866887,1.03523472972534,1.09679352690105,0.958865814505019,1.03291239911844,1.02486486466342,1.1329776721729,0.977142856950317,0.973422600735763,0.974903080804957,0.94286279143083,0.924524524339435,0.934547637923429,0.778385908890758,1.01371769363544,0.970495049312773,0.958428870310352,1.00068945119655,0.991395509644665,0.90787664488158,0.922956436432118,0.962823808391769,0.891771462344436,1.02269288935498,1.02227968947239,1.06384254149988,1.03873344597456,1.09366419178406,1.03896876528726,1.03725664570862,0.961351216897893,1.06441748030691,0.967689984707058,1.0876912306594,1.09699263073153,0.970155273044937,1.0464678487969,0.984664409284074,1.00621730958132,1.03772070605182,1.02495049484654,1.08474911080902,1.0032943993205,0.997309952974532,1.04845019539604,1.00030039030734,1.03847306864425,0.991338974416856
"ENSG00000069849",1.08226654736881,1.06269188846931,1.10206154136243,1.13596491205423,1.0947138746217,1.09406337723745,1.10049950027962,1.11859973823185,1.07207388053161,1.10769848416989,1.10671378069526,1.09359704303394,1.06249999978784,1.08919160761873,1.03705159684775,1.04821181563956,1.08295566481124,1.07587745971275,1.15731483347127,1.07789640152671,1.05425425404319,1.10908726959386,1.05781669796839,1.05646123239434,1.08772277206184,1.15621573100265,1.13129124374445,1.16981505268127,1.11667648770052,1.10210474770394,1.13288510952484,1.14407367043389,0.916994452664247,1.01491943484883,1.05245279227646,1.10345514266585,1.09447777868515,1.06613782824668,1.05978851644238,1.06428216571003,1.08927690616765,1.124509310292,1.13928607116503,1.03087034434757,1.08671103023055,1.08173981946265,1.0619398524075,1.08339090080265,1.08286516832206,1.07247524731238,1.03160805985152,1.07097933491645,1.09156122325564,1.08957769062302,1.03534594952732,1.06885180352376,1.04888003961197
"ENSG00000174437",1.00863352168133,1.04110131701672,1.02772417974455,1.03349282276047,1.05583655637095,1.08022462874444,1.06513486492205,1.01860979760213,1.01545874302039,0.824851952057643,1.03382130216379,1.03925681729313,0.991813098843488,1.02794073759015,1.00579852560083,1.03655404049861,0.990935960395875,0.921079326248513,1.0667210771135,1.00988532997037,0.935735735548401,0.822457966208475,1.02816200596514,1.03399602365129,1.05960396018622,0.998105871598424,1.02728257637599,1.04895658173297,1.05008839107246,1.05824767478057,1.07099070574036,0.996732349540206,1.04185577386952,1.02148398626985,1.06703966408891,1.01403962939081,1.07434150288328,1.02964799186323,1.05978851644238,1.00844510660538,1.04606885645732,1.06492199273982,1.05549445034387,1.01672973491003,1.01814882012137,1.06132963418977,1.01314479167235,1.02121780301565,1.04093097892437,0.996237623565101,1.00790201481472,1.04622142337102,1.02241705668578,1.00391212739414,1.00991288655053,0.99930048945752,1.02299651547576
"ENSG00000070961",0.575965068854626,0.830147568420293,0.897532243140544,0.933014353880978,0.814043439291075,0.879663056381937,0.82837162820612,0.813801428263997,0.740815097221278,0.777075178003197,0.798990408723071,0.83108580544779,0.787739616456122,0.823704882007815,0.794889434733191,0.892116182396341,0.571822659985848,0.588760397527133,0.592124056194221,0.793001186082839,0.764364364211338,0.775420336113807,0.577569907338527,0.887077534614895,0.574653465232742,0.578606320291375,0.838963852883096,0.785481158978245,0.814771164640587,0.568184042962666,0.915562586332695,0.806218437309393,0.893998991246798,0.888800477245116,0.884404036190548,0.577914965532627,0.849588121458438,0.575508180351907,0.902065421306045,0.936711375869506,0.825490776200949,0.855963764296736,0.813118687968579,0.842262497342708,0.58519862863779,0.894085009235295,0.782115116354887,0.572781999294823,0.778491171593401,0.8392079206259,0.740813907400076,0.579414994393648,0.789678190537077,0.82555923345861,0.753579653398702,0.829419406249741,0.744848183027407
"ENSG00000058668",0.957229333937238,0.988610478164086,1.08093835664041,1.13257575734996,0.840226123010964,1.00842358583866,1.00699300679181,1.02122522864476,1.04095563119033,1.03402589560694,0.989197374863363,1.02327439795759,0.943490415147067,1.00367902933207,0.990859950665187,1.01225054317087,0.993103448080177,0.983769527087894,1.03019791858188,0.940885725397215,0.98378378358683,0.947357886119424,1.02915712985787,0.994632206561703,1.03544554434942,0.99631143435424,0.998128631734831,1.06418751833366,1.00333922588817,0.996573665982071,1.00197745679217,0.965046043971671,0.854462934774692,1.0379948277227,1.02367868897519,1.05167778531282,1.01657683290622,1.00961824471797,0.986263464574313,0.964927968014917,0.986682450234452,0.99043784579961,1.07529247053789,0.984664409284074,1.01552732385248,1.00188249261827,0.964748057963603,0.959636829969479,1.01645264827118,1.03207920771642,1.03516396660704,1.00009983008883,1.02122148031858,1.02096499126874,0.965054570748963,0.988907764367162,1.04290691865746
"ENSG00000017260",0.891138235409122,0.918490640602458,1.00619477993172,0.938995215123805,0.700981850500648,0.943441636393212,0.960839160647185,0.942158736356069,0.709496084981029,0.709424871884086,0.923573952362731,0.938967135962648,0.863019169156745,0.942229292842353,0.914004913825257,0.942501481734341,0.906600985043034,0.92594846806128,0.92552540279014,0.951166468772011,0.919319319135271,0.927942353697369,0.88128171939869,0.946520874563316,0.941980197833271,0.896221712511968,0.951442923086488,0.980911877958478,0.927126301133937,0.918061673829063,0.941071781502655,0.92405188614238,0.932929903997392,0.927789934169924,0.943151163763982,0.951508513202926,0.993593002950556,0.935448685982063,0.910761932817321,0.893591654069828,0.93183387571632,0.958027176455355,0.966903309475672,0.938458474220582,0.912684008688711,0.972753393248241,0.703843855665436,0.919964472333965,0.931179775094065,0.933267326547868,0.943698142840044,0.918837975258293,0.935737770063617,0.919650917660818,0.89316110926341,0.935145398034347,0.959681433357953
"ENSG00000033627",0.999106876848446,0.999702881846152,0.991774144208028,0.874999999825558,1.00426460358936,0.9697152023727,1.01278721258486,0.968313046782353,0.982533627588329,1.00511893987652,1.01766784431748,0.997103186295654,0.987220447087216,1.01421895177206,1.00776412756604,1.00533491384996,0.994482758424733,0.890444309009851,1.02774943868032,1.00177935923255,0.976376376180906,0.878502802065952,1.05403522717603,0.988866799008178,1.06693069285803,1.01226198763588,1.00817492346929,1.0406487981326,1.03123158494771,1.09192364148959,0.989914969153665,0.983859787902988,0.99747856762532,0.973940719917656,0.983315016288677,0.974609180329661,1.02776365279614,0.988001982947347,0.969463385518438,0.994734227323451,0.970109499660627,0.99889280301985,0.983501649638336,0.874128659455461,0.885057471085893,0.991776478551119,0.982274447125618,1.011941182076,1.00621990348992,1.01821782158055,1.0163966809529,1.01008285893779,1.00567898754495,0.99648911606049,1.00390507639854,0.991505945639751,0.873867595644825
"ENSG00000159720",1.07154907193182,1.04902446250391,1.06611150582591,1.08452950536592,1.10244966753894,1.05354993962023,1.10629370607267,1.05200684014646,1.04838385845244,1.0675499345443,1.08389702148735,1.01748077094846,1.06709265154411,1.00984388962716,1.04235872215384,1.04346966981951,1.05753694560443,1.00892675978719,1.06896551702327,1.05970739401746,1.02002001981581,1.08206565230543,1.05284107850476,1.05228628209696,1.16891089085764,1.08423885931926,1.09169703514396,1.14390268002296,1.1233549398697,1.1528144882716,1.10124579768613,1.0854540051321,1.04669692364161,1.06405410760612,1.04825656887836,1.09290052751311,1.07922302428979,1.07069905779461,1.06472971616469,1.06110283138378,1.1040741834657,1.0381479615424,1.10248975080442,1.11053574962945,1.08590441599397,1.11621916157412,1.09081856182218,1.05812691186063,1.05939004794154,1.03227722751836,1.11201106260134,1.09374064069208,1.11288233513742,1.05988564528842,1.0645839589337,1.05546117696503,1.0867098056572
"ENSG00000114573",0.997717574476984,1.00009903912051,0.999695338478786,1.00777511941631,1.02429832370836,0.992579221622026,1.00319680299636,0.999899406297173,1.0546075083207,1.01094047957223,0.982332155278681,0.976326041159459,0.977635782552389,1.0164064828445,1.01071253051386,0.977869985975525,0.994088669754859,0.982349360725837,0.99306264007487,1.03716884123425,1.08488488466769,1.03722978361945,1.03114737764332,0.997614313916975,0.97999999980594,1.02841192283353,0.994188909486026,0.93442785067067,1.01237477882295,0.967009299859616,0.966383230973624,1.03317160094402,0.992032274131713,0.989456932367325,0.995504046159356,0.977596335561566,0.959218956379697,0.985225582352955,0.941199723106789,1.01679085921177,0.93203117274696,0.96728736769657,0.966903309475672,0.985261899823688,1.05041338958451,0.963836322012516,0.991037641706625,0.996348563900849,1.01123595485328,1.01980197999608,1.01402607644922,0.997703903165079,1.00528046208921,1.01976125970112,1.01952538279373,1.02308384110661,1.01941264290305
"ENSG00000147416",0.875855909323041,0.884619193644722,0.861175992513217,0.678229664936557,0.971536248939495,0.682310469177234,0.894105893927251,0.68443818515553,0.894800240735836,0.911773561997034,0.910247349639526,0.909599440433603,0.679313098905888,0.894302475709595,0.884324324150501,0.936376210050113,0.896551723961271,0.856563197229344,0.694144052092605,0.920719651854346,0.923923923738954,0.680944755668346,0.926062294571388,0.883101391474532,0.98396039584476,0.937095005296163,0.965822909294628,0.927504697670358,0.955607935384874,0.972295643470916,0.672730867970589,0.989206851967679,0.896016136985171,0.90153172848587,0.884603856352362,0.862491287292146,0.900437302776276,0.850966782181266,0.672398458212788,0.884451067881878,0.788596231471126,0.910719677723056,0.680331966667267,0.849631547331282,0.872958257537213,0.896264737759583,0.832105158169268,0.671469456099582,0.894863563223342,0.884554455270385,0.874555511482703,0.918638314681314,0.94231344008323,0.876717825082412,0.889756683510612,0.925552113335555,0.936784469698998
"ENSG00000155097",1.00605338870576,0.83252451206645,1.00213262902363,1.00338915450491,1.06456411761092,0.842960288639599,1.01198801178582,1.00130771532013,1.00682593836442,0.843721770381668,1.02715800080219,1.01488362780644,1.03115015953851,0.983991249680026,0.984766584573019,1.1430547320405,0.985615763352588,0.995942381619813,0.857580085521816,1.01443258184768,0.841441441272985,1.04423538810163,1.02477858472987,1.00218687852839,1.03564356415136,1.03858040055058,1.02747956248843,0.977747008015479,1.02789235886311,1.06588350444133,1.00474589657806,1.00762451707939,0.995663136460784,0.836085140076371,0.839844140105936,0.978592053972201,1.02044137068637,1.00307387188833,0.941397371095682,1.00288127153445,0.947223044106299,0.935480623868046,0.840515948237073,0.99721171061597,0.847549909084987,0.976914693158245,1.04361680919267,0.974045198662973,0.843298555208006,0.832277227557965,1.00651916218757,0.99990016951185,1.04692637221342,1.00852643173668,1.02433163091532,0.99810132887017,0.994126430862294
"ENSG00000131100",1.07452614844209,1.07853817944369,1.10409261681647,1.0843301433245,1.14271546144149,1.08062575188916,1.0991008988813,1.0843979476744,1.11664324410427,1.09565391928221,1.10873296292605,1.10378583536035,1.08486421703577,1.09137913869118,1.08186732165467,1.10057300906924,1.09438423623756,1.12497463965815,1.11446643519395,1.1200079080427,1.11171171148915,1.07966373076868,1.09702457934182,1.07455268368299,1.17960396016245,1.15561758525459,1.14527725772771,1.14746315870884,1.15831860122602,1.15849241289114,1.12418429876919,1.16130309908678,1.0888552695736,1.09707579051182,1.0710360673252,1.0648212683332,1.08288416534468,1.08200297450035,1.0617649963313,1.08594138080756,1.05869586641833,1.10276799172566,1.07649235054965,1.03146783488718,1.09840693666094,1.10670761892268,1.05198167674727,1.05773216203341,1.09249598693971,1.0841584156269,1.08474911080902,1.1117100926202,1.11607053878329,1.08817333712746,1.07880244296009,1.11481962603881,1.12812344427514
"ENSG00000128524",0.794482484708845,1.12667128827837,1.20483395933689,1.13098086101854,1.23118119582839,1.14279983932154,1.12367632345181,1.15360627680241,1.16121260767693,1.12817424447894,1.20747097401162,1.14813704901645,1.15595047900241,1.19240330094613,1.20648648624934,1.16814858700491,1.16926108351345,1.09657131241701,1.08508467637521,1.08639778547125,1.13593593570852,0.801240992633859,1.07393770503056,1.13518886657352,1.16019801957224,1.12610906168356,1.13010932706981,1.1678370089669,1.09860538183096,1.11385217795128,1.1560213563069,1.10109911850657,1.23590519390098,1.24845832479641,1.19152762489928,1.17693916137072,1.2517034473199,1.2130887454213,1.13034884847705,1.10064580206644,1.1490579064518,1.11484650204029,0.800519947845111,1.25273849805761,1.13873764848987,1.15149113223987,1.12467635906698,1.07727227848075,1.15730337055431,1.15247524729654,1.14302647152449,1.1817909551399,1.13918501521586,1.18066004590618,1.19315109618641,1.14739682199512,1.15042309583864
"ENSG00000136888",0.926863153532428,0.897890462335765,0.793744287439069,0.704545454404995,0.874541306977181,0.879061371664849,0.859740259568483,0.868121919149357,0.709496084981029,0.908160192530732,0.713579000360711,0.706023374147233,0.948083066903338,0.702794073639695,0.893562653387015,0.888559573031306,0.872709359433949,0.996551024346409,0.721077331009778,0.69869513627942,0.981581581385069,0.861689351308709,0.914717882194304,0.702584492902071,0.870693069134516,0.843584886682567,0.902984339426183,0.900009890040548,0.882341386587637,0.940381791298995,0.909827961061928,0.883255767722892,0.890368128917727,0.922617863353368,0.899590368488442,0.931992432354477,0.847554154205725,0.935250371653892,0.904634845161649,0.702235469309044,0.893952845833293,0.896024156840257,0.706729326925961,0.703843855665436,0.92478322223739,0.910730208875314,0.703843855665436,0.697522944696038,0.709069020724505,0.875841583984982,0.832872382292993,0.890286512750267,0.848659957985721,0.924064600075421,1.03494542885052,0.876186669156353,0.844201094904091
"ENSG00000047249",0.836558499387405,0.792908784630502,0.866456788693722,0.847687400149983,0.856491123503622,0.826714801278236,0.823976023811393,0.657680313719408,0.818108813327021,0.846130683359203,0.817163048800169,0.829687343755931,0.822683705906014,0.842796062276465,0.795872235715799,0.82908516087155,0.833497536781577,0.833434773618698,0.869618445037825,0.835705812408916,0.842642642473945,0.808646917372168,0.816996715928551,0.815705765245386,0.880594059231566,0.875485993245841,0.850389047404632,0.865196320667551,0.872912983525258,0.872834067376831,0.830927427164143,0.884642043591515,0.807866868218282,0.836482991677644,0.791887301270479,0.80931992416423,0.824366927524791,0.648289538790622,0.760549461258909,0.789667163280742,0.797671894880601,0.843885253982107,0.797920207819634,0.796255725792421,0.822746521310194,0.854255424382393,0.825931089259922,0.821474390442816,0.813001604973314,0.818811881025978,0.821216910149898,0.823999201193172,0.840888711598906,0.82214866068369,0.791428857356277,0.83061856683709,0.840816326363202
"ENSG00000185825",1.11799146549211,1.12290779417195,1.1105920582694,1.19118819752967,1.12129326567067,1.1510228637884,1.14045954023168,1.1787546522123,1.12126079078071,1.12436013226451,1.11479050961842,1.12036759542096,1.06809105409982,1.08421994609044,1.15538083515373,1.0831851410624,1.10522167465907,1.067965104267,1.14976535377479,1.08620007886789,1.08548548526817,1.13490792611391,1.08150064661528,1.11113320057433,1.14198019779367,1.09799621152467,1.17777996628035,1.18188111933896,1.13867609484607,1.14694077314793,1.17777338319601,1.09951480322814,1.11144730184338,1.12890391861371,1.148766110271,1.13730956862744,1.14207261239864,1.13197818519941,1.1344994562438,1.1076005959051,1.14728223317603,1.15953699020442,1.18788121164126,1.11830312664443,0.981447872357038,1.12176756145412,1.05437163890572,1.11654988628905,1.0965088280304,1.1160396037394,1.16139865642801,1.09533792530791,1.13460197247492,1.12548901572365,1.11104435744247,1.11242130486411,1.08232951695723
"ENSG00000060982",0.613873176418801,0.828761017960035,0.628211637934759,0.79565390733739,0.79916691445023,0.894705174309124,0.829170829005161,0.833115380578792,0.668138927791982,0.899528254361231,0.819989903923273,0.6179202875601,0.617611820962937,0.831659540453086,0.607960687841187,0.611144042558557,0.609458127958728,0.879285859022259,0.872066924939387,0.913602214133333,0.965565565372259,0.619095276097059,0.934620360048837,0.695029820935382,0.737425742428233,0.776791944815713,0.800551560957244,0.801701117436119,0.815753289959585,0.605580029250009,0.611627446982079,0.81017922550546,0.879677256504352,0.763875074445221,0.885203316837805,0.820471970363343,0.873792331765729,0.613386217032546,0.803834370826399,0.614605066941956,0.83614481585555,0.84670357305552,0.809719027935263,0.827325233852355,0.904617866322924,0.792430397148037,0.870543716217777,0.760485542137475,0.851926163552984,0.832871286963788,0.826748320658485,0.901467505061103,0.811198565146717,0.891363225821775,0.864724141210629,0.856600379562986,0.871080139199387
"ENSG00000105552",1.03245013376353,0.988214320889727,1.02670864201753,0.943181817993784,0.987999603096697,0.9616927394782,0.997402597203316,0.977768835936472,1.01465569142448,0.962962962769655,0.993437657548019,1.00369593427156,0.98222843430866,1.04027045818032,1.00127764108083,1.01165777494336,0.818325122991463,0.978900385275127,1.00061211977135,0.821075523760167,0.989789789591634,0.831265011843221,1.00746342899642,1.00675944313981,0.977029702776826,1.01943973661261,0.969171673206112,1.00781327247398,0.979375368104621,0.92843857054754,1.01759936701254,0.994751955442172,1.01765002500905,0.960413765474356,0.977919871919688,1.03953002070307,1.00010169815924,0.982845810414904,0.991007016307737,0.825235966055591,1.00641215329853,1.051031705878,1.01569842995386,0.82712607033915,0.987295825572233,0.982661250176823,0.977096195782295,0.984506069084278,0.97672552147337,0.98792079188358,0.97016989313114,0.990516122393827,1.0162399121219,0.969003911933192,0.831681185374651,0.987908463877704,0.977202588157849
"ENSG00000103507",0.996725215640225,1.02783004832567,1.00578856484091,1.03847687379616,1.01775265277839,1.00942639370048,0.915684315501362,1.01639674056606,0.966071069872301,0.829669778012713,0.990408884201836,0.944361202488391,0.996605431110901,0.977428656462677,1.01896805876777,0.926496739591682,0.977733989955126,0.97443700528009,1.00877371944322,0.817121391692938,0.998998998798999,0.997598078263091,0.994725843169524,0.82166997995593,0.818415841422096,0.966802910783211,0.814143602715622,0.943724656128232,0.811824788683594,1.00146842858513,0.993672137434512,0.8184968807172,0.997881996772994,0.822160334031796,0.825856728778928,1.02100965826526,0.999898301433968,1.01774913217298,1.00148235971905,1.03050173849369,0.994968925521364,0.963663814602182,1.09309069071231,0.947221668801589,1.03730590824011,1.02288714930687,1.01772555247606,0.950557583943441,0.933386837693943,0.986138613666111,0.969379691629913,0.947788758920278,0.943509016450432,0.986658641591602,1.02673475497612,0.959728190075002,0.969437530916986
"ENSG00000161267",0.993351195595246,0.893334653680631,0.799228191164978,0.88137958515124,0.989189725083965,0.877858002230674,0.841358641190538,0.915602051923227,0.825537040589131,0.893305229169265,0.971024734786265,1.01907901288201,0.885982427938103,0.951576016515546,0.512039311938665,0.920964236134961,0.513300492509695,0.928788800785395,0.892879004102657,0.515025701756618,0.904704704523583,0.918734987806498,0.880485620284509,0.517892644032228,0.932475247340104,0.916159904114014,0.513148822906895,0.96350509327198,0.511687291197861,0.939598629282506,0.818469448127651,0.858302802087671,0.837115481424687,0.859160532950237,0.868818063569024,0.947326495878258,0.8768432826448,0.852354982478462,0.831307441282477,0.852459016224052,0.821150241526852,0.952189229803284,0.960503949412958,0.93965345529981,0.850574712472157,0.862578024202402,0.89902409860605,0.514161649952796,0.843699839317075,0.80910891073087,0.827736072535019,0.520115803030824,0.943309753722565,0.522620122274527,0.871933513393024,0.851204156919915,0.867695370658498
"ENSG00000164039",0.855016373751113,0.898484698247304,0.906062760047514,0.88217703331695,0.907071307962497,0.809466506055061,0.723276723132212,0.851825771883749,0.899016261614331,0.876643581074647,0.865825340562176,0.908600539225132,0.84205271548681,0.857114447477953,0.88412776395398,0.916419679724082,0.713300492470286,0.734428890092427,0.866557845160874,0.90648477641232,1.00420420400316,0.840872697990217,0.898994924689224,0.856660039591121,0.893069306753848,0.897218622092071,0.937062936878349,0.859657798267301,0.86269888020768,0.856191874526443,0.715839430350833,0.901079314605193,0.867372667500278,0.937139446799853,0.865221300656365,0.887185103875897,0.736296145482295,0.911254337945215,0.715485719791385,0.719324391312603,0.884877182423818,0.879919476420751,0.863313668460491,0.878510256745965,0.729985884103653,0.890518180741005,0.884285998628901,0.714497187266457,0.911918137858764,0.87940594041992,0.921572500805695,0.908455625255375,0.924180531847329,0.869094191820826,0.866927004933027,0.908763865112668,0.955301144657979
"ENSG00000132840",0.858588865563444,0.583539665131516,1.03930130983258,0.58732057404559,0.909451551937032,0.590854392179933,0.852147851977593,0.592696911660256,0.976912266417002,0.921609956655303,0.915295305216498,0.588552592031055,0.588258785825028,0.936859898391795,0.89552825535223,0.582098399410769,0.898128078640763,0.597687157517207,0.736992450369926,0.582443653502878,0.911311311128867,0.952562049449047,0.915713006087031,0.58568588457541,0.894851484971317,0.98793739388138,0.884467644856798,0.582731678254825,0.578668237953512,0.932941752142351,0.872849515350435,0.93771660541881,0.789107412851416,0.696439228029354,0.921770406449841,0.913870357280918,0.599206752649404,0.584234010791426,0.582270975277741,0.910879284468777,0.581237052267685,0.942325113046336,0.851514848344862,0.897829117526821,0.924581568678245,0.583770930232087,0.918542122900111,0.920951346902013,0.591091492658288,0.894851484971317,0.886803634751718,0.588200059780733,0.587027996296298,0.591032199700866,0.918393911901794,0.91835714981146,0.916276754421846
"ENSG00000115760",1.21683040563326,1.20451619269,1.20666192724552,1.20793460900958,1.19706436552672,1.18511833109003,1.21438561414298,1.22281460593043,1.19955832138134,1.209876542967,1.21595153938093,1.21925881505958,1.21425718825594,1.22899472979437,1.21965601941628,1.21398932993203,1.22305418695112,1.26232501495997,0.991430320140496,1.225187821031,1.25805805780619,1.23058446732775,1.22041994203992,1.21411530790972,1.18772277204204,1.21981856221318,1.19235693860093,1.17060627016702,1.20054998994293,1.18198727338581,1.17638916330307,1.20249529632587,1.22581946520911,1.19992042944103,1.21570586447883,1.1996415411332,1.18437913125508,1.2144769457185,1.20841980408965,1.21967213090518,1.19956594629583,1.23321590312366,1.2304769520587,1.19617606030747,1.19842710199669,1.21549588799851,1.20254929273002,1.20536859741333,1.19682985529759,1.19841584134685,1.17917819020561,1.19456923206657,1.16728105984512,1.21255893244808,1.216982076456,1.21714799615926,1.18188153286573
"ENSG00000106605",1.06499950360921,1.05417450707058,1.04762871919414,1.03927432196187,1.13398790020153,1.05655836320566,1.0855144852976,1.04174630297923,1.08512346896504,1.05550536965663,1.0461383137716,1.04445110357717,1.02895367391594,1.09177687161345,1.0228992626982,1.08871764451912,1.06660098501151,1.04585108520068,0.951846561731923,1.09213127696874,1.06886886865488,1.17173738967739,1.08528211740765,1.01312127216439,1.07465346513373,1.09061908063192,1.04048064590949,1.01928592601735,1.05951679413484,1.05550660772286,1.05734625250992,1.04802455667927,1.07634896599569,1.07400039763795,1.08342491735769,1.09767997588416,1.04342520064204,1.06554288526216,1.04437197330875,1.07680079461961,0.993193252245597,0.939104176962435,1.02669733006165,1.03624775920409,1.0526315787351,1.04983652015261,1.01035650248748,1.07293003038134,1.09229534488517,1.09940594037636,1.12781509262588,1.1069182387727,1.04971605040356,1.08516400820841,1.04055271832571,1.10122913938219,1.09208561451626
"ENSG00000090013",1.02133571479184,1.02030306011284,0.941403472947821,0.760964912128994,1.04393533649828,0.926795025887125,0.943656343467801,0.99165073916273,1.06203573558281,0.947104285667549,0.77072185749203,0.951553291189381,1.00838658126829,0.986178780752475,1.00835380815561,0.754198774796641,0.956847290451853,0.774396429138893,0.778820648688264,1.07769869492335,0.764164164011178,0.962970376108292,0.926858393685569,0.99821073538803,0.96574257406619,0.930914165899528,0.929971436830499,0.755019285776873,0.919465723645754,1.01321585883246,0.97310658473935,0.755916427219345,1.03277861804684,1.09986075172074,0.992706563893954,0.950313651110164,0.93704871332512,1.12444224072892,1.00938827927475,1.0038748135114,0.959652757036667,0.932259687784145,0.999100089791201,1.06771559429044,0.961282516442573,0.9751312789111,0.94981079447325,0.895292608132776,0.936195826457425,0.900792079029546,1.14796523090716,0.872516721399118,0.945700906456969,1.01013140716017,0.98347852188175,0.949735185180427,0.923842707630892
"ENSG00000162813",0.980252058950034,0.994948994553838,0.995836295116109,0.947169058822335,1.05147277575097,0.985559566589338,0.960839160647185,0.949200281470838,0.987351937163752,0.954130281852026,1.02635032790987,0.964339226657809,1.00738817871258,1.00626429332678,1.00049140029474,1.06263584250886,0.954679802767551,1.03469263521309,1.00510099959088,1.02906287049643,1.01521521501197,1.05224179322413,1.01821076703787,0.854870775177958,0.85148514834624,0.999501545010567,0.995567812273108,0.967856789443605,0.988214495975601,0.985609397751227,1.00296618528713,1.0022774530147,0.952496217659608,0.998209667595343,0.929763212922417,1.0124464799338,0.977931455104662,0.993356469807961,0.991797608263307,0.987183308298622,0.966952747170375,0.979768495021687,0.956904309377681,0.934076876930078,1.01492236317505,0.96542157912109,0.976299541729476,0.985295568738716,0.992576243781586,0.95366336614779,1.01185302232085,0.989318158931952,1.00846866573509,0.992677299429697,0.980074096128953,1.00889377415631,0.993529118766843
"ENSG00000104267",0.833382951109778,0.823016737481823,0.805118309981696,0.843301435238576,0.655955568649022,0.818291215239011,0.845554445385504,0.83130469754928,0.845613330486727,0.797350195564117,0.865219585892939,0.835281190523368,0.913338657964589,0.879387491124711,0.840687960522715,0.967792926107925,0.844532019538023,0.670927165617584,0.9469496019288,0.84302095673329,0.662062061929517,0.661929543502416,1.02577370862259,0.7972166996427,0.822970296866739,0.659355996279662,0.845267408481185,0.811591336007993,0.820271066426975,0.817229564206122,0.653945026566354,0.79710862445844,0.78285426106246,0.869504674583349,0.796682985154025,0.822463407184614,0.808501982953625,0.814080317141481,0.811147346415427,0.806557376888911,1.09716878739328,1.22073477579854,0.661333866481085,0.865962955414068,0.782819116599553,0.959080550686797,0.799243178490491,0.800157899772988,0.854133226152862,0.965544554264249,0.985381272029755,0.660277528070225,0.914615920909711,0.820543685260198,0.662260939088363,0.986509443192463,0.814335490131541
"ENSG00000084774",1.01379378763247,1.02050113875002,0.996242510206917,0.967304625006518,0.976098383224021,0.979743280990825,0.98621378601674,0.954833517562653,0.991567958042247,0.992271403996332,1.02534073679448,1.00329637378817,1.02176517551482,1.06095257013802,1.01798525778516,0.992294012844834,1.05773398993936,1.0229255424989,1.0352989183768,1.05199683648636,1.05405405384303,1.07165732564619,1.01383222190988,1.04314115287413,0.989108910695226,1.00448609291108,0.988082340000378,0.951636830985731,1.04105283813768,0.994028389428482,1.00632786217,1.02128923635582,1.04346949046022,0.996817186990886,1.00609451473552,1.00706960051637,0.948032136489773,1.0469013384141,0.963731593840551,1.03288623923837,0.978395974947539,0.973930548369617,0.967103289477631,1.00398327006493,1.04859850755221,0.959278707825368,1.02409878489861,1.03009967412808,1.02186998374361,1.00950495029515,0.987949426908742,1.03504043106019,0.967420543794477,1.0185575281335,1.03234204445132,1.03807334844847,0.999900447784988
"ENSG00000198668",1.16721246379533,1.31029018494399,1.27612470777371,1.26295853244359,1.09273033797625,1.28499799412655,1.03256743236113,1.27109948671741,1.28548484214305,1.08802569485335,1.05865724360249,1.10018979100985,1.26996805086462,1.22183553719363,1.23695331671018,1.05809128609799,1.28098522142247,1.32359504943729,1.09630687592403,1.06979043078889,1.30190190164126,1.08346677320187,1.11672803241781,1.24155069557822,1.20178217797985,1.08643206039549,1.13227617430665,1.08614380356322,1.04832056549827,1.25560450293576,1.16788609824641,1.08882067509876,1.16833081166549,1.27929182389511,1.27605155334678,1.16718112094649,1.04789992859801,1.27159147223171,1.23688111449019,1.25206159935379,1.25934694657998,1.07418218398104,1.24027597215473,1.25851423994055,1.24258923144937,1.24997523010998,1.27803226423461,1.0906937726062,1.08025682161311,1.07782178196479,1.16831291956375,1.123290406085,1.00926571664655,1.27715919324362,1.31050365448873,1.09323473546653,1.1651567941931
"ENSG00000121691",0.967152922304822,0.968802614446112,0.947496699309943,0.920454545271042,1.04968759277007,0.975130364826488,0.967632367439034,0.95765013560856,0.97550692612417,0.980226839108657,1.01322564340975,1.05503945638697,0.94289137361364,0.980212786918522,1.01778869758864,1.01995653012844,0.964926108184251,1.01257861614677,1.21362987120718,1.02016607334516,0.985385385188111,0.968174539437915,0.947357945875737,0.961630218496694,0.996435643367042,0.942877080860756,1.00797793735684,1.00148353258798,0.940090355344708,0.96642192834725,1.00988728475185,0.923655807322773,0.954109934250306,0.966978316895369,0.961734438812722,0.921836104565999,0.974066917324506,0.927912741511569,0.863919359449764,1.01142573253623,1.10289040128186,1.03975842958435,0.921707829032755,0.962158932291942,0.929622907656862,1.04052313463975,0.901812387790916,1.04667916687128,0.949438202056694,0.981584158221468,1.01363097569861,1.00588998682123,0.998904054797469,0.92125589308431,0.974466806653756,0.946737283712054,1.04071677430747
"ENSG00000159228",1.08266349090351,1.09814796452448,1.07931349627718,1.0923046249816,1.11613607039251,1.03008423565381,1.13066933044342,1.04919022210056,1.21080104372399,1.10910368340678,1.11438667317226,1.11757067203724,0.990015974243208,1.10927712019304,1.06240786219904,0.98142659534056,1.05182265989127,0.995739500710948,1.09589879594044,1.01759588750146,0.975375375180105,1.11749399497248,1.01303612279569,1.09781312105411,1.04831683147558,1.13787259472877,1.14567122995259,1.07328651941978,1.13494401863387,1.09740577560501,1.10282776327806,1.19675215344158,1.13847705473757,1.07499502664114,1.08302527703406,1.06362640624044,1.08837587692701,1.05423896855642,1.09299337857634,1.07779433659656,1.07882016354369,1.08303975821177,1.04709529026155,1.07110137401492,1.09760032242436,1.15684137498131,1.07528380779222,1.10233889250916,1.16211877986314,1.09742574235695,1.1284077437518,1.09493860415395,1.02640231124312,1.09820443352428,1.04575948712411,1.09903067830538,1.07496266778
"ENSG00000160200",0.993152723827895,0.935129246125556,0.97735350848434,0.9483652310709,0.924328076777878,0.94965904513645,0.872927072752662,0.952419273523304,0.984340493679112,0.80096356503042,0.972438162347817,0.79712316435978,0.912140574897735,0.964701202950243,0.784275184121027,0.788381742582813,0.892807881597476,0.809494826372592,0.814119567269104,1.05417160912334,0.957957957766175,1.02161729363058,0.98596875291353,0.987872763223087,0.958415841394373,0.994716379026076,0.959716339808979,0.789239442035557,0.88076998607724,0.922956436432118,0.789005338977851,0.90860481217772,0.976298537372406,0.793713944540737,0.968328504152597,0.79458329168683,0.945184582335974,0.943182944780727,0.929736139751016,0.97605563815677,0.944658182707969,0.967891293212302,0.949705029307128,0.794662417686783,1.00060496047578,0.968195779061093,1.00199163493288,0.906345603294909,0.800561797592183,0.934851484963396,0.788225997473681,0.796645702147021,0.925774633670265,0.923061490435738,0.799038750215472,0.797441790587101,0.91667496248548
"ENSG00000158825",0.890145876572364,0.918688719239638,0.702345892007242,0.6893939392565,0.77595953569851,0.855796229270799,0.891908091729889,0.69570465733916,0.88516362158499,0.694168423026364,0.915901059885734,0.873239436445262,0.690495207529853,0.875609028363208,0.86270270253313,0.801225054178774,0.885320196869888,0.905457496265884,0.883289124488209,0.826215895447565,0.86706706689348,0.692153722839841,0.688227684209727,0.892445327854385,0.68475247511193,0.689462665598751,0.681177976818442,0.838492730523491,0.679237870618889,0.677043563254617,0.683804627114138,0.684820279099946,0.844377206082829,0.995822557987702,0.690978119554206,0.963457134130547,0.863622495502162,0.685770946814919,0.843363968604929,0.827223050009494,0.898885271599312,0.809662808090657,0.691530846777016,0.856203943267038,0.965315587625466,0.914495194508175,0.954590718790163,0.921938221470061,0.969301765455598,0.68475247511193,0.900039509897266,0.923829489682773,0.945103118273368,0.693750626804343,1.02373084990012,0.691116218508821,0.943354902748959
"ENSG00000103502",1.21147166791476,1.1938199462823,1.19955316315638,1.21511164250097,1.22741247620204,1.20276774945793,1.21738261713938,1.19947691355005,1.18931941353356,1.22071665136591,1.23735487102729,1.20727200055793,1.23482428090359,1.21845480735439,1.19901719878152,1.2110254887945,1.20650246281645,1.24467437588868,1.24750050984544,1.22281534179067,1.22862862838266,1.20996797413732,1.23355557742391,1.22166997987641,1.20772277203807,1.22320805478552,1.22032896656745,1.21313421002608,1.22274602215228,1.18433675943527,1.2050622896569,1.22229923730621,1.22662632350446,1.18699025239964,1.20231791363726,1.20342527109361,1.21305806951834,1.18968765469714,1.17857495776686,1.21867858892823,1.18575515415098,1.2352289881761,1.19968003175689,1.2101175062318,1.21637426876056,1.19488754558706,1.21031666974501,1.20457909775889,1.21990369156904,1.19801980174297,1.19004346084748,1.20714784841626,1.19796751993664,1.2181763464303,1.22619405202239,1.20995303263516,1.21134892957464
"ENSG00000198848",0.793490125872087,0.795483806913839,0.793947394984473,0.633971291739639,0.780521669983036,0.793221018693698,0.840359640191736,0.639774670427568,0.817908050428045,0.764829870367393,0.838768298669608,0.776745579706973,0.777156549365584,0.632395346399046,0.779950859797553,0.628334321156227,0.812413792943367,0.64516129019169,0.809630687449575,0.628706998689461,0.636636636509182,0.800840672377734,0.783361528354391,0.749304174801331,0.794455445387236,0.756056225549585,0.791490199784992,0.751656611462436,0.832056570254949,0.622613803108641,0.797903895432489,0.773938013511449,0.937569339195649,0.826536701645805,0.635428114569802,0.786418400719622,0.800569510668042,1.07030242913826,1.07698389147604,0.631892697340906,0.627404557437624,0.808857574069682,0.635936406232189,0.819358693324167,0.791288566083628,0.798176954166615,0.799641505516901,0.77074903764517,0.818017656336674,0.822970296866739,0.797115764362482,0.634920634793866,0.816379396071261,0.751930985905922,0.63682787611158,0.635555111294983,0.818118466736064
"ENSG00000172831",0.914160960421919,0.852728533058784,0.868284756602359,0.908692184826816,0.871764355673556,0.903730445065437,0.90029970011982,0.856654259962448,0.898614735816379,0.899528254361231,0.712367491022238,1.01788033143185,0.87859424902584,0.701600874872904,0.879999999827027,0.905157083401471,0.889852216573428,0.883952119926161,0.921240562962408,0.889086595316511,0.892292292113655,0.70616493180421,0.7021594187079,0.701391649959962,0.840990098843368,0.864918751696756,0.888013394880722,0.883987735954112,0.882734236715236,0.874596181913931,0.859007316420999,0.875136151920955,0.711649016497902,0.879649890415824,0.704965530881214,0.864283580431289,0.931760398468065,0.884680217970316,0.697302104813262,0.880476899974073,0.851533984245529,0.90830397566013,0.875912408583959,0.855606452727424,0.852792901622748,1.0478549487669,0.868751244598934,0.833119510345777,0.905698234168199,0.882574257250975,0.961280126242339,0.911450533910063,0.926372421853866,0.899989968723043,0.881145488959418,0.941141200971092,0.930214036649036
"ENSG00000166165",1.00922893698338,0.998514410023073,0.977759723575148,0.992424242226391,0.957849846085917,1.04893702345589,1.02397602377143,1.07876471158258,1.1865087329479,1.09806283225975,1.00232205936349,0.994106482670241,1.18829872180745,0.9957243708868,0.986535626341713,1.00908911262417,1.04788177319254,0.979711908910588,0.989185880230731,1.18268090130829,1.00360360340268,1.11108887087448,0.996915115733523,0.98648111312396,0.999009900792275,0.990728740705667,1.00009849285923,0.981109682329916,0.98428599469961,0.940969162811362,0.861775756206886,1.00366372888332,0.99001512839334,0.970956832908105,1.0016984711756,1.00209100846319,1.01901759360947,0.972533465350018,0.997924695918979,1.08733233957529,1.03857156929297,1.08243583269604,0.993100689732407,1.00716988627621,1.105464811231,1.1275141184727,1.08364867534681,0.999309187604992,1.22411717471426,0.979009900796236,0.972935598385434,1.00309473874352,1.02341337032511,1.00652021245731,1.0575748470897,0.999900069751194,0.986958685716882
"ENSG00000104879",1.06896893895624,0.979895018128178,1.02081852320081,0.902910685625417,1.06396905661728,0.984757320299888,1.03276723256089,0.911175937851086,1.05822124050226,1.06734919179618,0.914487632324182,1.04085505922668,1.07807507965693,1.01223028716074,1.02171990151907,1.05492985555129,1.04197044314444,1.02556299431415,0.924097122847562,1.09015421093512,1.01461461441149,1.05004003181544,1.03453079887859,1.00497017872665,1.04752475226782,1.03678596330639,1.03260120141188,0.981307486701353,1.06639167136783,0.997944199510926,0.991694680444593,1.03317160094402,0.993444276148574,0.995424706386428,1.0058946945737,1.00926018101976,1.04098443993878,0.991571640854423,1.02223539855277,1.01997019353801,1.00522837111468,1.03834927004764,1.00749924987351,0.992431786299057,0.913288969366145,1.04864757732118,0.996016729536742,1.00878318345825,1.03852327426996,0.991485148318518,1.00948241781717,1.01407607047737,1.02261631941365,1.01996188162906,1.01011314688893,1.01548915738673,1.00149328003952
"ENSG00000223572",1.08385432150762,0.93255422384222,0.802071696800635,0.962918660095112,1.11375582641798,0.938227035511787,0.969830169636398,0.794487475949203,0.927524593268917,0.974806784909203,1.10933871759529,1.16991309536112,0.930511181922821,0.93745649777519,0.95213759195044,0.993281959890677,0.980295566309301,0.961046865294979,0.805753927605437,0.95096876216865,0.790590590432314,0.977582065456849,1.00348293342552,0.961829025653712,0.949306930505088,0.966404146951171,0.921895006220448,0.96113144081473,1.11137301097793,0.93548702869594,0.922483685797413,0.951777403514848,0.987392838933456,0.932962004986481,0.951943250883816,0.967838295137342,0.925658496709924,0.941001487170847,0.939816187184541,0.909090908910265,0.77912597400037,1.06753900330799,0.943705629248334,0.987253534955735,0.796329905062244,0.938075893998202,0.965943039042831,0.978190071848773,0.92134831442188,0.936831682982806,0.953773211980685,0.935809124301526,0.907641725434364,0.792255993421154,0.959847801950566,0.789247526573549,0.921652563280905
"ENSG00000111726",0.932023419483572,0.888778845025497,0.872143799965036,0.717902711180641,0.939998016276902,0.909947853808675,0.918481518298006,0.869329041169032,0.86729572357613,0.722874636008657,0.727107521306995,0.990310658078052,0.719049520623193,0.930297305174446,0.90181818164092,0.914641375041565,0.967684728873363,0.899776830817655,0.881656804553835,0.953538948012349,0.861061060888677,0.876901521041453,0.929644740585204,0.998011928231011,0.939009900804156,0.717974279589677,0.912833645048196,0.981109682329916,0.914555097050765,0.941360743819606,0.927822819670195,0.870977324315085,0.912556732039827,0.888999403045753,0.931961234702375,0.942746191189337,0.979762025632104,1.01358453128139,0.926969067906519,0.871137605390733,0.873039360585372,0.878711625389288,0.883111688654512,0.891057558077861,0.844121798579528,0.84196968179095,0.867755427032911,0.881673739093719,0.867576243806666,0.878415841410215,0.921177400055082,0.946790456035382,0.959848560135529,0.907814223912566,0.834885350789049,0.862796042597623,0.948332503544384
"ENSG00000162368",0.915748734560733,0.805387738772826,0.866456788693722,0.769736841951807,0.975106614901298,0.714400320755234,1.03956043935274,0.782013881745898,0.860469785010948,1.02840509865936,1.12327107498773,1.10098891197663,0.523162939192659,0.951377150054414,0.929336609153939,1.02884805354103,0.516256157533743,0.531547981227115,0.944093042043646,1.0794780543536,0.775375375220145,1.05224179322413,1.04109861657058,0.5208747513875,0.90158415823731,1.01525271637618,1.00620506234488,0.939372959956607,1.00589275171756,0.684679392915383,0.87838639492221,1.0143578570127,0.945234493001466,0.766063258252225,0.844839644151296,0.938763317546796,1.01637343618095,0.519583539807718,0.780314260148174,0.759463487181428,0.516918220278797,0.948364368203651,0.84351564826647,0.521808404596334,0.932244403925742,0.519171703057729,0.83051185006363,1.01549393052097,0.996388442817739,0.998217821584511,0.921374950430388,0.967555156041219,1.06067550043625,0.525629451193574,0.761790327273097,1.06965124391533,0.960477849485221
"ENSG00000133313",1.07869405555648,1.11914430006554,1.02142784583702,1.05123604444752,1.13180600989154,1.02246289590404,1.06793206771869,0.986218690074194,1.05661513731046,1.01254642155725,1.10489651668755,1.12396363977146,1.10483226814999,1.11922044324963,1.09641277619727,1.04050582868198,1.05162561555633,1.16859403506419,1.12446439479199,1.08481613264436,1.11431431409123,1.22918334643131,1.11573290852508,1.08489065584793,1.13504950472573,1.10178446792906,1.1383827437923,1.03985758064685,1.07424867391981,1.05080763562392,1.02452046647726,1.11773442893005,1.074735249405,1.05967773999211,1.03147167528595,1.06979986038638,1.00986474097226,1.04729796707044,1.04891787705328,1.05136612000966,1.12064713403953,1.03090085535362,1.0040995898402,1.05138418620765,1.04214559365958,1.06747250548549,0.989245170087782,1.07549590425827,1.06661316190477,1.16633663343241,1.16712761731191,1.15962863109521,1.09255753689498,1.13652322176015,1.08160608769769,1.10402718075267,1.17093081111579
"ENSG00000173786",0.69683437517181,0.69545409513807,0.713110591913657,0.994417862640666,0.953486065465936,0.971921379668688,0.989410589212905,1.01096469147752,1.0712708289357,1.00973602308346,0.944573447562933,0.938767355720953,0.845846645198513,0.963309137722321,0.976511056319113,0.945860501690207,0.975369457935888,0.856563197229344,0.947561721904191,0.947014630101421,0.994994994795797,0.952361889320984,1.01323514757424,0.998807156859084,1.08356435622108,1.04276742078701,1.08618142399563,1.00306596755948,1.02396385758712,1.08604992636592,1.02926636325306,1.00663432003037,0.708219868742669,0.955639546259073,0.999100809072015,0.970427163004993,0.955964608775355,0.696281606207976,0.86886055917208,1.0120218577224,0.692709874579716,0.93145445376317,0.97950204959914,0.924517028296252,0.981044565238749,0.963440007735373,0.941047599892243,0.966150202118593,0.962881219710497,0.961584158225429,1.01540892907637,0.701008285773983,1.00986350483016,0.704383588984977,0.963652748380164,0.987908463877704,0.963265305930659
"ENSG00000068120",0.964374317561899,0.816282063817712,0.930029450405193,0.95574162660372,1.02370326271473,0.9616927394782,0.954245754055096,0.966301176749562,0.957839791014286,0.93827160474992,1.00514891448659,1.00469483548003,0.971046325684695,0.938053097158585,0.918525798345253,0.971547124882129,0.952906403753122,0.982552241634702,0.9659253211659,0.990312376237582,0.958158157966335,0.978582866097161,0.99193949626989,0.972365804975673,0.898019801802372,0.977968298080357,0.963853048170225,0.986846009101603,0.983696719508211,0.930983847101129,0.899742930413339,0.967026438069705,0.98194654543985,0.966381539493459,0.933759616158705,0.939559892275304,0.838197904843243,0.955676747455493,0.912540764717355,0.967908593945771,0.922560915276204,0.941519879025361,0.93710628918366,0.951802429605297,0.941923774764686,0.953135836529647,0.949412467446841,0.915424849320946,0.988964686799967,0.97188118792636,0.951205057101698,0.822801237731297,1.01524359848257,0.970408265428747,0.973064984284957,0.947936444299403,0.92205077134454
"ENSG00000130309",1.00387019926489,1.08349014537318,1.01370975911167,1.13217703326711,0.991371615393956,1.0804251903168,1.11888111865757,1.10351071298591,1.11824934729608,1.07919301393572,0.983341746394075,1.03186494835044,1.04273162918476,1.03748632772447,1.03331695311384,1.02114206658345,0.997044334778908,1.0275918034028,1.06121199733499,1.02886516389307,1.00220220200156,1.03602882285108,0.99193949626989,1.07634194809615,1.05940594038428,1.05552786341232,1.07357431279945,1.11957274233615,1.05185621664666,1.05002447360744,1.13525805791274,1.05099514782632,1.02955118486545,1.00974736403228,1.05824757696908,1.06561784306171,1.08349435552049,1.02726821992518,1.04812728509771,1.03348236442454,1.12419848059106,0.99889280301985,1.07949205057904,1.07169886455453,1.03629764044438,1.07896561952265,1.04461262675869,1.07273265546773,1.0469502405604,1.10316831661323,1.09502173032497,1.05281022241134,1.08339145141309,1.13090580777793,0.911184539719398,1.06585390205539,1.03892483802112
"ENSG00000093010",1.17157884267707,1.07913241535523,1.17883619352517,1.10925039850294,1.11177228977253,1.14239871617682,1.1010989008789,1.09184186679573,1.14495081285988,1.06634547805554,1.12226148387233,1.1155728696203,1.09285143748146,1.09535646791382,1.16481572458677,1.08081406815238,1.03330049240723,1.08419557697622,1.16833299302829,1.10695927222085,1.05085085064047,1.08426741371412,1.08428699351492,1.07634194809615,1.14594059383249,1.08184627632702,1.15729341058657,1.16269409530953,1.06815949694202,1.18883994103009,1.10737591435488,1.05713436953022,1.05859808349801,1.24905510219832,1.1167948843807,1.07537588348594,1.10037628371802,1.20614774393532,1.06769443599808,1.07322404350259,1.08217421306458,1.08062405614884,1.13188681109251,1.15733917523256,1.0657390600795,1.10631130464553,1.04620593486433,1.04628441704406,1.07885232723137,1.08811881166572,1.08218095593003,1.07637017049488,1.07302978956401,1.09298826339794,1.09502353037048,1.04187069030841,1.10462916852073
"ENSG00000129083",1.03641956911056,1.09438447041807,1.05758098891894,1.04306220074899,1.05980362966185,1.06518251081725,1.01038961018773,1.02605371672346,1.08010439649064,1.01656127651981,1.04129227641771,1.00709219838036,1.07987220425721,1.03509993019089,1.06614250593295,1.02450108653932,1.06187192097303,1.08764455242693,1.02856559864751,1.03301700256366,1.07087087065648,1.04943955143126,1.05343815284039,1.07594433378212,1.01445544534367,1.02502243026119,1.01191765960565,0.983483334787166,1.01198192869535,1.01654429740254,1.01087601324681,1.01257550232447,1.02047402904277,1.07738213624878,1.06044559874904,1.01941650880824,0.965320858137838,1.07902825957778,0.998912935863443,1.03070044688908,1.02850942073029,0.997483643483144,1.05249475031447,1.06074487132827,1.0639241780472,1.04111760605546,1.06691894023762,1.0285206748192,1.01805778470745,1.04990098989111,1.07092058453755,1.03464110990623,1.0144465475711,1.06570368119857,1.06778812434809,0.99010692495451,1.05166749605741
"ENSG00000184432",0.993351195595246,0.991977814996142,1.000304661115,0.986443380983564,1.04453039749191,0.974127556964675,1.00999000978821,0.971733225838098,1.0086328044552,1.012144936061,1.04290762220234,0.984117470585533,0.990615015776634,1.0082529579381,1.00029484009822,1.00118553625742,0.993300492415113,1.02069385250138,1.00958987941041,0.995255041321618,1.00380380360284,1.02301841452702,1.00607025554661,0.990059641950286,0.96574257406619,0.981357790652705,0.979414951053006,0.973197507472417,0.993517972698189,0.959960841711217,0.966580976672616,0.999306861867649,0.975693393650894,1.00079570300362,0.99070836227581,0.993527830131728,0.974066917324506,0.996132870402353,0.956616266240416,0.975260804575209,0.963401400618841,0.99305485636778,1.01489850994603,1.00019916331404,1.00322645674466,0.972158921832526,0.99044015116701,0.993190565283097,1.00642054554446,1.00970297009709,1.00513630956042,0.996705600280183,1.00328783481054,0.995285384492871,0.979473315113753,0.963725392032832,1.01343952194854
"ENSG00000105669",1.10429691354485,1.11973853597707,1.11445110163208,1.10685805400581,1.10324308219712,1.09346169252036,1.08771228749496,1.083392012658,1.12668138905307,1.07317073149189,1.11196365449531,1.0712216559642,1.10762779530598,1.10689072265946,1.11626535604594,1.05809128609799,1.0989162559411,1.12091702148084,1.08957355619474,1.07611704209646,1.11151151128899,1.0912730181963,1.08607821652183,1.09582504948393,1.07564356414344,1.0738709996862,1.07889293783534,1.05093462544735,1.06187389490044,1.07293196258973,1.07949377079702,1.07119516762626,1.06565809358232,1.12233936719269,1.09661304803744,1.08732450441356,1.04545916789475,1.11531978163305,1.0726356357204,1.08832588155225,1.08000394572753,1.07559134351775,1.12008799097688,1.10814578747099,1.1149425285108,1.09858317624124,1.11033658611624,1.05792953694702,1.07363563381348,1.08574257404243,1.10904780697174,1.07656983107186,1.07203347592467,1.1268933692192,1.09322118732488,1.04886579373461,1.09885515159804
"ENSG00000181789",0.994542026199357,1.00544716232436,0.976744185848127,0.972488038083635,1.03738966556831,0.969314079227975,0.996003995804994,0.960466753654468,1.01485645432346,0.99247214674446,1.04815749600239,1.01548296853152,1.02056709244797,0.999303967187172,1.00796068776256,1.0221300136293,0.982266009658667,0.982755122543568,0.967353601108477,0.981415579086316,0.985185184987951,1.02461969555152,1.00845855288915,1.01053677912315,0.953465346345849,0.982554082148828,0.97468728435444,0.833547621237554,1.00117855018637,0.968967204900839,0.95788016591697,0.984849984952005,0.986585980638107,1.03003779569723,0.988710160657666,0.944339340646353,0.961863113808225,1.02072384709554,0.934874987462225,0.953999006268455,0.959850054067308,0.978560643990224,0.987901209681452,1.00577574168377,1.01411574893847,0.944218765293923,0.998805018721608,0.994966939505582,0.989967897072639,1.0271287126679,1.0191623862072,0.997104921434141,1.00528046208921,0.98846423894303,0.997897266246541,0.971320075752709,1.01562966629853
"ENSG00000158623",0.969137639978339,0.952164008923014,0.894282522414079,0.671052631445165,0.966775760990424,0.840553549771249,0.961838161645986,0.87657177328708,0.92391086108735,0.912978018485802,0.966986370324687,0.947158125872109,0.881589456692973,0.944416823914802,0.982604422411282,0.931831653639235,0.959211822471091,0.91255832807617,0.941644562142084,0.990312376237582,0.980780780584428,0.890312249621635,0.979400935221534,0.915904572382524,0.947326732485678,0.964410327790966,0.965428937069747,0.665809514258568,0.95266155942788,0.903377386019897,0.885307494386927,0.986434300230432,0.933736762292741,0.925999601964193,0.929963033084232,0.941949616460829,0.886809722183096,0.886663361252025,0.665283130612653,0.93989071019575,0.859031271409878,0.930045294226463,0.880511948629034,0.883091017549673,0.949989917130472,0.920836222942468,0.911372236424742,0.921543471642841,0.974719100928026,0.954851484959435,0.935401027077163,0.912049515641,0.980970409289435,0.934496940328118,0.936817863034581,0.901968621784357,0.944549526939861
"ENSG00000131143",1.18467797932228,1.15222343247455,1.16644663325552,1.15749601252841,1.14648418106784,1.18692338524129,1.14045954023168,1.16426918797621,1.13752258559777,1.14242697959602,1.16648157472661,1.17490760140347,1.15015974417928,1.13234562968433,1.11646191624246,1.1404860697213,1.16610837415446,1.13653885146347,1.18220771247047,1.1544088570276,1.18098098074455,1.15112089648697,1.13245098992289,1.15526838943235,1.11920792057045,1.14704416286571,1.12242686868464,1.17179309639565,1.15890787641742,1.18414096893115,1.16847933534339,1.14664818276133,1.16086737243351,1.1267157348067,1.14277150541657,1.14208901699849,1.15142886176112,1.12305404043172,1.17699377385572,1.17416790836082,1.10782282704788,1.18329139382319,1.18008199156483,1.16072495495704,1.1451905623825,1.15168928937844,1.16251742657588,1.14615612333047,1.12359550539254,1.10178217799965,1.12662979037404,1.11250873492812,1.1250373615373,1.14234125767031,1.13327325500485,1.15798940718337,1.14245893456596
"ENSG00000178741",1.13386920688025,1.100921065445,1.03462983628828,1.09888357234871,1.11415253374707,1.01243481728591,1.11608391586092,1.12262347829743,1.03814495060467,1.11331928111747,1.16587582005737,1.12196583735452,1.11002396143969,1.07109475965574,1.06712530691555,1.10926694307266,1.07999999978719,1.12477175874929,1.08528871636701,1.07750098831999,1.08748748726977,1.11048839049029,1.07334063069493,1.11351888645854,1.07128712850074,1.07327285393814,1.08302964619659,1.12234200353628,1.10783735982953,1.12168379811617,1.11825192779944,1.00544608357155,1.12738275317652,1.0899144616889,1.0780297729887,1.09907398165905,1.11807179881662,1.06950917182558,1.13311592032155,1.11376055616219,1.12104172810081,1.06331152469787,1.15188481128849,1.11173073070868,1.06936882414411,1.11126523310983,1.02111133220054,1.13115562989615,1.09751203830307,1.07445544533179,1.05985776352038,1.09274233780718,1.11607053878329,1.09980940894778,1.06818864502489,1.1104227038852,1.05485316056648
"ENSG00000135940",1.22258608688646,1.19659304720281,1.1406519749892,1.19118819752967,1.13855003448606,1.20136381845139,1.11948051925685,1.21959561387796,1.16201565927283,1.13419652692277,1.14326097907254,1.17770452478719,1.2088658144551,1.1578005367092,1.1714987712685,1.12369096994197,1.19408866971545,1.20409819411562,1.13711487428339,1.11407670994186,1.17957957934343,1.10168134485555,1.10876704127599,1.20159045701758,1.15881188095865,1.11354800097427,1.14133753547891,1.18979329419646,1.13356904318728,1.20959373446704,1.19616373320226,1.1446677886633,1.18224911726026,1.18181818158309,1.15436107480181,1.15284277583335,1.12234313004732,1.15260287532918,1.21948809146764,1.20953800274028,1.21495511468581,1.15510820308906,1.22607739201558,1.19020115491133,1.17261544642617,1.20737144531708,1.20175263867721,1.15306424530681,1.12018459046545,1.10554455423653,1.16278150905516,1.14585205128365,1.11567201332755,1.17444076614015,1.18614198434242,1.14939542297404,1.17770034819757
"ENSG00000126267",1.07115212839711,1.02921659878593,0.883924037598472,1.02850877172478,1.02786868967016,1.01444043300954,1.02677322656808,1.02907152177264,0.905842200179514,1.02178058797114,1.07036850054107,1.08680451481634,1.04992012758588,1.00666202624905,0.99872235852605,1.02924323235937,1.01674876827256,1.03164942158011,1.03835951825375,1.02115460636197,1.01001000980781,1.00760608466621,0.986963876806257,1.02823061609777,0.983366336438937,0.95324494049382,1.01388752073005,1.05429729976178,1.04753486524307,1.04199706293842,1.00494364227705,1.03851866500871,1.05920322721953,1.00537099641827,0.971725446903442,0.990540674899823,1.05278145000452,0.794050569996222,1.05524261269785,1.03507203158767,1.05277695549911,1.09954705564176,1.04649535025568,1.00816570384223,0.98023795100217,1.00723273535971,1.00975901194787,1.05102141497069,1.02487961456162,0.991485148318518,0.983010667526075,1.02425875990331,1.06147255134772,0.995285384492871,0.996895964554542,1.02947936423914,1.03474365335296
"ENSG00000164919",1.13486156571701,1.09438447041807,1.08114146418581,1.10426634746725,1.08658137437537,1.11371841132898,1.06353646332397,1.10029172093345,1.04697851815961,1.06855364828494,1.08551236727198,1.09319748255056,1.09145367390346,1.06314010121047,1.06083538062686,1.08358031988074,1.12118226578893,1.07932643516346,1.11263007526778,1.06662712513511,1.11731731709363,1.0896717371718,1.08468504307201,1.10715705743396,1.05089108890081,1.08064998483089,1.04973899319418,1.09148452159203,1.09428403042737,1.12912383727281,1.08918331004762,1.07218536467528,1.08986384244279,1.1056295999392,1.07083624716339,1.05944438891577,1.05603579760886,1.09489340583145,1.11256052947671,1.11018380504517,1.0711255793487,1.0868646198114,1.1428857112003,1.11113324016906,1.07481347024101,1.10175369045839,1.10217088207485,1.07924602761685,1.05176564986923,1.04732673246588,1.08593441306086,1.05600479164301,1.0676496959116,1.07854348458651,1.08240712905129,1.10222843987164,1.07974116454361
"ENSG00000112695",1.15351791184807,1.14053679288095,1.0852036150939,1.13775917042708,1.10681344815892,1.12314480523001,1.07512487491007,1.15923951289423,1.10580204755957,1.07698484370632,1.1149924278415,1.13734891596497,1.15275559082413,1.08064034979007,1.11960687938681,1.09049594920164,1.14640394066081,1.14140799327624,1.10304019565333,1.06287069967124,1.13213213190548,1.08366693332993,1.07970942360838,1.15407554649024,1.06831683147162,1.07107965286191,1.06727075720137,1.11581445927884,1.09624828106536,1.17337249120443,1.14732054555125,1.09773244853991,1.12072617223989,1.13526954423408,1.10780297709905,1.06920242934,1.09793552301476,1.09588497747231,1.15979839882206,1.14873323375087,1.14866331239052,1.10679416183054,1.17868213155111,1.15753833874576,1.11595079630652,1.15386901790273,1.14140609417618,1.11378663749851,1.07283306559534,1.0599999997901,1.11122086110011,1.10472197242593,1.11467569968822,1.10201625015508,1.10463602661367,1.10122913938219,1.12215032332063
"ENSG00000127184",0.937580628969419,0.89373081095499,0.864019498148874,0.624601275792544,0.949320638510499,0.898114721039287,0.912487512305197,0.925862589090461,0.876731579828,0.933654521542978,0.973245835240132,0.969133952458469,0.7947284343461,0.896490006782044,0.918918918738296,0.95415925687529,0.890837438248111,0.74639886371548,0.639257294299274,0.915776986770309,0.627227227101656,0.906325059866628,0.934421335270291,0.933797216514156,0.62039603948111,0.92293888925871,0.907908992237189,0.895460389497486,0.961107837171261,0.945863925414417,0.911409926653864,0.951777403514848,0.964195662942169,0.897553212473134,0.905984613666503,0.878821069226562,0.933184175544964,0.902726821833867,0.906611325050576,0.900745156303876,0.769261122468332,0.932460996289389,0.626537346140078,0.919936267492544,0.903407944968057,0.904587337579592,0.909579764805899,0.95509720695646,0.924357945239896,0.880198019627684,0.90576847078116,0.908655285832354,0.964033077420737,0.844818938540512,0.900370481445806,0.626161686694082,0.934395221317194
"ENSG00000080819",0.991168006154378,1.13598098422581,1.13780846935355,0.986044656900709,1.03719131190376,1.07280385056703,1.16663336640027,1.06548636936616,1.04095563119033,1.02920806965187,1.01201413407127,1.08440715191601,1.22723642148018,1.06055483721576,1.03095823075559,1.06263584250886,1.04433497516368,1.04402515702089,1.04611303794203,1.05733491477712,1.03943943923134,1.01481184927646,0.97064384496554,1.08767395604619,1.13207920769662,1.09959126685284,1.11572934086167,1.10157254453534,1.09310548004457,1.11815956904197,1.11390152242161,1.10347559142421,1.04649520906778,1.01790332185838,1.07443301007604,1.20780643210041,1.02084816413692,1.02350024768994,1.05049906096442,1.00645802265147,1.06382558921499,1.05223955690946,1.09809019076131,1.03724357677012,1.0187537807988,1.13345883262985,1.05476996593213,1.06424553418252,1.01304173334409,1.05485148493963,1.02686685084416,1.05081361664155,1.01165686938096,1.09519510460524,1.02933813937532,1.07065054440479,1.07297162746183
"ENSG00000021826",0.769673513789883,0.589085866972549,0.76977759708139,0.773923444821786,0.722602399936011,0.780786201207223,0.74305694290848,0.598330147752071,0.778156996430806,0.765432098611777,0.757799091214983,0.719009089857355,0.780750798566144,0.762652878440359,0.744766584620193,0.58763090286749,0.586009852101279,0.767498478237472,0.763517649303506,0.784895215345019,0.756956956805414,0.735788630757448,0.732212160268243,0.761033797065401,0.588910890972493,0.740305054183969,0.784595685849582,0.588270200655075,0.74170104090715,0.749877630788081,0.753015621761318,0.719675215225334,0.768734240893851,0.765466480850315,0.744330102758651,0.758538285221839,0.604901860957002,0.739117501092887,1.06374147622023,0.59095876789052,0.745388181760799,0.76034222430592,0.756324367411994,0.745070702898811,0.769509981696005,0.762112354946574,0.746066520464834,0.771735912213217,0.690409309652807,0.588910890972493,0.734492295390262,0.74932614540295,0.731493473999902,0.777811214609728,0.752378091368303,0.71629859084315,0.763563962018205
"ENSG00000110090",0.978068869509166,0.88600574410498,0.840865237972811,0.909090908909671,0.980462163844002,0.9135579621112,0.874125873951224,0.886429936447756,0.890584219857341,0.867007929164507,0.95588086805535,0.941364498862978,0.854033546155345,0.839017599514961,0.864668304498345,0.890140288304655,0.958226600796409,0.90647190081021,0.993470720058463,0.843811783146735,0.688288288150493,0.964971977388917,0.888048561869231,0.887077534614895,0.862178217651054,0.967201674615252,0.754062838421341,0.827415685722992,0.796110783579629,0.884973078632408,0.855250148140152,0.883057728313089,0.886333837440982,0.960612691274992,0.833050254604246,0.684655979152712,0.884979151655654,0.951512146563904,0.880917086494532,0.982215598413867,0.67830719134294,0.955410165887185,1.00169982981668,0.884285998628901,0.89574510972056,0.957495293578223,0.796853216332035,0.922727721124499,0.864967897097719,0.680792079073111,0.820624259023978,0.833982230042132,0.865995815310153,0.876115959298603,0.840893160941045,0.899370440511768,0.846590343285895
"ENSG00000157184",0.892726009547936,0.642567099011079,0.851426830333822,0.872807017369855,0.907071307962497,0.871640593487437,0.848551448381908,0.901116587687131,0.811885163458766,0.878450265807799,0.65502271566784,0.958745379890372,0.853833865644202,0.90166053477147,0.925012284830464,0.902786010491447,0.894975369281778,0.65814566835907,0.661905733388716,0.888295768903065,0.827227227061616,0.907526020635003,0.860981191987067,0.849502981938469,0.912277227542123,0.837603429201953,0.823007977775434,0.889328453982924,0.865645256164674,0.919432207357918,0.921692703001445,0.839092979336748,0.807463439070608,0.900338173682049,0.902387850753844,0.886786816511643,0.862402115150533,0.823599404893684,0.891392429905842,0.932339791170921,0.837328598039395,0.920986411490491,0.922307769038634,0.886675960787358,0.817503528772433,0.881006638089566,0.83429595681452,0.887792361415614,0.874398073660835,0.87742574240051,0.640853417494893,0.818608365614733,0.842084287966109,0.650817534225937,0.649644537769171,0.892175476987674,0.846988551349529
"ENSG00000116791",0.994740497966708,1.00207982549231,0.987508885754543,1.04366028687327,1.04056332420102,1.0515443238966,0.978021977826569,1.0757469065334,1.03272435233232,1.06132690935234,1.04835941422547,1.09040055916684,1.00619009564573,1.03728746126334,1.07282555261468,1.04465520627452,1.02660098501939,1.03063501703578,0.978371760665503,1.04171609311156,1.0296296294235,1.00120096056821,0.999900487411703,1.04314115287413,0.974455445351593,1.00129598225475,1.02531271525159,1.00603303313104,0.993910822825788,1.01811062143551,0.969547162157495,1.00643628062057,1.10156328772535,1.07499502664114,0.972524727550699,1.03136512973586,0.997050747280169,1.00823004442078,0.994169384130019,1.0241430698412,1.09223636162726,1.06472068423458,1.08549145063784,0.986855207929326,1.04980842890708,1.04230654888689,1.02111133220054,1.08062765201211,1.03952648454263,1.12752475225198,1.10825760547051,1.13846460993542,1.11587127605542,1.09198515375825,0.990087113048946,1.09203557487918,1.13449477329328
"ENSG00000062485",1.00942740875073,0.898088540972945,0.98486848766429,0.96551036663367,1.08261430108448,0.945447252116838,1.04775224754291,0.92626496309702,0.917486448320119,1.05349794217535,1.09136799574127,1.04964538986122,0.867212459890732,0.928706373485392,0.939950859766103,1.05018770973124,0.930640393905293,0.932237776236105,0.97408692083777,1.05476472893342,0.918518518334631,1.06345076039563,1.03691909622113,0.977137176744108,0.964554455254544,1.01305951529996,0.981384812177409,1.00346157630235,1.07405224885601,0.944493391885562,0.989123986357697,1.06307555182432,1.01038830035091,0.92500497296101,0.953741632340145,1.01423877307294,1.11319027741011,0.924739712260835,0.926573771928733,0.942275210940432,0.913090657805447,1.05968797160349,0.992300769724567,0.952798247171321,1.00907440995986,0.886555037969572,0.955984863382596,1.07470640460383,1.06039325821421,1.02792079187566,1.04326353199461,1.04781870798686,1.09275679962284,0.925468953570976,0.927005106452988,1.05706005774816,0.983374813144176
"ENSG00000159692",1.08008335792794,1.05754184390264,1.05209708519303,1.07894736820595,1.08757314269809,1.02968311250909,1.08471528449856,1.06166381630386,1.05340293092684,1.07698484370632,1.07965673880269,1.09879132931799,1.06449680489926,1.04166252340824,1.07911547890337,1.07508397528649,1.04650246284798,1.11442483239715,1.08447255639982,1.04744958460905,1.10470470448354,1.0848678940983,1.0789133244942,1.08310139143477,1.06198019780951,1.07147841669395,1.05486063211763,1.07150628007685,1.04380278903088,1.04630445402911,1.05991694659681,1.05317358133416,1.06727181017302,1.04953252415963,1.06743930441254,1.08513392391016,1.06315468299336,1.10461080791183,1.07065915583147,1.06368604052386,1.06402288624563,1.13296426751224,1.04809519027135,1.04819756999638,1.04880016111135,1.08728821934266,1.05178251323406,1.05674528746536,1.08306581037659,1.05960396018622,1.04958514400443,1.06359189356822,1.06745043318373,1.03581101393604,1.08060478600569,1.06665334244696,1.06301642587098
"ENSG00000171793",0.991564949689081,0.988016242252547,1.04214481546823,1.03628389134045,0.993553505703947,1.03690332911414,0.997602397403077,1.00915400844801,1.02890985725177,1.02559470018557,0.986976274409495,0.984317250827227,0.987819488620643,1.03291239911844,1.04904176883557,1.0158071525359,1.04315270915406,0.995942381619813,1.0097939194022,1.06465005910149,1.11451451429139,1.08987189729987,1.03373469976441,1.06202783279085,1.0005940592078,1.0991925030208,1.0028562984334,0.927109088927483,1.00942840286595,1.01771904042727,1.00771208206294,1.03059708861658,1.06807866846837,1.18878058460537,1.04725746806929,0.989744100171315,0.973456727148692,0.964600892223183,0.946733866795783,1.02314952786425,0.897701489415468,0.973125314348641,0.990100989703009,1.01493726329119,1.10949788241389,0.981868621622537,1.07647878887144,1.00759893397659,0.98956661296357,1.0083168314835,1.00592651106165,0.992912049317578,0.98336156202384,1.02758551489064,1.03534594952732,1.03547516717588,0.997710303435
"ENSG00000064601",1.01518309000393,1.05278795661032,1.05148776255682,0.984848484652143,1.06119210531366,1.05996790993583,1.0145854143827,1.04677597806121,1.04838385845244,0.999297400180809,1.02635032790987,1.00129857137123,1.02136581449254,1.00646315978792,1.00343980324257,0.987947045843124,0.996453201774098,1.04422803792976,0.922260762921391,0.893633847193825,0.98318318298635,0.986389111091595,0.981988257342624,1.03479125227937,1.11207920770058,1.03140265157384,1.05978528492863,1.07664919373422,1.02828520899071,1.08839941241539,1.05892821810185,1.04644024140084,0.996469994756133,1.02963994409595,1.00669397522096,1.10186199320883,1.06152750919119,1.06455131362131,1.02243304654167,1.03705911554157,1.09973364879161,1.05304479093044,1.05989401038698,1.01175064707991,1.01209921334703,1.03259684909688,1.00896235789505,1.01273068173044,1.00642054554446,0.99999999980198,1.07605689429552,1.04182889067748,1.06665338227226,1.06048751107223,1.03194152377452,1.03907264893793,1.06241911377553
"ENSG00000164733",1.0469385727802,1.12251163689759,1.27978064359099,1.16208133948124,1.18555985298313,1.14560770133462,1.19120879097079,1.13288401546466,1.18811483613971,1.14322995058853,1.20989399268856,1.14114474055716,1.09724440872659,1.12578303646698,1.14240786218331,1.0995850620234,1.10167487663021,1.12456887784042,1.13344215443105,1.07671016190654,1.06346346325056,1.1461168932854,1.17723156509559,1.30695825023719,1.30277227696975,1.29917256478932,1.21954102211769,1.30115715531576,1.13965822016506,1.19999999976505,1.23076923052585,1.08485988690269,1.15360564777537,1.11796299957868,1.21310820237524,1.20661157000764,1.17665005569477,1.20634605826349,1.11078169757668,1.12210630876858,1.05909046047961,1.17946653222356,1.21427857189995,1.17406891034175,1.17342206066275,1.21708114510709,1.14419438336104,1.11122076362159,1.16231942191767,1.12534653443062,1.15191623841329,1.13846460993542,1.25156919373287,1.15979536540078,1.17172323997763,1.10602578173158,1.26311597784707
"ENSG00000109861",1.09695345815283,1.1116173118527,1.17761754825274,0.985446570776426,1.09372210629897,1.22202166040473,1.19380619356767,1.11175938012036,1.14615539025373,1.18076884448845,1.19757698108075,1.16272100666013,1.07468051096752,1.10708958912059,1.15734643711895,1.14127642735798,1.1889655170071,1.17975248505178,1.2056723115271,1.15322261740743,1.13273273250596,1.14891913507828,1.12628122178798,1.20556660015794,1.13326732650826,1.14644601711765,1.15138382721336,1.2010681433684,1.12924769178369,1.16045031793236,1.18271702567081,1.19140508937689,1.12415531999513,1.12552218000288,1.12179038842606,1.23469082918756,1.14369978620081,1.24799206717938,1.27008597662416,1.12667660186256,1.16247410453537,1.16799194742466,1.19908009175101,1.20673172650732,1.1564831616946,1.17170316037418,1.15255925091564,1.13826112678609,1.06601123574117,1.13465346512185,1.17167127594396,1.24368573400346,1.17325894168113,1.12047346752523,1.18373886028162,1.11422004574513,1.25156794400168
"ENSG00000117984",1.17316661681588,1.25779934609135,1.18269523688784,1.06638755959602,1.33373004039795,1.22222222197709,1.22797202772668,1.20511014964187,1.27464364559834,1.18377998571037,1.22826855098874,1.17710518406211,1.08965654930318,1.09654966668061,1.18368550345284,1.12408614876031,1.13399014755981,1.15134915781064,1.15588655352869,1.0553578487435,1.0918918916733,1.03302642093014,1.08189869617238,1.12624254450771,1.29683168291152,1.25171966877645,1.26071111961771,1.29423400231545,1.12590846569909,1.22369065076384,1.13545580361174,1.13456777876333,1.17276853228991,1.20648498086205,1.20051953218093,1.23827541546584,1.3212651273627,1.22280614750167,1.22344105124549,1.16383507180053,1.21179836219556,1.18953195748575,1.15168483128653,1.19816769543952,1.09518047971462,1.30466660035576,1.13722366039888,1.10865488974467,1.14526484728225,1.19782178194103,1.26669300646648,1.19416991091261,1.27647703471625,1.2247968700522,1.17933313283682,1.19336464451017,1.24937779965169
"ENSG00000103811",0.907611392099313,0.931365752019141,0.927998374951153,0.915470494235353,0.942774967580527,0.907340553367962,0.961838161645986,0.890654863516617,0.926320015875061,0.788116029150233,0.961736496524637,0.956547797231736,0.78394568674442,0.911007258444664,1.00638820619039,0.935981031231776,0.932019704249848,0.881923310837508,0.924505202831156,0.94563068387789,0.932332332145679,0.91313050422075,0.937207682169926,0.889463220499113,1.07227722751044,0.903798225320746,0.938638825777871,0.992186727130415,0.937340404451514,0.963876651793661,0.896578999229468,0.91454599447182,0.97972768512764,0.945295404625961,0.784493955283346,0.951110225838672,0.798535543415329,0.947942488656828,0.892183021861413,0.926378539309214,0.935582519298494,0.918973326438053,0.9379062091915,0.928898625586756,0.791691873201917,0.939462993968203,0.91256721750397,0.908714102258223,0.916131621003986,0.777425742420312,0.928881864692042,0.925227113721628,0.967420543794477,0.914835991390343,0.933213176943384,0.94353952214579,0.949128919671652
"ENSG00000135047",0.987000099039992,1.01119144280258,1.02813039483535,1.02332535864766,0.937022711308733,1.02827918150255,1.04155844135034,1.01941454561525,1.002007628789,1.05249422843471,0.977889954370946,0.950953950464299,1.00259584644517,0.974644526006832,0.949385749199138,0.94111835587016,0.958226600796409,0.9778859807308,0.981432360542454,0.976670620605641,0.957157156965534,0.989991993396719,1.04726838470549,0.855268389491994,1.03900990078435,0.948061010677288,1.01782724297886,1.08950647787766,1.06128461970904,1.0576603032682,1.07336365412826,0.94425190594232,1.06505294986081,1.04495723074499,0.990508542113996,1.0375385838818,1.07271432908111,1.03163113514494,1.12046644903242,0.994734227323451,1.03541481680272,0.948968293719383,0.962703729434516,1.00816570384223,0.993547085905717,1.04468443454975,0.951204939065683,0.961807954019183,1.05457463863271,1.03366336613195,1.0547214537624,1.01547369451623,1.05350204223304,1.02979235609795,1.03414438749692,1.02148496032348,1.01682429048943
"ENSG00000101160",0.930038701810055,1.01852035237823,0.991774144208028,0.708532695233546,0.923931369448789,0.977938226839563,0.932067931881705,0.92847802013309,0.888978116665533,0.713439726846644,0.883796062416195,0.877834382004229,0.943091054124782,0.909018593833346,0.992825552630403,0.852400711153448,0.978128078625,0.934266585324758,0.970822280969022,0.702649268346649,0.896096095916697,0.711369095133833,0.910737386623398,0.935387673770301,0.900396039425664,0.893031601855641,0.911060770036234,0.924735436470233,0.892948340032813,0.953303964571061,0.960648605702858,0.887612634738566,0.912960161187502,0.99164511617433,1.00829253651548,0.928806133440445,0.91447167682,0.916013881821316,1.07955331533164,0.911475409654948,0.962809509526919,0.962254655065475,1.01929806998914,0.962955586344761,0.97156684795895,1.01971663508972,1.05596494701136,0.906740353122128,0.861556982170635,0.703762376098265,0.933030422573483,0.828791055040673,0.91601076000478,1.07914535037032,0.95383999179857,0.710302787906405,0.936386261635364
"ENSG00000153015",0.911183883911644,0.930573437470422,0.874377982964481,0.918261562815339,0.766438559800369,0.77496991560871,0.932067931881705,0.909566441824853,0.926721541673013,0.775669978766301,0.955073195163034,0.941364498862978,0.954073482237605,0.930893904557841,0.933660933477413,0.919778699679949,0.95527093577236,0.977683099821935,0.917159763126472,0.946619216894698,0.961361361168896,0.949359487400048,0.94258135119065,0.914115307969361,0.916435643382884,0.874887847497779,0.917167339521882,0.898031846326173,0.906305244371183,0.907880567614708,0.896578999229468,0.912367560963983,0.909531013432268,0.914859757128534,0.918373463698996,0.947326495878258,0.901454286402633,0.861080812917981,0.917481964439672,0.901937406676217,0.923350103398767,0.957423250939623,0.935706429169942,0.960565624186304,0.9659205483029,0.908748637489597,0.934276040443283,0.906740353122128,0.944020866584265,0.906138613681953,0.763334650185039,0.949386043536111,0.887316927191927,0.932891964904626,0.950235305707372,0.913760367559956,0.915480338294578
"ENSG00000100243",0.91654262163014,0.982271961774334,1.04986290219359,1.02153110027481,0.951700882485034,1.01845166445679,1.02697302676784,0.97595815290696,1.00321220618285,0.970992672694772,0.936698636862857,0.992708020978382,0.922523961477132,0.943621358070275,0.93837837819393,0.920371467907455,0.91822660080429,0.879488739931124,0.909814323421788,0.91320680092661,0.911911911729347,0.95196156906486,0.94934819366119,0.957256461042295,1.02019801959996,0.96161898096668,1.01940313187838,1.03056077518929,0.993714397761989,0.992853646403749,1.00593237077201,0.981087236165742,0.927281895929948,0.953849214053342,1.04346088499481,1.00109529005255,1.00762737699428,0.944372830749752,0.959383338084913,0.960158966525552,0.995955410674567,0.93829894294146,1.04149585020668,0.937661820167763,0.94817503509817,0.985039135839683,0.950009957986455,0.964373827896107,0.977327447636973,0.983762376042819,0.981232714148314,0.998302884896016,1.01604064939403,0.996890359916363,0.992289976771345,0.958928749683436,0.973220507521509
"ENSG00000179091",1.11501438898184,1.02545310467952,1.06448664546268,1.12081339690574,1.08102747176812,1.08824709163894,1.05414585393524,1.04758072607432,1.01465569142448,1.03402589560694,1.06289752628715,1.09759264786783,1.05630990394243,1.07149249257801,1.0502211300147,1.08022129992487,1.04492610816849,0.884966524470488,1.04917363781898,1.07532621568301,1.0306306304243,1.09107285806824,1.05383620239749,1.08926441330233,1.04376237603094,1.06051241131283,1.04225352092145,1.06260508336216,1.10371243348974,1.09348996552257,1.10065256058915,1.07594811346154,1.06888552676371,1.04794111775454,1.07423318991423,1.08035447553911,1.07027356837786,1.06831928585656,1.07441446762043,1.05931445582527,1.00976620281942,1.08465022625372,1.07909209057512,1.10356502666728,1.11534583562909,1.03220053481974,1.1212905793425,1.06858778228193,1.02688603510697,1.04574257405035,1.04207822974277,1.01806928201696,1.04413669402329,1.04443775683731,1.04616000780091,1.07584690694997,1.03056246868481
"ENSG00000171903",0.815322020280774,0.771120134540731,0.775667715898107,0.608253588395484,0.805514231715657,0.611913357277996,0.824175824011154,0.613821547004563,0.86629190908125,0.818628926865677,0.616052498613619,0.609529517408944,0.719448881645477,0.606741572913047,0.599705159587282,0.879668049618718,0.837241379145371,0.807871779101669,0.622526014971939,0.603202846855832,0.902902902722141,0.762610087917812,0.897999800796497,0.848707753310396,0.604158415721949,0.608314225778424,0.822220033325673,0.768667787406059,0.770771950349485,0.796475770769168,0.754597587353253,0.604218239309988,0.781038829897925,0.843644320500568,0.785493056092418,0.803544757382546,0.802400081195485,0.965790778192208,0.868662911183187,0.842722304849931,0.728420637125694,0.8245596374787,0.610138985979374,0.76956781502299,0.615245008950344,0.807886653956626,0.607647878787563,0.602190861422641,0.795345104174289,0.836831683002608,0.71315685485714,0.783867425220352,0.83192188884489,0.76176146037481,0.750375487984304,0.802838013230171,0.793628670822573
"ENSG00000001630",0.954847672729017,0.965237198976877,0.958058291670954,0.950757575568031,0.987007834773974,0.981347773569725,0.987412587215302,0.98259732401517,1.02047781549478,1.02699989942246,0.99505300333265,0.990909998803135,0.884784344871249,0.815551357101412,0.998132677936485,0.98142659534056,0.916847290459735,0.943193345314832,0.990614160173309,0.95630684045941,0.978978978782987,0.970376300846602,1.02258931216587,0.94612326024928,0.995445544357338,1.06390190388518,0.980399881615208,0.964691919500605,0.805539186642008,0.990895741362527,0.946015423977454,0.812159619603493,0.82723146730666,0.994827928984518,0.965531021887195,1.01204819256954,1.08817248020173,1.00228061457565,0.958592746129342,0.986785891507842,0.963795994680123,1.00835430276631,1.03089691010281,0.999800836287632,0.826981246052232,0.95472109363822,0.95359490122414,0.987466692788421,1.03089887619765,0.976237623569062,0.991307783288955,0.998302884896016,1.04234332947248,0.965392717230336,0.963252227703364,0.994303987010232,1.04410154284836
"ENSG00000155368",1.13962488813345,1.11597504187066,1.02447445901808,1.11562998382862,1.14271546144149,1.10028078598069,1.08271728250096,1.0650839953596,1.12868901804282,1.11934156356131,1.18041393211905,1.12156627687113,1.12180511159708,1.14984587826393,1.12628992606854,1.1574787589098,1.1538916253884,1.18908500685959,1.17241379286423,1.08402530623092,1.17337337313846,1.13831064829097,1.1360334359367,1.11948310116909,1.13128712848885,1.16538729913959,1.11888111866071,1.10810008879278,1.11314083655212,1.13401859987587,1.11409926812061,1.18348351298475,1.11527987874629,1.11179629975894,1.10660405612816,1.12177636142153,1.06559544369661,1.11075855208512,1.07560035555379,1.08057625413203,1.07980664869689,1.08988424739006,1.06369363042422,1.11133240368227,1.16757410744756,1.07619141958264,1.11750647259161,1.12286588352455,1.11135634006594,1.10653465324623,1.07013038303632,1.10591993588781,1.06466075499359,1.13632259983222,1.11685190725606,1.1455980811141,1.10243902417074
"ENSG00000137992",0.901855710846114,0.914727146496043,0.912968416591252,0.917663476691056,0.948328870187776,0.926795025887125,0.917882117698725,0.931294638178997,0.717325838041091,0.922613670395942,0.901161029600977,0.981720107685202,0.881389776181831,0.915382320589563,0.924815724633943,0.907528156311494,0.906798029377971,0.891458713554177,0.729034890689852,0.861605377449267,0.898898898718939,0.917934347294248,0.900985172474677,0.919880715522886,0.919009900808117,0.917954341358199,0.900226533852019,0.910691326098172,0.87173443314246,0.924718550969218,0.706545382498211,0.897514605228733,0.861724659432834,0.911478018517709,0.879208711983373,0.953499950024196,0.953523848072099,0.917402082118512,0.948117402718032,0.95837059096704,0.961625727343075,0.981781580074126,0.956704329375721,0.91933877695293,0.720508166823854,0.904389180441021,0.930093606665984,0.95924208014226,0.92134831442188,0.920396039421704,0.893322797136839,0.898672256983394,0.901066055414752,0.904403651137646,0.880144187267419,0.894773658260263,0.911100049594604
"ENSG00000156136",0.929244814740648,0.956521738940968,0.916218137317717,0.919457735063904,0.936626003979644,0.929001203183112,0.972827172632802,0.960265566651189,0.956434450721455,0.952122854370747,0.993033821101861,0.932773948470128,0.992412140376914,0.989957243513979,0.954889434701741,0.965421853197901,0.785615763391997,1.09373097969289,1.00795755947603,0.974100434761941,1.02922922902318,1.05584467552925,0.963279928159363,0.918886679737796,0.900792079029546,0.946067191517084,0.956761548122375,0.977153594901166,0.945393832067296,0.780616739935268,0.788412101880876,0.954351915842291,0.804236005889211,0.793117167138827,0.93535817745322,0.913870357280918,0.93257398536915,0.790679226417317,0.933491451539976,0.946845504034407,0.925125776674534,0.931253145257926,0.871912808544763,0.930292770179189,0.97761645473329,0.93906667969106,0.936466839088535,0.947202210412079,0.91673354716759,0.939999999813861,0.922560252682228,0.944194868534652,0.972800637446886,0.942722439373513,0.946830879954575,0.963325671837049,0.926431060044513
"ENSG00000080166",0.612086930512635,0.973952659012785,0.626383670026123,0.614832535762593,0.611722701455574,0.923385479156962,0.93546453527763,0.620460718112773,0.619152780441849,0.966777074984086,0.622715799975222,0.830286684481014,0.907348242630322,0.954161280510259,0.606191646072493,0.937561746505125,0.965517241189061,0.952525867122636,0.629259334701233,0.954922894235879,0.976776776581226,0.617293834944497,0.613792417033776,0.934791252299246,0.850297029534595,0.947263483013206,0.870678616985979,0.993769162101915,0.934001178366922,1.06372980889599,0.831125172863135,1.00623824121077,0.622087745714153,0.957628804265441,0.616245379035619,0.614159115679745,0.62727550073685,0.921963311666443,0.609546397744926,0.612816691383444,0.60846404249611,0.620835430171951,0.89631036878386,0.614220274723318,0.949586610012183,0.921034380081039,0.953993228250549,0.608704233571755,0.949438202056694,0.972475247332183,0.946266297719031,0.945392831996527,0.945900169184836,1.00832580980874,0.907780113966601,0.922154491671399,0.946142359194397
"ENSG00000179958",1.12652575148824,1.00623947687308,0.869300294329379,1.02053429006768,1.08519289872356,0.995587645207463,1.06473526452253,0.998893471280778,1.01666332041424,1.0330221818663,1.13054013101857,1.06382978702151,1.11980830648566,1.115243114027,1.08442260420945,1.10748863839014,1.07822660077276,1.13085818601524,1.06529279717093,1.10221431374017,1.13973973951156,1.13791032803485,1.08050552272256,1.04333996003115,0.972079207728301,1.08304256782314,1.03851078478509,0.977944812386916,1.01355332920574,1.01869799294788,0.968360687963543,1.08783047804974,1.09006555701663,0.851402426725402,0.971125986417999,0.985562082846647,0.986270720840787,1.05225582527471,1.02559541436395,1.03368107281993,1.03640130195592,0.984801207652783,1.02489751004402,1.06512646861878,1.05989110686431,0.968790250476808,1.03286197947961,1.09799664440975,1.07383627586801,1.05009900969305,1.07052548378694,1.09493860415395,1.00229152117121,1.02818738067445,1.0655852606257,1.06645348234907,1.07814833228907
"ENSG00000169738",1.12096854200239,0.999108645934612,1.00660099502252,1.01993620394339,1.11018546045618,1.06117127937,1.07552447530959,1.08580625669735,1.04717928105859,1.07517815897316,1.03765774840229,1.04385176285209,1.0750798719898,1.01879288037809,0.999901719705179,1.03556609345276,1.03684729043609,1.08338405334076,1.07998367658029,1.01245551581407,1.05745745724575,1.09107285806824,1.06199621831784,1.0099403576521,1.05485148493963,1.04615691335935,1.04619324317026,1.0074176637311,1.03064230975631,1.04473812999614,1.05161162723915,1.04069709851655,1.00917801290788,0.99781181599407,0.996503146968428,1.06063925100854,1.03793348905971,1.02568170529982,1.01768949480824,1.06308991533769,1.03837427226233,1.04418721669971,1.07509249053593,1.04620593486433,0.987900786249667,1.03338947765117,1.00617406871018,1.02200730267009,1.0072231137626,0.98594059386417,0.955946266109059,0.987920534893098,1.01902959031204,0.978433142546207,1.03114048242092,1.01668831797408,0.998108511498634
"ENSG00000213722",0.914557903956622,0.943646627524285,0.398497004082767,0.929027113052427,0.814440146620165,0.39350180497523,0.812587412425057,0.394728900433613,0.393896807790826,0.839506172670981,0.812922766115513,0.918789331551536,0.851437699510496,0.390175996740544,0.784078623924505,0.387670420788842,0.940295566317183,0.958206532570865,0.887778004307738,0.7931988926862,0.961361361168896,0.803642914170608,0.390486615505924,0.390059642069571,0.868118811709284,0.75406240638938,0.812961686040981,0.827613490094429,0.385385975174742,0.768673519183813,0.775756377145391,0.803247846162343,0.395763993868731,0.390292420849355,0.392047157479859,0.801752464243403,0.399064374982393,0.82954883473881,0.803043778870828,0.786090412163718,0.859031271409878,0.837040764803817,0.392360763845143,0.812387970362002,0.395644283041814,0.880214009535279,0.906990639134238,0.81140826984873,0.393659710996457,0.807524752315342,0.747333069785197,0.837176799273799,0.390953472075131,0.393620222611371,0.795634324462675,0.80263815313228,0.784868093422625
"ENSG00000244038",1.10032747819781,1.1341982764912,1.19467858206668,1.18759968078397,1.12664881461338,1.17890092234679,1.18301698278062,1.16406800097293,1.17988355728169,1.1430292078404,1.14972236221106,1.1603236437598,1.09664536719316,1.13353882845112,1.12923832901637,1.1335704404004,1.10068965495553,1.09515114605495,1.22403591078881,1.09924871468975,1.05205205184143,1.16553242570746,1.12886854390907,1.16222663992799,1.15267326709848,1.14544910753754,1.15039889665116,1.17317772699571,1.13730111939947,1.14008810550365,1.16966580953734,1.11813050774965,1.13141704465327,1.12174258979078,1.17294434985055,1.14666932168741,1.1807179902002,1.16529499233212,1.13034884847705,1.12111276679163,1.170365985761,1.15893306468869,1.20027997176277,1.1718781116965,1.10949788241389,1.16714554618703,1.1252738496066,1.11220763818964,1.15168539302735,1.14514851462472,1.08968787019169,1.13407207724187,1.12882335336678,1.16119971889634,1.14168418921765,1.12900969298911,1.15858636114314
"ENSG00000104325",1.04157983506171,1.02723581241414,1.09779628290895,1.05841307793891,1.03897649488466,0.997192137786363,0.993406593208111,0.994467357208638,1.04898614714937,0.990464719263181,1.00918727894817,1.07521726079808,1.00638977615687,1.01481555115545,0.98614250594867,1.02983600058687,1.00827586187029,1.07364576971523,0.950826361772939,1.00118623942246,1.05045045024015,1.00480384287334,1.02040003960187,1.0604373755347,1.05485148493963,0.972186222515764,0.991825076136743,1.0707150625911,1.05205264171046,1.06353401839187,1.07079296004137,0.992177443114729,0.984972264047409,1.04515615654562,1.06564092295621,1.10345514266585,0.971219363170707,1.04630639542959,1.075205059576,1.07044212596713,1.0657985595214,1.00674383472436,1.12868713106116,1.04979087810201,0.983867715066774,1.09858317624124,1.00059749034045,1.07253528055412,0.973113964491751,1.02336633643102,1.00493875918512,0.986522910854243,1.0150443357547,1.01033202908811,0.943025933524977,1.00729489337318,1.04947735170742
"ENSG00000116133",0.704177830563823,0.70278300471372,0.913780846772869,0.954146730272299,0.90072399069707,0.912354592677025,0.708891108749472,0.96006437964791,0.986348122668872,0.956539194829561,0.919333669678075,0.910598341642074,0.87859424902584,0.892910410481672,0.899656019479183,0.864651254521903,0.699113300354855,0.832420369074372,0.923076922888578,0.848359035024049,0.879079078903087,0.710168134365459,0.706139914278806,0.705367793100324,0.905148514672248,0.707407038040593,0.875997242021866,0.894669172011736,0.865645256164674,0.897112089887986,0.701601740023413,0.880681255395449,0.861119515711322,0.883827332229197,0.894594864443082,0.869461316166591,0.91752262769907,0.859295983964443,0.813914418259924,0.858221559690368,0.884877182423818,0.901660794987084,0.991700829718688,0.706632144850302,0.883444242612736,0.703061527652222,0.874726149995075,0.86075199825111,0.893057784732533,0.944356435456563,0.929869616568576,0.991514425278723,0.94629869464057,0.912027284399232,0.880945228621018,0.962925951641266,0.952513688212541
"ENSG00000172893",0.920710528744525,0.896701990512686,0.962120442579035,0.99003189772926,0.92095606448062,0.94003208966305,0.915284715101841,0.895282164592037,0.893394900443005,0.863193816950076,0.881171125516169,0.962341424240867,0.931110223456248,0.91955851627333,0.899459459282661,0.924916024318333,0.894778324946842,0.893690403551696,0.925933482773733,0.892645314177018,0.854054053883072,0.958166533034794,0.864364613222338,0.870775347739408,0.852277227554005,0.752068587229176,0.876588200359187,0.942735634271044,0.917697898071558,0.912383749209519,0.925845362680276,0.887612634738566,0.760867372514197,0.890590809450847,0.937556199233179,0.889574828061421,0.934201159171321,0.935250371653892,0.830516849326906,0.920218579052118,0.937752786635543,0.895218922819282,1.03389661013221,0.921131248571772,0.893728574129113,0.903992866163877,0.866560445953682,0.902792854849937,0.930778490984996,0.918019801798412,0.857171078455715,0.880702805055265,0.903457208149157,0.853245059513844,0.87794132354502,0.931348056174408,0.923643603599075
"ENSG00000228716",1.04674010101285,1.040309002468,1.02041230811,1.02611642722765,1.04215015351738,1.01885278760151,1.03076923056328,1.04556885604153,1.03834571350364,1.02157984522301,1.06633013607949,1.00489461572173,1.05770766752043,1.06870836212216,1.02938574918341,1.00711321853248,1.04709359585279,1.07039967517338,1.05651907752366,1.0579280345872,1.08848848827057,1.10108086447136,1.05682157407566,1.02047713697406,0.999207920594216,1.03359585265007,1.0341770903114,0.984274552272916,0.868984482249266,0.866177190236676,0.874826972340355,1.03594415268127,1.02450832051951,1.00954843823164,1.02148066719523,1.01184904888741,1.01230550167552,1.02806147723787,1.01927067871939,1.03387978121532,1.02219591574979,1.04620030175215,1.03289671012241,1.01852220652887,1.04093567230471,0.985237292978255,1.03843855784935,1.01411230612571,1.02989566592498,1.00653465326603,1.00217305393082,1.017669960863,0.994719537512261,1.02517805175541,1.04115349934091,1.04646747255991,1.01602787436216
"ENSG00000095059",0.94929046324317,0.987223927703828,0.934497816404083,0.918660286898194,0.498859466329692,0.504412354491694,0.931468531282424,0.909164067818295,0.85143545455703,0.923416641388454,0.940131246655198,0.502447307860864,0.955071884793316,0.929700705791051,0.961769041579996,0.937759335914294,0.944236453015914,0.510245485796258,0.884717404430786,0.935547647106456,0.974774774579625,0.957365892522545,0.500547318041487,0.906163021688635,0.49801980188158,0.943275844692797,0.495420072787271,0.93442785067067,0.926537025942538,0.920411159878529,0.907652758373017,0.954549955252094,0.915179021499712,0.977521384329118,0.931161954055118,0.91705665619495,0.511542764057451,0.932077342403158,0.49708469206501,0.499751614406408,0.897701489415468,0.88616004008331,0.951704829326726,0.96375224039758,0.507158701248809,0.906172594688166,0.500896235709839,0.923517220778937,0.50461476715397,0.49801980188158,0.951797708227618,0.918238993527356,0.912424030903173,0.504564148760244,0.899769700430606,0.927150994118687,0.819113986895149
"ENSG00000100867",0.958420164541347,0.923244527894772,0.759622219811187,0.926634768555296,0.904294356658872,0.89831528261165,0.896903096723895,0.752439392263869,0.927926119066869,0.92763223909914,0.9611307418554,0.93477175088707,0.89916134167349,0.925325643646152,0.869975429804427,0.941908713506835,0.911921182086321,0.944410630768024,0.938379922273336,0.942071965017384,0.748748748598849,0.940952762021426,0.968653597180087,0.920477136993941,0.934455445359514,0.962416508630761,1.00541711789512,0.894669172011736,0.907483794753981,0.95232501205045,0.891042119657694,0.915536191520837,0.886535552014819,0.743982494381543,0.93036267340786,0.91845066196984,0.940913251105275,0.954883490142809,0.911552524772892,0.93114754079858,0.884877182423818,0.923200805048173,0.956504349373762,0.919139613439725,0.754184311201011,1.10274447615124,0.926508663428299,0.94700483549847,0.905898876222733,0.924356435460523,0.906558672282387,0.945792153150486,0.912025505447439,0.920453405372564,0.92360068070019,0.747476766114225,0.909905425403702
"ENSG00000181192",0.897687803731728,0.502129345250643,0.731187163454618,0.505382775018863,0.909451551937032,0.793421580266061,0.76423576408307,0.76129162040815,0.508933948904049,0.751982334487206,0.511862695504924,0.702427329796738,0.778354632432437,0.753703887689429,0.78211302195929,0.735032602107285,0.499507389064137,0.823290728175433,0.776372168786702,0.501186239521316,0.764564564411499,0.507405924638229,0.681659866517731,0.705566600257343,0.810891088948338,0.505433157111867,0.499359795036076,0.50143408159402,0.799253584600422,0.75242290734167,0.755784061547205,0.720071294044941,0.785879979670019,0.801074199164298,0.765910680234607,0.845564074311349,0.515610698562878,0.793058998355368,0.501037651842862,0.782911077837474,0.790371904746893,0.762556617863602,0.803719627876468,0.77295359474747,0.511191772431702,0.757158426482283,0.504879505973934,0.78713115547476,0.768659710921216,0.7469306929214,0.500790201402452,0.50613956264228,0.798047225107493,0.508576587318974,0.507659957843665,0.79864095117445,0.504728720656102
"ENSG00000150768",0.978862756578572,0.974150737649965,0.789885244076392,0.961323763763691,0.992561737381223,0.994584837345651,0.906293706112629,0.958656070624956,0.928126881965845,0.940881260475583,0.952852094709167,1.00069923064615,0.941892971057929,0.97782638938494,0.964914004724341,0.949417111055243,0.980689654979175,0.923513897154897,0.957763721494029,0.998022933768679,0.88428428410725,1.02762209747245,0.92765449279975,0.959642146926512,0.941584158229389,0.77539627140357,0.865753964174972,0.92888932827042,0.964054213128255,1.00088105707276,0.990310460551649,0.974551935642232,0.944629349279954,0.946488959429781,0.94534918554394,0.980384347111344,0.954947625148999,0.978681209523315,0.990216424352166,0.997913561649694,0.941698727248358,0.956819325423892,1.00149984981472,0.978689503887933,1.00060496047578,0.770633111905155,0.983270264691641,0.982334945034573,0.947833065620419,0.948118811693442,0.887198735502331,0.922032544489961,0.916409285460514,0.93269134297669,0.778812456037086,0.874188068177438,0.972224987362424
"ENSG00000091140",1.13029671506792,1.02545310467952,1.03828577210556,1.05701754364892,1.01477734781022,1.06578419553434,1.06733266711941,1.07192435347109,0.997791607910502,1.04888085896841,1.03462897505611,1.11277594623658,0.979432907152669,1.01561101699998,1.0329238327208,1.01857340426426,1.05773398993936,0.958003651662,1.02081207895923,1.06465005910149,1.0682682680544,1.08046437128093,1.04647228559131,1.052683896411,1.06514851464056,1.01943973661261,1.02531271525159,1.05528632161897,1.0785700253234,1.06059716083003,1.09531342671637,1.06683830061059,1.0525466462829,1.02983886989659,1.04206214386211,1.1038534300301,1.07617207341072,0.971740208037335,1.07757683544272,1.06587183287315,0.993587846306878,1.07176648191811,1.16308369139824,1.03445528758525,0.993748739464862,0.985633607255398,1.00856403086864,1.09168064717425,1.02969502387045,1.0392079205863,1.07309363866592,1.06419087529915,1.09016638416057,1.02939111224207,0.993091018124944,1.05985809911865,1.0293678444939
"ENSG00000119689",0.971916244721263,0.935921560674275,0.912562201500444,0.941586921662363,0.941584845593259,0.94003208966305,0.881918081741874,0.916809173942901,0.905842200179514,0.909565391767627,0.898536092700952,0.92138647469356,0.924520766588554,0.929104106407655,0.892579852404407,0.91246789154071,0.941280787991866,0.923716778063762,0.901856763741715,0.854487939728255,0.897497497317818,0.88831064834101,0.890436859211775,0.930815109158884,0.933267326547868,0.891835310359518,0.927016645143895,0.961527049557605,0.932626202920325,0.928634361051662,0.959066640110922,0.93177542312471,0.920625314993318,0.906902725103063,0.929763212922417,0.98138006552198,0.944777788885431,0.944372830749752,0.95918569009602,0.905315449397851,0.956298707515774,0.988626069252415,0.955904409367882,0.959171479593871,0.925186529355679,0.944218765293923,0.96375224039758,0.927662093964737,0.920947030312812,0.909306930513008,0.869814302475343,0.930617949300066,0.875361163519904,0.975223191699223,0.913387403441797,0.913160787266281,0.910900945562787
"ENSG00000087470",0.94353478198997,0.994948994553838,0.932466740950042,0.975279106663621,0.934444113669653,0.973325310675225,0.727072926927658,0.947993159451163,0.989359566153511,0.730502860437518,0.888844017993166,0.837478773182004,1.00339456848974,0.986974246597002,0.979656019463458,0.719027859964626,1.01556650226294,1.01318725887336,0.742501530148439,0.917951759407285,0.965565565372259,0.946957565863299,0.928450591913932,1.00516898588366,0.965940593868131,0.898016149756153,0.898650644952497,0.946296112956919,0.71479080716661,0.932354380629984,0.94463120408451,0.904644023981653,0.944024205558442,0.984682713152042,1.02547707043152,0.938365030182542,0.886402928732553,1.04511650946056,0.952860954451455,0.978042722110672,0.986879747265092,0.91937594344854,0.961903809426676,0.957976498514643,1.00040330691664,1.05835727711119,1.01075482951389,0.918582847938699,0.730136436450615,0.909702970116891,0.924535756435295,0.932814215646838,0.924579057303063,0.984451800384301,0.950435566045773,0.896372539043395,0.948929815639835
"ENSG00000079805",0.950084350312576,0.958700603949945,0.958667614307166,0.923245613851028,0.95626301676956,0.915563577834825,0.937262737075472,0.897696408631386,0.93977113010645,0.932249322306083,0.994245330440334,1.01488362780644,0.923123003010558,0.966093268178166,0.974545454353898,0.987354277615619,0.95014778306401,0.940961655317313,0.968169761075664,0.978252273432532,0.960560560368256,0.952762209577109,0.936809632612835,0.933797216514156,0.931089108726517,0.925929617999017,0.9309563673927,0.754821481405435,0.929679826963331,0.926284875002196,0.923670159991364,0.960293098136391,0.898436711871218,0.933956633989665,0.938155659718622,0.903514885810313,0.863825892227433,0.944967773734265,0.919853740306383,0.888623944185072,0.910131202345836,0.903069954523791,0.953304669342405,0.962158932291942,0.997176849970321,0.969186564753951,0.984266082257665,0.957860455746993,0.987961476527295,0.989504950299108,1.02647175009355,0.945592492573507,0.952475839204448,0.986658641591602,0.937819164726581,0.970920355556926,0.94793429548075
"ENSG00000130816",1.01915252535097,1.03753590154748,0.992789681935048,1.01953747986054,0.82197758587286,0.831127155870211,0.9999999998002,0.833718941588629,0.968680987558988,0.964970390250934,1.00070671357886,0.945559883938556,1.06689297103297,0.824102614930078,0.946240786054793,1.0025686621216,1.03566502442647,1.05193751246664,1.07998367658029,1.05001977045274,1.06746746725376,1.04223378682101,0.972435067972448,0.966401590265129,0.977029702776826,0.972784368263825,0.816310449952465,0.981703095444228,0.813985464385389,1.00636319118818,1.02768439766113,0.986830379050038,1.00272314654509,0.988860154965415,0.828054750558886,0.944936771692734,0.985050340489159,1.03539910738019,1.01096946318589,0.82344759049708,1.01134457906455,0.927428283658293,0.828717128121444,0.825333598720308,1.05242992517596,1.03398394906688,1.057558255117,0.817921641997844,0.980738362564057,0.959603960206019,0.991110232913649,0.827393431001818,0.978977782010765,1.01554819921446,1.03875037528011,0.946337563516271,0.825087107849659
"ENSG00000117543",0.922298302883339,0.934931167488376,0.854270335969479,0.920454545271042,0.977486858875833,0.94645005997865,0.948651348461808,0.954632330559374,0.969484039154892,0.929037438336036,0.935890963970542,0.947158125872109,0.94289137361364,0.949189618981965,0.963734643545212,0.925508792545839,0.932216748584785,0.949076891671926,0.957151601518639,1.00158165262919,0.998398398198519,0.958166533034794,0.959100407809911,0.936978131026446,0.986930692873875,0.838600338782056,0.954791686997973,0.921570566527233,0.963464937936856,0.965638766330761,0.940083053007695,0.950193088236421,0.984568834899734,0.922816789154005,0.947747027485713,0.927412127665556,0.94904912011613,0.938621715232797,0.931317323662157,0.835767511011273,0.914077142958651,0.954806240371453,0.946305369273811,0.837681736539,1.01351078826104,0.927771722792476,0.949412467446841,0.954505082215631,0.956059389856328,0.942178217635212,0.907941524909534,0.955775181999446,0.95506625466672,0.960377169031924,0.956643636536168,0.963725392032832,0.976207067998764
"ENSG00000000419",1.04138136329436,1.0216896105731,1.04498832110389,1.07177033471456,1.05583655637095,1.04111512213375,1.04655344634435,1.05341514916942,1.05741818890636,1.04044966354703,1.04411913154081,1.05444011566188,1.0159744406917,1.05279904523162,1.02918918898689,1.03536850404359,0.968078817543236,0.997565428890735,1.01469087920533,1.02945828370315,1.01241241220973,1.06925540410944,1.02816200596514,1.0055666001977,1.04732673246588,1.0300069781617,1.06510390996452,1.05231925604741,1.03751718698929,1.03945178638484,1.0478544589583,1.06822457647921,1.04125063014801,1.00855380922846,1.01808372444438,1.03634372178904,1.05766297141103,0.881308874391411,1.02856013419734,1.00705414783764,1.02120943059658,1.07619526903348,1.06109389039874,1.02489543895142,1.01754385944393,1.05875359138834,1.02051384166092,1.05635053763814,1.04835473494214,1.00950495029515,1.04760964025136,1.02445842048029,1.06366444135426,1.0372153674316,1.02112746550093,1.06785250303431,1.02299651547576
"ENSG00000092964",1.00089312275461,1.07002079804496,1.1156697469045,1.15689792640413,0.962808687699532,1.05054151603479,1.05554445533356,1.00754451242178,1.13170046152746,1.05229348568658,1.08793538594893,0.991109779044829,1.00758785922372,1.07029929381122,1.07203931182859,1.10235131375176,1.12295566480336,1.1468857778156,1.02978983859829,0.977856860225809,1.10270270248194,1.02461969555152,1.05184595461203,0.988469184694141,1.04316831662512,1.06190808472497,1.07002856277553,0.971021659386604,1.01551757984374,0.964464023306028,1.01048052184883,1.15615407443189,1.07614725142186,1.02486572488067,0.999500449395644,0.989544956489188,0.869521000535031,0.965195835207695,1.02460717441949,0.957575757385479,1.0251553712094,0.931655762268414,0.947105289281651,0.949213303933636,1.0431538614553,1.0254631921083,0.945628360695951,0.99615118898724,1.13583467071913,1.03940594038824,1.06282101914998,1.06199460895238,1.0337750321742,1.0223693447643,1.07239411213129,1.03907264893793,1.06042807345736
"ENSG00000168393",0.99374813912995,1.04486481112313,1.00132019884202,0.994218500599239,1.00664484756389,1.02807861993019,1.0271728269676,1.05582939320877,1.0445693633719,1.05349794217535,1.07723372012575,1.00289681330479,1.0443290732739,1.0339067314241,1.02958230937993,1.05097806736792,1.03645320176622,1.09535402696382,1.06427259721194,1.00751285073003,1.09349349327458,1.02421937529539,1.02199223783023,1.00656063598279,1.0237623760349,1.0573223006565,1.03575297921092,1.02680249213197,1.03928501256349,1.02731277512926,0.987146529367778,1.03871670441851,1.06142208753174,1.06843047522013,1.03846538094945,0.997510703774269,1.01942438706002,1.04313336617885,1.01531771894153,1.00904123179155,0.99674459879713,1.02445898318582,0.97850214958934,1.05735909160379,1.01391409537933,1.01515902090257,1.00975901194787,1.01963880370677,1.02849117154324,1.03782178197271,0.99881469755061,1.02805231086592,1.02759788761032,1.00050155461922,1.08120556702089,1.06245628039123,1.00846192115312
"ENSG00000128951",1.18031160044055,1.1448945228989,1.05453437573788,1.06618819755459,1.1774273527368,1.14600882447934,1.13706293683575,1.17251785511065,1.11985545048788,1.27090233839789,1.22685512342719,1.07062231523911,1.1894968048743,1.18206224496727,1.15105651083026,1.16281367295736,1.21083743818506,1.29539460310501,1.30912058736806,1.22914195309823,1.29129129103277,1.29523618869191,1.24549706413663,1.15745526815955,1.15287128690042,1.18193599816929,1.19019009136409,1.12966076527947,1.1251227654439,1.13597650491709,1.1239865530702,1.2102188333082,1.1451336356742,1.15217823728821,1.11499650292437,1.10226028057308,1.16831078995865,1.12543381236977,1.16632078245552,1.11594634851149,1.12025253997825,1.12410669328151,1.08609139064372,1.18203545086994,1.17483363557676,1.12236203286984,1.18342959546237,1.11536563680739,1.20264847487908,1.15603960373148,1.09363887769782,1.14525306955271,1.09156122325564,1.14595245237317,1.15430059053684,1.16018786826018,1.06879044279367
"ENSG00000104823",1.12176242907179,1.06447459620393,1.06083070964541,0.973285486249345,1.11990479001886,1.0707982348434,0.997602397403077,1.06488280835633,1.06424412747154,1.05289571393097,1.17112569385742,1.1295574865389,1.02436102215967,1.04981604831464,1.10899262877465,1.08239478342573,1.09931034461097,1.10488942968048,1.15915119339744,1.01878212712163,1.10550550528418,1.10448358664842,1.05901084663966,1.0582504968075,1.08396039582496,1.07167779860997,1.06136117382816,1.12867174342228,1.05951679413484,1.10895741534822,1.1093533713448,1.05753044834983,1.12597075115966,1.08275313286597,1.0780297729887,1.09907398165905,1.09752872956422,1.10143777866109,1.14319596775508,1.15906607031116,1.12715793605067,1.2416708603439,1.13988601117091,1.08105954967515,1.01956039503538,1.1128504902184,1.05676160106418,1.08398302554348,1.10834670924792,1.00158415821751,0.814895298140084,1.08056304261145,1.09534721508512,0.999097201123664,1.0655852606257,1.05126411490931,1.06102538555281
"ENSG00000127884",1.18328867695082,1.100921065445,1.1004366809992,1.09389952131302,1.09768917958987,1.11211391875008,1.05294705273667,1.11296650214003,1.06223649848178,1.14925223303237,1.09116607751819,1.12076715590435,1.05730830649814,1.13672069182923,1.13965601943201,1.05888164373466,1.11192118204691,1.07952931607232,1.05896755742523,1.0440885723519,1.07187187165728,0.99999999979984,1.04149666612767,1.07554671946808,1.11504950472969,1.06808892412161,1.10095538242865,1.15141924613759,1.06089176958144,1.06725403797019,1.1020367804821,1.08446380808308,1.11870902650152,1.09846827111628,1.09241682463934,1.16140595416481,1.11786840209135,1.17719385202237,1.16533254251105,1.16085444586968,1.13761467867463,1.18610971289661,1.19448055170593,1.12746464825185,1.12482355290889,1.15882294636702,1.11093407665586,1.12247113369733,1.08988764023076,1.01841584138249,1.06558672440427,1.13726664647354,1.13878648976013,1.12990269813825,1.13387403602005,1.11342060535357,1.11896465881156
"ENSG00000167969",1.04951870575578,1.01317222917437,1.00619477993172,0.996610845096369,1.0320341166256,0.993582029483838,1.02417582397119,1.02786439975297,0.965669544074349,1.03201846812566,0.873094396593015,1.074617920073,0.989416932709781,1.06671969751084,1.04216216195731,1.04485279568369,1.0110344825594,1.03002637430919,0.998979799836976,1.05773032798384,0.955155154963933,1.05264211348026,0.988357050256074,0.981709741355525,1.00455445524662,0.942278935112695,0.992613020586504,0.855306102095677,0.99783932410178,1.01674008790666,1.02511370357423,1.00564412298136,1.03499747835905,1.00815595762718,0.986512138877708,1.00129443373468,1.04342520064204,1.06415468496497,1.05287083683114,1.05772478866215,1.03087698509798,1.09974836414701,1.05349465032427,1.05218084026047,1.09013914073601,1.08570296223408,1.11173073070868,1.02970492430086,1.02307383607081,1.03069306910283,1.05669695751547,1.05740241568186,1.00408488572201,1.01655130885414,1.00010012996894,1.04227041050419,1.02160278725304
"ENSG00000198721",0.832787535807723,0.892146181857552,0.67878541674037,0.861842105091339,0.8572845381618,0.865623746316561,0.820179820015948,0.851222210873912,0.83055611306353,0.670882264243524,0.836345279992661,0.667665567741951,0.667332268237354,0.827483344769318,0.810417690258394,0.800434696542099,0.840788177174229,0.870967741758781,0.681901652584799,0.847568208610603,0.803203203042402,0.794835868535861,0.81321524513619,0.880318091276279,0.779207920637781,0.790748678937145,0.818477297189308,0.829195925065929,0.836181496594739,0.826627508403989,0.850306505665354,0.786018417509453,0.674130105764169,0.844241097902478,0.874812668423456,0.893955989068215,0.90857317178713,0.835894893240279,0.845142800504962,0.871336313786123,0.855085330797063,0.825163562994431,0.885911408681949,0.839275044644638,0.843516837902094,0.870306152606697,0.833100975735292,0.828974637159977,0.831059389881409,0.866534653293756,0.787040695221841,0.850554057931406,0.819169074261399,0.853846925297653,0.977070191052955,0.667932447153406,0.83364858121779
"ENSG00000156508",1.09219013573639,1.24135881920544,1.14633898626052,1.2015550236839,1.109392045798,1.22222222197709,1.12247752225325,1.22442410195666,1.19714916659363,1.12154973379072,1.07642604723343,1.08940165795837,1.20966453649967,1.14387988442997,1.14732186709635,1.08437067751741,1.20906403917063,1.18969364958618,1.12324015484121,1.15757216268138,1.23703703678938,1.17353883082996,1.15633396334833,1.16560636159729,1.09742574235695,1.13109360958407,1.09642470184252,1.05449510413322,1.10371243348974,1.22936857538338,1.09294047832847,1.13021091174766,1.10922844153117,1.21762482569771,1.19372564667924,1.11719605673261,1.09651174593786,1.20594942960715,1.12026880104353,1.19781420741226,1.10446877752699,1.11061902343017,1.17788221154327,1.14718183605912,1.21980237926602,1.1645695033856,1.25273849805761,1.10431264164526,1.09811396446667,1.12336633641121,1.14381667302572,1.10671857819572,1.10889708058007,1.2478683917649,1.24441774281678,1.11621864672405,1.09387755080261
"ENSG00000101210",1.24779200134012,1.29701891625294,1.2253478214227,1.24082934584513,1.27402558737002,1.25451263512745,1.30189810163798,1.2519867214059,1.29010238881949,1.2817424467968,1.30923775844336,1.25821596218995,1.29512779526854,1.29481952842899,1.25818181793451,1.28275044432271,1.2628571426083,1.31568269399154,1.3321771064411,1.32443653591846,1.2610610608086,1.35448358659838,1.29863668000823,1.28648111306432,1.22950495025158,1.29259296156064,1.24475524451005,1.21728810182627,1.27912001546275,1.24483602520904,1.20605101815186,1.31854639047063,1.26374180509052,1.22418937711872,1.25467079603264,1.24046599596924,1.25475439819897,1.23549826450461,1.17264551810008,1.2234475904176,1.19364703537661,1.26220432787877,1.20847915184312,1.24536944806904,1.34381931813998,1.17051421754275,1.27962557234025,1.26438369658257,1.28892455832887,1.27702970271742,1.25464243357277,1.26584805804815,1.27667629744412,1.28478282650521,1.25062581330717,1.28110322748454,1.24081632628356
"ENSG00000167658",1.15927359310127,1.0100029709795,1.06103381719081,1.04465709708041,1.19865119484307,0.976935418977751,1.22677322652812,1.07252791448093,1.05822124050226,1.21790625289212,1.23291267011955,1.1773049643038,1.02456070267081,1.14010142166847,1.05906633885817,1.21636040284205,1.0331034480723,1.04240210974997,1.24892878978802,1.23981810967975,1.04964964943951,1.23418734963287,1.22718678451046,1.06580516877419,1.0643564354328,1.21004884832817,1.17482517459375,1.11977054670759,1.2150854446641,0.999706314048026,1.02115878959439,1.23556787776303,1.1673222387963,1.03401631170996,1.01128983894269,1.11221746467943,1.17339570809043,1.03996033692812,1.03192015000851,1.00784898141921,1.00720134142109,1.16456970283552,0.993300669734366,1.01314479167235,1.08812260514456,1.04389180599546,1.00796654032902,1.18247310743462,1.23093900456843,1.18534653441874,1.07803239804859,1.16102625513407,1.16827737348445,1.01554819921446,1.02793631700652,1.20095932823005,1.1464410152023
"ENSG00000146648",0.957030862169886,0.999702881846152,0.984462272573482,1.03149920234619,0.83447386673917,1.02146008804223,0.974825174630405,0.92847802013309,0.95121461534808,0.976814212390482,0.943563856447539,0.953950654089711,0.965055910350428,0.957740876810631,0.93071253052959,0.93538826300427,0.907389162382781,1.00466626070102,1.0104060393776,0.970146302694712,0.940940940752564,0.929143314465744,0.973828241422265,0.949900596232624,0.915247524571238,0.938291296792286,0.950851964749167,0.96113144081473,0.908662345136778,0.922564855423874,0.943444729890559,0.904049905752243,1.00151285910207,0.990451561370509,0.987311419524965,0.93517873126851,1.04606935807056,0.96400594923867,0.927166715895411,0.927769498076946,0.965177073894608,1.02506290870155,1.01569842995386,1.01294562815914,0.994757007260585,0.95472109363822,1.00497908763095,0.935754465422727,0.96849919723746,1.01069306910679,1.00987751856778,1.01447539163133,0.938328185525889,1.03500852622429,0.958245719243367,0.990706505248185,1.00965654534402
"ENSG00000181090",0.95167212445139,0.899871248707562,0.886970650779533,0.889952152932625,0.902707527342516,0.912956277394112,0.908091907910471,0.95563826557577,0.887974302170654,0.921609956655303,0.88823826332393,0.907002297291579,0.946086261791916,0.923734711957097,0.909090908912218,0.890140288304655,0.879802955491665,0.952120105304906,0.922872882896782,0.921115065061069,0.936336336148881,0.887309847700698,0.883271967184143,0.921272365622013,0.866732673095696,0.896620476344009,0.894710922703691,0.881416279125425,0.88960911394822,0.862457170658354,0.886296222881887,0.911971482144376,0.926273323060762,0.897155360871861,0.906983714475575,0.906502041042218,0.914064883369457,0.938820029560968,0.907006621028361,0.936313959078725,0.956101410485133,0.952390538308527,0.924307569058233,0.892650866183499,0.908045976828384,0.916080451616748,0.90240987833053,0.917793348284261,0.896669341714151,0.88138613843933,0.909719478287294,0.895477687751727,0.869981069867494,0.894773798596695,0.906979072613001,0.898171279924419,0.904529616544643
"ENSG00000204371",0.987000099039992,0.904427057362696,0.921295825952819,0.936204146543819,0.911236734917934,0.943842759537938,0.945854145665164,0.956644200592165,0.919694840208855,0.93726789100928,0.766885411253531,0.960343621823925,0.930111820900537,0.943422491609143,0.746535626388887,0.918593163224937,0.917044334794671,0.951105700760579,0.939196082240523,0.936931593329986,0.957357357165694,0.935348278435679,0.918698377765211,0.946520874563316,0.891287128536379,0.930515402067488,0.920319117320926,0.921372762155796,0.924769200368342,0.895349975350886,0.924658888486324,0.906624418079686,0.93010589996367,0.910682315315162,0.924168248391614,0.901722592671169,0.772500762580596,0.959048091034398,0.92855025181766,0.95856929936243,0.962020321404356,0.970910920790959,0.963303669440395,0.756423023151479,0.937890703581793,0.943227979601064,0.930292770179189,0.943254712139889,0.939807383439043,0.919009900808117,0.885420782124571,0.924428471413711,0.905051309972093,0.912829772110978,0.945629317924176,0.759068651791932,0.756197112840976
"ENSG00000066322",0.986007740203234,0.988214320889727,1.04478521355849,1.03648325338188,0.989983139742143,1.05054151603479,1.03196803176184,1.03068101779888,1.01244729953575,1.01656127651981,0.999697122463463,1.00869044031392,0.983426517375514,0.984190116141157,1.00442260422517,0.981229005931391,0.996847290443971,0.862446743586438,1.05080595775336,0.967971530057736,0.85105105088067,0.987990392116095,0.957309184803003,1.00596421451174,1.0116831681165,0.995314524774137,1.00659903456976,1.03471466698947,0.978393242785623,0.997552618502682,1.02669566916617,0.976532329740265,0.99082198668869,1.03779590192206,1.04306124467118,1.01842079039761,1.04586596134529,1.02627664828433,0.99278584820777,0.99393939374189,1.02061753950466,1.00211373910375,1.04989501028899,1.03385779704564,0.963904012711453,1.02011294936687,0.996614220076356,0.99615118898724,1.00160513623563,1.02079207900578,0.988146977284048,0.994509333933411,0.999900368436804,1.01514695535858,0.99889856793854,1.04486859177678,1.00786460905767
"ENSG00000074800",1.17534980625675,0.864415172652389,1.0953589923641,1.03967304604472,1.22344540291115,0.875250701789962,1.2887112884538,1.03571069288086,0.876129291131072,1.29619592466201,1.33003533542049,1.22784936545243,0.871405750624719,1.16018693424278,1.04766584745992,1.2809721396402,1.0600985219586,0.885372286288218,1.34299122600633,1.24396994835034,0.873673673498764,1.28763010382553,1.24808438625772,1.09423459222779,1.05960396018622,1.21682783347287,1.23116320275167,1.25229947557071,1.22569239810927,1.03847283386422,1.04330630788149,1.27062085329822,1.21432173450039,1.03600556971633,1.06703966408891,1.13412326971341,1.23949964380362,1.05384233990008,0.862535823527515,1.04143070024015,0.861004241716286,1.29562153974925,0.872712728552602,1.0535749848529,1.07118370617641,0.94144456535392,1.02549292949104,1.25412020107488,1.28691813778352,1.23821782153699,0.988344527659355,1.21713087726522,1.26611537286717,1.07673788723508,0.873936116777023,1.28090336738665,1.16674962644764
"ENSG00000111674",0.9820383048562,1.00544716232436,0.968619884031965,0.963317384177967,0.965982346332246,0.973325310675225,0.968031967838555,0.986822251084031,0.975707689023147,0.967780788724725,1.00837960605585,0.98591549276078,0.977635782552389,1.00149149825962,0.956461916273914,0.955344793330301,1.00236453182219,1.02617163704074,0.993266680066667,0.981613285689677,0.990190189991954,0.968374699565978,1.00547318121097,0.965606361637056,1.07702970275702,0.949456684089431,0.988870284450139,0.961527049557605,0.967982714404246,1.02652961311277,0.948783863763341,0.976136250920658,0.979525970553802,0.950666401243154,0.964731741239938,0.954694812116958,0.985050340489159,0.966385721176721,0.93151497165105,0.95837059096704,0.944066291616047,0.964670357128401,0.958904109397279,0.954192391763754,1.04295220789616,0.956306350746793,0.989643497114192,0.951741833425098,0.986556982145554,0.967524752283659,0.976491505140954,0.985324947392368,0.971804323807551,1.02537867368334,0.990487633725746,0.960327770368676,0.976007963966947
"ENSG00000145293",0.945321027896135,0.969198771720472,0.903625469502666,0.938197766958095,0.885649112191679,0.948455675702275,0.958641358449822,0.930489890165881,0.941577996197234,0.959148850555224,0.768298838815084,0.900409549315671,1.0391373799842,0.967883066328352,0.953906633719134,0.912072712722372,0.97241379291184,1.09738283605247,0.776372168786702,0.884143930232475,1.01141141120893,0.881905524243013,0.906159816716855,0.91948310120885,0.929900989914871,0.939088824456367,0.889983256005125,0.932252002584858,0.900216067393397,0.91512481626723,0.923076922894389,0.892167541164042,0.893192132951449,0.963397652483907,0.890998101530423,0.902917454763932,0.957184989126984,0.957461576409031,0.940211483162326,0.937307501055677,0.971095984813831,0.979768495021687,0.760923907457069,0.929296952613165,0.916717079871604,0.941642722492491,0.927703644507528,0.880489489612062,0.9506420543839,0.929108910707107,0.931252469195723,0.759708495405868,0.935937032791484,0.930685123697325,0.950235305707372,0.90496652325273,0.925236435853611
"ENSG00000143819",0.823459362742193,1.02129345329874,1.05839341910056,1.03030303009763,1.03857978755557,0.9745286801094,1.03876123855369,1.1103510710974,1.10439670726673,1.05831576813042,0.999293286017306,0.960143841582231,0.952276357637325,1.02893506989581,1.02859950839733,0.982019363568066,0.953497536757932,0.984175288905625,0.942664762101068,0.983194938516569,0.973773773578824,0.830464371330972,0.966265299837543,0.963220675752839,1.07089108889685,0.968198584195355,0.959716339808979,1.00029670635935,0.984678844827209,1.06549192343309,1.02412497507927,0.969006832167738,1.07675239514337,0.989456932367325,1.06284344069081,1.06502041201533,1.06376487316917,1.13336638549661,1.18094673363357,1.0913065074831,1.06066883672474,1.05123301438324,1.10288971080834,1.07568213481863,0.971163540840661,1.14098880389557,0.999601672774427,0.992203690715049,1.0136436595077,1.00871287108738,1.15586724591943,0.95976839353903,1.02600378578739,1.00812518788081,0.977871232406554,1.02668132286866,0.985166749430529
"ENSG00000139684",1.13625086808847,1.07576507852317,1.07586066800531,1.09529505560301,1.12526033896157,1.08082631346153,1.10589410567315,1.08580625669735,1.09937763479234,1.09565391928221,1.21070166558088,1.14334232321579,1.14217252373359,1.08581087777949,1.1113513511329,1.12566686403366,1.10403940864945,1.20470683684222,1.20771271144507,1.13918544856877,1.18878878855079,1.08026421115287,1.10996118994727,1.11729622244189,1.0885148512696,1.10477519666937,1.09977346575401,1.07031945384822,1.10194460791555,1.10582476728227,1.06901324875044,1.09832656676932,1.09833585454396,1.08374776186916,1.0724348084579,1.11261575204369,1.11319027741011,1.0877540900173,1.08508745902064,1.04103328344937,1.09539311411751,1.09129340692677,1.07449255053005,1.09340768749384,1.14035087696303,1.09303477636123,1.08922525371655,1.10549689112691,1.11857945402918,1.08336633641914,1.08889766869046,1.12149346089218,1.11806316606196,1.13712508754396,1.07459697585369,1.13260717475115,1.11139870560251
"ENSG00000140374",1.1751513344894,1.0999306722591,1.11140448845102,1.13736044634423,1.1552117423078,1.1285599676838,1.11948051925685,1.17955940022542,1.1230676568715,1.10930442615491,1.13821302349557,1.19408650460612,1.12340255568622,1.1440787508911,1.19724815701283,1.15194625545308,1.15428571405827,1.13166970965071,1.10814119544825,1.13088177122758,1.09929929907922,1.15072057623084,1.10538362004072,1.11232604351644,1.14554455422861,1.14824045436183,1.12833645205785,1.1535950942234,1.11805146314711,1.16789035708901,1.19102234502847,1.10723834021047,1.18305597555561,1.11239307716085,1.14696772881467,1.17415114982094,1.15570019299182,1.15498264726723,1.21968573945653,1.16462990538209,1.15892275798384,1.11887267214517,1.2040795918,1.1802429792511,1.10969953597304,1.17606261742276,1.13762198742529,1.12326063335177,1.09209470283064,1.10554455423653,1.12465428662097,1.10711789934968,1.10132509692113,1.11846724824587,1.12065685368566,1.11102228417887,1.12852165233877
"ENSG00000105379",1.16562468965652,1.09438447041807,1.10165532627162,1.11642743199433,1.14172369311877,1.10369033271085,1.14745254722329,1.1469671056942,1.10058221218619,1.11311853836934,1.18748106992681,1.20247727475727,1.12120607006366,1.1321467632232,1.16540540517633,1.15471250718144,1.15251231504384,1.14059646964078,1.16547643314314,1.12139185426623,1.09809809787826,1.13951160905934,1.10040800057709,1.11073558626029,1.11999999977822,1.13448310215642,1.11297153528751,1.1820789237104,1.11765861301951,1.13578071441297,1.18133280577787,1.11337756191437,1.17498739260212,1.09508653250545,1.12478769085327,1.15523250001887,1.18193837055183,1.13237481385575,1.18924794916706,1.13840039719058,1.1447173717777,1.12974333142834,1.18208179158443,1.15654252117974,1.09941520445666,1.12632517564127,1.11392152935393,1.13687950239083,1.11195826622954,1.09940594037636,1.12939549562833,1.11011280800437,1.1238417851701,1.11084361498428,1.10103134052247,1.12301389005236,1.12135390719336
"ENSG00000164687",0.997122159174929,0.991977814996142,1.05879963419137,1.09748803805871,0.96915600496496,0.855996790843161,0.967832167638795,0.992053113169288,0.972294719740555,0.994479574225739,1.00070671357886,0.982319448410285,1.19828274736456,1.09217460453571,1.0374447172408,1.06224066369053,1.14935960568486,1.17650639050994,1.0418281981143,0.984578884740099,1.25445445420331,1.02261809427089,1.1680764252825,1.10079522840938,1.05623762355322,1.01405642488006,1.02905545138795,0.988230639701665,1.15281869943963,1.06764561897843,1.1362467864077,0.968016635118721,1.02914775571777,1.00696240282336,1.03966430192034,1.04391118170987,0.9506762939183,1.01636093187578,1.07718153946493,0.977446596924501,1.05849856938769,0.979768495021687,0.976302369567783,1.07687711589785,1.15003024780197,1.06747250548549,1.17765385357944,1.1238527580926,0.989165328854501,1.05306930672216,1.05630185676486,0.99490865508737,0.983760087479574,1.17484200999602,1.07800140160649,0.977315878689454,1.02120457918941
"ENSG00000164434",1.02371737600006,1.01337030781155,0.977962831120552,0.962121211929402,0.989586432413054,0.965102286208363,0.995604395405474,1.01820742359557,0.977113029315978,1.07136404675873,1.00918727894817,0.856457896142951,0.856030351266767,0.98339465029663,0.998329238133006,1.00632286089581,1.03586206876141,1.02414282795209,1.00734543950064,0.997627520561956,0.974174173979144,1.04183346656489,0.971837993636812,0.852286282136722,0.848910890921008,0.950054829837493,0.977051117703723,0.995153792701977,1.14771164778085,0.965442975826639,0.996440577220399,1.03317160094402,0.864750378040393,0.951263178645064,0.976720950948802,1.0006970026883,0.871961761238287,1.00089241427845,0.847316928382781,0.992151018183378,1.00404458893084,0.99989934554607,1.03269673012045,0.853813981108581,0.969348658808359,0.977905478851104,0.961760605265533,0.968913450909126,0.860152487788894,0.848910890921008,0.846898458939767,0.948986722382153,0.854239314365998,0.860066205063684,0.99989986963054,0.961526930956025,0.85355898439949
"ENSG00000180185",0.973305547092725,0.889175002299856,0.874987305600693,0.904306219915409,0.979867102850369,0.907741676512687,0.913486513303999,0.893672668565804,0.86829953807101,0.920204757418407,0.972438162347817,0.982519228651979,0.898362619628921,0.928905239946524,0.922850122668727,0.919976289089117,0.875665024457997,0.874416717209491,0.876555804758915,0.891261367953487,0.838238238070423,0.936949559460178,0.91531495652994,0.95566600378615,0.964950494858426,0.893031601855641,0.954003742548212,0.944318069242544,0.9438224315569,0.916691140300207,0.93138224225205,0.981483314985348,0.959354513170075,0.877660632409457,0.903786591886545,1.00348501423808,0.950472897193029,0.935250371653892,0.916691372484101,0.947839046011358,0.955509519393211,1.01640664297606,0.899510048815216,0.979286994427547,0.930026214775151,0.904191023302449,0.928101971533937,0.944241586707936,0.940810593711715,0.899405940415959,0.90754642415892,0.964360586809552,0.939922287348825,0.842812719261147,0.898568138400207,0.937943439404828,0.964061722057927
"ENSG00000179115",1.01835863828156,0.999900960483331,0.873159337692057,0.925637958348158,1.02211643339837,0.998395507220538,1.03156843136232,1.00412433336603,0.992772535436103,1.02880658415561,1.00575466915583,1.01148736369764,1.05650958445357,1.00328129640981,1.00953316933474,1.0391227028178,1.02798029536394,1.0732400078975,1.08059579655568,1.04329774593845,1.03023023002398,1.08166533204931,1.02378346083714,1.01888667971792,0.997821781980629,0.995314524774137,1.03378311808652,0.993571357730477,1.00333922588817,1.001272638081,1.0235317379823,0.998910783048042,1.01401916267998,1.01511836064947,1.00069937036653,1.01105247415891,0.96572765158838,1.03143282081677,0.993576440163341,1.00149031276672,1.01312025234031,1.01620533447082,0.977302269577582,1.03684524974371,0.999395039120913,0.99791934984684,1.01872137004208,1.01884930405233,1.00461476705365,1.0005940592078,0.955551165358445,0.999101527203933,1.00288930935481,1.00210653004271,0.98447982357375,0.984510842213548,0.996316575212281
"ENSG00000116120",1.09238860750374,1.05754184390264,1.08418807736688,1.01295853249343,1.10899533846891,1.06458082610016,1.10769230747099,1.06629111737928,1.07086930313775,1.10930442615491,1.08854114061816,1.09459594424241,1.11501597421825,1.0889927411576,1.08481572460249,1.12309820171446,1.08137931013175,1.12517752056702,1.16955723297907,1.12712534576372,1.10990990968771,1.16393114468296,1.1127475368469,1.09264413497164,1.09168316810066,1.09839497535672,1.10981975748846,1.08456136859172,1.09919465702235,1.06372980889599,1.09966383209419,1.08604812336151,1.09853756911779,1.05470459497619,1.07143570764883,1.09031165964546,1.06986677492731,1.08477937509474,1.05405672476449,1.05891703903449,1.07447962886959,1.10216406620993,1.02369763003226,1.10993825908984,1.09155071565002,1.04369364885689,1.08125871318836,1.10589164095413,1.09630818597586,1.08653465325019,1.02587909896763,1.07656983107186,1.08299292595736,1.06169124263985,1.04255532170971,1.08084340939725,1.07994026857542
"ENSG00000169710",1.14538056938665,1.03000891333465,0.949933989854791,0.988835725480695,1.14509570541603,0.9665062172149,1.08031968010383,1.00573382939227,1.02208391868659,1.09866506050413,1.14487632485717,1.07042253499742,1.11801118188538,1.07487322241725,1.05729729708947,1.09563327384002,1.03290640373736,1.06573341426948,1.14099163412753,1.10557532599732,1.03643643622894,1.11689351458829,1.04408398824876,1.06003976122067,1.11980197997628,1.07506729118232,1.05978528492863,1.03451686261804,1.13572971888907,1.12168379811617,1.01166699604278,1.04921279313809,1.05153807341371,1.02407002167812,1.00869217683911,1.01961565249037,0.996440557104355,1.02885473455055,1.01294594307482,1.0018877295575,1.01094998500327,1.02405636617533,1.05569443034583,0.997410874129175,1.06089937466003,0.942039036769635,0.998008364668789,1.06424553418252,1.10152487939376,1.02257425722325,0.981627814898928,1.06618748106895,1.04533227039049,0.948741097211608,1.03834985460331,1.08703907243189,1.02658038804847
"ENSG00000165140",1.12751811032499,0.930177280196062,0.892657662050846,0.722288676092048,1.05325795873187,0.726634576669347,0.951648351458212,0.728900512880213,0.727363982989889,0.954531767348282,0.73154972221473,0.723803815658016,0.895167731450645,0.88595008434206,1.03390663370341,0.946650859326882,0.931034482575166,0.735037532819023,0.932870842494823,0.932582048056034,0.95075075056041,0.931545236002493,0.721066772669705,0.806560636022553,0.717425742432193,0.911175356213503,0.913621589497957,0.90060330315486,0.947554507769092,0.887126774177753,0.896183507831484,0.865432220840592,0.942612203541581,0.908693057308794,0.882605654734218,0.8628895746564,0.736906335658109,0.947744174328657,0.905227789128327,0.719920516498774,0.714807142011481,0.910317060712568,0.890710928728985,0.897629954013617,0.943738656796988,0.897453680591013,0.721569408340655,0.939504588781308,0.726926163578065,0.927524752291579,0.928091663190816,0.723370270395653,0.886918401736192,0.919650917660818,0.933413437281783,0.828420105760284,0.92264808343999
"ENSG00000079459",0.915351791026029,0.968406457171753,1.00456991956848,1.01714513536341,0.923336308455155,0.949458483564088,0.920679320495369,0.963685745706934,0.963059626387661,0.946702800171293,0.970217061893949,0.773948656323255,0.928913737833683,0.985781047830211,0.957444717256522,0.765461371119253,0.96729064020349,0.9679448161964,0.987961640279951,0.950573348961927,1.01201201180941,0.973378702767538,0.771021992084581,1.00516898588366,0.976039603767121,0.941481407448613,0.942381561914236,0.944120264871107,0.917108622880159,0.94703866843915,0.970535890652455,0.901871472244406,0.929904185389833,0.952058881847611,0.956339294443733,0.771482624560095,0.92057357857814,0.951908775220246,0.973021049318506,0.99453551892806,0.959060865944745,0.945344740624994,1.02849715007929,0.924118701269843,0.946965113743302,0.968988407615379,0.771559450155037,0.764630415323274,0.97491974298256,0.914851484967356,0.924535756435295,0.908255964678396,0.908837301801567,0.975624435555096,0.981275658159352,0.929949035489168,0.771329019259068
"ENSG00000160752",1.05745757644984,1.08963058312575,1.01391286665707,1.10107655480441,1.05226619040915,1.04452466886391,1.02157842137431,1.057438889235,1.12226460527559,1.01776573300858,1.05441696091784,1.05643791807883,1.0802715652795,1.148453813036,1.05533169512426,1.03082394763272,1.05694581259962,1.20004057593832,1.15058151374197,1.09648082224269,1.12532532510004,0.989991993396719,1.1061797191549,1.10497017870677,1.06158415820563,1.0397766920467,1.01172067349321,1.02146177410316,1.04399921409468,1.05981399881355,1.01542416432363,1.03237944330481,1.0168431667137,1.10483389673666,1.06624038344165,0.975604898740296,0.998677921082339,1.07387208704534,1.06947326789812,1.04381520098484,1.08079313385009,1.02103673859667,1.09569043073779,1.04202350108703,1.0905424478543,1.03041712057259,1.03047201732116,1.04450804282157,1.11175762417501,1.04732673246588,1.05077044625627,1.05241090125738,0.983162299295973,1.04644397611667,1.0615800538577,1.06305586068491,1.04728720735743
"ENSG00000161513",1.03026694432266,0.998316331385893,0.921498933498223,0.814194577190153,1.05980362966185,0.819093461528461,1.04615384594482,1.01297656151032,0.979722947002665,1.012144936061,1.01988894477135,1.03046648665858,1.04832268349674,0.977229790001545,0.992039311844316,1.00731080794165,1.01812807861712,1.01886792432159,1.00448887961549,1.04329774593845,1.01861861841469,0.987790231988032,1.01303612279569,1.09184890634357,1.07188118790656,1.00787558548343,1.0160543679669,1.01889031727448,1.05657041817785,1.04669603503736,1.06921099444943,1.02465590632248,1.04488149247708,0.995026854785155,0.999700269557458,1.01623020989421,1.14898810105787,1.03857213663092,1.04792963710882,1.06706408324549,1.06027424266346,1.02204328112289,0.816718328003856,1.0448117902719,1.02278685198169,1.01971663508972,1.0280820551627,1.02417842671979,1.05999197410514,0.995247524555397,1.03496641623173,1.10192672434822,1.08976785870484,0.99648911606049,1.01572043636413,1.04147097011263,1.0761572919709
"ENSG00000066926",1.06063312472747,1.03912053064492,1.02284959865485,1.01913875577768,1.05206783674461,1.02446851162766,1.05014984994003,1.02625490372674,1.0236900218784,1.05309645667909,1.06572438141025,1.03426231125077,1.06110223620984,1.06572536520519,1.04353808333297,1.04761904741205,1.0579310342743,1.02211401886344,1.05774331747445,1.09687623544941,1.08448448426737,1.07465972756712,1.06856403600984,1.07097415485666,1.02653465326207,1.03758349097047,1.03063134028748,1.03135199267504,1.06580239617643,1.01850220244376,1.02788214336012,1.05436181779298,1.0682803830422,1.02944101829532,1.04845638904017,1.02479338822567,1.01271229512606,1.02964799186323,1.0216424545861,1.03785394912313,0.985893262111888,1.042778057163,1.03089691010281,1.0452101172983,1.0639241780472,0.995937778461124,1.05038836864163,1.04766604143932,1.05317014425097,1.04930693048529,1.04899249287851,1.05281022241134,1.02520673487592,1.05025579274747,1.04335636306331,1.06345558088069,1.03932304608475
"ENSG00000091483",0.956038503333127,0.988610478164086,0.942012795584033,0.995015948764949,0.973123078255852,1.01664661030553,0.953046952856534,1.02363947268411,0.970889379447724,0.961959249029015,0.95588086805535,0.988113075419416,0.969448881595557,0.990951575819638,0.97100737081651,0.961074886196191,0.972019704241967,1.00182592797691,0.970822280969022,1.01561882146785,1.01401401381101,1.03062449939339,0.954124788346278,0.960039761240549,0.998613861188393,0.938690060624327,0.949079089737205,0.969439224415104,0.958357886278068,1.01674008790666,1.00059323689923,0.942073472434484,0.935148764309602,0.969763278104284,0.986911779201336,0.994324404860236,0.862605511875805,0.994546355776986,1.05326613280892,1.00089418758055,0.977804083855617,0.990639154304854,1.04349565022628,0.97351125254461,0.993143778787428,0.962251064903943,1.01354311869876,1.02674430059671,0.950842696438434,0.95584158396914,0.992295535165489,0.960966357000905,0.956660356489656,0.97482194784335,0.978872534098554,0.962925951641266,0.957292184976149
"ENSG00000141756",1.12731963855764,1.01614340873207,1.2602823192322,1.18600478445255,1.05484478804823,1.13056558340743,1.17982017958445,1.02826677375953,1.20799036313833,1.15567600097246,0.79030792513068,1.04325242212701,0.781549520610713,1.038281793569,1.06909090888077,0.978857933021368,1.07901477811251,1.01176709251131,0.79861252789255,0.773823645556777,1.01421421401117,0.996397117494716,1.01562344491678,1.17216699777889,1.18574257402263,1.15162994693418,0.957549492572137,1.21946394991208,1.14810449790845,1.17513460574153,1.2491595805321,1.15872858675934,1.07917297002942,1.14800079547484,1.11000099887901,1.10962859681178,1.05867995503739,1.11234506671049,1.17066903821115,1.17317436638387,1.15931735204512,1.06633115227653,1.01149884991271,1.10555666179933,1.0905424478543,0.990785692858261,1.11790479961802,1.03720517101802,1.03832263221542,1.11920792057045,1.14895298278369,1.14046121570521,1.15731792345176,1.19610793435729,1.18033443452882,1.14859598258247,1.15121951196591
"ENSG00000106080",0.870497171604546,0.923442606531951,1.01086625347601,0.996610845096369,0.68987404528615,0.992178098477301,0.974025973831363,0.945780102415093,0.979722947002665,0.985044665063727,0.702271579868295,0.694835680612359,0.861022364045323,0.691657551816315,0.911253071073955,0.872752420297816,0.840394088504356,0.828565631805931,0.836563966366749,0.888295768903065,0.890690690512374,0.911529223196251,0.920688625550664,0.960636182711603,0.933861385953691,0.959824543722495,0.952230867536249,0.931856393841983,0.938518954834312,0.979148311115194,1.03539647992181,0.952173482334454,0.701563287806039,0.906703799302426,0.694974522790494,0.992332968038966,0.914675073545271,0.938423400904626,0.687419705368629,0.946249378848237,0.944066291616047,0.965072974138888,0.93710628918366,0.927504480994323,0.857027626364786,0.869909838329553,0.953794064737344,0.927464719051127,0.697833065670579,0.944752475060445,0.914460687294654,0.694419486733669,0.954866991938853,0.972013240852239,0.937418644049781,0.695113420466651,0.941164758398972
"ENSG00000088832",1.13466309394965,1.25760126745417,1.16360312761986,1.17922647504401,1.17881582838861,1.17107902102465,1.19160839137031,1.11497837217282,1.17345914451446,1.14624109181045,1.25694093866594,1.13155528895584,1.20666932883253,1.17013025729937,1.18859950836588,1.17842323628168,1.23507389138225,1.28058429675784,1.24811262982083,1.19058916544275,1.25505505480379,1.22838270591906,1.20688625709884,1.18131212700173,1.23722772252728,1.26467949331778,1.22820841106506,1.22460686356946,1.25279905691361,1.19784630421971,1.18073956868089,1.25457966110415,1.18628340873701,1.20747960986523,1.18033769583768,1.18231604078815,1.09813891974003,1.11412989566403,1.14359126373286,1.12309985074553,1.16089572829024,1.1112229489459,1.11388861091613,1.16112328198344,1.2187941114703,1.15327454648702,1.19518024274145,1.19628935138729,1.18499197408006,1.18435643540904,1.13611220838876,1.15743236474844,1.17226262804179,1.21978132185379,1.15129668546084,1.21115219322251,1.20935788925647
"ENSG00000173486",0.885382554155923,0.930177280196062,0.939778612584588,0.985446570776426,0.866408806730852,0.944243882682663,0.849550449380709,0.931294638178997,0.903834571189754,0.727290976467471,0.73154972221473,0.849865148167043,0.902356229851766,0.720493188680423,0.909090908912218,0.87077652620613,0.893004925932413,0.862243862677573,0.873699244873761,0.892843020780379,0.890090089911894,0.918334667550373,0.866155836229246,0.896620278151765,0.855643564187001,0.829229388729094,0.869496700311337,0.865394125038988,0.870752307823462,0.972883014983283,0.900138421811323,0.717496781717497,0.860110942842136,0.972548239313199,0.905185333019246,0.885193667054626,0.736906335658109,0.998314328012233,0.904832493150542,0.932339791170921,0.904212291426613,0.901056869471353,0.980301969606979,0.937064329628149,0.909457551742396,1.01238482096257,0.955984863382596,0.851080627484244,0.878009630642454,0.892277227546084,0.715725009736127,0.845961864660884,0.89648301267381,0.903400541497964,0.949834785030573,0.724093134660919,0.895569935112878
"ENSG00000100442",1.06261784240099,1.05159948478724,1.02488067410889,1.02412280681337,1.0800357034454,0.852386682540636,1.05174825153811,1.01257418750376,1.02730375405997,1.0538994276716,1.08086824814117,1.06842473258048,1.04193290714019,1.05916277198784,1.03371007350689,1.06461173660055,1.06266009831278,1.08744167151807,0.867169965136264,1.05852115439729,1.06006005984784,1.05944755783438,1.05980694575384,1.03280318070918,1.03029702949895,1.02701624942139,1.05407268766787,1.00919790307404,1.04144568826528,1.02261380303033,1.02194977239036,1.03931082264792,1.05355521915208,1.05012930156154,1.04685782774566,1.0544657968626,1.04159463011459,1.0217154187364,1.02757189425288,1.06547441608237,1.03896616335425,1.04921992933081,1.0224977500205,1.03823939433614,1.07662835227332,1.02486872069259,1.06731726726403,1.07174578089969,1.03731942194275,1.05980197998816,1.02627419971824,1.04602176279405,1.04015143946595,1.0207643693408,1.03474516851212,1.03687418786112,1.04668989526198
"ENSG00000004478",1.20571598666156,1.07695355034625,1.0602213870092,1.11064593279293,1.22166021993025,1.07781788987609,1.12547452524966,1.06930892242847,1.05942581789612,1.10669477042925,1.15880868224961,1.13075616798906,1.18610223618488,1.1653574622322,1.12117936095898,1.16814858700491,1.13418719189474,1.17610062869221,1.16751683306111,1.13523131650154,1.16276276252998,1.15292233763953,1.13145586603016,1.11431411508662,1.07782178196479,1.12192204144713,1.11829016032339,1.02858273147491,1.09467688055496,1.05472344570637,1.09748862940528,1.12169521712611,1.14936964172479,1.07380147183732,1.10400639402458,1.1163994820041,1.10871554945414,1.15577590457992,1.0914121946652,1.08772975636607,1.09361744084174,1.10417715126237,1.09789021075935,1.09400517803346,1.15103851559769,1.01297929237829,1.14120693066297,1.13174775463698,1.09931781679388,1.11386138591805,1.09225602507067,1.11051212915833,1.10032878328179,1.12950145428238,1.09041754258728,1.10382732065478,1.10642110480708
"ENSG00000096060",1.03304554906559,1.00921065643078,0.885752005507108,1.0185406696534,1.09887930157713,1.04853590031116,1.00819180799037,1.00513026838243,1.05300140512889,1.02418950094867,1.03705199373305,0.87124163402832,1.07408146943409,1.01680421576677,1.02368550348429,1.02133965599262,1.03605911309634,1.12842361510886,1.13078963453769,1.1113088174948,1.1079079076861,1.07485988769518,1.02816200596514,1.0055666001977,1.03188118791448,1.04456185803119,1.02117600689034,1.03708831944672,0.998035749165579,1.03847283386422,1.01226023313975,1.0260421821911,1.02329803307649,1.01173662203864,0.871415725672611,1.0279796871397,1.01515305582932,1.00723847277992,0.861942879560837,1.11515151492993,0.980368945253947,1.05002516335178,1.03909609018316,1.02429794841181,1.03448275841208,0.977112850296817,1.0324636524532,1.02516530128784,1.09229534488517,1.02178217801549,0.861517186712462,1.05380852529623,1.00508119936135,1.02919049031414,1.0521678179529,1.02927950414125,1.01204579372582
"ENSG00000079150",1.05944229412336,0.805783896047185,1.02975525519859,0.982256778113585,1.01021521352569,0.912555154249387,1.00959040938869,0.918619856972413,1.04657699236166,0.927832981847268,0.821403331484825,0.99071021856144,0.812300319326617,0.998309634881513,0.799606879449709,0.803793716497966,0.801576354521857,0.947250963492138,0.830034686629252,1.07176749682251,0.993593593394676,0.814251400957916,0.809632799122374,0.993041749305558,1.0203960394019,0.811085634371232,0.801339505407005,1.02620907901766,0.963661363000656,0.989525207833671,0.999406762705278,0.805624319079983,0.969440241861939,0.809230156990406,0.952742531531073,0.945932490103369,0.996643953829626,0.970153693411968,0.966893961662834,0.808345752447423,0.918023083571466,0.945948666140725,0.911508848932805,0.81019717171675,1.02480338757314,0.806103239709481,0.907588129673852,0.972268824440488,1.02387640428895,0.964356435452603,0.803634926747603,0.973544973350595,0.810600776963116,1.01695255271001,0.922399118669791,0.976316578199997,0.809955201431567
"ENSG00000105701",0.989778703782916,1.00346637595257,1.0055854572955,1.04047049421043,0.924526430442422,1.0194544723186,1.00039960019972,0.984609194047961,0.992772535436103,0.970390444450388,0.967995961440082,1.00609329717189,0.946086261791916,1.01143482131621,0.929926289743503,0.941513534688498,0.777931034329472,0.983972407996759,0.998367679861586,1.00059311961238,0.986186185988752,1.00320256184884,0.996915115733523,1.00894632186701,0.972871286936065,0.971388694851682,0.973702353792238,1.03550588447522,0.775486151880674,0.99735682799856,1.0355942256208,0.964451925742261,0.940796772377046,0.964989058889002,1.00729343570641,0.995120979588744,0.983423166686988,0.953891918501955,1.00662120743026,0.981818181623086,1.0241688860562,0.985807750179002,1.05569443034583,0.984266082257665,0.7961282515031,1.03002080629545,0.99044015116701,1.01450705595292,1.01986356319826,0.979801980004,0.944685894716577,0.984526305084451,0.786689249619072,1.00090279847509,1.01451887433373,0.975916858004214,0.983374813144176
"ENSG00000122642",0.997916046244335,1.03555511517568,1.1705087841636,1.09370015927159,0.973718139249486,1.09506618509926,1.10609390587291,1.08319082565472,1.15117446272813,1.10047174523728,0.920141342570391,1.09379682327564,0.983825878397798,1.04842398308672,1.03233415213124,0.994665085754858,1.08098522146187,0.845607628150617,0.955315241592468,0.892249900970295,0.857657657485954,0.898318654744132,0.993332669719707,0.99284294214854,1.07504950473761,1.04057421971078,1.03299517363676,1.09623182650653,1.05323119209326,1.0699951050279,1.17006130093532,1.01653629052054,1.04467977790324,1.08633379727744,1.06883804554524,1.10624315421562,1.09325739833352,1.06455131362131,1.07224033974261,1.13840039719058,1.06165532187794,1.03371917442703,1.08889111067115,1.07289384563376,0.977818108292434,1.07460616247407,0.980880302533184,1.01055955768073,1.00160513623563,1.05287128692022,1.11043065959889,1.10711789934968,1.0319816676234,1.13271140512936,1.0595774504737,1.0680523631322,1.05564957669375
"ENSG00000160688",0.911183883911644,0.854709319430581,0.874784198055289,0.718700159346352,0.969552712294049,0.858804652856236,0.917882117698725,0.828286892500093,0.86829953807101,0.950316169637596,1.00070671357886,0.980121865751649,0.873402555736142,0.716913592380051,0.708599508460226,0.946453269917713,0.710344827446238,0.731385676459447,0.899816363823747,0.93337287446948,0.901901901721341,0.989191352884469,0.926659368907024,0.819681908385749,0.902178217643133,0.909181537053298,0.898847631064937,0.713084759032126,0.940876055599907,0.851688692931632,0.878781886320193,0.835924348779894,0.727181038683372,0.845633578506936,0.86182435790552,0.912078064141775,0.906335807809146,0.714923153056039,0.712520999957996,0.85106805745632,0.862779914992053,0.946552591656457,0.720927907065108,0.717984465102971,0.843718491461239,0.831863667723796,0.717984465102971,0.918780222852308,0.931179775094065,0.907920791899422,0.951995258602925,0.719776380010028,0.938328185525889,0.834587220215751,0.871933513393024,0.950534625571993,0.884221005299309
"ENSG00000141560",0.871291058673952,0.887986530476778,0.695846450554312,0.841108452782873,0.903699295665239,0.874247893928149,0.684515484378718,0.868725480159194,0.966071069872301,0.90053196810187,0.91489146877034,0.684447108044262,0.901357827296055,0.909018593833346,0.872137591966165,0.850819995880099,0.872118226429139,0.695069993772556,0.913895123257724,0.8768287859081,0.915915915732549,0.903122497817629,0.868146084014699,0.878727634020134,0.678415841449819,0.916558667946056,0.883679700407036,0.84877855783824,0.85837752880409,0.862261380154232,0.827368004582288,0.894345974671879,0.902874432495638,0.874278893798631,0.8768108700416,0.883401373915483,0.87847045644697,0.679424888313451,0.82478505764902,0.869547938227611,0.86731774669679,0.853145445223323,0.913308668950443,0.88508265268172,0.927606372065415,0.87545823820956,0.897629954013617,0.869239119536319,0.882825039951279,0.875049504777218,0.851244567196514,0.880303483901307,0.881538308083783,0.888955762686537,0.871733253054624,0.919756170496701,0.88481831739476
"ENSG00000168522",0.756574377144671,0.811132019251038,0.793947394984473,0.783094098727453,0.860854904123603,0.79181708768716,0.80739260723129,0.555276129050342,0.805059224893584,0.803171735259827,0.796567390046125,0.807711517169571,0.838258785775108,0.548871432723701,0.798230958074058,0.795692550722052,0.817536945651717,0.849665246327923,0.814527647252698,0.839659944476145,0.843643643474746,0.807646116731856,0.846054333596168,0.820278329856803,0.861782178047172,0.783770311876429,0.802521422081647,0.805855009236306,0.832449420382548,0.780420949431146,0.805220486295191,0.855332210940621,0.825617750715962,0.838472249684012,0.815665900526393,0.782833814441336,0.764568290295013,0.841447694429063,0.752248245725418,0.812717337146007,0.799052974095087,0.823351786447237,0.756524347413954,0.845449113553983,0.85763258704222,0.786683840129459,0.848038239225645,0.814171518639264,0.84028892438999,0.79108910875424,0.787040695221841,0.795248078108167,0.821958752451538,0.810913832719247,0.552718533983635,0.840411711633774,0.800398207904351
"ENSG00000110195",1.01101518288955,0.841041893465179,1.00761653274954,1.05303030282037,0.97907368819219,1.08142799817861,1.10489510467435,1.06287093832353,0.85243926905191,1.03703703682886,1.01968702654827,1.0434522023687,1.09644568668202,0.844386993965519,0.972972972781725,0.955937561557807,1.09261083722313,0.861432339042112,0.866353805169077,0.839462237872783,0.85005004987987,0.849879903753026,0.845059209703441,0.844135188698979,0.840792079041427,1.03180141540588,1.08480252120855,1.06003362653347,0.834020820892944,1.02692119412101,0.839628237919789,0.840875334024978,1.00393343398811,1.01074199303546,1.03686681965494,1.01204819256954,0.863622495502162,0.842042637413576,1.01195770313036,0.843715846826882,1.21357403547133,0.854755913265273,0.849115088321345,0.978092013348319,1.03085299434748,0.986426235809685,0.845648277067188,0.838053883186015,1.08768057763088,1.0126732671262,0.994271038918556,0.847758809853697,0.976785892004227,1.08195405736143,1.02292980854652,0.972519236340058,0.845395719094993
"ENSG00000179163",1.03979358915554,1.04585520430903,0.976337970757319,0.992025518143536,1.02886045799289,1.02627356577893,1.06173826152613,1.06468162135305,1.04477012627088,1.012144936061,0.805451791861595,1.07182099668928,0.796525558946381,0.793278313454653,1.07223587202511,1.03082394763272,1.01852216728699,1.05599513064395,1.0793715566049,1.03262158935694,0.798598598438719,0.798438750840985,1.01641954403096,0.977137176744108,1.07584158394538,1.05114146125987,1.04461735427073,1.09959450082097,1.01866038086453,1.03573176680651,1.00395491378209,0.78997920570552,1.01220373151544,1.051521782166,1.02647617124059,1.10026884375181,0.811349537107424,1.05661874049447,0.788417827692772,1.04282165900788,1.04271480693643,1.02284851514387,1.06009399038894,1.08464449291284,1.03851582959498,1.02724660635545,1.03704441325691,0.987071942961202,0.800361155537648,0.970891088916655,1.01540892907637,1.01168014355362,0.79485902146162,0.800280870538614,0.975067587668956,1.00409713180692,1.08889995000719
"ENSG00000160211",1.19996030540836,1.12033277188861,1.08621915282092,1.1234051034443,1.1276405829361,1.07139991956049,1.18121878098277,1.1469671056942,1.18028508307965,1.22653819106162,1.17011610274203,1.05284187372833,1.07268370585609,1.11245898357115,1.15695331672591,1.09444773738501,1.13064039386588,1.09738283605247,1.0987553558256,1.1631079475755,1.0948948946757,1.13430744572972,1.08846651386437,1.0988071568392,1.09564356413948,1.12710597126366,1.14074657714158,1.02086836098885,1.09860538183096,1.08781204090302,1.07850504230206,1.13991484282802,1.30166414497193,1.13845235704427,1.23049255645309,1.06900328565787,1.17542967534314,1.22439266212704,1.21869749951207,1.07938400375969,1.04409588615091,1.05405133345666,1.09109089069271,1.1254730131198,1.07541843091845,1.12394728997841,1.01593308085721,1.0824040262346,1.20264847487908,1.12594059383645,1.17601738420071,1.10292502723312,1.16867589894019,1.04985454889159,1.12646440349926,1.08484061135508,1.08511697340266
"ENSG00000171298",0.872283417510711,0.84777656712929,0.764903015991692,0.77352472073893,0.917782405847906,0.843963096501411,0.844955044786223,0.873755155241172,0.889379642463485,0.750577135250311,0.864411913000623,0.864848666294107,0.862220447112176,0.887342149569983,0.856805896637483,0.604623592055992,0.879605911156728,0.620815581127852,0.725770250821104,0.737445630538267,0.612612612489967,0.723578862945641,0.609015822348688,0.796023856700592,0.917029702788707,0.735320506283457,0.602777504067216,0.605281376598698,0.601060695226663,0.927459618026929,0.896381253530476,0.715912466439071,0.877054967044467,0.94410184982214,0.952742531531073,0.937568455454034,0.92809925741318,0.90570153675643,0.918074908406349,0.97605563815677,0.838117786161958,0.83301459469894,0.928907109103308,0.905596494541805,0.821939907073616,0.919449122972466,0.823541127101466,0.845948879730396,0.779293739811538,0.732079207775826,0.839391544678113,0.838175102158695,0.890505130837799,0.698364931146882,0.843296285001843,0.86379534308708,0.876256844026629
"ENSG00000117308",0.936588270132661,0.950777458462756,0.921092718407415,0.827751196007227,0.986016066451251,0.980946650425,0.973426573232083,0.91721154794946,0.948403934762416,0.963364448265911,1.00171630469425,0.980121865751649,0.930511181922821,0.954956746354786,0.95842751823913,0.970163999017948,0.932610837254658,0.934672347142489,0.937563762306149,0.991103202651027,0.973573573378664,0.982786228786472,1.00368195820406,0.953280317901932,0.966930692877836,0.98355099172893,0.992022062249183,0.956977549014543,0.982714594189213,0.99911894253566,0.946015423977454,1.00485196534214,0.944024205558442,0.936741595198579,0.9489459484566,0.964253708859055,0.970405776269621,0.965592463864037,0.93606087539558,0.94942871317448,0.9162474102957,0.971716154811934,0.940905909220897,0.96713802012206,0.960677555765139,0.961260279211085,0.826926906825946,0.929241093273613,0.990569823236242,0.985742574062229,0.958711971363352,0.989517819508931,0.977782205643562,0.944728658652878,0.967657955148161,0.946537423614163,0.978397212348751
"ENSG00000108479",1.06877046718889,1.05258987797314,1.03645780419692,1.0380781497133,1.11078052144981,1.03991175269958,1.04835164814219,1.02102404164148,1.03352740392822,1.0430593192727,0.91670873277805,1.06263110557135,1.0674920125664,1.03987272525805,1.03135135114863,1.05670816023381,1.04275862048419,1.11726516512127,1.09732707588302,1.0553578487435,1.06086086064848,1.1072858284413,1.11135436339708,1.05427435366714,1.04653465325811,1.03758349097047,1.04776913206978,1.0438136680756,1.06383814553843,1.0294664706746,1.03341902293189,1.05852064539885,1.07513867855267,1.05331211437173,1.0446598059657,1.05347007845196,1.04952710240018,1.02845810589421,1.02658365430841,1.05235966198662,1.06599585655204,1.08505284326421,0.991900809720648,1.05098585918124,1.08731599090798,1.03259684909688,1.06452897807916,1.0387841703269,1.07724719079509,1.0392079205863,1.0723034371647,1.03743635798394,1.08538407869176,1.04684521997255,1.0551717230289,1.09603277683701,1.0468889992938
"ENSG00000143891",0.928053984136538,0.918292561965278,0.788463491258563,0.896331738258307,0.908658137278854,0.865222623171837,0.775624375469406,0.87657177328708,0.880947600706495,0.96155776353276,0.954871276939955,0.942163619829755,0.925718849655408,0.926916575335206,0.980835380642588,0.872357241479479,0.926699507206562,0.999391357070523,0.935931442371775,0.969355476281266,0.955955955764573,0.90812650101919,1.11334461118254,0.930417494844847,0.935841583973101,0.92732529141116,0.931744311842462,0.912471565441109,0.946965232577693,0.977190406073971,0.906070792781081,0.886226358869942,0.944831063853791,0.934155559790301,0.775701868163512,0.962660559402039,0.789586087503389,0.90352007914655,0.880521790516746,0.871932438972294,0.934004143053368,0.781479617356522,0.949905009309088,0.938458474220582,0.925589836473969,0.927771722792476,0.773152758260675,0.928648968532784,0.898073836095892,0.887128712695618,0.910114579037907,0.857741838702657,0.773537909579847,0.898585615227488,0.964253529395363,0.925951833531338,0.772921851513604
"ENSG00000143641",0.94472561259408,0.984054669508952,0.965573270850904,1.02950558193192,0.933849052676019,1.00782190112158,1.00599400579301,0.974549843884006,0.96707488436718,0.993676603233228,0.948611812024511,0.972130656083882,0.802316293769506,0.917370985200881,0.937592137407844,0.939340051187643,0.953300492422995,0.81517549182082,0.98041216058347,0.956504547062771,0.981781781585229,0.961168934955731,1.03532689799277,0.967594433207238,0.982574257231173,0.801116538570209,0.97488427046688,1.0058352287596,1.02533883303372,0.959960841711217,0.993672137434512,0.972373502134395,0.992435703279388,1.02227968947239,0.984314117097749,1.00109529005255,0.997050747280169,0.981457610117708,0.988832888429917,0.958966716153211,0.988260826479578,0.995067941420218,0.9583041693914,0.99721171061597,0.975801572700988,0.944218765293923,0.971519617412563,0.982137570120964,1.00441412499911,0.988910890893285,0.991110232913649,0.946790456035382,0.993324698417192,0.990069214366522,0.971863422254558,0.979314479668369,0.973618715585143
"ENSG00000130005",0.892130594245881,0.928394572461445,0.903422361957262,0.906100478288257,0.932460577024207,0.910549538525762,0.902497502317183,0.904536766742876,0.78538446079394,0.898123055124335,0.88642099931622,0.892418339647904,0.968650159550988,0.921944913806912,0.865454545284431,0.869590989751118,0.903842364353923,0.96145262711271,0.886145684373363,0.91854487921737,0.96716716697354,0.952562049449047,0.942183301633559,0.88330019863155,0.922574257243055,0.889442727367273,0.894710922703691,0.879042626668175,0.892555489905214,0.765932452126102,0.875617955136322,0.870779284905282,0.908724155136919,0.778197732091069,0.912378858844564,0.910086627320505,0.908369775061859,0.886861675580196,0.866488783305368,0.94068554377731,0.921574430123,0.907297433133911,0.906709328885769,0.901613224277711,0.922565033086799,0.889527395048147,0.892451702670294,0.890752985119757,0.894662921168808,0.774653465193138,0.900632161023186,0.924029150259753,0.900667529959018,0.916842210669708,0.946630619616175,0.90636554393797,0.894972623017427
"ENSG00000089597",1.0526942540334,1.08586708901934,1.12359094117526,1.10905103646151,1.0191411284302,1.11592458862496,0.994005993807391,1.09988934692689,1.0971692429036,1.02880658415561,0.96294800586311,1.05683747856221,1.06689297103297,1.09356666976363,1.07990171968945,0.975894091883838,1.07645320175833,1.07831203061913,1.0165272391315,0.989719256427497,1.0286286284227,1.03362690131433,0.997711214847704,1.08210735564968,1.00752475227574,1.00448609291108,1.01940313187838,1.03530808010379,0.967786289340447,1.08526676434943,1.1020367804821,1.00703039884998,1.03156833060382,1.06544658821057,1.09221700447753,1.07318530298254,0.9897284651704,1.10441249358366,1.07994861130943,1.08156979610898,1.13327414400054,1.05405133345666,1.09549045073583,1.08544114696566,1.07138535973555,1.12176756145412,1.08982274425616,1.01924405387955,1.02126805758,1.02633663346013,1.0075069140641,1.017669960863,0.972003586535418,1.06891363204556,1.08581155480408,1.00829419386264,1.07575908390727
"ENSG00000111640",1.14141113403961,1.07497276397445,1.12684066190173,1.10147527888727,1.18536149931858,1.109306056737,1.26033966008784,1.10592495702526,1.14053402908241,1.24661246587441,1.27026754138914,1.1910898009807,1.09265175697032,1.11762951156058,1.10702702680943,1.26318909281502,1.11980295544437,1.11117873785531,1.2375025502474,1.21886120972344,1.17437437413926,1.25360288205492,1.33744651182457,1.14831013893672,1.13386138591409,1.25152028686043,1.16812764677078,1.16071605159515,1.27990571571795,1.14087126752014,1.12220684177927,1.23992474477871,1.20726172441608,1.18002784937736,1.17973823535224,1.1016628495267,1.2311603780675,1.15002478906296,1.07678624348715,1.07223050152564,1.06185261890858,1.18349270232844,1.09649035074563,1.12268472393494,1.17927001387795,1.07262459108835,1.13443537121401,1.19372347751037,1.23695826620446,1.21009900966137,1.14184116927265,1.24109014650273,1.25336255828368,1.12428528415603,1.11404826251846,1.22654142076016,1.15141861599773
"ENSG00000105679",0.943733253757322,0.959096761224305,0.969432314213581,0.908293460743961,0.94634533354233,0.943642197965575,0.945054944866123,0.934513630231463,0.968680987558988,0.971795643687284,0.967995961440082,0.946359004905332,0.914736421542585,0.916774385817485,0.944471744286099,0.933807547730921,0.928669950555927,0.900588354453117,0.945317281994426,0.952748121598903,0.960360360168096,0.958166533034794,0.96467310160918,0.9397614312247,1.01722772257085,0.9618183628827,0.957943464797017,0.999703293245039,0.93930465508951,0.986392559767716,0.939094324512736,0.974749975052035,0.947251638739838,0.93733837260049,0.942951343602168,0.876033057676783,0.947421946313959,0.911650966601557,0.915703132539638,0.941679085754262,0.88270691508677,0.965274282644132,0.940105989213057,0.941445926918653,0.946360153065868,0.919052808695323,0.960764787699509,0.917201223543432,0.972512038328148,0.928712871103225,0.960292374365806,0.929419985838191,0.957855932856859,0.943524927085259,0.92420146171539,0.937743579306937,0.93200597293539
"ENSG00000159131",1.0642056165398,1.10329800909116,1.04925357955738,1.08851674619447,1.11216899710162,1.0258724426342,1.07072927051534,1.03229051382511,1.0646456532695,1.06935661927746,1.12407874788004,1.11497352889522,1.15774760360269,1.12598190292811,1.08972972951553,1.07982612110653,1.11586206874564,1.14343680236489,1.12160783490683,1.1975088965604,1.15595595572453,1.1791433144157,1.12389292444544,1.13896620255687,1.05445544533575,1.09380919128824,1.0928789518186,1.01256057738848,1.08505205242879,1.04591287302087,1.04093335949359,1.13674621227117,1.06364094784395,1.05947881419147,1.07023678667794,1.03674200915329,1.02695006589506,1.02330193336176,1.04951082101996,1.09428713341395,1.03284995540439,1.12672370384968,1.07269273051241,1.07110137401492,1.11474087495166,1.02050926364401,1.09759012127114,1.07786440322158,1.09229534488517,1.07069306909491,1.09087317244353,1.08495557530499,1.0664541195444,1.09359012918175,1.07700009991449,1.07005096411111,1.07436535568455
"ENSG00000177628",0.967549865839526,0.953154402108913,0.983243627301057,1.01834130761197,0.982842407818538,0.977938226839563,0.973826173631603,0.996881601247987,0.974503111629291,0.952524339867003,0.941140837770592,0.949355708530745,0.805910542970066,0.93069503809671,0.944275184089577,0.941315945279329,0.931822659914912,0.944613511676889,0.935115282404588,0.872479240634148,0.886086085908691,0.950160127912298,0.912727634408851,0.909145129043908,1.03999999979406,0.9618183628827,0.998719590072152,1.05192364730453,1.03830288724449,1.0083210962294,1.01898358690548,0.961877413414818,0.952092788511933,1.01293017684246,0.893196123310381,0.99273125540322,0.971829553346521,0.990183440557227,0.977369305074144,0.981420764832306,0.945447370830532,0.96044287851828,0.976902309573662,0.975502887676657,0.91611211919417,0.986822550086828,0.921131248571772,0.943649461967108,0.962881219710497,0.951089108722557,0.980047411896474,0.97214734931174,0.993523961145058,0.973618216275731,0.927205366791388,0.938543019698502,0.984370333303261
"ENSG00000114480",0.798451920055879,0.538377735854535,0.920280288225798,0.712519936062097,0.866012099401763,0.545126353681282,0.899500499320779,0.546826274912619,0.818108813327021,0.923015155892198,0.807067137646226,0.543002696924782,0.542731629284598,0.891319478792618,0.776216216063643,0.836000790192452,0.535566502357524,0.790424020939252,0.992042440115886,0.85112692747111,0.759559559407496,0.920336268830997,0.959498457367002,0.884493041573659,0.867920791907342,0.957033196898209,0.888013394880722,0.784689941492495,0.887644863310225,0.532158590204178,0.888075934172815,0.951183285285437,0.885325264571795,0.704396260054825,0.789289639166892,0.913671213598791,0.930540018116436,0.539018343968464,0.751852949747633,0.540089418670623,0.536253329281592,0.834423754235647,0.543545645326758,0.827922724391969,0.947771727979881,0.538591102637751,0.541326428890395,0.945031086362374,0.858948635461688,0.955247524563317,0.935401027077163,0.911051212756104,0.873966324424835,0.545290400131349,0.770802042501091,0.883981212974122,0.911100049594604
"ENSG00000105607",0.982832191925606,0.922452213346053,0.918452320317162,0.925837320389586,0.897351978399811,0.931608503623825,0.93586413567715,0.949200281470838,0.888375827968605,0.874836896341496,0.889247854439324,0.965937468591362,0.92591853016655,0.940638361153299,0.930515970333068,0.937956925323462,0.935960590948579,0.987015621629739,0.962456641305355,0.944049031050999,0.973773773578824,0.99999999979984,0.915912030865576,0.720278329876684,0.717425742432193,0.887050144375027,0.931744311842462,0.969834833157979,0.923001374794146,0.935095447687695,0.988926240658705,0.939895038926647,0.895209278689822,0.72070817570704,0.920971125802583,0.962063128355658,0.90104749295209,0.938621715232797,0.885462990239063,0.918628911888996,0.964190588741405,0.971514846306691,0.995100489752005,0.921927902624591,0.902399677172333,0.907559694658167,0.919537940466135,0.963979078068888,0.726926163578065,0.944356435456563,0.90576847078116,0.926624737760482,0.907043937250763,0.726853244913862,0.915790527502595,0.724093134660919,0.938974614048985
"ENSG00000001084",1.0000992356852,0.980291175402537,0.972682034940046,0.935805422460964,0.97173460260404,0.916967508841362,0.946853146663965,0.932099386192114,0.97952218410369,0.991066947507565,1.0433114586485,0.999500549195984,0.99740415315547,0.799045440827474,0.981818181625195,1.02706974885851,0.999408866798146,1.01927368613932,1.02611711874595,0.981613285689677,1.00900900880701,0.998198558647278,0.993730719276798,0.798807156898845,0.940990098823566,0.932309839311672,0.964837978732426,0.939966373070919,0.789235906346644,0.970729319437938,0.985762309474834,0.973363699183411,1.05274836085673,0.951859956046974,0.959536417032763,0.985562082846647,0.817248042140293,1.15617253323626,0.982112856807567,0.971286636667405,0.964979776863968,0.982788122600345,0.803519647874508,0.996614220076356,0.990522282518548,0.981472307345393,0.800238996056515,0.957860455746993,1.0264847509979,0.95584158396914,1.00019755017776,0.802236198302439,0.990535020227053,0.806098906448771,0.804646039690669,0.948136304397295,0.987954205875967
"ENSG00000023909",0.945519499663487,1.02505694740516,0.99786737057015,1.01395534270057,0.941783199257804,0.996389891496913,1.05574425553332,1.05683532822516,1.07267616922853,1.07076181851435,1.0108026247328,0.987114174210945,1.04033546305105,1.00526996102113,0.979262899070415,1.0057300926683,1.00571428551612,1.04179346702337,1.03448275840961,1.0492289440393,0.99979979959964,0.995596476982467,1.02637078295823,0.998608349702066,0.909108910711068,1.03479214414619,0.983945631639132,0.821085945836992,1.02494598290612,0.980127263635805,0.820842396515554,0.990593127836302,1.0936964193457,0.969763278104284,1.01868318492983,0.977596335561566,1.07535848650964,1.0639563706368,1.07500741158711,0.969498261108892,1.00009864831802,1.02687468524874,0.953104689340445,0.957777335001439,1.04234724721872,0.822550282210928,0.826727743312741,1.00444093535884,1.06601123574117,1.06554455424445,1.09561438145089,1.01227912528456,1.02381189578085,1.09880629930809,1.01752277940973,1.04227041050419,1.00746640099403
"ENSG00000140905",0.990175647317619,0.938298504320432,0.785010662986694,0.979864433616454,0.913815332557014,1.0050140391085,0.772227772073481,0.973141534861052,0.77594860454207,0.898524540620591,0.986774356186416,0.772150634148007,1.02036741193683,0.9362632990084,0.990663390468666,0.978857933021368,1.068177339691,0.962061269839306,0.788614568294508,0.93080268862578,0.972172171977543,0.902121697177317,1.00447805731825,0.974353876545854,0.972475247332183,0.946465955349124,0.935881020203707,0.90060330315486,0.923197799857946,1.02437591756743,0.999406762705278,0.948410733548191,0.953303075954957,0.974736423120204,1.02208012768067,0.937369311771907,1.05176446637816,1.03579573603653,0.997727047930087,1.02771982095823,1.02791752963837,0.955208857381941,1.01829816997934,1.01692889842324,0.779391006094093,1.00227880689542,0.951204939065683,0.945820586016812,0.775481540775385,0.924158415658582,0.907941524909534,0.939003693533193,0.943907541906166,0.982044337249063,0.975267848007356,0.919756170496701,0.953708312403443
"ENSG00000119125",0.977274982439759,1.15360998293481,1.17091499925441,1.14852472066417,1.07229991052816,1.18672282366893,0.983816183619617,1.18821044136642,1.14675767895066,1.13158687119711,1.10388692557216,1.156927379651,1.15375399337984,1.12041364201642,1.14771498748939,0.972930250746309,1.12729064017196,1.1627104887071,1.10691695549747,1.1466982994965,1.11591591569251,1.05404323437669,1.10697581826909,1.13677932382967,1.11801980175881,1.11853254887478,1.11041071582578,0.973988724958167,1.11392653680732,1.1087616248441,0.973699821836326,1.07139320703606,1.15400907692304,1.1943505070232,1.17973823535224,1.1723588566818,1.00152547523614,0.976499751913436,1.14616068758847,1.13442622928278,1.12400118356042,1.18087569176027,1.15728427134141,1.18084046979071,1.16132284711407,1.17269394606704,1.14200358471579,1.14161650031745,1.13222311373752,1.09326732651618,1.0693401815351,0.983128681045597,1.1413769052224,1.17624636349157,1.18213677757442,1.13200759445748,1.14723743132957
"ENSG00000168827",1.03304554906559,1.00326829731539,1.05392505310167,1.03110047826334,1.02251314072746,1.04612916144281,0.998601398401878,1.02866914776609,0.998193133708454,0.985044665063727,0.962342251193873,1.00529417620512,0.874001597269568,1.02018494560601,0.978280098087807,0.978067575384693,1.03763546777584,1.02738892249394,1.01693531911509,0.996441280941787,1.02082082061645,1.01521216953258,0.963080903380818,1.01073558628017,1.04752475226782,0.997507725850362,1.01172067349321,1.06240727899072,0.988410921039401,1.02143906000559,1.07415463692423,1.01792256638916,1.01180030236777,0.968370797499827,1.03526825836042,1.08234591236038,0.987491101192415,0.996926127715037,1.02322363849724,1.03010432170291,1.00147972753251,1.05385002495141,1.10348965081422,1.07847042400349,0.995765275056309,0.982661250176823,1.03744274028332,0.978387446762383,0.984349919545676,0.975643564163239,0.980640063022394,0.990116801239869,0.95845372104046,1.07513291181159,1.01451887433373,0.997901468772279,1.01363862598036
"ENSG00000164347",1.11124342540215,1.04486481112313,1.03158322310722,1.04645135545326,1.06714271525,1.05194544704133,1.02097902077503,0.997887536264382,1.03714113610979,1.03121549713315,1.11418475494918,1.05523923662866,1.08726038316948,1.08939047407987,1.09680589659031,1.06263584250886,1.07940886678238,1.16555082143121,1.1360946743244,1.05871886100065,1.11771771749395,1.05944755783438,1.03831226967095,1.0592445325926,1.05386138592993,1.05074269742783,1.01841820131618,1.04262684184697,1.05126694145526,1.04317180596316,1.03005734604903,1.04247945320478,1.03156833060382,0.911875870118982,1.03706663981675,1.04888977376304,1.08227397516887,1.04333168050702,1.06670619605362,1.04083457505398,1.04271480693643,1.06713638629751,1.05609439034975,1.06771559429044,1.06936882414411,1.04052313463975,1.01593308085721,1.05042929022986,1.05497592274178,1.04693069286199,1.03417621473051,1.06598782049197,1.02042442940711,1.06851238818969,1.09542405104728,1.06625362225117,1.05445495250285
"ENSG00000198380",1.01875558181626,1.01178567871412,0.997258047933937,0.982456140155013,1.01160368917751,1.00220617709543,1.00779220759085,0.985011568054519,1.01023890764701,1.00672488186154,1.12468450254928,1.03006692617519,0.978833865619242,1.07288455780593,1.06928746907729,1.03734439813528,1.03034482738318,1.04544532338295,0.964293001231526,1.03084222992668,1.03603603582862,1.01381104863615,1.00368195820406,1.00536779304068,1.00158415821751,1.02781377708547,1.000886437309,1.02403323093185,1.03692791179789,0.983847283214127,1.00276843958814,1.06069907890668,1.02349974765033,1.03680127291888,1.00329703247012,0.986557801257282,1.00132207851087,1.03440753573933,0.988635240441025,0.981420764832306,0.995955410674567,0.997684951988388,0.967903209485471,1.00219079844609,1.02722323028287,1.0016843354797,1.0153355903176,1.01213855698961,1.03671749577915,1.0160396037592,1.04800474100197,1.03324348586738,1.04234332947248,1.02959173417001,1.00791028316653,1.04426901148311,1.03135888481207
"ENSG00000006625",1.01776322297951,0.982271961774334,0.953793033217468,0.979266347492172,1.0853912523881,0.961091054761113,0.95044955025965,0.818227542336138,0.984541256578088,0.982435009338064,1.01686017142517,0.984517031068921,1.00638977615687,1.00626429332678,1.05041769021122,0.98280972120474,1.02009852196648,1.04564820429181,1.01571107916431,1.00415183847288,0.996596596397078,1.04643714951032,0.973430191865175,0.953280317901932,0.985346534458347,0.977569534248316,1.01487245129225,0.954010483442981,1.02239245707673,0.980127263635805,0.976270515923221,0.956728388759931,0.979525970553802,1.01551621225074,0.812668598099177,0.983769789707504,0.977524661654119,1.03182944947311,0.961162169984947,0.99354197695111,0.958468974852822,0.979164569505956,1.00469952984608,1.00318661601211,0.963097398474875,0.80590508257091,0.9434375620507,1.00088818691387,0.978932584073248,0.973465346341888,0.994863690044476,0.963162623347676,0.964431602876471,1.0037115054662,0.966856913794562,0.990906365346077,0.946341463226214
"ENSG00000137563",1.02451126306946,0.983856590871772,1.02731796465374,0.900917065211141,1.08082911810357,0.996590453069276,1.06313686292445,1.04234986398907,1.00321220618285,1.0826056406539,1.06128218050252,1.01388472659797,0.969049520573273,1.03609426249655,0.982800982607803,0.985180794114764,1.06246305397784,1.00973828342265,1.02468883880337,1.00375642526616,1.01701701681341,0.904523618714067,1.04408398824876,1.06023856837769,1.02574257405431,1.01365766104802,1.0645129516272,1.11700128550747,1.05539186779505,1.08291727829997,1.06782677455649,1.05158926605573,1.03761976781894,1.007161328624,1.04246178418574,1.05725380841238,0.996237160379083,1.03639067902104,1.00978357525254,1.02354694465503,1.00858242063558,1.04076497211057,1.0572942703615,1.03923521190216,1.04920346822964,1.05320519150833,1.05735909160379,1.0160860552618,0.99919743158122,1.07742574236091,1.02449624634048,1.02525706278821,1.05828434770185,0.998094091483982,1.01932512245533,1.0162885977783,1.05306122428013
"ENSG00000102393",0.718467797813145,0.717044666590662,0.9003757487762,0.891347687222618,0.923733015784244,0.72603289195226,0.943456543268041,0.94638366342493,0.954226058832719,0.92281441314407,0.918727915008838,0.917191089617982,0.913937699498016,0.948990752520833,0.71154791140805,0.906935388083988,0.966502462863744,0.879894501748855,0.7386247703043,0.917754052803924,0.953553553362652,0.931745396130555,0.938998905176834,0.9397614312247,0.962970296839016,0.952248030913718,0.955973603672614,0.980911877958478,0.953447259683079,0.974645129520383,0.982993869688947,0.9371224871894,0.965405950385193,0.926596379366104,0.947946847647528,0.93916160491105,0.736296145482295,0.961427862972449,1.010771815197,0.975062096179819,1.00937160875814,0.971917463317178,0.993700629738286,0.720971917801041,0.919540229699629,0.91627860875532,0.921728739111386,0.89746373218248,0.890248795969051,0.874455445371395,0.899249308396039,0.908854946409333,0.918601175467052,0.885143946055744,0.873535596100223,0.871989607100632,0.934395221317194
"ENSG00000170266",0.985015381366475,0.993760522730759,0.985274702755098,0.802232854704499,1.022711494392,1.00681909325976,1.0019980017978,0.990845991149614,1.00501907227364,0.97219712918354,0.812518929669355,0.936569773062317,0.945886581280773,0.96430347002798,0.959606879418259,0.969176051972105,0.95586206877717,0.996145262528678,0.821056926990195,0.987742190393883,0.805605605444323,0.944755804454612,0.921882774221936,0.98966202763625,1.02871287108342,0.968597348027395,1.01172067349321,1.04816536424722,0.976821842275226,0.956045031628772,0.999406762705278,0.950391127646224,0.96782652527124,1.01710761865584,1.00469577360282,1.05287264740558,1.04403539081785,1.01497273157859,1.00029647178569,0.984600099158549,1.00877971766622,1.03452440844801,1.03069693010085,0.985859390363302,0.961484170001717,0.995145149906837,0.974706233623839,0.945228461275984,0.97993579434592,0.983762376042819,0.947451599970871,1.00209643585862,1.07761283230495,0.976226301338905,0.980875137482552,0.95812930929187,1.05445495250285
"ENSG00000178445",0.98680162727264,0.999108645934612,0.981618766937825,0.851076554854251,0.964593870680434,0.961893301050563,0.998801198601638,0.952620460526583,0.969484039154892,0.982435009338064,0.991216557094151,0.974128458500824,0.964057507794717,0.976235457695886,0.988304668110407,0.975498913065501,0.953497536757932,0.988435787991796,0.994082840033854,0.968762356471182,0.96676676657322,1.00200160108046,0.975022390093537,0.848707753310396,0.84534653448607,0.972983750179846,0.983354673301811,0.95638413590023,0.972107640744037,0.958198727174117,0.844176388996603,0.845430240450454,0.861119515711322,1.01491943484883,0.853032270785686,0.975206611376042,1.00213566541195,0.968765493114771,0.96590572171837,0.963735717642576,1.04449048021219,1.03271263190081,1.05129487030271,0.850229037870896,0.993345432346573,0.980085207375392,0.850229037870896,0.989243067010906,0.981741572836729,0.984158415646701,0.974713551763194,1.0224618147105,0.850652585264391,0.856455010360828,0.951837388414571,0.977315878689454,0.849975111826784
"ENSG00000124767",1.21881512330677,1.26275131202085,1.19488168961209,1.19816586897963,1.23415650079656,1.17749699134025,1.16643356620051,1.19303892944512,1.23107809652056,1.18679112693229,1.31529530513573,1.19788232919831,1.23402555885902,1.24112558392341,1.19744471720935,1.22031219102543,1.16965517218332,1.23838506771386,1.22342379081342,1.24337682854026,1.25565565540427,1.18775019992239,1.20390088542066,1.24333995999138,1.19663366312938,1.19808593336695,1.20732788314639,1.15854020350934,1.20762129223971,1.18316201641054,1.1485070197452,1.21200118799643,1.16933938453468,1.16630196913342,1.19492456765013,1.18609977074856,1.17176853428826,1.18274665321116,1.15505484708863,1.33889716813932,1.18555785712034,1.19476597862209,1.16408359140804,1.16849233197202,1.24379915280423,1.17071237468132,1.17904799817187,1.18839435484291,1.21709470280556,1.18910891065562,1.17641248495132,1.16881301763626,1.17903756078927,1.18567559410459,1.21978572119359,1.19576296568487,1.18546540543843
"ENSG00000167699",1.08802222862201,1.09319599859499,1.03300497592505,1.0496411481161,1.08677972803991,1.0403128758443,1.08571428549736,1.03752137591037,1.04597470366473,1.06554250706302,1.12226148387233,1.12616122243009,1.12280351415279,1.06751516335537,1.05454545433817,1.12546927462449,1.12650246283222,1.14485696872695,1.06957763699866,1.08125741378386,1.10550550528418,1.07726180923193,1.10319434747673,1.05805168965049,1.08772277206184,1.11494367438641,1.05426967378031,1.04005538501829,1.08131997621659,1.07763093468867,1.03974688529963,1.11001089194772,1.10458900633291,1.095882235708,1.05365171324735,1.04570347484901,1.08288416534468,1.08220128882852,1.05860262850902,1.06328862373308,1.0604715396941,1.04982385484654,0.908109188899488,1.0661222861848,1.11574914274738,1.03834340611546,1.09241186992782,1.05654791255175,1.07704654874056,1.05841584137457,1.0606479650216,1.09294199838416,1.06545780590506,1.03962283056683,1.0621808348729,1.06305586068491,1.06401194603006
"ENSG00000173221",1.03562568204116,1.05773992253982,1.09515588481869,1.00757575737489,1.02251314072746,1.01444043300954,1.06373626352373,1.02484659470378,1.06303955007769,1.05972096736731,1.14386673374177,1.00869044031392,1.05211661320844,1.05240131230936,1.03390663370341,1.06559968364639,1.0541871919105,1.13877054146099,1.10038767575997,0.874456306667763,1.15755755732581,1.15932746173752,1.09204895987819,1.05387673935311,1.02772277207372,1.09400857320427,1.04914803485686,1.0675501926481,1.04399921409468,1.02515907958391,1.04567925626939,1.06446182769295,1.11003529982652,1.05351104017237,1.04945548984924,1.06860499829362,1.03061120694994,0.877144273499823,1.09832987427644,0.999503228812816,1.0241688860562,1.01459486642887,1.00369962983628,1.03505277812487,1.06533575296121,1.0240760921383,1.0450109537851,1.08714102416123,1.04835473494214,1.01089108890873,1.06479652290304,1.07836677626468,1.0893693332491,1.05226201202683,1.04375688374011,1.03107824502227,1.11816824268429
"ENSG00000115419",0.898481690801135,0.985243141332031,1.09799939045435,0.971491227876497,0.730536546517795,1.12675491353254,0.904095903915266,1.06266975132026,0.990162617749415,0.926427782610373,0.893286218900901,0.947357906113803,0.932907348056528,0.947797553754042,0.914594594414821,0.882039122528742,0.988177339706763,0.976262933459878,0.898184043889373,0.856860418968592,0.962762762570017,0.906925540250815,0.955916011353186,1.00616302166875,0.988712871091344,0.92273950734269,0.946715256387922,1.0058352287596,0.898055391691602,1.01615271639429,1.05695076111193,0.977522526789282,0.954109934250306,1.01631191545329,1.03346987690409,1.02260280772227,0.942337028182175,0.916410510477658,0.996738807985623,0.980625931250745,1.08256880712586,0.879114242399776,1.02409759003618,0.994423421431105,0.927203064947126,1.11185970452554,1.00039832682725,0.941873087744622,1.01223916512596,1.06851485127356,1.08060055292758,1.14744933589948,0.96383381469287,1.16420904781539,1.03654751155772,1.04426901148311,1.06162269764826
"ENSG00000148672",1.18467797932228,1.2191740118413,1.1904133236132,1.20633971267816,1.18714668229948,1.19554753285288,1.17462537439068,1.22703953299929,1.1539851433138,1.18137107273284,1.18606764236526,1.21905903481789,1.19109424896344,1.17947698097256,1.18211302188067,1.177632878645,1.19034482735166,1.21545952501208,1.21750663105131,1.1569790428713,1.18318318294631,1.16953562826871,1.21624042169047,1.19542743515001,1.17663366313334,1.17435948536051,1.18782625801481,1.20680447014008,1.16342565288481,1.16554087103954,1.18192604287484,1.18427567062397,1.20968229930213,1.16928585614297,1.2097112596244,1.26057950786407,1.23807586672672,1.19960337110568,1.20723391615629,1.22046696448674,1.26842260998946,1.25556114720573,1.26347365238207,1.1846245765416,1.1677757610067,1.19865253121992,1.17028480359086,1.17240698684054,1.18659711051633,1.20356435619731,1.17443698119825,1.22232205226668,1.22865398002817,1.24144849007093,1.18794432738802,1.19636254597854,1.20019910379289
"ENSG00000196743",0.861168998539016,0.819649400649767,0.878643241417966,0.826754385800089,0.931468808701484,0.840152426626524,0.849350649180949,0.873956342244451,0.555310178567494,0.55525444132184,0.558505805036142,0.857257017109728,0.552316293819426,0.784130456242591,0.543685503578637,0.836593558419958,0.545024630434478,0.745181578262288,0.788206488310915,0.546856464897814,0.836636636469142,0.553642914220648,0.909941287509217,0.549900596312147,0.933069306745927,0.768617286258874,0.920319117320926,1.00049451073079,0.543311726469591,1.00714635320467,0.862566739002854,0.896920486999323,0.5579425112339,0.550228764561323,0.552702567578639,0.903514885810313,0.815010678162308,0.889836390502759,0.546694337277064,0.920218579052118,0.545723586752348,0.556819325504415,0.893910608760342,0.892650866183499,0.856019358569063,0.854453581520964,0.792471619041531,0.88937136072449,0.87098715873375,0.547722772168768,0.546424338098296,0.552261155924476,0.908837301801567,0.7441067307164,0.869129868655426,0.85320275789883,0.86689895453123
"ENSG00000112699",0.912176242748402,0.916113696956301,0.870112724510996,0.904505581956837,0.922542893796976,0.767950260576023,0.967432567239274,0.906146262769108,0.916281870926263,0.951922111622619,1.07137809165646,0.974528018984212,0.844049520598233,0.935467833163872,0.936805896621758,0.972535071927972,0.985812807687525,0.948671129854195,0.781269128589825,0.909450375462742,0.958558558366655,0.766413130350998,0.912727634408851,0.898807156878965,0.96792079188754,0.763433356442342,0.754259824533781,0.757392938234123,0.929876252027131,0.749681840283959,0.847340320180474,0.921279334405133,0.912556732039827,0.884026258029834,0.855430112727459,0.879418500272943,0.9130478997431,0.901933564521183,0.879138254594498,0.863189269575124,0.755450330323478,0.885354806062334,0.87451254857024,0.937661820167763,0.772131477964886,0.914891508785318,0.879506074311988,0.870028619190757,0.910513643477024,0.936039603775042,0.945080995467191,0.877308575246619,0.94231344008323,0.915839101030025,0.925202763407389,0.890776456302433,0.762369337827303
"ENSG00000173540",0.889947404805012,0.889373080937036,0.906062760047514,0.766148325206111,0.945353565219607,0.923586040729325,0.920679320495369,0.921235288015042,0.887974302170654,0.909565391767627,0.958101968509217,0.947757466597192,0.917531948698576,0.958337476194027,0.881965601792243,0.935585852413439,0.903251231349113,0.968147697105265,0.931238522560449,0.884539343439197,0.953953953762972,0.98759007185997,0.764852223949676,0.905566600217581,0.939009900804156,0.892034692275539,0.905151186663026,0.893680150154548,0.933804753303122,0.891238374764319,0.89677674492846,0.761065451874232,0.916591023516573,0.921822160150821,0.903386951562916,0.904112316856694,0.904098443831161,0.926722855542544,0.759561221314446,0.888226527394292,0.873039360585372,0.915551081848908,0.768523147531542,0.765385381245691,0.9338576323989,0.877836123872419,0.900019916172073,0.897266357268871,0.922150882640018,0.927524752291579,0.895890952015826,0.905660377177666,0.912025505447439,0.864479887478287,0.896966055693008,0.908763865112668,0.927824788267232
"ENSG00000137198",0.924084548789504,0.921263741522974,0.9253579768609,0.760964912128994,0.928493503733315,0.910549538525762,0.762637362484988,0.913791368893715,0.921702469198614,0.927030010854757,0.936092882193621,0.932773948470128,0.925119808121981,0.932683702708028,0.917936117755688,0.913653427995721,0.908965517062273,0.883343477199565,0.894307284045234,1.00118623942246,0.764164164011178,0.904923938970191,0.892825156554319,0.904771371589509,1.05524752454352,1.07347223585416,0.985127548313774,0.755019285776873,1.06049891945384,1.02692119412101,0.902115878801243,0.964055846922655,0.928693897946809,0.92619852776483,0.921370766126212,0.925221547162158,0.95820197275334,0.932870599715841,0.754422373603237,0.923397913378361,0.905396073610458,0.966280825170351,0.934306569156223,0.910973909398332,0.76971163525515,0.933320122672482,0.915753833715245,0.90180598028189,0.918739967712933,0.755841584008744,0.927696562440202,0.895677348328706,0.946497957368437,0.906209248489074,0.932211875251384,0.762865993651871,0.948929815639835
"ENSG00000163655",1.02212960186124,0.951371694374295,0.947699806855347,0.930223285300992,1.0560349100355,0.694143601946622,0.994605394406672,0.912986620880598,0.968480224660012,1.01897018949735,1.02836951014066,0.99071021856144,0.979832268174954,1.00984388962716,1.00088452068779,1.02252519244763,0.961182265820457,1.03448975430422,0.99999999979596,1.08046658737041,0.973373373178504,1.07165732564619,1.02059906438042,0.999403578330138,0.991089108714636,1.02203170152088,1.03575297921092,0.979329442986979,0.999214299548377,0.677630934766984,0.995649594424431,1.06862065529882,1.01765002500905,0.888402625643843,0.959336596870949,1.00607388210573,1.01250889840079,0.944372830749752,0.961952761940517,0.938897168218798,0.927296044011582,1.03593356798471,0.940905909220897,0.981079466046389,0.990723936077692,0.939264836829631,0.938856801246991,0.977795322021554,1.02267255196174,1.00158415821751,0.967996839002766,0.986522910854243,0.986549765669712,0.979035008330016,0.943426454201777,1.01968621944245,1.02140368322122
"ENSG00000159921",1.06857199542154,1.09418639178089,1.1252158015385,1.07954545433023,1.01636417712658,1.0948656235269,1.10349650327602,0.944572980395418,1.11784782149812,1.10749774142176,1.11620393717997,1.09080011965022,1.04832268349674,1.10032812944211,1.08992628971205,1.06145030605385,1.05300492590089,1.05619801155281,0.957967761485826,1.05258995629644,1.04804804783823,1.11649319433217,1.07592795281602,1.10795228606204,1.11801980175881,1.05991426556477,1.09859154907937,1.16269409530953,0.922215674538948,0.919236416853796,1.14554083426032,1.08287949280466,1.09389813391954,1.098070419515,1.10120891175918,1.12177636142153,1.11807179881662,1.10877540880342,1.12481470478806,1.0994535516941,1.14826871832924,1.11605435307176,1.09749025075543,1.09778928478435,1.06594071363865,1.10710393319982,1.09778928478435,1.05852166168785,1.10272873172096,1.11108910869087,1.06914263115979,1.10631925704177,1.07920693412789,1.12970207621031,1.11545008488726,1.08843809311713,1.09049278226172
"ENSG00000113552",0.945519499663487,0.964642963065337,0.897532243140544,0.978867623409317,0.982644054153993,0.964901724636,0.938861138673554,0.894879790585479,0.953423007236815,0.908160192530732,1.01908127187903,0.999900109679373,0.980031948686096,0.984587849063421,0.970024569833902,0.993479549299846,0.966305418528807,0.958612294388595,0.988165680271747,0.807236061524864,1.02842842822254,0.986389111091595,0.95233356533937,0.963817097223893,1.00910891069127,0.999302163094546,1.03535900698604,0.972406289986667,1.0324101353305,0.994224179932604,0.970931382050439,1.02168531517543,0.926475037634599,0.962204097680087,0.936756918585921,0.967639151455215,0.9897284651704,0.953495289845613,0.945547978862427,1.00029806239438,0.944263588646687,1.01217916436594,0.953304669342405,0.968333001201288,0.995160314378875,0.940850093938205,0.954391555276958,0.995361689332802,0.928972712494187,0.936633663180865,0.986961675032208,0.998103224319037,1.00169373298761,0.9673989365097,0.983278261543351,0.953732387138257,0.995321055053196
"ENSG00000163281",0.850451523102024,0.842230365288258,0.670661114924208,0.896730462341162,0.902509173677971,0.843762534929049,0.659740259608444,0.902927270716643,0.895804055230716,0.867409414660763,0.938919737316725,0.881829986838112,0.894968050939503,0.885353484958665,0.90810810792961,0.909306460994012,0.868571428400282,0.823696489993163,0.835747806399562,0.879992091561884,0.945945945756567,0.916733386525874,0.89322320611141,0.656461232473865,0.923168316648878,0.919150632854322,0.957549492572137,0.898625259440486,0.949715183470887,0.914929025763107,0.873047261049427,0.941677393614877,0.666061522810679,0.892977919058489,0.659806174311159,0.844170068536459,0.671615986846005,0.927714427183398,0.857001679838521,0.916840536330484,0.651474795175797,0.923603422058661,0.910908908926925,0.873132841889438,0.876789675160962,0.864559595588119,0.8884684324062,0.904569229072423,0.902889245404717,0.823366336470621,0.914460687294654,0.89967055986829,0.910032878168769,0.902798675714154,0.661259637396363,0.659938043237746,0.657441513059743
"ENSG00000100522",0.983626078995013,0.910567495115268,0.883924037598472,0.907695374619678,1.02330655538564,0.869835539336174,0.706293706152589,0.834724876605025,0.900823127705115,0.831476462745864,0.974659262801684,0.940565377896201,0.904153354452046,0.962712538338926,0.928157247974809,0.965817032016238,0.93990147764731,0.944207749859158,0.893695164069844,0.890865954746764,0.953953953762972,0.861489191180647,0.881679768955781,0.945129224464189,0.887326732497559,0.840195394110219,0.902787353313742,0.699238453031503,0.879591435694443,0.869701419310876,0.891833102453662,0.906228339260079,0.913363590335176,0.930972746980113,0.891997202339495,0.92243353561238,0.93257398536915,0.701041150084077,0.910564284828429,0.856035767341076,0.913287954836088,0.917966783911834,0.846715328297827,0.899223262119254,0.940512199850673,0.849499653056673,0.958374825541053,0.961807954019183,0.938202247002768,0.913267326551828,0.871987356603717,0.915843066603605,0.865796552582286,0.909218577408122,0.9091819363354,0.925951833531338,0.895370831081061
"ENSG00000135677",1.01558003353864,1.00089135366923,1.01370975911167,0.935406698378109,1.08618466704628,1.093261130948,1.04915084894123,0.988834121116823,1.03111824914051,1.05209274293845,0.993437657548019,0.976725601642848,0.97324281130726,0.994133439197746,1.0101228499243,0.901402884627267,0.929852216565547,0.994116453440025,0.980208120591674,0.931791221642588,0.91671671653319,0.946357085479112,0.983978505128077,1.02783300178373,1.11881188096657,1.0387797824666,1.08874224345735,1.07447334564841,1.02671380848032,1.09760156610913,1.17480719771113,0.991385285475515,1.0033282902666,1.02367217007685,1.05864721729271,1.07597331453232,1.12173293987151,1.02151710440823,1.05721909258677,1.02473919502737,1.07290125262446,1.04640161025739,1.0622937704105,1.02449711192502,0.996773542852032,1.06331120557549,1.00975901194787,1.01352018138488,1.01565008005304,1.02396039583684,1.04662188837483,1.12129380031521,1.10670519057354,1.0630955961354,1.02052668448573,1.02148496032348,1.09029367822991
"ENSG00000120053",1.07333531783798,1.09379023450653,1.02792728728995,1.01574960107342,1.12982247324609,1.02286401904876,1.02517482497,1.0159943665595,1.02971290884768,1.03563183759196,1.12226148387233,1.08780341602481,1.1072284342837,1.08541314485723,1.07439803418685,1.08377790928991,1.07330049239935,1.10367214422729,1.06998571698225,1.10142348732673,1.08608608586865,1.07005604462169,1.04826350859822,1.03677932384955,1.02079207900578,1.05034393359578,1.04717817373246,1.00326377193091,1.05460616753985,0.996377875477949,0.996242831521407,1.11218932545555,1.03782148239277,1.02904316669404,1.06124487939629,1.0132430546623,1.07271432908111,0.914427367195949,1.0429884373865,1.02930948812135,1.03936075741554,1.0528434824252,1.04929507028311,1.05935072673584,1.08449284107996,1.00445853541971,1.02768372813629,1.03503404696831,1.08868378790355,1.0522772275144,1.03595416810827,1.08795048395968,1.04433595675115,1.04042531827858,1.0553719833673,1.05326271588823,1.02916874046209
"ENSG00000125166",1.11302967130832,1.13815984923479,1.03300497592505,1.06937799021743,1.05206783674461,1.11853188906568,1.10689310667195,1.15923951289423,1.05480827121967,1.08842718034961,1.12044421986463,1.16272100666013,1.14137380168902,1.12419210477793,1.057493857286,1.0863465716091,1.16748768449902,1.15581253780568,1.11324219524317,1.05812574119056,1.13873873851076,1.0960768612698,1.0192058909306,1.09701789242604,1.06217821761145,1.08802711572365,1.1192750908856,1.12115517730765,1.06540954604883,1.1475281446603,1.08898556434863,1.08684028100072,1.12718103860269,1.14004376344936,1.10820261742268,1.09548939538076,1.10525780512453,1.1081804658189,1.16651843044441,1.06944858399017,1.14984709457436,1.08887770486384,1.10468953082598,1.09778928478435,1.12684008850033,1.12156940431555,1.14678350903271,1.07687752865353,1.13663723893727,1.11227722750252,1.02449624634048,1.11330737723604,1.09694131690805,1.09038017833476,1.12626414316086,1.12481263093338,1.1241413636388
"ENSG00000152642",0.865733849188105,0.842230365288258,0.840865237972811,0.869816586748442,0.91798075951245,0.867829923612549,0.8999000997203,0.878181269313312,0.845211804688775,0.911773561997034,0.909843513193368,0.89461592230654,0.801517571724937,0.888734214797905,0.84638820622184,0.904761904583133,0.825812807719052,0.821059038177914,0.709447051477362,0.882957690612306,0.88348348330661,0.883106485011388,0.886058314083778,0.832007952120873,0.88158415824127,0.867710098521043,0.863390130825689,0.867372168753363,0.854841877655698,0.850122368898654,0.885505240085919,0.902663629883619,0.907715582267733,0.841456136693564,0.855230292565645,0.884197948643991,0.927692463962637,0.898760535270449,0.876371182750001,0.893989070860608,0.759396270936293,0.699949672732773,0.695330466814252,0.875124477021485,0.894736841924836,0.837808381880945,0.896434972934389,0.868646994795491,0.88884430158731,0.901782178039251,0.850059264944674,0.897474293521519,0.915213709093312,0.832179757080514,0.849504355492239,0.881582891799424,0.896167247208329
"ENSG00000115159",1.0991366475937,1.06922848349624,1.06367421528107,1.05362838894465,1.03243082395469,1.05455274748204,1.09110889089089,1.17996177423198,1.09877534609541,1.14202549409976,1.03422513860995,1.1535311155422,1.08226837039092,1.04046932464145,1.06260442239556,1.05690574964297,1.06167487663809,0.9878271452652,1.02407671882798,1.00889679695356,0.899299299119259,1.01961569234996,0.997313165290613,1.08767395604619,1.12514851462868,1.11175356373009,1.05564857656739,1.1266936997079,1.09644470612916,1.11013215837296,1.14672730845428,1.13179522702608,1.08623298011372,1.07618858144496,1.12159056826424,1.11301403940794,1.04057764648824,1.15597421890809,1.12145468897688,0.990163934229476,1.03837427226233,1.14021137370101,1.11548845093181,1.1254730131198,0.980036297443026,1.09481819060838,0.982075283612413,1.08911477329732,1.05577849095992,1.02673267306401,1.07388384016715,1.07637017049488,1.04672710948556,1.06851238818969,1.07059176908569,1.03047866472859,1.05007466380287
"ENSG00000171723",0.946511858500246,0.89412696822935,0.856707626514328,0.888357256601205,0.932460577024207,0.90633774550615,0.859140858969203,0.877577708303475,0.904436859886682,0.911773561997034,0.925795052816599,0.916192188409511,0.952476038148467,0.88038182343037,0.878034397861811,0.954752025102795,0.928472906220991,0.9778859807308,0.947765761895987,0.890668248143403,0.925925925740555,0.886909527444574,0.854214349516526,0.932007952100992,0.896633663188785,0.860133585712265,0.91618240895968,0.882603105354049,0.953840109810678,0.91962799786204,0.898160964821404,0.925438162011003,0.901865859626452,0.912074795919619,0.874013387776199,0.883202230233356,0.861588528249448,0.939018343889139,0.885858286216848,0.896969696791462,0.911709578590962,0.898439858903183,0.910708928924966,0.906592312107829,0.915507158516736,0.838799167573804,0.913164708043584,0.912464225616804,0.915730336894918,0.899009900812077,0.848873962692834,0.904262753138811,0.752416060425941,0.894573176668758,0.9093821966738,0.86519436377232,0.874265803708459
"ENSG00000105220",1.10806787712453,1.100921065445,1.03422362119748,1.0576156297732,1.01358722582295,1.05054151603479,0.971028970834959,1.14555879667125,1.10981730553908,1.06172839484859,1.01060070650972,1.02467285964945,1.14616613395644,1.12538530354472,1.15577395554678,1.0397154710453,1.11763546776007,1.15520389507908,1.09018567617013,1.06346381948132,1.11251251228979,1.06265011988338,1.11732510675344,1.06202783279085,1.08138613839973,1.08683082422753,1.01684231241666,1.01671446918866,1.01944608111973,1.0964268230844,1.11034209983976,1.04842063549888,1.13202218837478,1.1094091901513,1.09541412706656,1.05207607267707,0.947015152863416,1.06435299929314,1.10089929813205,1.03308494763376,1.10584985674147,1.06009058861397,1.12368763101216,1.04321848216626,1.07420850956358,1.06271673415977,1.05218084026047,1.04194216894465,1.06039325821421,0.993267326535987,1.10173844308539,1.0224618147105,0.984756401118909,1.17263516878872,1.08781415818808,1.01209153572258,1.04270781462564
"ENSG00000166123",0.88855810243355,0.900663563256281,0.933685386222467,0.89035087701548,0.812059902645629,0.896309666888024,0.902897102716704,0.954229956552816,0.736398313443807,0.901937167338766,0.907622412739501,0.887224053363855,0.732428114869723,0.89489907509299,0.933660933477413,0.930250938365886,0.972807881581713,0.744167173717962,0.90022444380734,0.889086595316511,0.895695695516377,0.885108086292012,0.885859289305233,0.954075546530005,0.861188118641349,0.859734821880224,0.873830394785023,0.896845020097548,0.868395207057868,0.718159569120282,0.869685584166564,0.883651846542499,0.88350983340726,0.909090908910067,0.879808172468816,0.730459026041928,0.873995728491,0.905503222428259,0.910168988850644,0.881073025160244,0.904014994395972,0.738399597234343,1.0244975500401,0.899820752658869,0.93950393205495,0.866144852696692,0.864967137848045,0.902595479936328,0.864767255043185,0.927920791895461,0.910904780539134,0.732354996359718,0.876357477159239,0.905206138849392,0.891158505879412,0.733086839066036,0.855350920685844
"ENSG00000233276",0.942542423153212,0.982866197685874,0.980603229210805,0.899720892962576,0.97907368819219,1.00902527055575,0.975024974830165,1.02384065968739,0.975908451922122,0.979825353612401,1.0184755172098,0.938767355720953,0.971645367218122,0.941036094075562,0.945454545268707,0.941711124097666,0.951527093408566,0.990261716171584,0.98734952030456,0.91459074715014,0.951751751561211,0.95536429124192,0.984973629020803,0.942147117108917,1.01485148494755,0.963612800126884,0.951048950861608,1.01335179487423,0.92575132568734,0.969554576413205,0.98121415839802,0.954747994661898,0.950882501068909,0.922021085951458,0.942751523440353,0.97600318610455,0.968371809016908,0.966782349833062,0.947129162773569,0.990163934229476,0.979974351192666,0.943331655572555,0.820317968039132,0.965345548503217,0.974188344227831,0.988804121472545,0.948814976907227,0.947399585325688,0.823033707700033,0.958217821592432,0.944093243590657,0.819007686768692,0.953870678299518,0.988865482798904,0.955442074505769,0.974517837318973,0.95988053738977
"ENSG00000164294",0.776421553879841,0.918688719239638,0.996242510206917,0.987639553232129,0.77595953569851,0.960689931616388,0.908891108709512,0.929282768146206,0.981931338891401,0.785305630676442,0.897324583362479,0.900009988832283,0.929313098855968,0.927712041179733,0.873906633734859,0.921359414953298,0.871330049089393,0.913369851711631,0.942052642125678,0.773428232350054,0.889889889711734,0.938550840484678,0.865359737115064,0.930019880530811,0.774653465193138,0.935499949967999,0.90140845052666,0.896053802611798,0.899430367138199,0.765932452126102,0.92327466859338,0.890385186475812,0.789107412851416,0.778197732091069,0.923968428229799,0.914866075691553,0.939082680577833,0.893009419753493,0.773198932548039,0.9490312963837,0.955904113454493,0.922194262521954,0.949705029307128,0.779127663656816,0.917927001226472,0.95234320797536,0.950009957986455,0.891147734946976,0.932383627421271,0.893861385961612,0.945476096217804,0.918238993527356,0.920793065473589,0.959574681320178,0.941824371494578,0.85320275789883,0.907516177021898
"ENSG00000137106",0.928847871205945,0.996929780925635,0.979587691483784,1.04984051015753,0.915005454544281,0.985559566589338,0.973426573232083,1.00211246333324,1.08532423186402,0.942286459712479,0.954669358716876,0.921186694451866,1.00239616593403,1.01083822193282,0.966683046493035,0.824343015051503,0.9883743840417,0.99087035889818,0.972658640895193,0.936931593329986,0.98358358338667,0.975580464176225,0.928848641471022,0.952882703587896,0.978415841390413,0.936496859548101,0.948094159175004,0.925724458327421,0.931054802409928,1.00499265765933,0.824995056194385,0.903059708703226,0.953101361381119,0.976924606927208,0.988310520334037,0.958876829441626,0.976304281302491,1.01041150203066,0.966893961662834,0.996920019672743,1.00226891565507,0.83985908387723,0.981301869616778,0.998805018721608,0.993345432346573,1.02229267789115,1.03744274028332,0.888976610897271,0.938202247002768,0.90950495031495,0.986369023906288,0.910052909871208,0.956062568306055,0.836994683350989,0.993091018124944,0.910562605993692,0.954305624498894
"ENSG00000104687",1.0703582413277,1.00584331959872,0.992789681935048,1.00179425817349,1.01457899414568,0.985359005016976,1.04335664314818,1.00714213841522,1.03172053783744,1.04847937347215,1.08107016636425,1.06722605113031,1.09265175697032,1.07129362611687,1.05179361158687,1.06895870360226,1.04709359585279,1.03915601520812,1.03203427850805,1.0769078685099,1.08248248226577,1.04223378682101,0.987959000698983,0.988667991851159,1.04930693048529,1.00608114823924,1.04757214595734,1.01572544733148,1.07483794911121,0.997552618502682,1.00395491378209,1.05257946310475,1.14856278342944,1.01352695424438,1.0154860623408,0.99671412904576,1.03203498402684,1.11353495267952,1.11671113724346,1.02275211107347,1.07073098528742,1.03190739787984,1.00549944985391,1.02688707408347,1.03044968722919,1.0652927769612,0.992232622785853,1.03227079817778,1.10132423733922,0.992079207724341,1.07487159204368,1.03284416471342,1.05170867768223,0.996087872204617,1.00891158485853,1.0326771258054,1.04310602268928
"ENSG00000100983",1.00903046521603,1.04308210338851,0.842896313426852,0.96551036663367,1.04750570246008,0.9713196949516,1.00139860119852,0.960466753654468,1.00521983517261,0.956338452081434,1.03866733951768,0.985515932277392,1.0391373799842,1.02237247667846,1.03960687940253,1.04327208041034,1.0843349751558,1.07506593607728,1.03264639848344,1.03479636199391,1.05405405384303,1.0098078460749,0.993332669719707,0.997017892445921,1.0324752473203,1.03738410905445,1.01723628464154,1.01473642547429,1.02494598290612,1.01027900127063,1.02491595787524,1.01534805406172,0.995057992739272,1.00696240282336,0.994504945350284,0.96664343304458,0.844096409876112,1.02865642022238,0.983101096752031,1.00606060586069,1.01824997513697,0.940714645004386,0.929707029111147,1.00477992411775,1.04416212925103,0.971168136139667,1.01812387950246,0.990032566665344,1.02728731921603,1.00633663346409,1.00493875918512,0.988519516624035,0.983560824751707,1.00551710281763,1.03013918072892,1.01988607954034,1.0176207066167
"ENSG00000197448",1.05070953635989,1.0569476079911,1.06773636618915,1.01913875577768,1.03937320221375,1.02787805835783,1.0699300697163,1.07232672747765,1.09395703651998,1.03703703682886,1.09843513354903,1.12656078291348,1.02635782727109,1.02873620343467,1.12471744449637,1.03675162990777,1.10206896530009,0.988030026174066,1.06284431726936,1.05397390251997,1.01201201180941,1.04563650899807,1.06876306078838,1.03697813100656,1.11683168294716,1.07745987417457,1.06628582663916,1.10631984944984,1.04674916498787,1.05511502671461,1.09432469822141,1.07654223169095,1.0477054965108,1.09787149371437,1.03426915755135,1.13491984444192,1.08390114897104,1.01814576082932,1.08054155527611,1.01798310958411,1.07803097542112,1.08022143913836,1.15368463130613,1.05556661998495,1.01593063097077,1.04349549171832,1.03923521190216,1.11497088698017,1.02949438181591,1.0358415839533,1.08613196343617,1.10711789934968,1.08897080779337,1.02477680789953,0.906178031259402,1.06965124391533,1.06739671457095
"ENSG00000134202",0.981244417786793,1.07021887668214,0.996039402661513,0.987639553232129,1.17722899907225,1.01664661030553,1.00759240739109,0.985615129064357,1.03975105379648,1.01977316048986,0.70489651676832,0.913794825509181,0.697084664397547,1.0939644026859,0.939950859766103,0.954752025102795,0.947389162374899,0.88618380992368,0.712303611362517,0.690193752334877,0.968768768574821,0.871297037455705,0.694795501901722,0.929622266216775,0.947920791891501,1.00049845459067,0.986703437213296,0.690535060688253,0.949715183470887,0.995203132453215,0.891437611055678,0.964451925742261,0.928895612520647,1.0228764668743,0.960335697680021,0.893557701703962,0.993999796401098,0.917203767790341,1.03429192587523,0.973273720621307,0.971687875905753,0.958027176455355,0.971502849520747,0.932682732337645,1.04295220789616,0.691766570753638,0.990041824140601,0.982137570120964,0.965088282310375,0.980594059211764,1.0604504146463,0.940401317572047,0.952077313748714,0.95375664541002,0.935816561342582,0.984910562409331,0.98576406152598
"ENSG00000148834",1.11223578423891,1.18807566580409,1.08073524909501,1.11921850057432,1.0578200930164,0.943642197965575,1.09350649328801,1.05301277516286,1.08191126258143,1.10809996966614,1.18707723348065,1.08980121844175,1.17771565471691,1.15620960502014,1.14339066316592,1.09286702211166,1.15172413770409,1.18502738868228,1.19649051189625,1.22064056915369,1.16556556533222,1.08566853461055,1.1276743952378,1.19025844906754,1.22455445520306,1.20725750150389,1.22308677214162,1.21115616631171,1.23649577661825,1.20234948581452,1.08601937886375,1.23754827186107,1.14069591504978,1.10980704175257,1.07323408910516,1.14467788486614,1.09020644745445,1.05185919661837,1.13212768037709,1.15509190240336,1.08454177743227,1.07055863088665,1.02969703009105,1.10495917125972,1.1506352084794,1.11344496163411,1.10296753612767,1.08299615097543,1.15529695000897,1.1334653463102,1.15586724591943,1.17440351379167,1.15333266889442,1.14715618394079,1.11164513845767,1.11881682799664,1.16117471355676
"ENSG00000084207",1.03959511738819,1.20055461994641,1.17274296716305,1.15510366803128,1.05365466606096,1.16566385857087,1.16343656320411,1.10612614402854,1.20799036313833,1.20566094525632,1.30358404819716,1.2839876133685,1.23522364192587,1.28785920228938,1.26624078599189,1.01521438430839,1.2644334972878,1.26922296586139,1.26729238904973,1.26670620773691,1.25565565540427,1.08286629281768,1.25425415439263,1.18628230592718,1.25108910866315,1.27863622743921,1.17679503571815,1.20502423079715,1.19013946156155,1.142241801049,1.16175598157766,1.23556787776303,1.25829551159691,1.29261985253777,1.13477869894399,1.22075077143866,1.20797315138656,1.15141298936016,1.18648087732257,1.20476900125092,1.23567130290309,1.18027176624454,1.23907609214297,1.25433180616325,1.25892316974008,1.21252353091994,1.19557856976786,1.15938024254231,1.12319422128347,1.06831683147162,1.11576451973217,1.22671458496022,1.28723722202107,1.21837696835824,1.14949434241524,1.0208853800298,1.21453459408372
"ENSG00000163754",1.13109060213732,1.06090918073469,1.07098608691561,0.888955342725487,1.11157393610799,1.08744484534949,1.07432567411102,0.897092847621549,1.07910058199576,1.07678410095819,1.09076224107203,1.06962341403064,1.09644568668202,1.07984488394554,1.1003439801277,1.06816834596559,1.08610837417023,1.10042604968545,1.13058559454589,1.07493080247629,1.03103103082462,1.10148118472749,1.16708130138977,1.06302186857594,1.08732673245795,1.10437643283733,1.10962277137602,1.10691326256416,1.11864073833851,1.07312775309386,1.08107573638895,1.11951678361828,0.899445284740404,1.10244678712901,1.05125387130557,1.05605894631961,1.04973049912545,1.07783837360876,1.04733669314214,1.05494287112669,1.0614580248473,1.07277302444433,0.891710828738784,1.09101772533539,1.03791086891754,1.07975824807693,1.03047201732116,1.07174578089969,1.06360353108676,1.06514851464056,1.05867246126854,1.04662074452498,1.06087476316412,1.11385294390333,1.08541103412728,1.0798441089078,1.07237431536638
"ENSG00000104812",0.99374813912995,0.991383579084603,1.04580075128551,0.985247208734999,0.800555390102042,0.950060168281175,1.01178821158606,0.811990745234485,1.03934952799852,0.9489109704007,0.814941948346301,0.976725601642848,1.02396166113739,0.802625037127846,0.793316953161019,0.94111835587016,0.974581280596142,1.01643335341521,0.989389920222528,0.986555950773714,0.979379379183307,0.981385107890035,0.93661060783429,0.802385685725172,0.980396039409823,0.983152227896889,0.973308381567358,0.993769162101915,0.938911804961911,0.790210474637257,1.01285347023673,0.931577383714907,0.814120020007237,1.07380147183732,0.948546308132971,0.946928208514004,1.01861080015893,0.992959841151619,0.935863227406688,0.95817188257165,1.01193647015647,0.975541016411567,1.03009699009497,1.00517825114416,0.989110707604535,0.974140493218242,0.983071101178436,0.944438961621546,0.97813001585511,0.986732673071934,1.01955748695781,0.805830088688064,0.983560824751707,1.03821847707128,0.966456393117762,1.0068951731774,0.803583872413423
"ENSG00000074696",1.07948794262588,1.07715162898343,1.0955620999095,1.05980861222891,1.05682832469368,1.0948656235269,1.04395604374746,1.10934513608101,1.09957839769131,1.09163906431965,0.942554265332145,1.11856957324572,1.02895367391594,1.07308342426706,1.07616707595554,1.06263584250886,1.06699507368138,1.02962061249145,1.10446847559591,1.05990510062082,1.00960960940749,0.934347477795367,0.929047666249568,1.08190854849266,1.13267326710244,1.09440733703631,1.089924160132,1.0691326276196,1.0797485757062,1.08487518334119,1.06980423154641,1.08129517752623,1.10075642943,1.08673164887871,1.0876211407558,1.08234591236038,1.10363063132236,1.13772930071636,1.09793457829866,1.15648286117109,1.09322284678046,1.13115249096504,1.07009299048693,1.11113324016906,1.05827787839115,1.10928366172411,1.09539932262589,1.03148129852334,1.02106741552547,1.06059405919592,1.07743974692267,1.06838374741572,1.07860914594428,1.0713210951808,1.06979072773209,1.09443389605388,1.08710801372083
"ENSG00000131373",1.10350302647544,1.1126077050386,0.909718695864787,1.12480063773429,0.888426063495304,1.10970717988173,1.14165834143024,1.10089528194329,1.13491266791108,1.11873933531692,1.10227157978753,1.10618319826068,1.11481629370711,1.12200457370548,1.06457002436077,0.885002963666271,1.10344827564464,1.06390748608969,0.913895123257724,0.885527876456005,0.896696696517178,1.20396317029544,1.12011145365308,1.09860834968219,1.10990098987923,0.893031601855641,1.08302964619659,1.09326476093497,1.11196228616933,1.05472344570637,1.09155625843552,1.13397366053392,1.10499243548059,0.890988661052121,1.12498751101509,1.06203325678342,1.12193633659678,1.09548834881597,1.1048522579099,1.08653750599373,1.13623359946015,0.901660794987084,1.07909209057512,1.10117506450883,1.12038717460771,1.03636183472974,1.08922525371655,1.12582650722869,1.14606741550039,1.15544554432565,1.07664954542144,1.07856643684166,1.13241008246838,1.06289497420746,1.10463602661367,1.12181472946501,1.12035838703427
"ENSG00000138796",1.14994542003574,1.12053085052579,1.09373413200087,1.13736044634423,1.16235247423141,1.11151223403299,1.11968031945661,1.14193743061222,1.10580204755957,1.11592893684313,1.1856638059191,1.21386474853384,1.05870607007614,1.14049915459073,1.14299754277288,1.15905947418315,1.1237438421431,1.19354838685463,1.12038359495605,1.09035191753848,1.20260260236184,1.16273018391459,1.09105383598546,1.04433399581624,1.11960396017434,1.07626358267844,1.12006303533536,1.11937493796472,1.10606953425534,1.11287322543067,1.07909827939903,1.06822457647921,1.08683812383523,1.10264571292965,1.08442401816677,1.12496266033556,1.13393674338779,1.15260287532918,1.15386895915528,1.12429210111788,1.09085528241277,1.18610971289661,1.19928007175297,1.11431985638034,1.08348457328423,1.11720994726698,1.08663612804488,1.12977400550088,1.0714285712136,1.09564356413948,1.09719478445334,1.08755116280572,1.08498555323603,1.05446885323413,1.08280764972808,1.10242829996954,1.10104529594802
"ENSG00000084754",1.1110449536348,1.10587303137449,1.11485731672289,1.08572567761449,1.05702667835822,1.1269554751049,1.04455544434674,1.11960567324824,1.06585023066335,1.03362441011068,1.04876325067163,1.08540605312448,1.07827476016808,1.09456100206929,1.07184275163207,1.04860699445789,1.12275862046842,1.0977885978702,1.08773719626857,0.93337287446948,1.04584584563647,1.06985588449362,1.05861279708257,1.12783300176385,1.14257425719949,1.08304256782314,1.07022554888797,1.17970527125315,1.10960518540373,1.16084189894061,1.1558236106079,1.06465986710275,1.08804841127826,1.09826934531564,1.11080027952627,1.12536094769982,1.07271432908111,1.14685175981223,1.17047139022226,1.15727769475265,1.14156061928745,1.11001509791444,1.13448655111799,1.12666799419903,1.08993748717686,1.13781828967843,1.09659430370512,1.06089016065116,1.05758426945073,1.04554455424841,1.0663769259055,1.07956473972655,1.07143568774107,1.14434747694967,1.10363472492167,1.07144998479635,1.08471876533903
"ENSG00000138029",1.12811352562705,1.12370010872067,1.13760536180814,1.11004784666865,1.09610235027351,1.14099478517028,1.08571428549736,1.13851725155648,1.1280867293459,1.08882866584586,1.08329126681811,1.12436320025485,1.11182108603997,1.11782837802171,1.10388206366508,1.07765263760568,1.12551724115753,1.12396023511382,1.12099571493144,1.08224594680066,1.08768768746993,1.10368294613617,1.09821872801309,1.15884691825868,1.19544554431773,1.11175356373009,1.09898552130425,1.21194738379746,1.1245334902525,1.1968673516991,1.17599367190508,1.09377166034384,1.13383761953932,1.11975333178441,1.14117294412206,1.15244448846909,1.1040374247729,1.1708477935209,1.17561023793347,1.17416790836082,1.14669034208411,1.14141922473248,1.16088391137669,1.15016928875719,1.11998386748942,1.15050034654701,1.12507468609339,1.10766801517662,1.11155698212047,1.08158415820167,1.09620703257681,1.11909753396843,1.10112583419326,1.15136924442745,1.14148392887925,1.10222843987164,1.12215032332063
"ENSG00000105509",1.17058648384031,1.14746954518224,1.14126129762542,1.15689792640413,1.16532777919958,1.16085038083417,1.18901098877342,1.16366562696637,1.17285685581754,1.17554953303713,1.19111559794223,1.16471880907707,1.21126198058881,1.18564184126765,1.16167076144242,1.19225449492348,1.15665024607751,1.18644755504434,1.1299734745705,1.22301304839403,1.20940940916729,1.19875900696582,1.19176037392939,1.17952286258856,1.12415841561898,1.17834712368092,1.1657638134215,1.09979230519241,1.18738951066836,1.10856583433998,1.13347834662182,1.16546192669265,1.17135653027305,1.11637159317359,1.15915675868535,1.14328387909125,1.1516322584864,1.14050570131076,1.1238264648436,1.16224540463741,1.16760382733203,1.18550578738087,1.15228477129241,1.14180442120259,1.15870135084519,1.13167541838271,1.16669986035318,1.17674923493995,1.1671348312265,1.17801980174693,1.14421177377633,1.15982829167219,1.17724419623847,1.17203330300491,1.16010814035043,1.17118017364421,1.16376306597038
"ENSG00000128708",1.03860275855143,1.03238585698081,1.03462983628828,1.03448963296761,1.04115838519465,1.02166064961459,1.05194805173787,1.02826677375953,1.03814495060467,1.06092542385608,1.08894497706432,0.976126260917765,1.07008785921124,1.05379337753728,1.05651105630339,1.06065994841718,1.06522167466695,1.08926759969786,1.01265047928736,1.10854092504774,1.11191191168931,1.09687750178205,1.08090357227965,1.0121272363793,1.02019801959996,1.04196989312292,1.04323845148365,1.05469290850466,1.02514240796992,1.01282427782421,1.04330630788149,1.05832260598904,1.03459404921138,1.01273125104183,1.04066340272941,1.00089614637043,1.02979762004886,0.99771938502772,1.00484237553022,1.05454545433591,1.01094998500327,1.05566180149861,1.03829617017532,1.02967536326834,1.04154063298215,0.993956207075407,1.01732722544965,1.02457317654701,1.03009630797952,1.0203960394019,1.02015013808373,1.03124688009758,0.979177044738632,1.06991674168524,1.0607790125041,1.06465474146804,1.01423593807581
"ENSG00000004961",0.846283615987638,0.936713875222994,0.924139331588476,0.96551036663367,0.86244173343996,0.992980344766751,0.897302697123416,0.97133085183154,0.890182694059389,0.933855264291106,0.857546693415942,0.897213065448564,0.931509584478532,0.886944416647719,0.849729729562707,0.909701639812349,0.944236453015914,0.913572732620496,0.742501530148439,0.911229734892995,0.918518518334631,0.82365892697685,0.861976315879794,0.92485089444834,0.876237623588864,0.852955836735529,0.887028464318521,0.719810107661001,0.87193085820626,0.908467939127074,0.989519477755681,0.902267551064013,0.926273323060762,0.903322060691601,0.920771305640769,0.943542765917845,0.883962168029297,0.906296479740943,0.949896234618066,1.06169895656996,0.917825786540825,0.901862103492328,0.987901209681452,0.944632543129928,0.733817301727401,0.941048251076776,0.961362278239123,0.931806967150537,0.730136436450615,0.858019801810293,0.718885815741034,0.896475990636623,0.872571485329766,0.931286989481134,0.965254831087363,0.913160787266281,0.904330512512826
"ENSG00000115677",0.90145876731141,0.98583737724357,1.02224027601864,0.977272727077896,0.89556679541891,1.0034095465296,0.884115883939238,0.980183079975821,0.995181690223814,0.765432098611777,0.875113578823803,0.842273498982664,1.00259584644517,0.951377150054414,0.950171989985224,0.856550088745989,0.964926108184251,0.953540271666963,0.893491124078047,0.753855278617269,0.859059058887075,0.879503602706264,0.84764653182453,0.953876739372987,0.95584158396914,0.760243245786015,0.918349256196523,0.944911482356857,0.891573364586216,0.978169358594583,0.977456990117173,0.90682245748949,0.89016641434389,1.03938730832716,1.00209811149923,0.931395001308096,0.87847045644697,0.99771938502772,0.984089336696494,0.982215598413867,1.01213376718711,0.848917966613202,0.959304069401199,0.975104560650248,0.968743698130925,0.969582879031094,1.00955984843466,0.887792361415614,0.866573033533994,0.911287128532418,0.979849861521168,0.936408106032463,0.895287436306608,1.00792456595287,0.987483728649748,0.889777155812975,0.929218516489951
"ENSG00000092148",0.754788131238506,0.851143903961346,0.731999593636234,0.831339712752923,0.720618863290565,0.530284797326457,0.659340659208923,0.827280957483698,0.785585223692916,0.722673893260529,0.533871781820521,0.528218959039413,0.924520766588554,0.525802923232415,0.519705159603006,0.660146216032376,0.788571428416045,0.798133495476134,0.539481738310655,0.776789244607199,0.820020019855852,0.701761408986837,0.526221514473834,0.639165009813287,0.523564356331968,0.724155118986311,0.520831281292065,0.739788349176187,0.715772932485607,0.80548213395879,0.522839628134697,0.523616199520028,0.533333333225752,0.848020688114577,0.756718952791144,0.660957880979596,0.701311908735622,0.872384729623721,0.522581282632161,0.775360158812646,0.521653349014175,0.670357322461931,0.725727427112143,0.526588328913247,0.747731397308383,0.783315168773741,0.849432383818078,0.671074706272363,0.530497592188905,0.730693069162239,0.522323192310881,0.527902565533013,0.73966324584245,0.792857859204964,0.876539501176221,0.528430098825136,0.526431060124155
"ENSG00000126107",0.883993251784461,0.852926611695964,0.854473443514883,0.895534290092597,0.703758801804273,0.879462494809574,0.89310689292845,0.858062568985401,0.88717125057475,0.883669577259125,0.888642099770087,0.897213065448564,0.87679712442556,0.853932584099844,0.697395577258497,0.866824738022757,0.877438423472426,0.908906471716594,0.986941440320967,0.837485171839169,0.876676676501166,0.710168134365459,0.877102199049238,0.835387673790181,0.85346534636565,0.88804705395513,0.860632325251525,0.873306299896488,0.900216067393397,0.862848751666598,0.884318765891968,0.904644023981653,0.874836106732257,0.909488760511341,0.85503047240383,0.706561784186685,0.86647004965596,0.854536440088342,0.830121553349121,0.840735220896029,0.847193449571432,0.853145445223323,0.852514748354661,0.864967137848045,0.85763258704222,0.86356880989526,0.706632144850302,0.860159873510281,0.878410914751523,0.853069306761768,0.888976688880092,0.708395727122213,0.901663843598353,0.880930885569078,0.885751476742615,0.885380233659362,0.888999502062917
"ENSG00000213614",1.08028182969529,1.05179756342442,1.10856098281536,1.08153907474451,1.0524645440737,1.08162855975098,0.938661338473794,1.07614928053996,1.07247540632956,1.09424872004532,1.10832912647989,1.0814104482906,1.05011980809702,1.06075370367689,1.06319410298512,1.04307449100117,1.07093596038011,1.08906471878899,1.08345235644084,1.04250691952501,1.03523523502798,1.0896717371718,1.03910836878513,1.08866799183128,1.12415841561898,1.09560362853243,1.08519649343343,1.15537533356634,1.06501669592123,1.12618697971098,1.09135851273653,1.08604812336151,1.05173978798755,1.05868311098892,1.08262563671044,1.05566065895536,1.11563103811337,1.08755577568913,1.05721909258677,1.06587183287315,1.08473907446291,1.10236537471518,1.08189181060256,1.09778928478435,1.06775559567095,1.0415139203326,1.06731726726403,1.03483667205471,1.05256821808737,1.07702970275702,1.05827736051792,1.0723769589553,1.09455016417365,1.0779416188027,1.08681285649608,1.07544718675418,1.07635639600272
"ENSG00000049860",1.00664880400781,1.00742794869616,1.05331573046546,0.975877192787903,1.0929286916408,1.01905334917388,1.12387612365157,1.02243235066443,1.05922505499714,1.0689551337812,1.11034830871068,1.12496254097993,1.01537539915827,1.03032713512373,1.02171990151907,1.02884805354103,0.986798029362207,1.01501318705315,1.04876555783539,1.05199683648636,0.888688688510773,1.0412329861807,1.03910836878513,1.05586481092329,1.10297029681129,1.08762835189161,1.10686496580186,1.16526555213821,1.10292673323455,1.04689182554148,1.09333596972645,1.08466184749289,0.895410993263659,1.03162920210232,1.0446598059657,1.07537588348594,1.16159869802469,1.00882498740529,1.05069670895332,1.01738698439794,1.1340633321231,1.09874182162079,1.00929906989115,1.03186616191359,1.01814882012137,0.995343307045409,1.00836486735543,1.0160860552618,1.04554574617866,1.03049504930089,1.05314105075995,1.06938205030061,1.10411477511127,0.890560738110029,0.976869930714555,1.05186369520299,1.10064708788439
"ENSG00000106049",0.63133869194575,0.912152124212706,0.88636132814332,0.855063795682802,0.782108499299393,0.931608503623825,0.822177822013551,0.879589578336266,0.850030114264198,0.840911371907877,0.875113578823803,0.805314154269241,0.851038338488211,0.859898577933798,0.893562653387015,0.815649081048084,0.847881773231945,0.874213836300626,0.827994286711285,0.628904705292822,0.825025024859855,0.83366693337997,0.757090257586409,0.87693836960697,0.920396039421704,0.634233874861084,0.818674283301748,0.827217881351554,0.810056963109397,0.913558492234252,0.964010282585721,0.629963362584422,0.838527483441548,0.869305748782712,0.86861824340721,0.95389823738845,0.647004983088171,0.891819533784468,0.966893961662834,0.921808246215239,0.919206865755311,0.809461499585413,0.967103289477631,0.898824935092845,0.641459971639149,0.936094322612485,0.867954590546115,0.819303266393111,0.809991974155299,0.805544554295932,0.899446858771346,0.862533692550158,0.811597090602452,0.860467448919557,0.913187143103397,0.635754971392874,0.89477351898561
"ENSG00000198130",0.888955045968253,0.930969594744782,0.85081750769761,0.90510366808112,0.924526430442422,0.932611311485637,0.918681318497766,0.93290413420523,0.885765910281918,0.696376593255771,0.895507319354769,0.958146039165289,0.919329073298856,0.689867753666129,0.945651105465228,0.937561746505125,0.907389162382781,0.956786366208808,0.707814731542988,0.908066429239212,0.921721721537193,0.97598078443235,0.944173549419012,0.908151093258817,0.919801980015881,0.886451998626966,0.929774450718059,0.921174957784359,0.8988410919468,0.96642192834725,0.685979829803049,0.93534013250117,0.896217851559008,0.920628605347,0.922969327420727,0.92781041502981,0.89799654207302,0.945959345375119,0.963533945851659,0.952409339105334,0.98115813337651,0.992652239357292,0.965503449461953,0.966540529582446,0.890300463623654,0.980283364513963,0.69089822730713,0.91384585001207,0.902487961295649,0.898415841406254,0.898064006144199,0.692622541540856,0.916807810916248,0.93208947719288,0.929608490852186,0.693314679585627,0.929218516489951
"ENSG00000156515",1.03939664562084,1.00762602733334,1.00619477993172,0.997807017344935,1.08102747176812,0.994584837345651,0.99280719260883,1.04375817301202,1.01887171230298,1.03944594980639,0.953054012932246,0.681250624177155,0.914137380009158,0.969473998017406,0.978083537891286,0.976882038929682,1.00866995054016,0.978697504366261,0.832483166530814,1.01206010260734,0.954154153963132,0.881905524243013,1.06319036698912,1.03538767375042,1.00435643544468,1.06868706986967,0.981187826064968,0.674512906601817,0.984482419763409,0.971904062462672,1.03757168261072,1.06327359123413,0.964195662942169,0.98726874856032,1.05145369146739,1.08413820549952,0.997050747280169,1.03658899334921,1.03784958967529,0.9937406853465,0.985301371019966,1.01580271746033,1.05369463032623,0.963553076884375,1.02319015909998,1.05161993439976,1.01055566600069,1.08220665132099,1.01103531279875,1.02435643544072,1.01422362682453,1.02126385124862,1.05210720313797,1.05787942600905,0.962651446688164,0.941740781264766,0.981582876857823
"ENSG00000159399",0.937183685434716,0.992373972270501,0.959073829397974,0.990231259770687,0.792026182526624,1.0034095465296,0.936863136675951,0.919826978992088,0.973700060033387,0.963966676510295,0.951842503593772,0.927579662186079,0.95986421706073,0.976434324157018,0.928157247974809,0.985575972933101,1.01221674856902,0.940353012590717,1.00142827973854,1.0112692761939,0.979979979783788,0.9453562848388,0.951736491003734,0.99920477117312,0.942574257239094,0.991925032201789,0.965428937069747,0.989615270301728,0.973482616190634,0.936074400208306,0.954320743335115,1.01257550232447,0.900857286757265,0.794310721942648,0.930762313731489,0.96465199622331,0.812163124008509,0.948537431641341,0.944757386906857,0.931942374380141,0.972477064028317,0.943532964077799,0.976502349569742,0.97351125254461,0.898164952430295,0.942435351046778,0.957976498514643,0.979176946416821,0.801163723755786,0.96792079188754,0.946661398469644,0.952380952190799,0.940121550076692,0.975223191699223,0.980474616805753,0.934146097544889,0.795022399045292
"ENSG00000156510",0.902451126148169,0.904228978725517,0.834568904065285,0.697767144996458,0.868987404369932,0.701965503268759,0.889110888933245,0.704154511476883,0.863481228495587,0.917193616196488,0.958505804955375,0.875437019103898,0.698881788997827,0.875609028363208,0.918525798345253,0.872554830888648,0.863448275691931,0.710083181028589,0.894307284045234,0.887702649092981,0.851651651481151,0.873498798864392,0.69658672490863,0.695825049563454,0.693069306793452,0.697836706071611,0.881709839282634,0.882800909725487,0.890198389139619,0.850513949906899,0.6921099464718,0.831567481764221,0.957135652857865,0.880445593618372,0.69937056635041,0.858906701013859,0.711888538449733,0.861080812917981,0.691767961124268,0.695479383865777,0.92926901431799,0.704579768353381,0.982701729630496,0.900219079685278,0.883242589053591,0.974338650356814,0.855805616240628,0.690812197633314,0.702247190870336,0.885346534478149,0.985578822405062,1.04761904740988,1.01863106485631,0.702176747777675,0.700911184399537,0.952333366453016,0.970034843012437
"ENSG00000256269",1.01716780767745,0.975141130835864,0.938966182402972,0.896331738258307,1.0080333232157,1.03910950641013,0.965634365441432,0.916607986939622,0.965468781175373,0.942888687956863,0.968803634332397,0.939966037171119,0.949880191503618,0.987570845980398,1.00383292363561,1.01857340426426,0.983645320003223,0.90647190081021,0.805345847621843,1.11289047032169,0.974574574379465,0.978382705969099,0.987560951141893,0.950099403389642,0.922970296846937,0.959625161806475,0.966807839856829,0.780733854063746,0.994303672953388,0.948996573480373,0.924856634185316,0.978908802657905,0.953908219676468,0.919037198941906,0.94395044441124,0.899332868485645,0.917726024424341,0.961229548644278,0.928945547795445,0.965722801596478,0.926309558858378,0.91937594344854,0.939706029209138,0.984266082257665,0.963097398474875,0.910532051736742,0.965943039042831,0.955886706610898,0.978731942018713,0.958019801790491,0.923943105309375,0.960167714692988,0.940719338260293,0.922058380796056,0.945429057585776,0.921754771475616,0.97182677929879
"ENSG00000117305",0.756574377144671,0.934336931576837,0.956433431307721,0.947767144946617,0.965982346332246,0.965503409353088,0.970829170635199,0.964892867726609,0.765308170896344,0.978821639871761,0.988187783747968,1.0194785733654,0.952076677126183,0.960723873727608,0.973759213567811,0.971547124882129,0.941280787991866,0.921485088066244,0.77780044872928,0.90786872263585,0.911911911729347,0.917133706781999,0.91491690697285,0.757852882553111,0.969702970105009,0.760043863869994,0.952033881423809,1.03847295004679,0.941072480663706,0.967596671371983,0.98022542990306,0.896524408179716,0.94785678246135,0.931967375983297,0.9989009889102,1.00826446260913,0.97772805837939,0.996331184730524,0.946536218806891,0.963735717642576,0.992009470061752,0.97674886744303,0.990900909710849,0.970324636333335,0.928614639861139,0.996730407015411,0.942242580971471,0.969110825822736,0.940208667548112,0.978811880994295,0.957921769862125,0.963961265655593,0.993523961145058,0.958772193608432,0.934815259650583,0.934545817740672,1.0058735687395
"ENSG00000112972",1.11441897367978,1.07754778625779,1.1152635318137,1.09629186581015,1.11831796070251,1.0820296828957,1.10069930047938,1.10612614402854,1.11644248120529,1.09906654600039,1.12730943944931,1.10937968212778,1.09904153332687,1.09615193375835,1.09798525776944,1.11361391007437,1.07152709338492,1.15439237144362,1.19404203199469,1.14076710139566,1.18398398374695,1.11208967151479,1.10339337225527,1.07912524829441,1.07623762354926,1.08503638698334,1.08696936844539,1.09741865273516,1.08996267902377,1.054136074194,1.06960648584742,1.08050301988702,1.12718103860269,1.10423711933474,1.0946148464193,1.09668425747353,1.12783484162965,1.0877540900173,1.07046150784258,1.05534028791747,1.09480122302559,1.13256165050175,1.11188881089653,1.1212905793425,1.11978221393027,1.07203011967264,1.0874327820977,1.08852264855649,1.15449438179083,1.08356435622108,1.07210588678939,1.08854946569062,1.08917007052124,1.09318888532587,1.11705216759446,1.11082242408098,1.10064708788439
"ENSG00000103415",1.1110449536348,1.11914430006554,1.1504011371686,1.1234051034443,1.12089655834159,1.12635379038781,1.14105894083096,1.12946383640892,1.08552499476299,1.12757201623455,1.13659767771093,1.15472979699236,1.10922523939512,1.12180570724435,1.10230958209291,1.12428373816948,1.10206896530009,1.13998782691418,1.14976535377479,1.0984578882763,1.11951951929539,1.12329863868629,1.11672803241781,1.11908548685505,1.12970297007333,1.13149237341611,1.10469811856502,1.13124320025097,1.11039088565893,1.10484581476166,1.12972117834097,1.14090503987704,1.13222390294862,1.08872090688508,1.12738535295686,1.12416608560706,1.18661649523307,1.1266236983388,1.07678624348715,1.13820168879519,1.13879846085848,1.15047810746845,1.13928607116503,1.14021111309695,1.13853599493072,1.13127910410556,1.13642700634606,1.11595776154822,1.14085072208249,1.11623762354134,1.15171868803799,1.14665069359156,1.1226462088029,1.12548901572365,1.15630319392084,1.20135904842583,1.13987058215234
"ENSG00000165704",1.07988488616059,1.09854412179884,1.01188179120303,1.07795055799881,1.0395715558783,1.08303249075751,1.07972027950455,1.09988934692689,1.0712708289357,1.1034828864592,1.0901564864028,1.04744780720259,1.10842651735055,1.10470319158701,1.07341523320424,1.10590792311679,1.13714285691879,1.16291336961596,1.14833707383221,1.13187030424439,1.14734734711765,1.15512409904821,1.13125684125162,1.09940357831026,1.04336633642706,1.06150932089293,1.10371318800281,1.02363762218897,1.05755254349685,1.03886441487247,1.06387186057665,1.12030894125749,1.11285930386024,1.06644121721376,1.08442401816677,1.09509110801651,1.05135767292762,1.04134853722532,1.06255558828688,1.07441629387493,1.0101607968807,1.06552591825556,1.03509649014397,1.03584943217768,1.10102843292982,1.02050926364401,1.07209719158094,1.13194512955059,1.09570625981226,1.10198019780159,1.08692216493739,1.0867525204978,1.08279366322949,1.11465543161508,1.12886752756005,1.09903067830538,1.07098058714366
"ENSG00000072506",1.13764017045993,1.13300980466812,1.15283842771345,1.18460925016256,1.12744222927156,1.17849979920207,1.09450549428681,1.19102705941233,1.15699658679843,1.10970591165117,1.09156991396435,1.12895814581381,1.14916134162357,1.15223227579751,1.14555282532766,1.05868405432549,1.19290640370583,1.16717386870214,1.11834319503809,1.08185053359394,1.15875875852678,1.13991192931547,1.07791820060147,1.09681908526902,1.14495049482278,1.08703020614355,1.13089727151957,1.14232024505146,1.0777843250682,1.15261869776748,1.19833893589117,1.11139716781634,1.13908219845909,1.14541476006656,1.20911179913895,1.1974509606298,1.10220685424546,1.13237481385575,1.21434924375643,1.18489816171189,1.17983624323176,1.16195269226735,1.22887711204302,1.142202748229,1.14458560170506,1.18022391733276,1.14718183605912,1.15266949547959,1.07564205435882,1.09465346512977,1.12583958887281,1.09314165896114,1.08279366322949,1.18246564325761,1.15910683865843,1.09883081820749,1.12394225960698
"ENSG00000198189",0.909993053307533,0.981083489951256,0.727734335182749,0.714314194434945,0.710701180063334,0.718612113774847,0.936263736076671,0.903732018729759,0.891989560150173,0.719261266542354,0.99505300333265,1.04564978502734,0.916333865631723,0.93069503809671,0.704275184136752,0.956332740376144,0.938522167302754,0.899371068999925,1.04876555783539,0.902926057551814,0.71731731717371,0.929343474593806,0.713105781527892,0.947316103191388,0.945940593872091,0.714385405101309,0.986900423325736,0.947878547928419,0.897662541564003,0.921585902903263,0.924461142787332,0.92880483197766,0.722743318058953,1.00139248040553,0.977919871919688,0.92980185185108,0.901657683127904,0.940803172842676,0.9382350032734,0.952409339105334,0.977212192763695,0.91353799679647,0.92650734907979,0.988846843061373,0.943133696119554,0.70999702750223,0.936865166114944,0.707194315462905,0.933788121803012,0.983762376042819,0.70782299472386,0.882300089671099,0.925575370942398,0.883338348704316,0.92400120137699,0.89177575679189,0.897560975431048
"ENSG00000149084",0.969137639978339,1.01931266692695,1.06692393600753,0.960725677639409,1.01180204284205,1.11171279560535,0.989810189612426,1.05502464519565,1.04115639408931,1.01816721850483,1.02776375547143,1.09719308738444,0.952276357637325,1.03191806681278,1.01110565090691,1.02430349713015,1.01083743822447,0.877662811751336,1.02652519872954,0.943258204637553,1.0030030028022,0.989791833268656,0.935615483941563,1.00059642127225,0.976831682974885,1.01624962595629,1.0028562984334,1.08456136859172,1.01551757984374,1.04415075848377,1.05161162723915,0.958708782857964,0.99889056964218,1.01929580246284,1.04485962612751,0.98735437598579,1.05461202053196,1.06792265720021,1.02401423045281,1.00029806239438,0.983328400713559,1.06129843964544,1.05089491029879,1.06751643077723,0.973583383550397,1.0492420487369,0.989245170087782,0.996743313728068,1.01504815388944,0.974653465153534,1.01955748695781,1.01826894259394,0.999900368436804,1.01374260186303,1.00510663842894,0.939342460090068,1.03832752592567
"ENSG00000133835",1.03542721027381,0.955531345755069,0.971666497213026,1.02472089293766,1.01874442110111,1.00842358583866,0.965234765041911,1.01398249652671,1.0086328044552,0.956338452081434,0.994851085109571,1.07941264587366,1.00878594229058,1.01720194868903,1.0474692872634,1.00395178798578,0.952315270748312,0.956989247117673,0.973678840854177,0.938710952760239,0.985785785588431,0.959367493803169,0.898994924689224,1.02385685864337,0.963564356244839,0.968198584195355,0.990446173349661,0.996736227673477,0.95737576095907,0.968575623892594,1.03539647992181,0.968808792757935,0.970448814731125,1.01770439605775,1.04665800758384,1.01125161784103,0.948642326665587,1.00803173009261,1.04180254945315,1.02791852935362,1.07073098528742,1.00130850508278,1.07549245053985,1.05198167674727,0.978624722529013,1.0771822052755,0.977096195782295,0.974834698317412,0.962279293546894,0.958415841394373,0.93974713533391,0.969551761811011,0.949287635558576,0.962182766383352,0.951837388414571,0.97271909643795,1.01085116953492
"ENSG00000109854",0.90721444856461,0.696246409686789,0.892454554505442,0.868620414499876,0.88009520958443,0.884476534118637,0.939860139672356,0.70717231652607,0.886769724776798,0.858777476491262,0.892680464231665,0.87264009572018,0.884784344871249,0.895495674476385,0.887469287294846,0.885990910712114,0.932807881589595,0.884763643561622,0.915731483183895,0.694938710815552,0.896296296116858,0.703562850139399,0.860384117651431,0.698807156918726,0.696039603822566,0.868308244269104,0.924652811794612,0.866778755639051,0.690434099255464,0.845227606295599,0.87640893793229,0.858104762677868,0.97226424589566,0.879053113013914,0.702367868777627,0.86089813783513,0.714939489328803,0.882895389016778,0.881707678450102,0.953800297873065,0.909539311253914,0.866230498064171,0.876512348589838,0.700059748914547,0.879612824988987,0.887347666523859,0.848038239225645,0.693772821337457,0.855537720534603,0.939009900804156,0.959502172864579,0.7018069280819,0.949287635558576,0.929080148273833,0.844698107370642,0.885380233659362,0.862518665831256
"ENSG00000086758",1.05586980231103,1.08507477447062,1.04701939655793,1.06379585305746,1.09193692331807,1.05054151603479,1.08871128849376,1.05764007623828,1.08251355127836,1.09304426355655,1.08692579483353,1.07941264587366,1.02815495187137,1.08342448024591,1.07793611772424,1.07607192233233,1.08019704412213,1.09758571696133,1.09630687592403,1.06623171192838,1.08908908887105,1.08746997576312,1.08587919174328,1.02504970158548,1.05108910870275,1.09360980937222,1.08302964619659,0.997725249530664,1.04360636396708,1.03573176680651,1.05101839014218,1.08941479332817,1.08441754894918,1.01631191545329,1.07743031250326,1.06641441779022,1.08918946382809,1.05324739691557,1.02599071034174,1.04182811703093,1.05770938126513,1.10055359816798,1.07189281050457,1.05238000377367,1.0752167773593,1.06469830554549,1.07986456859592,1.09562814544644,1.07343499175894,1.06712871265997,1.03792967186133,1.05340920414228,1.08737670597043,1.06068813300016,1.0635826572417,1.0562606173566,1.06162269764826
"ENSG00000138413",1.05567133054368,0.974348816287145,1.04661318146712,0.957735247017995,1.08142417909721,0.970316887089788,1.1574425572113,0.922643597037996,1.09676771710565,1.06413730782613,1.24139323548887,1.18349815179632,1.00818690075715,1.166550660999,1.12530712508593,1.17605216337166,0.999802955468019,1.05132886974004,1.07855539663772,1.09173586376201,0.961161160968736,1.07245796615844,1.05483132629021,1.10377733576466,1.16158415818582,1.14943674585795,1.09228799348128,1.11185837185009,1.20663916692072,0.985609397751227,1.04983191594822,1.11298148309477,1.13585476527769,0.989854783968599,1.08042761493048,1.08533306759229,1.02369571829072,1.06197322735509,1.09240043460966,0.952210630709943,1.06481207436819,1.1438349267954,1.00169982981668,1.15236008740244,0.987094172013088,0.97632022174253,0.971121290386154,1.06819303245471,1.11095505595687,1.09821782156471,1.13887791364305,1.11370669839,1.06147255134772,0.983448690744619,1.03053970140572,1.10382732065478,1.10303633626619
"ENSG00000182054",1.17733452393027,1.03476280062697,1.15954097671178,1.05582137140035,1.19984131683034,1.11993582007221,1.03696303675585,1.09023237076949,1.09957839769131,1.08561678187582,1.16002019158808,1.13235440992261,1.03294728413879,1.08919160761873,1.07695331674163,1.12211025466862,1.06935960570062,1.2375735440784,1.12834115463613,1.03005140351324,1.18918918895111,1.13771016790678,0.947357945875737,1.01908548687493,1.09821782156471,1.09380919128824,1.01546340962957,1.13440807019397,1.02258888214052,1.07410670561447,1.07573660251617,1.05634221189101,1.05355521915208,1.09448975510354,1.07962833428322,1.04948720480942,1.05196786310343,1.15914724815882,1.0510920049311,1.15330352684485,1.13603630242951,1.02627075973301,1.18348165159814,1.12387970501416,1.03569267976695,1.12295650428555,1.07568213481863,1.00384881061801,1.06219903670502,1.10910891067146,1.18569735259074,1.09653588876978,1.06207033953132,1.06931487590143,1.0551717230289,1.09403417585809,1.13987058215234
"ENSG00000166411",1.0235189042327,0.983460433597413,1.03991063246879,1.00239234429777,0.995933749678482,1.05054151603479,0.981418581222494,1.08117895562193,0.997590845011526,1.03402589560694,0.990408884201836,0.98971131735297,0.985223641975794,1.01501441761658,1.04589680569122,0.983204900023077,1.01399014758345,0.991681882533641,0.971638440936209,1.00593119790314,0.985385385188111,1.00600480364171,1.0192058909306,1.02385685864337,1.07227722751044,1.03758349097047,1.00108342342144,1.0343190582466,1.0333922606495,1.08526676434943,1.07415463692423,1.03000297038717,1.04246091759103,1.03361846010869,1.05285243260009,1.05904610155152,0.98077900925846,1.01596430321944,1.04160490146425,0.994932935718841,0.944066291616047,0.982788122600345,1.06049395039286,1.06711810375082,1.00665456725012,1.03636183472974,1.0197171876081,0.999506562518601,0.972712680382682,0.99999999980198,0.814302647014164,0.959568732962051,0.959450034679795,0.997692847628109,0.982076699512951,0.992105525933426,0.962667993835208
"ENSG00000101365",0.966557507002767,0.942854312975566,0.924951761770092,0.929027113052427,0.95884161440864,0.980946650425,0.976823176628007,1.00090534131357,0.977313792214954,0.987855063537518,0.991620393540309,0.992508240736688,0.963857827283575,0.966093268178166,0.953513513326091,0.931238885411729,0.951724137743503,0.975654290733282,0.940624362183101,0.949980229151843,0.989589589391473,0.971176941358852,0.96765847328736,0.955467196629132,0.995049504753456,0.952248030913718,0.948291145287444,0.996340618930602,0.986053820273806,0.987175721784204,0.984971326678867,1.00148529537549,1.0033282902666,0.938134075803037,0.971925267065256,0.972219456144136,1.00355944248885,0.920575111369246,0.990414072341059,0.933730749938653,0.934793331175931,0.982385505589857,0.974102589546225,0.971121290386154,0.953216374076786,0.921232537219611,0.967536347148469,0.96713707668664,0.97491974298256,0.924950494866347,0.938956933832683,0.964360586809552,0.925176845486664,0.962584010239225,0.95484129349057,0.982911961430416,0.959482329326136
"ENSG00000067829",1.05170189519665,0.989997028624344,1.01269422138465,0.992224880184963,1.01100862818387,1.05254713175841,1.03196803176184,1.07936827259242,1.01084119634394,1.0452674895021,1.04876325067163,1.05623813783713,1.02376198062625,1.02177587729506,1.03508599488254,1.00098794684825,1.0169458126075,1.03692432521061,1.02591307875415,0.999802293198932,1.00220220200156,1.04463570835776,1.01243904846006,1.02385685864337,1.02514851464849,1.04496062186323,1.0219639513401,1.05746216970478,1.02848163405451,1.06901615250729,1.06189440358673,1.06327359123413,1.03398890548987,1.00537099641827,1.02767509221147,0.905307178949456,1.08918946382809,1.01298958829688,1.08133214723168,1.00943864858233,1.00641215329853,1.03009562133264,1.05129487030271,1.01772555247606,1.01129259911045,1.03973050608546,1.01394144572517,1.03187604835056,1.01003210252608,1.00158415821751,0.998617147175303,0.992912049317578,0.905848360883561,0.999699066907473,1.00370481606014,1.00669531307951,0.98178198088964
"ENSG00000067064",0.936588270132661,0.89373081095499,0.846552249244125,0.916666666483918,0.959238321737729,0.870236662480899,0.86453546436273,0.842973543739468,0.731379240969408,0.865803472675739,0.951236748924536,0.936170212578929,0.892571884805796,0.982400317990971,0.716068795928045,0.7198182176013,0.717832512173826,0.902008520815174,0.951234441756532,0.958877026303108,0.990990990792594,0.947958366503611,0.725047268240611,0.911928429242161,0.921980197837232,0.897418004008091,0.913818575610397,0.899614281297673,0.919072873518155,0.893196279805542,0.849317777170394,0.93296365958353,0.734846192489189,0.929580266375655,0.901988210430215,0.725480433988752,0.899623715875191,0.85870104097993,0.850676944193957,0.889418777766633,0.843642103019899,0.834423754235647,0.878312168607477,0.862378012176384,0.963904012711453,0.826513424982361,0.927703644507528,0.819500641306721,0.946428571238678,0.883762376062621,0.831094428915232,0.846560846391822,0.874564112608436,0.730865683472592,0.912986882764997,0.949535325082535,0.826480836072378
"ENSG00000133731",0.920512056977173,0.999504803208972,1.05209708519303,0.981259967906447,1.00386789626027,0.987765743885326,1.00139860119852,0.848807966834562,1.05741818890636,0.846933654351715,0.98435133750947,0.842872839707747,1.04512779531846,0.988366311824925,1.00599508579735,0.990910886980654,1.03842364511558,1.0434165142943,1.00244847969752,1.01660735448466,1.05045045024015,0.985788630707408,1.04826350859822,1.02823061609777,1.02910891068731,1.04615691335935,1.00049246508411,0.998516467016414,1.06815949694202,1.03906020537659,0.964405773983705,1.01574413288133,1.00756429631718,0.942112591815772,1.01888300509164,1.01503534780145,0.948235533215044,0.938225086576455,0.963533945851659,0.999701937208206,0.832396172273375,1.00815299426107,0.952504749334565,0.983071101178436,1.0358943333261,0.978499950266819,0.987651861982144,1.03029704904169,1.01906099498012,1.02990098989507,0.991505333664262,1.02425875990331,1.02779715033819,0.999498444979537,0.980674877144152,1.00969321454788,1.00169238407134
"ENSG00000106348",1.01141212642425,0.814697434720274,1.03300497592505,0.969098883379366,0.969751065958594,0.904532691354887,0.966233766040713,0.985615129064357,0.988757277456583,0.992070661248204,0.830489651523374,0.97872340405979,0.982627795330945,0.988167445363793,1.03783783763384,0.99861687393823,0.96729064020349,0.965916007107747,0.9722505609116,1.02649268465273,1.00820820800636,1.10048038408717,1.04209374046331,0.904373757275472,0.984158415646701,1.03479214414619,1.01940313187838,0.813569379722368,0.981143193678817,0.969750366917327,0.981609649796004,1.0262402216009,0.99223398870555,0.818181818019061,0.995104405835727,1.0419197448886,0.836570731041072,0.996727813386866,0.989228184407703,0.991952309787988,0.996152707705208,0.976950175948274,1.03149685010869,0.819159529810962,0.946360153065868,0.999702764093985,1.00597490519698,1.00917793328547,0.980738362564057,1.02237623742131,1.04306598161931,0.998103224319037,0.819567599717133,1.02537867368334,0.990687894064146,1.0280803435539,0.995321055053196
"ENSG00000178035",1.13684628339052,1.14350797243864,1.14146440517082,1.09469696947873,1.12347515598067,1.12073806636166,1.09830169808226,1.11175938012036,1.06223649848178,1.0912375788234,1.06208985339483,1.12735990388026,1.20607028729911,1.14069802105186,1.09405405383901,1.14344991085883,1.13004926086107,1.22824102227059,1.1487451538158,1.16271253436878,1.1671671669335,1.18294635684889,1.1615086075905,1.12823061607789,1.05702970276098,1.1197288403709,1.17679503571815,1.06161606150497,1.12060498897651,1.07058247654027,1.10282776327806,1.0973363697203,1.11870902650152,1.08633379727744,1.11359776179167,1.12277207983217,1.04505237444421,1.09647992045682,1.10939816165443,1.09150521587849,1.09420933193367,1.0786109710964,1.06609339044774,1.15793666577217,1.20810647283563,1.01119587813114,1.1802429792511,1.12661600688313,1.10272873172096,1.12217821759957,1.04998024475504,1.08815014453666,1.06924379773453,1.1098405053446,1.20016020803041,1.10702508222104,1.11777003462065
"ENSG00000105655",0.965168204631305,0.965633356251236,0.935716461676507,0.981658691989303,1.07210155686361,0.800842358443473,0.948451548262048,0.98702343808731,1.02007628969683,0.955936966585178,1.02534073679448,0.992508240736688,1.04952076656359,0.954956746354786,0.956461916273914,0.969176051972105,0.925714285531879,1.00568066524535,0.814731687244495,1.10162119393009,0.946146145956727,0.799239391353235,1.03234152631459,0.949105367604552,0.974455445351593,0.998704017346485,1.03082832639992,0.78983285514987,0.784325279751655,0.965442975826639,0.998220288511327,0.959302901087374,0.805446293332235,0.97990849393676,0.944949545220312,0.893955989068215,0.959422353104968,1.05741199780716,0.789208419648343,1.05017386963732,0.99654730176649,0.993457473378267,0.798520147825513,0.950607448526069,1.02157693062682,0.94263350818535,1.01493726329119,0.946215335844031,0.96849919723746,0.937029702784747,0.958316870612739,0.972546670465699,0.795656072373088,0.965192095302399,0.799639531230672,0.971519935850601,0.795022399045292
"ENSG00000125877",0.917534980466898,0.971377636729449,0.929826342859789,0.948763955153755,0.983040761483082,0.962093862622925,0.925074924890095,0.937129061274091,0.974101585831339,0.941082003223711,1.00191822291733,0.908600539225132,0.987619808109501,0.939842895308771,0.972186731995639,0.961865243832866,1.0374384234409,1.03550415884855,0.976535400739332,0.981810992293039,1.03183183162526,1.04803843053482,0.995123892726615,0.973956262231818,0.98990098990299,1.03459276223017,0.987688367775497,0.931658589470545,1.02573168316132,0.986588350271838,0.912200909449832,0.985642142591219,0.97448310620787,1.01850009926029,0.95214307104563,0.960071691534388,0.792026848206646,0.917997025103025,0.964324537807229,0.962940884061015,1.01864456919826,0.783895319419447,0.923507649050393,0.97052379984654,1.0074611814867,0.927177251376761,0.982672774152027,0.973058324094926,0.913924558404108,0.934059405755632,0.905966021156467,0.929419985838191,0.914416658181844,0.988263617015094,0.881145488959418,1.02348356130239,0.972822299457875
"ENSG00000100605",0.881214647041537,0.548875903625062,0.562811008314652,0.772129186448938,0.850937220896373,0.806658644041986,0.553646353535735,0.772759279595059,0.835575185537929,0.763023185634242,0.823422513715614,0.815502946595644,0.832268370440841,0.81654568940707,0.800196560039273,0.872752420297816,0.546009852109161,0.829782917259123,0.835543766407765,0.833135626565216,0.801801801641281,0.55464371486096,0.55149766134909,0.788667991890921,0.830495049340496,0.854750273979713,0.823598936112755,0.548115913253265,0.801021410174618,0.818012726222611,0.801265572315352,0.894940092901289,0.558951084103086,0.82315496303498,0.797881906124911,0.551827143173986,0.563612325726917,0.792464055370855,0.849095760282815,0.810928961587496,0.546710071905552,0.557825868030634,0.814118587978378,0.768173670430557,0.819318410804735,0.810859011035201,0.551882095090245,0.817724267084235,0.835674157135699,0.548712871178473,0.768075859192399,0.831386642541402,0.803427318759903,0.555923362311982,0.829878842329052,0.553812331257357,0.751418616077368
"ENSG00000128928",1.10786940535718,1.09438447041807,1.06814258127995,1.05661881956606,1.12605375361975,1.11331728818425,1.07812187790647,1.06407806034321,1.05239911643196,1.07337147424001,1.13013629457241,1.13834781717344,1.08426517550234,1.08004375040667,1.13100737078506,1.08061647874321,1.09655172392186,1.11442483239715,1.05713119749906,1.03361012237374,1.10450450428338,1.09427542011724,1.0661757386673,1.08051689839354,1.12574257403451,1.06450004963324,1.07810499338558,1.12056176419334,1.06835592200582,1.0876162503989,1.13782875199964,1.05079710841652,1.04871406937999,1.0921026454959,1.07782995282689,1.0986756942948,1.13291975976143,1.04491819513239,1.14121948786615,1.10044709367105,1.12636874792811,1.10840462987249,1.11068893088477,1.11909978069725,1.06170598889661,1.12315466142412,1.0999800834296,1.13174775463698,1.12901284086497,1.08217821760749,1.02331094408864,1.07417390414811,1.10949486876368,1.05206139009889,1.11645138657926,1.12581193142284,1.08193130889359
"ENSG00000025800",0.979855115415331,1.01693572328079,0.937747537130548,1.03528708113332,0.94376673590325,0.836141195179274,0.981618381422254,1.03088220480216,0.981931338891401,0.96155776353276,0.967794043217003,0.931974827503351,1.02476038318196,0.963309137722321,0.997149876953877,0.964631495561227,1.00847290620523,1.04077906247905,0.982860640485032,0.963424278180422,1.00920920900717,0.98598879083547,0.972435067972448,0.97693836958709,0.968316831491422,0.924533944586874,0.947306214725243,0.969241420043667,0.818896090980378,0.976407244057483,0.978445718612133,0.979304881477512,0.840948058327595,1.00198925780744,1.02188030751886,0.975804042422423,0.948032136489773,1.010808130687,0.978752840996392,1.0344759064015,1.01785538107569,0.985807750179002,1.0164983499617,0.896833299960798,0.840693688074069,1.02090557792115,0.999203345748018,0.967729201427469,0.94743178151135,0.982970296835055,0.823587514653578,0.980533093544867,0.980173358377967,1.02357307633191,1.03814959426491,0.83321674810968,0.939372822112619
"ENSG00000115919",1.04574774217609,0.571853025537912,0.940997257857013,0.908891546868243,1.03362094594196,0.901323706197087,1.04255744234914,0.933507695215067,1.01465569142448,0.919201043677767,0.948207975578353,0.965937468591362,0.903554312918619,0.923933578418229,0.948009827823487,0.909306460994012,0.5688669949618,0.927774396241068,0.952458681707313,0.570778963904551,0.91751751733383,0.5778622897162,0.95193551578228,1.07992047692248,0.571683168203627,0.935300568051979,0.93824485355299,0.571061220340014,1.06265959515564,0.565247185400833,0.570891832989739,1.01455589642251,1.13767019644222,0.97433857151893,0.995304225997541,0.924823259797904,0.937455506775662,1.04749628139861,1.0886451228207,0.573671137491571,0.891782578496245,0.907901358649642,0.922107789036675,0.947619995827998,0.921960072409365,0.899038937699586,0.916152160741655,0.925885719742251,1.00300963061737,0.930495049320694,1.00592651106165,0.57642008573896,0.907840988162232,0.579195505952614,0.934414738973783,0.576996102612772,0.938377301953534
"ENSG00000087299",1.07293837430328,0.983064276323053,0.990149283844795,1.03070175418048,1.03064564097379,1.00541516225323,1.01078921058725,1.01257418750376,0.918490262814999,1.00893305209095,1.02089853588674,1.07321945838114,1.02036741193683,1.02257134313959,1.01503685483734,1.04327208041034,1.03763546777584,0.977683099821935,0.987553560296357,1.02708580446281,1.01661661641309,1.03602882285108,1.01960394048769,1.00397614294156,1.02633663346013,0.972186222515764,1.02393381246451,1.01473642547429,1.01905323099213,1.01341164933658,1.030848328845,1.00346568947352,1.02955118486545,1.02466679908003,1.00229793166105,1.04869063008091,1.02695006589506,1.03539910738019,1.04476726928654,1.02891207133057,1.01489592561608,1.0918973324425,1.06609339044774,1.04242182811344,1.01653559164821,1.04745863448975,1.04361680919267,1.0553636630701,1.08326645243113,1.00376237603886,1.00375345693328,0.853149645432135,1.01305170847603,1.00672083438525,1.01371783298013,1.00129909043643,0.850771527954052
"ENSG00000002549",1.01617544884069,1.04367633930005,0.958058291670954,1.04425837299756,0.99672716433666,1.02507019634475,1.0145854143827,1.0218287896546,0.982734390487305,1.00050185666958,1.05421504269476,1.06203176484626,1.05071884963045,1.0376851941856,1.04314496293992,1.04959494150374,1.03665024610115,1.04706837065387,1.06345643724475,1.051799129883,1.06766766745392,1.06505204142013,1.06816598645275,1.01630218667668,1.04613861365423,1.02781377708547,1.05111789598126,0.996934032044915,1.01767825554554,1.01164953479948,1.00889855625689,1.06505594592236,0.994856278165435,0.901332802685233,1.04146268337667,1.02638653768269,0.98667751429133,1.09092711926804,1.00424943156354,0.991753601392597,1.05474992580551,1.03291394040606,0.997900209779442,1.01035650248748,0.988304093367956,1.01912216367401,1.00079665385366,1.06483765892335,1.03852327426996,1.04079207900182,1.0134334253233,0.989318158931952,1.02082295486284,1.04524024454905,1.00290377470654,1.03167782531594,1.01005475340765
"ENSG00000143815",1.06400714477245,1.04050708110518,1.06144003228162,1.03668261542331,1.06515917860455,1.06177296408709,1.07892107870551,1.04919022210056,1.04597470366473,1.05229348568658,1.11539626428765,1.11057836357795,0.898362619628921,1.06274236828821,1.06771498750512,1.11875123471275,1.02541871900977,1.05396632155529,1.14017547416034,1.08560695905781,0.90070070052038,1.1323058444491,1.11473778463235,1.05546719660925,1.06554455424445,1.06130993897691,1.0503299515315,1.06517654019085,1.08426635217359,1.00616740068406,1.04073561379459,0.890979304705222,1.07594553684802,1.05112393056473,1.09701268836107,1.09927312534118,1.05095087947708,0.89221616244081,1.07658859549825,1.04937903605576,1.04449048021219,1.09552088553689,1.03129687010673,1.1296554468971,1.06170598889661,1.04884573445976,0.896036645907979,1.02812592499198,1.09530497570319,1.06475247503668,1.0369419199848,1.10851552338854,1.07083789955747,1.08255592314524,1.05036547490731,1.08983711380237,1.0574415129801
"ENSG00000134333",1.08226654736881,1.21125086635411,1.19345993679426,1.14094896308992,1.14291381510604,1.1975531485765,1.10789210767075,0.957046574598723,1.22947199332875,0.993275117736972,1.11660777362613,1.09979023052646,1.21345846621137,1.17112458960503,1.18859950836588,1.14088124853964,1.2132019702043,1.24406573316209,1.13589063433261,1.17042309189988,1.21781781757401,1.15532425917628,1.24470096502245,1.22127236556237,1.10138613839577,1.20227295360337,1.13247316041909,1.15418850733771,1.17796110760598,1.14439549659434,1.18133280577787,1.18784038000043,1.18325769012945,1.26238313084098,1.16555100386341,1.14666932168741,1.07698566031181,1.14328210190515,1.12560529674363,1.14356681547073,1.16720923327075,1.12289884225005,1.12408759101608,1.19279028058299,1.18713450268459,1.23372634474711,1.16450906170793,1.20102634931392,1.1286115567559,1.17861386115275,1.21394705625959,1.14585205128365,1.1244395733537,1.26752934070267,1.2103734852888,1.15798940718337,1.1627675458113
"ENSG00000111716",0.947702689104356,1.22650292141695,1.15933786916638,1.22069377966095,1.0155707624684,1.23646209361483,1.19220779196959,1.18901518937954,1.20698654864345,1.21328916968518,0.980111054824814,1.21426430901723,1.32448083040645,1.32723476159347,1.27921375896232,1.20983995233949,1.2768472903888,1.34794075850113,1.27729034864777,1.25899565020581,1.34294294267409,1.28602882280103,1.24788536147917,1.29403578503101,1.25168316806897,1.23098394951032,1.24495223062249,1.1852437936534,1.26890591214518,1.26030347503469,1.26774767623734,1.23735023245126,1.27503782122541,1.23990451536903,1.2638625234761,1.19864582272256,1.16912437685973,1.32493802650968,1.22087162738989,1.23417784376867,1.26487126343793,1.21831907373562,1.19868013174709,0.968333001201288,1.27989513989113,1.16377687483131,1.26568412641592,1.2067502218086,1.21007223089686,1.20336633639537,1.24555511630866,1.28062294074461,1.22148052182495,1.23422610066522,1.2155802540872,1.23513540496949,1.27386759556518
"ENSG00000100600",0.934008137157089,0.862632464917771,0.98689956311833,0.793062200798831,0.87751661194535,0.894905735881487,0.8143856142229,0.883009757392011,0.888777353766557,0.87543912458588,0.882180716631564,0.879232843696088,0.894968050939503,0.866461171151146,0.931302211119154,0.84489231360504,0.882758620515713,0.917427469888937,0.989185880230731,0.867931988756834,0.912512512329827,0.99999999979984,0.657975917870838,0.919681908365868,0.897821782000431,0.832220117469401,0.929183492380738,0.927504697670358,0.888626988629223,0.894762603838519,1.01878584120649,0.856124368579835,0.88350983340726,0.657648696905182,0.924368068553428,0.897739719028629,0.840231872095956,0.927912741511569,0.93902559522897,0.969299552713502,0.957285192668978,0.936487166394265,0.956704329375721,0.945030870156337,0.910667473097264,0.93787773685963,0.919537940466135,0.856212375238091,0.663322632290666,0.918217821600353,0.857961279956942,0.89208345794308,0.886320613552591,0.869495435676699,0.886953038773014,0.906565404035862,0.938974614048985
"ENSG00000107902",0.724421950833696,0.908388630106291,0.884533360234684,0.896730462341162,0.723990875587823,0.881267548960837,0.913886113703519,0.883814505405127,0.873318610545409,0.918598815433384,0.909237758524132,0.919988013001701,0.899760383206917,0.922740379651439,0.91695331677308,0.880260817846224,0.90285714267924,0.882531953564104,0.842073046145262,0.921115065061069,0.730730730584438,0.930744595490243,0.848840680495802,0.895825049523693,0.877821782004392,0.72774399347468,0.718999310406974,0.84086638298074,0.716951482868405,0.873813019897442,0.721771801320591,0.886622437689549,0.880685829373538,0.906305947701153,0.880007992630631,0.910684058366886,0.877250076095342,0.987803668619176,0.854234607994024,0.855240933759515,0.844233994111821,0.893407146272087,0.918708129003358,0.890260904025043,0.961887477120007,0.910532051736742,0.910973909398332,0.720418434674742,0.732343499050493,0.934653465161455,0.721058869869408,0.903064789676936,0.727308956714694,0.853245059513844,0.903574646860203,0.89037673610665,0.912095569753689
"ENSG00000134013",0.730574575621599,0.912944438761425,1.04356656828606,1.07157097267313,0.730139839188706,0.980545527280276,0.956643356452219,0.895080977588757,0.991567958042247,0.964769647502806,0.874507824154567,0.839077015115558,0.992611820888057,0.732027443426066,0.723538083395865,0.727326615149708,0.725320196901415,0.916413065344611,0.967965721083867,0.977461447019086,0.925725725540395,0.73678943139776,0.732610209825334,0.950695824860697,0.72891089094477,0.733924832871314,0.942578548026676,0.728117891261375,0.9438224315569,0.865785609228432,0.913585129342775,0.902861669293423,0.914372163204363,0.858762681348963,0.915176341109966,0.733047893909579,0.965320858137838,0.960436291331594,0.879928846550068,0.860804768830441,0.926901449950301,0.910115752207325,0.85351464836446,0.942242580971471,0.8923169992151,0.896462894898155,0.877514439179941,0.915819599148165,0.89065008007812,0.96376237604678,0.953773211980685,0.905460716600687,1.02401115850872,0.966797070725891,0.934614999312183,0.928150294608144,0.92663016407633
"ENSG00000153395",0.929244814740648,0.967019906711494,0.965167055760096,0.957137160893713,0.92055935715153,0.809065382910336,0.961038960846945,0.989236495123381,1.00140534009207,0.809796245948048,1.05300353335628,0.929777244844715,0.939496804924222,0.966491001100429,0.919115478934818,0.942303892325172,0.949950738729074,0.943801988041428,0.920016323011627,0.915776986770309,0.807607607445924,0.935348278435679,0.966663349394634,0.946918488877352,0.932871286943986,0.984348519393012,0.93075938128026,0.946691721699794,0.792378707367437,0.789818893629012,0.976270515923221,0.928012674338447,0.958345940300888,0.965386910490275,0.931961234702375,0.965050283587564,0.958405369478612,0.951313832235733,0.935665579417795,0.987183308298622,0.948012232228862,0.812078510153583,0.938306169195419,0.981278629559594,0.935470860872057,0.995739621322552,0.944035052590314,0.935951840336336,0.996187800763205,0.989108910695226,1.0723034371647,0.965558550271427,0.953671415571651,0.948941719139544,0.958045458904967,0.930748475880734,0.985963165557797
"ENSG00000160285",0.948893519708466,0.961077547596102,0.992180359298836,0.975079744622193,0.954279480124114,0.966105094070175,0.918881118697526,0.965898802743004,1.00120457719309,0.92281441314407,0.963755678755425,0.980920986718426,0.76337859409677,0.96092274018874,0.904570024392222,0.933807547730921,0.908374384057463,0.933252180780432,0.956947561526842,0.900158165104753,0.976576576381066,1.00620496376977,0.916111055644122,0.95248508927386,0.90950495031495,0.951649885165656,0.933714172966864,0.887943823382861,0.903948143605589,0.898482623416841,0.895590270734508,0.922467570863953,0.93010589996367,0.939128704806221,0.975522029977915,0.904311460538821,0.958812162929154,0.758155676597292,0.94574562685132,0.948236462802139,0.956693301577056,0.998087568998875,1.05149485030467,0.93288189585085,0.770921556610018,0.954919250776792,0.937263493141354,0.937925589472432,0.936396468511959,0.94376237605074,0.882655076870278,0.900868523330165,0.944505330089767,0.93208947719288,0.930609792544186,0.934146097544889,0.933001493094475
"ENSG00000111144",1.0872283415526,1.07556699988599,1.03584848156071,0.994417862640666,1.10522661884256,1.02988367408145,1.04635364614458,0.987425812093869,1.03573579581696,1.05430091316786,1.09056032284895,1.06522824871337,1.12499999977536,1.0852142783961,1.09385749364248,1.11776328766691,1.09655172392186,1.11483059421489,1.04978575779437,1.04389086574854,1.09469469447554,1.09527622075755,1.08846651386437,1.06660039740227,0.894455445367435,1.04496062186323,1.07199842389993,1.02086836098885,1.04596346473267,0.980127263635805,1.00652560786899,1.01178334468526,1.09430156306721,1.07519395244178,1.03207113577139,1.06402469360469,1.01210210495025,1.14982647473479,1.07836742739829,1.06527570768698,1.02752293557709,1.08263714120128,1.01189880991663,1.07588129833183,1.09296229056403,1.07222827681121,1.04959171458881,1.09779926949614,1.11336276061128,1.03227722751836,1.0339786643552,1.11091145031229,1.06585633136079,1.03741598935953,1.0629818762265,1.05106425481142,1.08571428549812
"ENSG00000120992",1.0288776419512,1.02743389105132,1.00010155356959,1.08034290249594,1.11454924107616,1.02045728018041,1.04255744234914,1.0208228546382,0.996587030516646,1.02459098644493,1.08490661260274,0.897412845690258,1.02895367391594,1.06214576890481,1.08501228479901,1.09326220093,1.04492610816849,1.08176100606984,1.0540705976221,1.08995650433176,1.06446446425136,1.07966373076868,1.07513185370183,1.07594433378212,1.02435643544072,1.03060512390976,1.06136117382816,1.01869251290304,1.0766057746854,1.06549192343309,1.03776942830972,1.10169323673598,1.0563792231858,1.05987666579274,1.05724847616001,1.07836303871784,1.0535950369056,1.02726821992518,1.01670125486378,1.04063586665859,1.05277695549911,1.07136386490763,1.06649335045166,1.07528380779222,1.06089937466003,1.04844942018261,1.09340768749384,1.02003355353399,1.0650080254685,1.05247524731634,1.04662188837483,1.04562244164009,1.0851848159639,1.05707693829731,0.987683988988148,1.07804536802677,1.04947735170742
"ENSG00000133315",1.00089312275461,0.73388135075094,0.915811922226909,0.920454545271042,1.04393533649828,0.9745286801094,0.963836163643589,0.923045971044554,0.970889379447724,0.875840610082136,0.925996971039678,1.04784736768598,0.858626197911616,0.934473500858213,1.0000982799017,0.732068760969755,1.05911330028392,0.972002434373706,1.02693327871313,0.73250296545423,0.957557557365854,1.08366693332993,0.936212558277199,0.955069582315096,0.903366336454779,0.978566443828419,0.729833546591188,0.947680743556981,0.937929679642913,1.01674008790666,0.929800276660115,1.00425784711273,0.949470499052048,0.892182215855941,0.910180837064606,1.02359852613291,0.932370588643879,0.734754585873127,0.73228579884726,0.900347739513095,0.730985498524024,0.962657272075962,0.889311068715266,1.02768372813629,1.00887275640071,0.925790151406759,1.00597490519698,1.02062567827482,0.743378812049884,0.929504950310989,0.93915448420799,0.919836278143189,0.919597489106387,0.949944828779227,0.945629317924176,0.947137003907837,0.982777501048725
"ENSG00000168906",1.12712116679029,1.12330395144631,1.08296943209445,1.11582934587005,1.12129326567067,1.1077015641581,1.14685314662401,1.09707272888098,1.0863280463589,1.12315567577574,1.15598182712651,1.11417440792844,1.16693290711523,1.14288555212431,1.12746928724767,1.13475597685541,1.13615763524411,1.16960843960852,1.18873699220797,1.14096480799902,1.18818818795031,1.13951160905934,1.14200417929306,1.11968190832611,1.08693069285407,1.12212142336315,1.11375947973727,1.10137474016391,1.10980161046753,1.09662261358852,1.09135851273653,1.13219130584569,1.14694906683874,1.08951661008762,1.11339794162985,1.10285771161946,1.11949557589352,1.10679226552171,1.12521000076584,1.11097863862673,1.09736608442392,1.12954202292309,1.10388961081814,1.1252738496066,1.13228473459724,1.11106707597125,1.11929894421046,1.09404914613756,1.13844301742808,1.10019801958412,1.1078625047199,1.12448836954687,1.10311846147193,1.11866787017381,1.14468809429364,1.1316078742617,1.10741662496617
"ENSG00000038274",1.05388508463751,1.07279389896548,1.0206154156554,1.0496411481161,1.05107606842188,1.05856397892929,1.06533466512181,0.98943768212666,1.03172053783744,1.04647194599087,1.05683997959478,1.02946758545011,1.09564696463745,1.07447548949498,1.06869778848773,1.0825923728349,1.06246305397784,1.11949685511879,1.12528055475918,1.05258995629644,1.12992992970372,1.08666933525087,1.10359239703382,1.05904572543558,1.0194059403922,1.07745987417457,1.06924061832577,1.03768173256104,1.02376743252332,1.02320117454269,1.01957682400246,1.07872066519879,1.05758951062883,1.02267754107367,1.06104505923448,1.04112317016009,1.02898403314777,1.03797719364641,1.0914121946652,1.0587183306391,1.03975535147682,1.05505787598288,1.04329567022432,1.07388966319978,1.06110102821918,1.04468443454975,1.05138418620765,1.00167768656831,1.05557784890538,1.04099009880376,1.03615171848357,1.05420784645019,1.03696323582007,1.05928377950461,1.07119255010089,1.05126411490931,1.05724240894828
"ENSG00000125505",0.953656842124907,1.01039912825386,0.991164821571816,1.01475279086628,0.967569175648603,1.00060168451653,0.998001997802597,0.995875666231591,0.982533627588329,0.99829368644017,0.946794548016801,0.992508240736688,0.926118210677692,0.963309137722321,0.992825552630403,0.947836395781894,0.913497536765813,0.96835057801413,1.00142827973854,0.963424278180422,0.959359359167295,0.926541232800932,0.831724549540905,0.994831013718721,0.949108910703147,0.941082643616572,0.981187826064968,1.0090000987026,0.953840109810678,0.970533528933816,0.982796123989955,0.827606693568154,0.969641956435776,0.978714939132939,0.986112498554079,1.05486408422685,1.01698362635676,0.957064947752689,0.957802154173772,1.00228514634828,0.930058202440553,1.07196779042336,1.06609339044774,0.995020911970719,0.972575115754673,1.0213018921983,0.966938856608855,0.959834204883088,0.838483145899181,1.01009900970097,1.04227578011808,0.985923929123306,1.00368636026628,0.995285384492871,0.992690497448144,0.98471070231144,0.983573917175993
"ENSG00000100294",1.07948794262588,1.08547093174498,1.16136894462042,1.09908293439013,1.06773777624363,1.12555154409836,1.11648351626044,1.13771250354336,1.10961654264011,1.11030813989555,1.08329126681811,1.11836979300402,1.08566293908034,1.05697524091539,1.06280098259208,1.07488638587732,1.07467980274391,1.11361330876169,1.10712099548926,1.05634638176031,1.07907907886305,1.05684547616957,1.11135436339708,1.08508946300495,1.08237623740943,1.08982155296784,1.07613513226118,1.07328651941978,1.05362404222086,1.0506118451198,1.04726122186133,1.08129517752623,1.10922844153117,1.09826934531564,1.10120891175918,1.09827740693054,1.10810535927833,1.08517600375108,1.03547781380858,1.09110779908771,0.948012232228862,1.11806743812419,1.10768923085538,1.0872336185845,1.09497882615548,1.09303477636123,1.09360685100705,1.06562715857779,1.09209470283064,1.09782178196083,1.08929276944107,1.09334131953812,1.08657965505897,1.12749523500301,1.09101832360248,1.10762466251471,1.11299153785704
"ENSG00000078070",0.94353478198997,0.891750024583193,0.900985071412413,0.879984050861247,1.01100862818387,0.905736060789062,0.608791208669572,0.922040036028158,0.611724553179738,0.891699287184242,0.913679959431867,0.958545599648677,0.787939296967265,0.869643034529255,0.90810810792961,0.914838964450733,0.891231526917984,0.903428687177231,0.877780044709696,0.863187030276159,0.610010009887886,0.932345876514743,0.606428500227599,0.605765407434241,0.926138613677992,0.920346924350444,0.911651728373554,0.996142814559165,0.91219799628517,0.970141947925572,0.959462131508906,0.921279334405133,0.614624306482174,0.859359458750873,0.870616445025354,0.951508513202926,0.95515102187427,0.946752602687803,0.852258128105098,0.879682066392512,0.850547499092326,0.962053346560231,0.9379062091915,0.978490340374728,0.873966525332937,0.603784801227824,0.86138219461036,0.870818118845195,0.611356340166261,0.857623762206411,0.818253654520298,0.877907556977557,0.880143468988713,0.867087972541461,0.765795534041094,0.874188068177438,0.933200597126292
"ENSG00000131844",0.944130197292025,0.674061602322658,0.849598862425185,0.892743221512611,0.924724784106967,0.682511030749597,0.796003995844954,0.902726083713364,0.775145552946166,0.8116029306812,0.68712771313738,0.964938567382891,0.811701277793191,0.899075270776757,0.88668304650876,0.926299150182513,0.928866994890864,0.822276323631106,0.84472556603862,0.802491103044189,0.681281281144889,0.890112089493572,0.677281321389734,0.807355864650625,0.787920791923184,0.678496660217626,0.851373977966833,0.922361784012984,0.884109212161833,0.897307880392108,0.908443741168985,0.856124368579835,0.799394856117117,0.67694449956695,0.804076331141158,0.906900328406472,0.692159056098412,0.873971244249088,0.918074908406349,0.676204669512925,0.891782578496245,0.877705082863069,0.918308168999438,0.67775343543562,0.686227061769263,0.87189140971527,0.67775343543562,0.788710154783636,0.848314606571365,0.774455445391197,0.83840379280158,0.679444943460229,0.678091062931535,0.81472564935004,0.777010112991487,0.916758269028328,0.870482827103936
"ENSG00000014641",1.07631239434826,1.09676141406422,1.02609931938131,1.02890749580763,1.11593771672797,1.03951062955485,1.08671328649616,1.04737953907104,1.08592652056095,1.08140118416513,1.15456839956495,1.09979023052646,1.13358626175448,1.13055583153414,1.07164619143555,1.1373246391746,1.1010837436254,1.17934672323405,1.12895327461152,1.12831158538388,1.16156156132902,1.13690952739453,1.10697581826909,1.11471172940065,1.13485148492379,1.11793440312672,1.13562493821814,1.1314410046224,1.17776468254218,1.14165442953663,1.09669764660931,1.16090702026717,1.10176500229919,1.09488760670482,1.06364272133807,1.06063925100854,1.06803620439987,1.09667823478499,1.0485225810755,1.08633879759834,1.07309854965511,1.07196779042336,1.04969503028703,1.10914160503702,1.1149425285108,1.06846329117835,1.08185620372797,1.10786539009023,1.13302568195565,1.08574257404243,1.10035559045825,1.12548667243177,1.09714057963592,1.07814224073064,1.11164513845767,1.0962326369349,1.08272772502086
"ENSG00000146701",1.11699910665535,1.0549668216193,0.961511119942823,1.02711323743479,1.09768917958987,1.07200160427758,1.14505494482616,1.08500150868424,0.949809275055248,1.09023386508276,1.14144371506483,1.20767156104132,1.09205271543689,1.05697524091539,0.989090908896493,1.11934400294026,1.05576354659,1.08845607606239,1.11793511505449,1.08659549207462,0.98438438418731,1.09887910306267,1.03234152631459,0.985685884495887,1.05584158394934,1.04436247611517,1.0968186740674,1.06339630084791,1.10940876033993,0.986392559767716,1.079889262195,1.08882067509876,1.06303580412243,0.939526556407494,0.956738934767362,1.11580205095772,1.16546323580485,0.957858205065373,1.12007115305464,1.05235966198662,1.1393903519504,1.19094111702246,1.00489950984804,0.901613224277711,0.931437789689164,0.988011492918258,1.0067715592498,1.11378663749851,1.10593900459351,1.02396039583684,0.945080995467191,1.03823500029186,1.1069044533014,1.02377369825985,0.93902072675698,1.06305586068491,0.972822299457875
"ENSG00000065833",0.788925275222998,0.549073982262241,0.563014115860056,0.768939393786097,0.78111673097667,0.692137986222997,0.754645354494576,0.665325419844015,0.55651475596135,0.556458897810607,0.730742049322415,0.553790829976268,0.841253993442242,0.903649199382788,0.802751842594054,0.547717842215428,0.80197044319173,0.562385879374643,0.697816771944947,0.722024515476073,0.689089088951133,0.783026420980179,0.659966165656291,0.73777335969428,0.548910890980414,0.690060811346813,0.712301782584004,0.548313717624703,0.713612256783812,0.749877630788081,0.832509392756079,0.726012476339041,0.869591527812488,0.821762482430523,0.777500249619842,0.744797371155074,0.563815722452188,0.969162121771113,0.894159501750339,0.677595628280657,0.674755844791406,0.558027176535878,0.554344565432588,0.714200358352081,0.558983665948985,0.779352026002308,0.761202947468392,0.767393664113808,0.556179775169306,0.825148514688089,0.821414460525205,0.553459119386351,0.713958353947602,0.811114454647183,0.753779913737102,0.554012191355249,0.80975609739975
"ENSG00000082212",0.892924481315287,1.00425869050129,0.966182593487116,1.01794258352912,0.947337101865053,1.0146409945819,0.992007991809789,0.978975957956146,0.926721541673013,0.974806784909203,0.947602220909116,1.05444011566188,1.00579073462344,1.02992940220147,0.961965601776518,0.988144635252293,0.983054186998413,1.02901196976486,1.07529075676897,0.973507314951857,1.03483483462766,1.05024019194351,0.99492486794807,0.997017892445921,1.01425742554173,0.960023925638516,0.991825076136743,1.05231925604741,1.00098212512257,1.01204111580773,1.03025509174802,0.980889196755938,0.991830559557876,0.983887009949495,0.962733539621794,1.0670118488366,0.994609986576912,0.985820525337467,1.03112955805294,1.03705911554157,1.00660945032917,0.982989431105589,0.956904309377681,0.801234813622538,0.811252268438949,1.03477657762117,0.962756422831556,0.966544951945812,0.807182985391817,1.00415841564274,0.962662978869486,1.01507437336227,0.978778519282898,1.04724646382842,0.970461599885759,1.00569601259005,1.00129417600771
"ENSG00000151376",0.865733849188105,0.861443993094693,0.806133847708716,0.776714513401771,0.593672517982015,0.60028078608097,0.902297702117423,0.786641182821318,0.600883356635036,0.784703402432058,0.898536092700952,0.882229547321501,0.826277955106574,0.819130953401784,0.588304668189031,0.884805374257102,0.869556650074964,0.686346114691348,0.736788410378129,0.930407275419058,0.795995995836637,0.872898318480204,0.870335356578697,0.812723657890115,0.880594059231566,0.84059415794226,0.589579434533718,0.592028483712387,0.918090748199157,0.798042094802145,0.841210203511724,0.592731953541394,0.603731719494961,0.873483190596084,0.88040763295426,0.908891765227742,0.95820197275334,0.593554784215458,0.591560430755695,0.800596125027204,0.773404360111788,0.862808253475026,0.820917908045012,0.886875124300563,0.603549102519954,0.593084315744955,0.888667595919405,0.846146254644006,0.600521669221404,0.897029702792667,0.807585934253737,0.918438654104335,0.830925575205554,0.600461430313881,0.825072594207455,0.598181272989271,0.953708312403443
"ENSG00000037897",0.933809665389737,0.891948103220373,0.924748654224688,0.920255183229614,0.870772587350834,0.9199759324268,0.706093905952828,0.710994869588372,0.89359566334198,0.888688145962323,0.924179707031968,0.87743482152084,0.947883386392196,0.907825395066556,0.905749385571351,0.843706777150028,0.943251231341231,0.964698721654555,0.936543562347165,0.907473309429127,0.947347347157688,0.903522818073754,0.703353567379171,0.947912524662443,0.917821781996471,0.848768816499099,0.851964936304154,0.898031846326173,0.80003928485562,0.948996573480373,0.936325884726849,0.699871274245,0.914372163204363,0.937537298401126,0.911379758035492,0.920840386155364,0.900640699501548,0.940803172842676,0.960371578029376,0.872528564158464,0.901647430028283,0.882335178483677,0.856714328395817,0.931487751258417,0.712643678017212,0.911324680291029,0.947619995827998,0.884042238057033,0.709069020724505,0.844554455278306,0.926906360938976,0.902665468522978,0.871774434418297,0.955963486617321,0.977470711729755,0.898171279924419,0.928023892299049
"ENSG00000074416",0.923489133487449,0.948598593453778,0.993195897025856,0.96391547030225,0.940593077270536,0.96730846350435,0.913886113703519,0.914193742900273,1.00923509315213,0.90635350779758,0.972236244124738,0.960543402065619,0.930111820900537,0.948791886059701,0.974742014550419,0.943687018189352,0.954088669762741,0.921485088066244,0.927361762716311,0.935349940503094,0.970370370176102,0.820056044671726,0.99193949626989,0.975944333801999,0.940990098823566,0.989333067293523,0.951442923086488,0.810404509779368,0.933804753303122,0.950758688017473,0.947399643870398,0.974551935642232,0.983963691178222,0.990650487171146,0.96393246059268,0.935975305997018,0.941523441281089,0.926722855542544,0.930329083717694,0.921808246215239,0.8905987963124,0.964066431612669,0.94830516929341,0.972515434978587,0.994353700142296,1.0002972355097,0.977096195782295,0.961018454364745,1.00401284089005,0.995247524555397,1.04385618312053,0.998901866626954,0.985752714758244,0.994482896781125,0.982276959851351,0.994903567303906,0.978994524444202
"ENSG00000008394",1.03979358915554,0.820837872472846,1.05656545119192,0.99082934589497,0.966379053661335,0.999598876654713,1.03036963016376,1.05784126324156,0.831961453356362,1.00010037117332,0.958303886732296,0.827889321580684,1.01637380171398,0.950183951287624,1.02624078603907,0.818810511594782,0.994679802759669,1.04483668065635,0.845541726005807,0.819296164329914,0.969369369175301,0.82946357069066,0.941984276855014,0.82385685868313,1.04653465325811,0.941880171280654,0.994385895598466,0.980516269215603,0.813985464385389,1.04865394007858,0.81945817662261,0.820675314225037,1.01502773554916,1.09906504851819,1.12079128761699,0.995320123270871,0.990338655346214,1.21328705974947,1.0833086271206,0.951813213919163,1.02969320291414,0.834222445730403,1.06009399038894,1.03744274028332,0.969550312367503,0.994748835629694,0.825333598720308,0.817921641997844,1.02146869963454,1.04079207900182,1.05491900413771,0.827393431001818,0.825744744281011,0.831377269368768,0.99949934895374,0.973918257025299,0.825087107849659
"ENSG00000143198",1.08504515211173,1.07853817944369,1.08946887354738,1.04804625178468,1.10086283822258,1.08824709163894,1.10029970007986,1.08017302060554,1.06926319994594,1.06835290553682,1.13316506791859,1.11397462768675,1.06349840234355,1.09615193375835,1.05238329217644,1.08693933983661,1.08374384215099,1.06228443881877,1.12936135459511,1.0569395015704,1.06706706685344,1.07706164910387,1.07970942360838,1.09045725624444,1.11326732651222,1.1089622169058,1.09406086849324,1.13875976636559,1.0771950498768,1.12657856071922,1.09254498693048,1.07654223169095,1.0785678263079,1.10005967752137,1.08782096091761,1.10445086107648,1.09447777868515,1.10837878014707,1.11868761713239,0.950223546756041,1.06816612388909,1.09350780048445,1.09969003077698,1.06472814159237,1.0508166967028,1.135242246877,1.06014738078866,1.08378565062987,1.07624398052242,1.05821782157263,1.08494666118433,1.10631925704177,1.11108897058661,1.0905808002627,1.04195454069451,1.08763865272556,1.05963165733009
"ENSG00000240972",1.33511957897487,1.31623254405938,1.33522900348629,1.32376395507899,1.37102052933234,1.26955475305464,1.26613386588089,0.986218690074194,1.35555109388566,0.984040951323087,1.33427561810514,1.3355309157256,1.35802715627835,1.33121209081611,1.29356265330839,1.35427781044175,1.32059113274471,1.39480624844901,1.40399918355356,1.27975484355877,1.34634634607681,1.37189751773981,1.3937705241529,1.28170974129588,1.32752475221237,1.3506130991226,1.35644637026368,1.34625655200351,1.33097623230584,1.31571218770128,1.30749456173473,1.36627388823324,1.27907211270215,1.39307738185934,1.27465281221408,1.3197251814558,1.24112681760579,1.31422905278845,1.26297064902402,1.2864381517563,1.31123606563851,1.28676396551852,1.27567243250162,1.29436367231739,1.31538616630059,1.29376795773432,1.30412268446442,1.29576630784649,1.31219903665486,1.27782178192518,1.28506519137,1.2969951080569,1.2810600774572,1.34837997766107,1.210974266304,1.32007594657338,1.31567944224675
"ENSG00000107789",1.01498461823658,1.01673764464361,1.01939677038298,1.0149521529077,0.995338688684848,1.0210589648975,1.06373626352373,1.04234986398907,1.02348925897942,1.05650908339727,0.980111054824814,1.04285286164362,0.975838657952109,1.06055483721576,1.00815724795908,1.01462161608089,1.02364531999534,1.04077906247905,1.03876759823735,1.03993673368131,0.889089088911093,1.0082065650504,1.00527415643243,0.996222663817848,1.04257425721929,1.03638719947435,1.0513148820937,1.0469785380186,1.02848163405451,1.0047968671552,1.02610243206919,1.01713040874995,1.01321230438463,1.03719912452015,1.04286142450937,1.03036941132523,1.0592901452132,1.03182944947311,1.00760944737472,1.06030799780222,1.02495807417876,1.07055863088665,1.04489551024,0.884485162142106,1.02581165536886,1.016347963734,1.01214897410632,0.998717062864163,1.05096308165109,1.03326732652807,1.02331094408864,1.04682040510196,1.04513300766262,1.01956063777318,1.02192850685453,1.01548915738673,1.03235440497116
"ENSG00000139428",1.03641956911056,1.00425869050129,1.08459429245768,1.03568580521617,1.02112466507565,1.05415162433731,0.994005993807391,1.02907152177264,1.06424412747154,0.973000100176051,0.998889449571148,1.00988912176408,0.975838657952109,0.987769712441529,1.01425061405125,0.993677138709015,1.03172413772774,1.01907080523046,0.874311364849151,0.990905496047666,1.01541541521213,0.994595676342155,0.986764852027711,0.992445327834504,0.848514851317126,1.01963911852863,0.844085491806543,1.01750568667441,0.999999999803575,1.04689182554148,1.0577417439079,1.01198138409506,1.02914775571777,1.04376367594116,1.03027275431506,1.06044010732641,1.062137699367,1.00485870084187,1.03705899771972,1.00069547918516,1.02772023260773,0.977755409969249,1.06789321046537,1.00936068492146,1.03024803367004,1.06430199126834,1.01234813761953,1.02812592499198,0.997592295144945,0.982772277033114,0.990122481037115,1.04861735029478,0.962638238325668,0.859664961207811,1.02393111023852,1.027880483456,1.03912394205294
"ENSG00000115275",0.433462339896108,0.432603743600554,0.799837513801191,0.777113237484627,0.433204403365426,0.816486161087748,0.838561438393894,0.65063876860464,0.779763099622613,0.438422161911388,0.643311458729266,0.43632004786009,0.436102236334644,0.434324351111798,0.429287469203088,0.431535269624277,0.43034482750141,0.44309190496184,0.445623342084141,0.431791221741441,0.660060059927916,0.437149719688321,0.434670116342985,0.434194830927595,0.833465346369611,0.435450104588685,0.430217669569543,0.845811492266678,0.428992339338245,0.774351443803358,0.838837255123821,0.432518071010492,0.730206757290932,0.751541674805741,0.812668598099177,0.808125062071468,0.844299806601383,0.783738224931336,0.801067298981902,0.822454048520128,0.736115221320684,0.831605435162234,0.842715728258631,0.434973112839081,0.717080056318395,0.807292182540911,0.434973112839081,0.431066811323188,0.676565007889935,0.432475247439114,0.431450019669805,0.43605870012258,0.69124240297076,0.43815829061327,0.778411935360286,0.777056060602167,0.434843205488334
"ENSG00000005381",0.74129205105859,0.739823709866332,0.93835685976676,0.871810207162717,0.892194783121651,0.944444444255025,0.994805194606433,0.751433457247473,0.93033527385458,0.749774164257799,0.888036345100851,0.888023174330632,0.89017571867209,0.909615193216741,0.734152334008029,0.888954751849643,0.887684728889126,0.757760194611937,1.3570699854403,0.738434163555074,0.894694694515577,0.913931144733,0.743357547866781,0.742544731462715,0.916039603779002,0.744691456336419,0.735743129964396,0.916625457241297,0.733647613291368,0.945668134910295,0.999999999802254,0.955342112891308,0.753403933282218,0.742987865378359,0.898791087841185,0.99073981858195,0.7596867688885,0.869410014701158,0.965708073729478,0.942473919335822,0.930058202440553,0.870659285179535,0.903909608858332,0.94682334177518,0.753176043405288,0.740116912565121,0.743875721819583,0.869633869363538,0.916332263058521,0.977029702776826,0.737850651770476,0.745732255017324,0.744246288583392,1.00852643173668,0.96926003785536,0.746477465624767,0.743653558836505
"ENSG00000128309",0.888955045968253,1.04605328294621,0.909718695864787,1.07157097267313,1.03778637289739,1.06417970295544,1.04335664314818,1.0294738957792,1.06002810659305,1.07216701775125,1.1999999997577,1.10997902285287,1.05591054292015,1.08183354855686,1.04825552804948,1.08772969747328,1.07960591111732,1.03570703975741,1.09712303589122,1.07730328171663,1.08648648626897,1.07045636487781,1.07274355635929,0.890457256284203,1.01861386118443,1.09620177428049,1.08381759064635,1.0722974975626,1.05774896856065,1.04493392050026,1.04726122186133,1.05455985720278,1.06485123528697,1.03003779569723,1.04485962612751,1.04908891744517,1.12864842853073,1.01576598889127,1.03271074196409,1.07958271215508,1.08355529227907,1.02224458962813,1.04029597019492,1.09858593883717,1.0752167773593,1.04904389159833,1.04760007945676,1.05398203867483,0.898675762259495,1.05881188097845,1.0339786643552,1.05300988298832,1.0537013049609,1.04744708575636,0.96885951717856,1.02907964404335,1.06022896942554
"ENSG00000037757",0.943336310222619,0.929384965647344,0.954808570944489,0.940390749413798,0.967172468319514,0.943441636393212,0.946653346464205,0.931697012185555,0.978116843810858,0.965171132999062,0.998889449571148,0.908800319466827,0.915135782564869,0.789499850693149,0.93208845190524,0.952183362783603,1.01241379290396,0.983566646179029,1.05855947744163,1.00296559885272,0.98438438418731,1.00120096056821,0.954323813124824,0.918687872580778,0.927326732489638,0.967600438447293,0.903772283875944,0.916625457241297,0.933804753303122,0.93372491415884,0.916946806225638,1.02366570927346,0.95229450308577,0.940919037011952,0.79328604240318,0.920840386155364,0.942540424907446,0.929697570465107,0.910168988850644,0.96751117715499,0.972674361058957,0.93568193237329,0.793920607780438,0.929296952613165,0.800564629804282,0.916674923032463,0.790679147422689,1.01312543155766,0.951444622602038,0.892673267149966,0.93322797294879,0.792652490607437,0.942512702811097,0.9992978230516,0.929408230513786,0.93554511823013,0.942558486621691
"ENSG00000099810",1.00029770745256,0.820639793835666,0.968416776486561,1.01475279086628,1.00723990855752,0.830926594297849,1.00179820159804,0.984609194047961,0.999999999799237,1.0603231956117,1.06309944451023,0.827689541338989,1.12979233204277,1.04544098616974,1.10545454523726,1.06559968364639,1.03093596038799,0.987624264356335,1.05835543744984,0.819098457726552,1.08228228206561,1.05724579642569,1.00746342899642,0.945129224464189,0.979603960202059,1.05672415490844,1.06687678497648,0.991593314016103,0.813789039321589,0.981889378172905,1.02155428099238,1.1032775520144,0.835703479407826,1.00736025442463,0.989909081628552,1.01304391098018,0.955964608775355,0.988993554588201,1.03192015000851,1.11415797295297,0.992009470061752,1.051031705878,0.960703929414918,0.976299541729476,1.03246622282064,0.967799464783949,1.06930890239607,1.04885029092098,1.04333868357878,1.02613861365819,1.04069537711563,0.827193770424839,1.03696323582007,0.978633764474143,0.981676178836152,1.01229139582047,1.01801891468033
"ENSG00000100714",1.13089213036997,1.08586708901934,1.03625469665152,1.08831738415305,1.11633442405706,1.06056959465291,1.0261738259688,1.03229051382511,1.06022886949202,1.07417444523253,1.08288743037196,1.05923484146254,1.09025559083661,1.10967485311531,1.07931203909989,1.08476585633575,1.10837438401805,1.12314871147836,1.06468067719554,1.03341241577038,1.14894894871893,1.10268214549586,1.08707334041455,1.06421471151805,1.0730693067182,1.05871797406864,1.08539347954587,1.0169122735601,1.05480259260365,1.06529613292897,1.0431085621825,1.07416575877331,1.09309127562419,1.06743584621694,1.0474572882311,1.09110823437397,1.02857723969723,1.10064452134841,1.05425437275338,1.04222553382171,1.04409588615091,1.04338198267874,1.03569643014985,1.10734913341817,1.10123008648896,1.02645397780116,1.11989643475007,1.09029902277898,1.09109149255797,1.07841584137061,1.05373370188587,1.06698612337686,1.01902959031204,1.05547196287381,1.09542405104728,1.0750474665584,1.06620209038005
"ENSG00000120254",0.964374317561899,0.973952659012785,0.838631054973366,1.04525518320469,0.934444113669653,1.04773365402171,0.954045953855336,1.01176943949064,0.954226058832719,0.971996386435412,0.979505300155577,0.982918789135367,1.04412939276275,1.01441781823319,0.927960687778288,0.815846670457252,1.02640394068445,1.01866504341273,1.00836563945963,0.979043099845978,1.01781781761405,0.977381905328787,0.973231167086629,1.00258449284243,0.979009900796236,0.953643704325861,0.95262483976113,0.941944416785294,0.949911608534686,0.934116495167084,0.969942653555479,0.970591147446165,0.978719112258453,0.821364630829249,0.98071735418509,1.0058747384236,1.01108512132389,0.918195339431196,0.991402312285522,1.02493790342276,1.01469862858544,1.01217916436594,1.03349665012829,0.988846843061373,0.974389997786975,0.985039135839683,0.98068113901998,0.980361195898478,0.933988763857546,0.962574257235134,0.929869616568576,1.00748727143706,0.931752515506276,0.998294713411918,0.947031140292975,0.983511541724091,0.960676953517038
"ENSG00000065911",1.10012900643046,1.07992472990395,1.15486950316749,1.12539872385857,1.12109491200613,1.15082230221604,1.11148851126644,1.14334573963518,1.12025697628583,0.973000100176051,1.14245330618022,1.11817001276233,1.1729233224495,1.14268668566318,1.10054054032422,1.1203319499861,1.13655172391398,1.14911746781312,1.12528055475918,1.11249505711497,1.13813813791028,1.12790232163172,1.11613095808217,1.1459244530525,1.11881188096657,1.09759744769263,1.11848714643583,1.12689150407934,1.11824788821091,1.0911404794731,1.14573857995932,0.959897019316785,1.15037821459397,1.09309727449909,1.148766110271,1.13930100544871,1.10952913635523,1.10599900820902,1.18667852531146,1.18291107775799,1.11255795578326,1.18389531933892,1.1622837713904,1.11830312664443,1.11897559969369,1.09640344771695,1.13045210094992,1.12010263473402,1.13784109126448,1.09782178196083,1.07981035142635,1.12149346089218,1.09295606235071,1.08436152049667,1.14709121835444,1.12161486936712,1.09885515159804
"ENSG00000167508",0.960603353982216,0.921263741522974,0.935310246585699,0.941387559620936,0.998115639988473,0.960288808471663,0.943456543268041,0.950809777497071,0.938968078510546,0.948107999408189,0.998081776678833,0.994905603637018,0.976637379996678,0.945013423298197,0.952923832736526,0.992096423435666,0.786995073736553,0.988435787991796,0.987145480312764,0.99683669414851,1.01541541521213,0.998598878903403,0.910936411401943,0.937972166811536,0.91564356417512,0.947064101097186,0.918349256196523,0.940955394928107,0.930661952282329,0.931179637605251,0.920506228807493,0.947222497089371,0.954109934250306,0.984284861550769,0.798081726286726,0.795379866415338,0.967965015566365,0.973128408334531,0.934479691484439,0.926577247704605,0.956101410485133,0.942727730056824,0.959704029405119,0.934475203956488,0.986892518453944,0.955513722192507,0.958773152567462,0.94266258739906,1.00100321007203,0.975247524559357,0.947649150346178,0.933612857954754,0.930357676411207,0.801283980178296,0.895363972985809,0.934745677838564,0.969238426885169
"ENSG00000065534",0.904237372054334,1.08309398809882,1.08439118491228,1.03269537459476,1.04611722680827,1.04813477716644,1.12987012964438,1.02444422069722,1.07086930313775,1.09505169103783,1.08773346772585,1.07202077693097,1.07428114994523,1.03589539603542,1.07695331674163,1.09029835979247,1.04118226580469,1.09007912333332,1.06896551702327,1.05812574119056,1.06106106084864,1.00140112069628,1.02895810507932,1.02624254452759,1.00772277207768,1.05592662724436,1.07377129891189,1.0327366232751,1.05499901766745,1.04062652940957,1.04192208798855,1.01574413288133,0.91901159840262,1.07380147183732,1.04925566968743,1.08772279177781,1.05339164018033,1.04194348020983,1.0564285006312,1.02593144539972,1.0721120645019,1.08223452419079,1.01669832996366,1.03923521190216,1.04597701128333,1.02506687783116,1.02987452678154,0.899240106404966,1.04955858726935,1.05900990078039,1.04958514400443,1.03843466086884,1.10311846147193,1.05928377950461,1.0661860416409,1.03847306864425,1.15102040793409
"ENSG00000102030",0.929840230042703,0.97791423175638,0.910937341137212,0.962918660095112,0.857482891826345,0.94324107482085,0.729470529324781,0.962880997693817,0.903834571189754,0.848138110840482,0.737203432460938,0.842273498982664,1.03274760362765,0.967883066328352,0.980835380642588,0.847065797105895,0.98719211803208,1.05477784519075,0.876555804758915,0.910043495272826,1.02142142121693,0.876100880529203,0.872922678699787,0.960834989868621,0.895247524575199,0.854750273979713,0.885649561531439,0.825239837637179,0.89451974054321,0.91512481626723,0.906268538480073,0.858104762677868,0.901059001331103,0.975731052123388,0.957338395252805,0.899930299532026,0.742601443965707,0.956271690440005,0.912738412706248,0.96671634357343,0.917036598418262,0.865022647032708,0.924907509064112,0.946624178261975,0.990522282518548,0.931734865563909,1.01155148356671,0.866081120918567,0.859149277516222,0.856435643394765,0.935796127827776,0.855545572355886,0.727508219442561,0.980439361825571,0.960849103642565,0.863395622891297,0.886610253681113
"ENSG00000164134",0.981244417786793,0.881846092724206,0.924545546679284,0.812998404941587,0.963007041364077,0.860810268579861,0.992207792009549,0.883613318401848,0.807066853883343,0.974204556664819,1.01605249853285,0.982519228651979,0.650359424790264,0.993337973353219,0.926191646009594,1.01857340426426,0.868374384065345,0.660783120174319,1.03978779819633,1.05911427420737,0.836436436268982,1.02201761388671,1.01283709801715,0.905168985903545,0.899405940415959,0.956634433066168,0.986900423325736,0.886163584039924,0.977018267339026,0.637689671926052,0.863357721798822,0.981681354395152,0.962985375499146,0.64790133267398,0.826656009426185,0.944140196964226,0.905929014358603,0.84303420905443,0.643739499823354,0.914257327190411,0.889612311159197,0.981177654558394,0.848715128317425,0.879506074311988,0.986690864894799,0.889131080771003,0.648675562507732,0.96299220350084,1.00040128390843,0.985544554260288,0.93737653083023,0.970949385849865,0.975988841092759,0.653425619289111,0.652247922168369,0.984310982115657,0.933001493094475
"ENSG00000121579",1.1048923288469,1.10111914408218,1.07382959255127,1.08034290249594,1.04651393413736,1.06197352565945,1.08131868110263,1.0757469065334,1.0654487048654,1.0452674895021,1.06976274587183,1.07222055717267,1.16094249178096,1.12001590909416,1.11547911525986,1.03438055699775,1.10640394066869,1.17427470051242,1.10630483552208,1.09885330148303,1.14474474451557,1.07626100859162,1.05025375638367,1.09463220654182,1.06138613840369,1.04456185803119,1.0786959517229,1.04816536424722,1.02828520899071,1.04552129201262,1.04389954497847,1.0555500542518,1.07594553684802,1.09409190350227,1.09361574561023,1.07338444666467,1.0692565847515,1.07466534435802,1.03271074196409,1.08415300524905,1.04863371785565,1.05988928010873,1.04169583020864,1.08046205913554,1.11837063901626,1.05796096283405,1.12686715771224,1.05654791255175,1.06420545725036,1.05920792058234,1.08316870780656,1.06538883876103,1.06486001772146,1.0949944826773,1.08941624089528,1.04826621344094,1.05604778475738
"ENSG00000159593",1.17336508858324,1.21778746138105,1.27896821340937,1.23464912256088,1.19131210925492,1.25491375827218,1.2419580417099,1.26083894955018,1.22947199332875,1.24360132465249,1.19394245306533,1.22165617795991,1.20906549496624,1.18166451204501,1.16697788674851,1.18118948801004,1.18837438400229,1.23676202044294,1.21709855106772,1.15539739004441,1.19079079055239,1.17073658903708,1.21464822346211,1.19502982083598,1.2005940591682,1.19888346103103,1.16655175787126,1.17456235759577,1.17344333113859,1.16612824255191,1.15246193372504,1.19615803521217,1.23247604614574,1.22100656430853,1.22849435483495,1.22114905880292,1.23583850274874,1.19484382722958,1.18746911726703,1.21390958743887,1.19759297598943,1.23140412657647,1.23947605214689,1.19896434949234,1.22766686807266,1.19686911697278,1.21788488324679,1.17753873459439,1.21749598691463,1.22851485124188,1.23093638853597,1.21912748303501,1.2103218090644,1.23603169801665,1.2105737456272,1.23593484536106,1.22767546018364
"ENSG00000124357",0.981045946019441,1.00921065643078,0.881283639508219,1.00937001574773,0.975900029559476,0.996590453069276,0.972227772033521,0.98481038105124,1.00220839168797,0.974204556664819,0.968399797886239,0.939966037171119,1.0481230029856,0.992144774586428,0.999312039115614,0.940525587642654,1.00729064019561,1.03327246885103,1.04590899795023,0.939699485777046,1.03623623602878,0.987189751603845,0.932630112263383,0.862624254301665,0.993069306734046,0.967201674615252,0.96759578430659,1.00504401127385,0.988018070911802,1.00577581967581,0.990705951949633,0.984255866722595,0.976298537372406,1.01491943484883,1.02767509221147,0.981977496568361,0.956778195676441,1.01457610292225,1.0538590767756,1.02911077972596,0.980763539315229,0.977755409969249,1.03429657013613,1.02310296733258,0.982657793711906,0.859803824262399,1.02848038218911,0.951741833425098,0.982142856945798,0.963366336442898,0.986961675032208,0.948787061805174,0.962040450142066,1.01996188162906,1.00130169199934,0.956530428508738,0.992931806671392
"ENSG00000108784",1.01677086414275,1.09002674040011,1.08175078682203,1.11881977649146,1.00327283526663,1.12133975107875,1.11748251725924,1.1441504876483,1.06404336457257,1.12656830249391,0.98071680949405,0.874238337653733,1.05850638956499,0.87023963391265,0.998132677936485,1.01995653012844,0.862266009682312,1.06086427245671,1.03856355824555,0.865164096309774,1.01041041020813,0.984387509810971,1.00288585908988,1.09502982085586,1.1479207918519,1.02661748558935,1.12301782702196,1.14924339805178,1.06560597111263,1.09055310796073,1.11943840199339,1.04426180789301,1.05779122520266,1.02486572488067,1.11339794162985,1.13730956862744,1.09752872956422,1.010808130687,0.98527522462985,1.0587183306391,1.02910131182222,1.03069954684837,0.87511248857612,1.01453893626478,1.07662835227332,1.12493807567127,1.06871141185646,1.01628343017541,0.878009630642454,1.13287128690438,0.864480442342062,1.08795048395968,1.11248380968168,1.16360718203158,0.876339240837821,1.11861696789875,1.07994026857542
"ENSG00000105835",1.05944229412336,1.13261364739376,1.00396059693227,1.13277511939139,0.997322225330294,1.03650220596941,1.02497502477023,1.00875163444145,1.03553503291798,1.01194419331287,1.00636042382507,1.0640295672632,1.0609025556987,1.03152033389052,1.06417690396773,1.02509385476683,1.03428571408191,1.05193751246664,1.03978779819633,1.06979043078889,1.04104104083262,1.12189751778985,1.20549308364902,1.14751491030865,1.11722772255104,1.10417705092131,1.0605732293784,1.00326377193091,1.08623060281158,1.01732745941903,1.04844769605528,1.10248539437519,1.1245587491428,1.00915058663037,1.00629433489733,1.20143383427234,1.07291772580638,1.03480416439568,1.19023618911153,0.977645305319892,1.01588241076928,0.983995973631808,1.0194980499911,0.985660226850097,0.978019761851579,0.952937679391075,0.974905397137043,1.02082305318843,1.10333065788456,1.04613861365423,1.14974318428492,1.0617949483754,1.0525057285937,1.06209248649572,0.965455091425762,1.06305586068491,1.0679940266664
"ENSG00000095380",1.13486156571701,1.14529068017326,1.10510815454349,1.1393540667585,1.17108003547137,1.12494985938128,1.11868131845781,1.09767628989082,1.15940574158615,1.11572819409501,1.17314487608821,1.10558385753559,1.10742811479484,1.13353882845112,1.13179361157115,1.14779687786054,1.11645320175045,1.12639480602021,1.16670067309392,1.15342032401079,1.11711711689347,1.12690152099141,1.13046074213743,1.09145129202953,1.14237623739755,1.14843983627785,1.12282084090952,1.11581445927884,1.11962286365751,1.10680371980288,1.11884516489641,1.14684622217114,1.11467473502478,1.11438233516722,1.11199920049715,1.12834810293172,1.13536052046469,1.13713435773185,1.13272062434377,1.11912568283773,1.09184176756598,1.10457976827286,1.09729027075347,1.14499103741386,1.16031457931835,1.07896561952265,1.11471818340675,1.1343136285139,1.15750401260885,1.10257425720741,1.13492690613692,1.10651891761874,1.13221081974052,1.10783428606524,1.12085711402406,1.12301389005236,1.11637630639793
"ENSG00000147813",0.904237372054334,0.863820936740849,0.826850817339931,0.672846889818013,0.910046612930666,0.843561973356686,0.879920079744272,0.679006136066994,0.677574784043852,0.881059921533462,0.969409389001634,0.937768454512483,0.882388178737542,0.935865566086136,0.986928746734756,0.927089507819188,0.890640393913174,0.841550009973311,0.889410324242112,0.932977461262757,0.881881881705329,0.995796637110529,0.888844660983412,0.874353876565735,0.836237623596785,0.891635928443498,0.844676450143864,0.861833646353114,0.937929679642913,0.916103768787841,0.815898754040756,0.960491137546194,0.6807866867008,0.96757509429728,0.876211409556157,0.779249228163049,0.863215702051619,0.928705998824253,0.667061962512687,0.84153005447759,0.665877478412572,0.883945646525628,0.8747125285722,0.959370643107076,0.958862673732837,0.890914495018148,0.892850029696704,0.839830257408501,0.94562600302054,0.87346534636169,0.877518767112304,0.87970450217037,0.879944206260846,0.866486106757651,0.675878642099554,0.868392125338585,0.901144848003754
"ENSG00000135372",0.990374119084971,1.29979201717346,0.921498933498223,1.36523125969593,1.06615094692727,1.37444845540023,1.17022976999596,1.3867820136029,1.37040754840988,1.21067951395951,0.991014638871072,0.906402956566496,1.03574281129478,0.902257134154866,0.993611793416489,1.00928670203334,1.18620689631799,1.17995536596065,1.03835951825375,1.05357848931325,1.21021020996793,0.987189751603845,1.18041596155231,1.32942345898023,1.33940594032883,1.23696540699093,1.23431498055071,1.26416773785695,1.14299744624966,1.34566813483198,1.35515127519178,1.18209723711613,1.18164397353875,1.22697433832764,1.36537116567782,1.33147465870129,1.1878368755847,0.981655924445879,1.15386895915528,1.29259811201339,1.20430107503121,1.04157020613154,1.11908809096709,1.03784106730973,1.26618269786929,1.36233032768011,1.31487751417748,1.13707687730444,1.14767255193666,1.2455445542088,1.29296720638227,1.24388539458044,1.19537710447437,1.40314976398773,1.33733853983432,1.23813330643787,1.22628173196092
"ENSG00000130414",0.946313386732894,0.970783400817909,0.960292474670398,0.985645932817854,0.947138748200508,1.01163257099646,0.908891108709512,1.01056231747097,0.969684802053868,0.787313058157721,0.945986875124485,0.96633702907475,1.00359424900088,0.932882569169159,0.938574938390452,0.905354672810639,0.986009852022461,0.960843984386114,0.967761681092071,0.951957295185457,0.992792792594035,0.943955163942363,0.944969648533194,0.960437375554585,0.93564356417116,0.914764230701871,0.920319117320926,0.944318069242544,0.926537025942538,1.01791483093139,0.969744907856487,0.922665610273757,0.942813918115418,0.977521384329118,0.975522029977915,0.912874638870283,0.797721956514243,0.967377292817575,1.02184010257499,0.977247888529111,1.00147972753251,0.936084549383778,0.991700829718688,0.962158932291942,0.962089130679151,1.01119587813114,0.987054371442531,0.930820092582489,0.936396468511959,0.90950495031495,0.94093243758575,0.947788758920278,0.943708279178299,0.963587119878907,0.958646239920167,0.910162885797909,0.780886012786285
"ENSG00000174886",1.03403790790234,1.04763791204365,1.05575302101031,1.06040669835319,1.03104234830288,1.05655836320566,1.07172827151414,1.08138014262521,1.05681590020943,1.04466526125772,1.02110045410982,1.0640295672632,1.05491214036443,1.02634980590109,1.05945945925121,1.02766251708602,1.04295566481912,1.04950294156026,1.06223219729397,1.02372479220567,1.05225225204159,1.0268214569602,1.00686635466079,1.0713717691707,1.07702970275702,1.04117236545884,1.06628582663916,1.10117693579247,1.07365939872841,1.07900146821752,1.08048249929198,1.06406574887334,1.06162380210557,1.04615078554881,1.05265261243827,1.04530518748475,1.07434150288328,1.08815071867364,1.05267318884224,1.01619473402559,1.05948505454089,0.944136889593531,1.05249475031447,1.06592312267159,1.05242992517596,1.10056474762696,1.07608046184503,1.07135103107247,1.03752006399729,1.04336633642706,1.01777953358005,1.03104721952061,1.05350204223304,1.02979235609795,1.03314308580492,1.02588188247709,1.02797411627118
"ENSG00000184752",0.912374714515754,0.866197880387006,0.882096069689835,0.901913875418279,0.875929782628993,0.90633774550615,0.866533466360333,0.91701036094618,0.888375827968605,0.90153568184251,0.899545683816346,0.901608230765836,0.895367411961788,0.883762553269611,0.894742014566144,0.875321082617008,0.883152709185586,0.89003854719212,0.874515404840948,0.882364570802221,0.88408408390709,0.866893514638332,0.864165588443792,0.93121272347292,0.898811881010136,0.8838600337187,0.869299714198897,0.922361784012984,0.91239442134897,0.933137542646473,0.911212180954872,0.898900881097356,0.927080181356111,0.901730654286507,0.911979218520935,0.853330677914302,0.895148987919221,0.878135845140677,0.913726652650711,0.861202185621222,0.902633915181487,0.918973326438053,0.899510048815216,0.924118701269843,0.882637628376157,0.924601208575329,0.895040828341956,0.936543965077165,0.878009630642454,0.867920791907342,0.917423942924255,0.89707497236756,0.871176646234696,0.844217072756702,0.876539501176221,0.889177575519301,0.872473867422106
"ENSG00000186010",1.0761139225809,1.05021293432699,1.04986290219359,1.06818181796886,1.03322423861287,1.07280385056703,1.04935064914099,1.10049290793673,1.03914876509955,1.05269497118284,1.04411913154081,1.05643791807883,1.03454472822793,1.03509993019089,1.00599508579735,1.03082394763272,1.0455172411733,1.0632988433631,1.07427055680998,1.02965599030651,1.06346346325056,1.04903923117513,1.03254055109314,1.05646123239434,1.06178217800757,1.05313528042007,1.04796611818222,1.08733062979184,1.06187389490044,1.07841409670516,1.08107573638895,1.0559461330714,1.04568835077243,1.03620449551697,1.04525926645114,1.02399681349716,1.10586799530034,1.00862667307712,1.07599565153158,1.0547441627313,1.07152017340998,1.07981882212787,1.08029197058688,1.04839673350958,1.03528937264866,1.07460616247407,1.05935072673584,1.07135103107247,1.02367576223442,1.00514851465245,1.03773212148603,1.00928421662987,1.03795954945941,1.03861972092715,1.02272954820812,1.03667432776323,1.01801891468033
"ENSG00000131495",1.07154907193182,1.02386847558208,0.99786737057015,1.03349282276047,1.02390161637927,1.04452466886391,1.05414585393524,1.07494215852028,1.00421602067773,1.02398875820054,1.02695608257911,1.03865747656804,1.0391373799842,1.00526996102113,1.03135135114863,1.02647698063101,1.04019704413001,0.9878271452652,1.0036727196483,1.01561882146785,1.01721721701357,0.990792633908969,1.00268683431134,1.05029821052678,1.02950495029119,1.02681686750537,1.02216093745254,1.10097913142103,1.06619524630403,1.07860988720928,1.05912596380085,1.04545004435183,1.05456379202127,1.0379948277227,1.0252772502697,0.969630588276485,1.0735279159822,1.01517104590676,1.07777448343161,1.01639344242099,1.04488507427348,1.06149974815068,1.07429257052809,1.05496912944534,1.01351078826104,1.08055087663122,1.02688707408347,1.06089016065116,1.00501605116272,0.89564356417908,1.03081785835029,1.03444144932925,1.03337650671847,1.00331026161033,0.997697005908141,1.02688118296655,0.985963165557797
"ENSG00000189043",1.01875558181626,0.959889075773024,1.0055854572955,1.00677830920917,1.05305960506733,0.990974729043126,0.991808191610028,0.994467357208638,0.995783978920742,0.978219411627377,1.03442705683303,1.01408450683966,0.956869009393596,1.0170030822279,1.02171990151907,1.00335901975828,1.00748768453054,0.995536619802082,1.05917159741702,1.00810597054011,1.00120120100076,0.820056044671726,1.01880784137351,1.06580516877419,0.987128712675816,1.00967002272761,0.992219048361623,0.979131638615541,1.04242781358428,1.05178658814454,1.04014237669762,0.999900980097059,1.01623802299219,0.814999005208872,1.00409631311738,0.987951807032171,0.983423166686988,1.00168567159114,0.966103369707263,0.970690511481234,0.979382460100743,1.01439355792362,1.05349465032427,1.0493925510756,1.02097196994939,1.00426037828113,0.989643497114192,1.04036316963577,0.996589084872273,0.97782178198459,1.01758198320474,1.04382549644727,0.99073428295492,0.929481392129706,0.992890757786544,1.01269111601625,1.01562966629853
"ENSG00000128609",1.10409844177749,1.06566306802701,1.09332791691006,1.09848484826585,1.08995338667263,1.10308864799376,1.08091908070311,1.12302585230399,1.09455932521691,1.0962561475266,1.07905098413346,1.10558385753559,1.05211661320844,0.926319975951811,1.07793611772424,1.08595139279076,1.07704433476314,1.02779468431167,1.0416241581225,1.08620007886789,1.0998998996797,1.08566853461055,1.07353965547347,1.11550695802873,1.09881188097053,1.11155418181407,1.09130306291908,0.921372762155796,1.11628363757292,1.1193343120667,1.12873244984601,1.10624814316145,1.10337871888989,1.06246270120102,1.10220801256825,1.08573135495654,1.13719109099213,1.07506197301437,1.10742168176551,1.10382513639268,1.05928775751025,1.13296426751224,1.14048595117679,1.10157339153524,1.08570276243483,1.11443574732697,1.09938259288999,1.10747064026301,1.08246388421299,1.05425742553381,1.08178585517942,1.08216032722728,1.0869781805147,1.05366636552239,1.07059176908569,1.08364145076773,1.06719761053913
"ENSG00000184983",1.03899970208614,1.01158760007694,1.00639788747712,1.01395534270057,1.05167112941552,1.01243481728591,1.04335664314818,1.04597123004809,1.01706484621219,1.0071263673578,1.02816759191758,1.06363000677982,1.05291533525301,1.04862284954785,1.002850122653,1.0258842124035,0.991921182070557,1.04787989428933,0.834931646432375,1.01423487524432,1.0306306304243,0.97437950340785,1.03970544312077,1.0186878725609,1.02772277207372,1.013458279132,1.01369053461761,1.04440708118991,1.0333922606495,1.03279490924468,1.02155428099238,1.02425982750287,1.04004034270498,1.00596777382018,1.043261064833,0.999900427959793,1.05196786310343,1.01338621695322,1.02658365430841,1.00546448067452,1.05100128222334,1.04942123783605,1.10968903087497,1.05317665782649,1.01754385944393,1.07044486256407,1.03385779704564,1.05082404005708,0.734550561650371,0.94574257407015,1.01165547194554,1.00788659259102,1.00009963116467,0.995486006420807,1.00750976248973,0.994104126912341,0.999502239721353
"ENSG00000267855",1.08861764392406,1.05932455163725,1.07382959255127,1.07316586900455,1.05702667835822,1.08303249075751,1.07572427550935,1.08982999676294,1.06143344688588,1.07557964446942,1.07844522946422,1.07721506321502,1.08586261959148,1.05160584646483,1.05277641256948,1.05888164373466,1.05221674856114,1.07303712698863,1.06916955701506,1.07750098831999,1.06706706685344,1.04183346656489,1.03910836878513,1.07713717672423,1.06178217800757,1.05353404425211,1.06077021549084,1.10414400136403,1.0803378508976,1.08037200174638,1.07217717993431,1.0678284976596,1.08078668662011,1.05132285636536,1.06983714635431,1.04809319903453,1.07901962756452,1.08101140285949,1.08963336276517,1.03467461479689,1.08138502494202,1.07740312006494,1.07169283050261,1.0788687510299,1.06473079228378,1.09065689069837,1.0619398524075,1.08753577398845,1.07343499175894,1.04950495028723,1.05235084925872,1.05840071856676,1.0501145758593,1.03440666044048,1.03234204445132,1.04107124991684,1.03613738157568
"ENSG00000119421",1.01756475121215,0.979102703579458,0.97288514248545,1.01555023903199,0.978081919869467,1.00862414741103,0.96483516464239,1.0304798307956,0.994177875728934,0.976613469642354,0.976678445032473,1.00009988992107,0.995407348044048,0.981604852146444,0.935626535442629,0.96561944260707,0.934975369273897,0.87705416902474,0.986941440320967,0.98339264511993,1.01041041020813,0.955564451369983,0.991740471491344,1.01073558628017,0.971485148322478,0.994716379026076,0.851570964079273,1.00939570744548,0.970339815169841,1.00988742026238,1.02056555249742,0.975740172101051,0.965809379532868,0.859956236152784,0.996303326806613,0.963656277812674,1.01718702308203,0.963609320582328,1.03330368593076,0.986587183112452,1.02495807417876,1.0202315045757,1.01689830996562,1.01294562815914,0.963500705593164,1.03834340611546,0.860983867583951,1.00917793328547,0.978731942018713,0.958217821592432,0.953378111230072,0.960567035846947,0.960247085591263,0.97080950928462,0.973665765300157,0.944139102439465,0.943554006780776
"ENSG00000139180",1.051900366964,1.01376646508591,1.00985071574899,1.04266347666614,0.973321431920396,1.05716004792275,1.00459540439469,1.03752137591037,0.999999999799237,1.0193716749936,1.02372539100985,1.01288582538949,1.01238019149114,1.01402008531092,1.01778869758864,1.01363366903505,1.03763546777584,0.970176506193918,0.898184043889373,1.01502570165776,1.04724724703759,1.00940752581877,1.00706537943933,1.02246520854424,1.02930693048925,1.02741501325343,1.0067960206822,1.0374839281896,1.05499901766745,1.06314243738362,1.03341902293189,1.03376571917343,1.02793746827475,1.01571513805138,1.02827455269692,0.980981778157725,1.03284857092793,1.01239464531237,1.04456962129764,0.995330352509622,0.9888527175715,1.03190739787984,1.02749725006949,1.03804023082294,1.02984472655176,1.03220053481974,1.04202350108703,1.03562617170914,0.998194221308548,0.871683168144221,1.00039510055306,1.00409304162841,1.00747235209575,0.992075433645887,0.993491538801744,1.00749475347107,0.981383772826006
"ENSG00000004779",1.1279150538597,1.11122115457835,1.10673301490673,1.13118022305997,1.10740850915255,1.13858804630193,1.08431568409904,1.15964188690079,1.12326841977047,0.941884974216223,1.07440686500264,1.08700429505804,1.14396964833387,1.10967485311531,1.12687960665811,1.05018770973124,1.13024630519601,1.13268411419503,1.09345031603888,1.09410834300235,1.15495495472373,1.0976781422943,1.09224798465673,1.14572564589548,1.1213861383918,1.0826438039911,1.0928789518186,1.09188013033491,1.04890984068967,1.17591776775802,1.15206644232706,1.08624616277131,1.0953101359364,1.12890391861371,1.14616844816742,1.11281489572582,1.07820604066344,1.16688150695748,1.17877260575575,1.18171882738565,1.117095787488,1.09290387496872,1.21267873188428,1.1633140806287,1.11937890681198,1.15228376079416,1.15992830090422,1.09010164786537,1.07383627586801,1.05801980177069,1.10134334233478,1.07936507914957,1.0851848159639,1.10823552992111,1.13307299466645,1.06245628039123,1.08471876533903
"ENSG00000140990",1.05706063291514,1.02901852014875,1.0504722248298,1.03070175418048,1.04611722680827,1.0387083832654,1.01278721258486,1.05059853112351,1.02690222826202,1.01395162079415,0.999697122463463,1.01168714393933,1.04532747582961,1.00964502316602,1.01837837817821,0.989132582298136,1.01931034462674,1.0428078715677,1.00877371944322,1.02155001956869,1.04224224203359,1.01341072838002,0.998507313961885,1.0395626240478,1.0479207918717,1.01744591745241,1.02787353471331,1.06240727899072,1.02985660950111,1.06079295133416,1.07850504230206,1.01019902940683,1.01946545617358,1.0304356472985,1.03227095593321,0.987553519667917,1.01474626237878,1.03361427842665,1.06275323627577,1.03944361628625,1.04310940099771,1.05002516335178,1.06769323046342,1.05915156322263,1.01673724520735,1.06945407687121,1.05696076457738,1.0409552943766,0.986556982145554,0.988712871091344,1.01975503733312,1.00668862912914,0.982564511112371,1.00672083438525,1.02072694482413,0.985909862898789,1.01941264290305
"ENSG00000147123",0.937183685434716,0.982470040411514,0.947293591764539,1.00817384349917,0.900525637032525,1.02206177275931,0.923676323491773,1.00311839834964,0.92290704659247,0.938673090246176,0.896920746916321,0.783937668407964,0.99560702855519,0.934672367319345,0.771302211150604,0.920371467907455,1.00394088650169,0.989044430718392,0.947969801887784,0.974298141365303,0.785585585428311,0.942554043045926,0.938401830841198,0.780119284139141,0.938613861200275,0.876482902825943,0.951442923086488,0.919394718441421,0.954429385002076,1.03788546235186,0.949179355161325,0.906624418079686,0.791527987737463,0.943306146619593,0.962733539621794,0.928009558711937,0.912437709567286,0.979276152507828,1.03350133391966,0.779731743511231,0.969123014507424,0.915752390354152,1.04069593019884,0.963154749857966,0.959467634410271,0.975329436049672,1.0195180240949,0.899240106404966,0.937399678784631,0.927920791895461,0.920584748929162,0.937007087763401,0.938128922798022,1.00170528618684,0.785821567881081,0.784251024126261,0.927824788267232
"ENSG00000119013",1.03899970208614,0.988214320889727,0.994820757389089,0.993421052433528,0.974313200243119,0.779181708628323,0.776223776068687,1.03269288783167,0.982332864689353,0.99829368644017,0.992629984655703,0.995704724603795,1.00499201257888,0.987173113058134,0.986732186538234,0.970163999017948,0.986995073697144,0.939947250772987,0.962660681297151,0.982404112103123,1.01601601581261,0.920736589087122,0.953925763567733,1.01312127216439,1.02316831662908,0.976373242752194,1.00817492346929,1.04618732053285,1.01237477882295,1.03847283386422,1.03519873422282,0.998118625408829,1.01502773554916,1.00039785140235,0.776301328648956,0.950114507428037,1.01149191477443,0.987208725634663,1.02717659827509,0.970690511481234,1.01134457906455,1.02244589813338,1.0164983499617,1.02728540110988,0.987094172013088,1.03913603466974,1.0113523200535,1.01727030474346,0.98134028872766,0.952079207732262,0.988146977284048,0.996505939703203,0.986151240213978,0.951349182274782,0.929207970175386,0.960527630466568,0.949328023703469
"ENSG00000065518",1.1221593726065,1.06011686618597,1.08296943209445,1.08233652291022,1.08221759375539,1.09406337723745,1.07812187790647,1.10371189998919,1.07408150952136,1.09244203531217,1.11297324561071,1.09060033940853,1.08386581448006,1.0595605049101,1.06928746907729,1.03260225231523,1.07093596038011,0.970379387102784,0.975923280763942,1.08382759962755,1.07887887866289,1.07165732564619,1.07831625015856,1.09045725624444,1.0962376235453,1.08742896997559,1.08204471563439,1.13500148330828,1.10744450970194,1.11346059694303,1.10025706919117,1.09238538447522,1.08441754894918,1.06544658821057,1.08262563671044,1.05347007845196,1.12030916279461,1.06058502705789,1.10920051366554,1.05991058101144,1.06264180703114,1.11665827858749,1.08409159062412,1.09460266857307,1.07824158074647,1.0967997619941,1.09022107128257,1.11437876223934,1.07604333846789,1.03267326712224,1.05531410488832,1.07876609741864,1.05170867768223,1.04483900069318,1.0629818762265,1.07784550792888,1.06421105006188
"ENSG00000136521",0.926069266463021,1.0529860352475,1.05128465501142,1.06578947347173,1.08479619139447,1.03269153609453,1.11308691286452,1.01720148857918,1.09616542840872,1.07517815897316,1.11418475494918,1.08161022853229,1.05051916911931,1.06791289627763,1.02624078603907,1.06184548487219,1.05241379289608,1.12538040147588,1.12915731460331,0.922499011284599,1.11691691669331,1.11168935125867,1.1171260819749,1.09840954252517,1.07267326711432,1.06430066771722,1.07337732668701,1.11640787239315,1.1251227654439,1.04434654898789,1.06446509767363,1.10189127614578,1.11709530991082,1.05410781757428,1.05584973502731,1.04888977376304,1.12295332022314,1.06534457093399,1.01551536693042,1.0283159461444,1.01667159889185,0.939305485467679,1.04449555023608,1.07906791454311,1.073401895327,0.924601208575329,1.04222266460023,0.920951346902013,1.06701444601384,1.08138613839973,1.06400632140182,1.06598782049197,1.1057088769342,1.04343464719763,1.04636026813931,1.07424802616683,1.08969636613446
"ENSG00000099795",0.973107075325373,0.886798058653699,0.904234792138878,0.867025518168456,0.905682832310685,0.900120336762912,0.949050948861328,0.937933809287208,0.935956635025907,0.935862691772385,0.953861685824561,0.931375486778269,0.911940894386593,0.927910907640865,0.903587223409614,0.922347361999141,0.917635467799481,0.878677216295663,0.999795959804163,0.905496243395513,0.908108107926305,0.887309847700698,0.896805652125225,0.938767395439609,0.937425742388629,0.932110457395651,0.934502117416625,0.975768964301104,0.96621488883005,0.953891336083428,0.956298200325035,0.941875433024681,0.890973272639239,0.906902725103063,0.921170945964398,0.566364631969259,0.908979965237673,0.564005949317996,0.931712619639942,0.894187779255998,0.929860905409912,0.926824358142562,0.923907609054313,0.93965345529981,0.913893930043579,0.944416922432494,0.900019916172073,0.964768577723326,0.570626003095781,0.90554455427613,0.907743974534227,0.907656982947458,0.926372421853866,0.908014845840503,0.905577250244202,0.568402118403437,0.870681931135753
"ENSG00000147684",1.09099930513228,1.03198969970645,1.03138011556182,1.01893939373626,1.0266785676829,1.05816285578456,1.05814185793044,1.06327331233009,1.05119453903811,1.05771353988604,1.06309944451023,1.02367395844098,1.05051916911931,1.03669086187995,1.04353808333297,1.03556609345276,1.03270935940242,1.03306958794216,1.03937971821274,1.04092526669812,1.05965965944752,0.911529223196251,0.994526818390979,1.06679920455928,1.04435643543676,1.04097298354282,1.06175514605304,1.08535258607747,1.07189157315421,1.0699951050279,1.05714850681093,1.06030300008708,1.06646495187767,1.04296797273862,1.04845638904017,0.993527830131728,1.07983321446561,1.04412493781971,1.05959086845349,1.02613015379511,1.01292295530967,1.0689481628447,1.05089491029879,1.06393148753955,1.05626134279971,1.08094719090836,1.07269468212055,1.08141715166655,0.994783306381464,1.02336633643102,1.04069537711563,1.04302685413936,1.06426222953786,1.00351088353827,1.02873735836012,1.04346957109154,1.01204579372582
"ENSG00000023228",1.05825146351925,1.02703773377696,0.977556616029744,1.02292663456481,0.993751859368491,1.03910950641013,1.03716283695561,1.03832612392348,1.02188315578762,1.04065040629516,1.02715800080219,1.02667066206639,1.04213258765133,1.01620761638337,1.00796068776256,1.01620233135424,1.03862068945052,1.04706837065387,1.0416241581225,0.994859628114895,1.01361361341069,1.00520416312946,1.00945367678188,1.03757455247762,1.0247524750446,1.00249227375087,1.00718999290708,1.07625358499135,1.0349636611599,1.05217816915278,1.04152659659056,1.03099316743618,1.03136661602998,1.00835488342782,1.01768408412075,1.00965846838402,1.04281501046622,0.988200297275518,1.0617649963313,1.0038748135114,1.05652559908128,1.04921992933081,1.03769623016944,1.03983270244178,0.908852591064962,1.04963836301404,1.01692889842324,1.03779729575885,1.01223916512596,1.00910891069127,1.01402607644922,1.01647199740112,1.03158314216766,0.996288494132553,0.998097526584941,1.01728789826775,1.02040816306214
"ENSG00000213619",1.00069465098726,0.960087154410204,0.91885853540797,1.00299043042205,0.980462163844002,0.994785398918013,0.991008990810987,1.01639674056606,0.969684802053868,1.0057211681209,0.996264512671123,1.02207571650743,0.950279552525903,0.982400317990971,0.961179360990431,0.996245801028207,0.961379310155393,0.955569080755616,0.970006121001835,0.978845393242617,0.986786786589232,0.983386709170659,0.975022390093537,0.998011928231011,0.986138613666111,1.00448609291108,0.991628090024303,1.00306596755948,1.00471420133476,1.00734214370879,1.00118647399621,1.01217942350487,1.00413514856195,0.958822359069261,0.967529223505339,0.994125261178109,1.06376487316917,0.971938522365505,1.02342128648613,0.996125186091182,0.988655420540859,1.03371917442703,1.01129886991075,0.97012547282013,0.970961887281516,1.0016843354797,0.994025094404695,1.01865192913872,0.99919743158122,0.946534653277914,0.97016989313114,0.973744633927574,0.995915113879463,0.952151669986528,0.963452488041764,1.00289797121957,0.976804380094215
"ENSG00000164258",0.914756375723974,0.879865306352408,0.986290240482118,0.892743221512611,0.836457403384616,0.874448455500512,0.863736263563689,0.902122522703526,0.739409756928446,0.844323998626052,0.839777889785002,0.880231744904559,0.892372204294654,0.867455503456805,0.866240786070518,0.824540604460672,0.877438423472426,0.853317102687499,0.751479289787497,0.836101225615638,0.866466466293,0.820256204799788,0.842471887582352,0.892445327854385,0.872277227550044,0.902402551908603,0.725499852117502,0.918207892212796,0.872323708333859,0.923935388952729,0.893810559443581,0.872561639593512,0.890973272639239,0.877660632409457,0.879208711983373,0.90769690313498,0.884572358205111,0.85870104097993,0.916691372484101,0.803179334167277,0.91387984592801,0.882939103999408,0.865513448482049,0.904600676975782,0.863077233139125,0.902011294778161,0.87532364053469,0.889173985810881,0.855136436425534,0.864752475076287,0.879691821240677,0.864929619473908,0.870180332595361,0.83238037900845,0.918794432578593,0.850204856430458,0.855350920685844
"ENSG00000168653",1.0227250171633,0.994552837279478,1.1906164311586,1.01774322148769,1.00128929862119,0.953469715011338,0.827172827007558,0.832914193575513,0.97952218410369,1.01134196506848,0.978293790817104,0.827090200613907,1.00279552695631,0.981803718607576,0.993808353613011,1.0094842914425,0.988965517046509,1.01724487705067,0.996531319935415,0.818505337916468,1.00620620600476,0.979783826865535,0.953129664453552,1.02166997991617,1.01306930673009,0.967799820363314,0.815522505502704,1.04737414676147,1.03024945962871,1.0277043561375,1.01008503045084,0.964451925742261,0.835098335686314,1.00775810602591,0.995903686482985,0.824454844005884,0.961456320357682,0.98185423877405,1.01768949480824,1.00705414783764,0.999901351287382,0.833417211709428,0.995100489752005,1.00896235789505,0.965113934066321,1.04111760605546,1.09101772533539,1.03088917378251,0.966894060801185,0.819801980035683,0.817858553769684,0.999700508934871,1.00149447025974,1.00170528618684,0.829077800975452,0.986709303290355,0.824290691722391
"ENSG00000145494",1.0284806984165,0.975735366747403,0.958261399216358,1.00578149900204,0.975900029559476,0.980946650425,1.01318681298438,1.02967508278248,0.971491668144651,1.00010037117332,1.00232205936349,0.994106482670241,1.00419329053431,0.984190116141157,0.993611793416489,0.974313376610489,0.987389162367017,0.994522215257756,0.980820240567064,0.987939896997244,0.987187186989552,0.975780624304287,0.971240919301176,1.01192842922228,0.971485148322478,0.981955936400766,0.979414951053006,1.04341805933272,1.02769593379931,0.998923152031537,1.01740162131355,1.00663432003037,1.00958144205556,0.983688084148859,0.997702067939314,0.984964651800266,1.03508593490591,0.970153693411968,1.01373653503039,0.958966716153211,1.00680674735981,1.00996477080826,0.983101689634416,1.01294562815914,0.99233716455085,1.02110373505972,0.991435968733034,1.02990229921447,0.993178169945189,0.961584158225429,0.995061240419783,0.993511031048515,1.00308857208268,0.955562242761448,0.972063682592958,0.990506645150294,0.946540567258031
"ENSG00000110717",1.06658727774802,1.02129345329874,0.990961714026412,1.06200159468461,1.0413567388592,1.04231849156793,1.04495504474626,1.0843979476744,1.00461754647568,1.06554250706302,1.05401312447168,1.08740385554142,1.00199680491174,1.04444665386409,1.01818181798168,1.05315155086877,1.01399014758345,1.00608642706308,1.02754539868852,1.04290233273173,1.05845845824655,1.03602882285108,1.03990446789931,1.06381709720401,1.04138613840765,1.03539028989425,1.04382940982097,1.07724260684853,1.06482027085743,1.07469407712683,1.06723353745951,1.07297752231449,1.07715582429104,1.01133877043737,1.04346088499481,1.02220452035802,1.11319027741011,1.02290530470542,1.07955331533164,1.04580228493874,1.05415803471359,1.08082536465409,1.07069293049281,1.04321848216626,1.03508771908952,1.06588724837692,1.06134236186789,1.07727227848075,1.05477528068724,1.00594059386021,1.02252074258741,1.01786962143998,1.06306665317066,1.00631959052938,1.02012616380893,1.05446187647557,1.02538576385756
"ENSG00000167792",0.961198769284271,0.91650985423066,0.902609931775645,0.944976076366632,0.91579886920246,0.955074207590238,0.912687312504957,0.951815712513466,0.886970487675774,0.935862691772385,0.937506309755173,0.94575966418025,0.930910542945106,0.926319975951811,0.931695331512197,0.920766646725792,0.927684728881245,0.899979711726521,0.757804529533196,0.921905891474515,0.937137136949522,0.916933546653936,0.923275947671753,0.956063618100186,0.90752475229554,0.911773501961564,0.898650644952497,0.96271387578623,0.945786682194896,0.972491433975038,0.955309471830075,0.958312704038358,0.946243065870652,0.918639347340633,0.934958537129592,0.899532012167772,0.961049526907139,0.841051065772721,0.964719833785014,0.89597615481451,0.948406826290144,0.958027176455355,0.966103389467832,0.956383190409005,0.911675740892987,0.95353215080679,0.931288587745212,0.957663080833383,0.914526484567711,0.899009900812077,0.925721058687135,0.932614555069858,0.911626979991705,0.911224796687486,0.899168919415406,0.925751973433446,0.90671976089463
"ENSG00000178127",1.14954847650103,1.12191740098605,1.11181070354183,1.12659489610714,1.11375582641798,1.13898916944665,1.12487512465037,1.15219796777946,1.10319212987288,1.13299207043401,1.12852094878778,1.14454100466596,1.14057507964445,1.12081137493869,1.11646191624246,1.10768622779931,1.11270935938666,1.11584499875921,1.11283411525957,1.10597073920404,1.10830830808642,1.12890312227204,1.09304408377091,1.13538767373054,1.12732673245003,1.12052636803499,1.08972717401956,1.15814459476646,1.12885484165609,1.13989231499953,1.13545580361174,1.13456777876333,1.14351991908351,1.10423711933474,1.13737636104758,0.949317932699529,1.169327773585,1.11829449655562,1.15090423932189,1.10998509664978,1.13879846085848,1.15732259664674,1.15188481128849,1.1505676157836,1.12744504917777,1.14653720377558,1.12069308880289,1.14951149686184,1.12520064182881,1.11207920770058,1.11398656635441,1.13027852627927,1.11786390333409,1.11866787017381,1.10383498526007,1.12741081220597,1.11139870560251
"ENSG00000069869",0.535278356547528,0.911557888301167,0.90585965250211,0.901515151335424,0.918179113176995,1.0419173684232,0.861138860966805,0.945578915411814,0.900421601907163,0.541403191701013,0.995860676224965,0.908800319466827,0.861022364045323,0.923535845495966,0.93700245681828,0.532898636527781,0.900886699329875,0.547169811209744,0.956539481543248,0.902530644345091,0.979579579383468,0.539831865384341,0.536769827736736,0.951491053488769,0.897425742396549,0.907187717893094,0.902393381088862,0.918207892212796,0.967786289340447,0.915516397275474,0.89064662825971,0.910783245685556,0.927483610503785,0.892778993257852,0.923968428229799,0.924823259797904,0.861385131524177,0.938621715232797,0.533056626043471,0.962543467270235,0.873433954646654,0.918369400922321,0.940105989213057,0.929097789099961,0.543859649013136,0.919052808695323,0.921728739111386,0.941873087744622,0.541131621079227,0.90356435625672,0.886013433250491,0.942996905072777,0.537411577057405,0.873307252307492,0.961650144996165,0.539022684013386,0.929417620521769
"ENSG00000114021",0.824650193346304,1.01554917282053,0.978572153756764,0.986642743024991,1.02727362867653,0.930806257334375,0.951048950858931,0.8359319986247,1.01606103171731,0.917394358944616,1.00292781403273,0.977524722609625,0.987020766576074,0.984985581985685,1.04078624058166,0.960877296787023,0.995467980099415,0.988435787991796,1.02326055886079,0.941083432000577,1.02402402381901,0.99919935928759,1.00029853696879,0.984691848710797,1.02871287108342,1.0407736016268,1.04363242370853,0.946098308585481,1.02455313277852,1.04023494840132,1.00474589657806,1.02901277333815,1.01986888532126,1.00397851581381,0.988110700172223,0.99073981858195,0.952710261171014,0.994744670105157,0.997529399941194,1.01838052637489,0.992601361153674,0.986411675694734,0.997700229777482,0.988050189008554,0.923774954441667,0.993956207075407,0.923122883703819,1.00996743293991,0.956661316019931,0.993069306734046,1.00691426293818,0.988519516624035,0.994719537512261,0.983047446888746,0.971863422254558,0.967922454088553,1.02896963643027
"ENSG00000123213",1.07015976956035,0.84064573619082,1.07179851709723,0.971690589917924,0.841812952327321,0.851183313106461,1.00919080898917,0.982194950008612,0.950010037954224,0.970591187198516,0.95769813206306,0.984916591552309,0.969249201084415,0.843989261043255,0.938181817997409,0.944872554644364,0.976748768280444,0.861026577224381,0.988573760255341,0.98339264511993,0.94974974955961,0.944155324070425,0.844661160146351,0.993638170776613,1.02297029682713,1.01026816847567,0.836009061196492,0.839481752380678,0.935572578877318,0.951541850033962,0.929207039563139,0.913555797422803,0.85607665136539,0.945892182027871,0.944949545220312,0.845165786947094,0.863215702051619,0.968765493114771,0.999703527819013,0.990958767811037,0.971885172936394,0.970910920790959,1.00369962983628,0.972515434978587,0.949586610012183,0.93549985119677,0.95996813364669,0.837659133358796,0.851524879443916,0.840396039437545,1.03378111397989,0.934012179108713,0.994321012056527,0.851439462162416,0.973665765300157,0.848206255451543,0.844997511031359
"ENSG00000239672",1.17098342737502,1.17975636304254,1.15872854653017,1.15869218477698,1.17108003547137,1.15804251882109,1.14225774202952,1.15481339882209,1.16201565927283,1.11653116508752,1.12892478523394,1.1017880329434,1.2679712457532,1.18902257110689,1.18800982777631,1.10847658543599,1.20078817710329,1.23635625862521,1.15609059352049,1.17655199660408,1.24364364339467,1.17273819031771,1.13842173327925,1.1986083496623,1.18059405917216,1.11753563929468,1.18231064686648,1.11284739370728,1.12767629127329,1.18042094935283,1.18212378857383,1.11238736486536,1.18325769012945,1.16749552393724,1.19132780473747,1.17474858086732,1.10586799530034,1.17005453620822,1.1882597092226,1.22901142548852,1.15912005501448,1.09028686440055,1.12308769100628,1.19478191571504,1.2319015928147,1.14257406100415,1.21111332379783,1.17694660985356,1.14165329030063,1.12574257403451,1.17423943082295,1.14585205128365,1.09036564688844,1.17343765650046,1.22058676254719,1.18377135981138,1.16037829742949
"ENSG00000243678",1.17455591918735,1.1732197680156,1.08581293773011,1.1038676233844,1.16255082789595,1.11913357378276,1.12327672305229,1.1258424703499,1.12206384237662,1.10669477042925,1.13195355858012,1.10318649463526,1.20946485598853,1.16893705853258,1.1687469285172,1.10748863839014,1.16216748745573,1.16453641688689,1.12915731460331,1.16587584002256,1.1751751749399,1.17093674916514,1.15494078989851,1.15964214688675,1.17089108887705,1.1089622169058,1.17127942456983,1.04282464621841,1.13140836748548,1.15751346037053,1.11627447080952,1.13120110879667,1.17579425089747,1.15575890169967,1.15356179415455,1.1502539079657,1.06274788954282,1.10798215149073,1.13311592032155,1.16979632366224,1.11966064888633,1.09431303450542,1.07189281050457,1.16470822522113,1.2093163941905,1.12137124717698,1.19179446301697,1.19174972837427,1.15991171726326,1.15287128690042,1.15547214516881,1.17001098109813,1.11527348787182,1.15177048828332,1.20136177006081,1.18916758245445,1.15639621679315
"ENSG00000136448",1.06619033421332,1.07794394353215,1.00721031765874,1.04645135545326,1.08558960605265,1.04973926974534,1.10249750227722,1.06347449933337,1.09255169622715,1.0739737024844,1.11034830871068,1.05783637977069,1.09285143748146,1.09416326914703,1.06417690396773,1.06184548487219,1.07546798008365,1.09738283605247,1.10712099548926,1.1087386316511,1.10710710688546,1.07706164910387,1.06498158999602,1.08270377712073,1.06455445523474,1.0758648188464,1.06530089607696,1.04025318938972,1.0785700253234,1.05276554066515,1.0357919713198,1.0500049507773,1.08300554693232,1.06803262361885,1.07603157137056,1.05566065895536,1.05867995503739,1.06078334138606,1.02678130229731,1.08156979610898,1.04685804457988,1.08122798166457,1.07589241054377,1.08006373210913,1.12966323832836,1.06866144831692,1.10874327801061,1.08437777537069,1.09570625981226,1.07960396018226,1.0900829709423,1.09893181569353,1.08598186687536,1.05547196287381,1.09922899747687,1.10822424280839,1.07914385244815
"ENSG00000166741",0.849459164265266,0.965633356251236,0.925561084406304,1.02272727252338,0.866607160395397,0.92880064161075,0.934665334478588,0.899708278664177,0.995181690223814,0.838100973434086,0.841393235569633,0.88123064611303,0.846046325709655,0.866461171151146,0.966683046493035,0.836198379601621,0.83960591116461,0.872793669938569,0.868802285070638,0.899169632087946,0.854454454283392,0.843875099911154,0.896805652125225,1.00834990039595,0.829702970132732,0.804107267310516,0.683738796280166,0.686578973259504,0.914947947178364,0.782378854472368,0.890053391162734,0.848202792187701,0.94341906183693,0.981698826142491,0.954141272663774,0.871452752987862,0.975287297676134,0.901933564521183,0.866291135316476,0.875111773298537,0.684817993354085,0.880724710441726,0.894910508770141,0.69129655433354,1.00100826759407,0.95353215080679,0.985461063336893,0.828382512419149,1.01745585854385,1.09128712849677,1.00691426293818,1.09194369549926,1.09554647781298,1.03079546573763,0.955842595182569,0.952333366453016,1.09527127902533
"ENSG00000112992",0.874268135184228,0.942458155701207,0.935107139040295,0.943779904118066,0.91579886920246,0.917970316703175,0.920479520295609,0.888642993483826,0.918891788612951,0.895513399398672,0.911458858977999,0.716012386231942,0.910343450297455,0.905438997532974,0.704471744333273,0.868800632114444,0.955073891437424,0.920064921704186,0.954295041633484,0.88493475664592,0.930530530344238,0.953562850089359,0.923076922893208,0.893638170796493,0.955247524563317,0.917356195610137,0.883088742069716,0.948274156671294,0.980553918487418,0.980323054139927,0.91101443525588,0.924844043781593,0.72294503263279,0.908891983109431,0.877210510365229,0.988947525442807,0.898606732248834,0.85651958337005,0.920841980250847,0.941679085754262,0.871855578401528,0.874685455284412,0.924107589056273,0.904799840488986,0.722726355974445,0.87070246688384,0.896833299960798,0.860159873510281,0.899478330477633,0.86752475230346,0.708020545099166,0.882699410825058,0.913619607270376,0.868692947964953,0.897566836708207,0.889377435617193,0.885614733522028
"ENSG00000162408",1.09099930513228,1.06744577576162,1.0856098301847,1.05940988814605,1.06972131288908,1.09386281566509,1.1302697300439,1.08600744370063,1.12728367774999,1.12556458875327,1.13639575948786,1.09759264786783,1.06888977614439,1.11066918542097,1.08265356244076,1.12092471821361,1.09261083722313,1.12456887784042,1.04346051804867,1.09509687601916,1.13513513490788,1.10788630882548,1.17424619341741,1.1228628228384,1.11227722750252,1.1275047350957,1.09780360462961,1.05508851724753,1.13317619305968,1.09544787056379,1.08423966757282,1.14011288223782,1.09188098818116,0.914859757128534,1.11199920049715,1.05984267628003,1.10871554945414,1.11769955357111,1.07975096332054,1.04421261777562,1.05968235157153,1.10236537471518,1.03549645014789,1.06572395915839,1.13631780578013,1.0401268203626,1.10515833477292,1.06878515719554,1.11797752786557,1.09584158394142,1.07763729729798,1.12289108493104,1.11407791150462,0.922660246579866,1.07880244296009,1.11142200437465,1.11179691366614
"ENSG00000141458",0.765704078442849,0.967416063985854,1.00985071574899,0.968500797255084,0.869384111699021,1.00641797011504,0.977222777027528,0.776179458650804,0.956635213620431,0.907758707034476,0.889449772662403,0.950754170222604,0.943091054124782,0.903649199382788,0.902800982623528,0.762299940572555,0.917832512134417,0.782714546402371,0.787186288351931,0.848161328420688,0.772372372217743,0.772217774064808,0.767837595627856,1.07077534769965,1.03524752454748,0.989931213041585,0.98256672885205,1.01078033804554,0.936947554323915,1.02261380303033,0.762902906710915,0.764036043021282,0.911548159170641,0.954843843056526,0.9975022477775,0.967639151455215,0.9911522422473,0.937233514935601,0.995948216030053,0.93134624919397,0.927887935103504,0.943130347067311,0.946105389271852,0.91894044992652,0.910264165978975,0.984246507285396,0.941246763405448,0.761472416705522,1.05517656479631,0.990495049308813,0.999012247925916,1.07397424357113,1.03118461671193,1.0438358910535,0.77260438554669,0.990306785052402,0.985963165557797
"ENSG00000141279",1.10707551828777,1.09398831314371,0.992992789480452,1.02930621989049,1.19726271919126,1.03249097452216,1.05714285693164,1.0477819130776,1.04938767294732,1.0589179963748,1.10954063581837,1.09999001076816,1.12100638955251,1.09197573807458,1.09818181796596,1.06856352478392,1.0703448273753,1.10022316877658,1.04305243806508,1.07295373644267,1.09349349327458,1.09347477960499,1.10777191738327,1.04135188846096,1.05861386117651,1.07247532627406,1.0664828127516,0.99337355335904,1.05323119209326,1.04415075848377,1.02372948368129,0.988612733738269,1.07937468460325,1.10980704175257,1.05704865599819,1.05307179108771,1.06315468299336,1.050272681993,1.04140725347536,1.11177347220829,1.07901746057433,1.07317564145482,1.01709828996758,1.09300936046743,1.09981851157495,1.03517289189831,1.08603863750527,1.09819401932336,1.11516853910209,1.07247524731238,1.10746740396929,1.09873215511656,1.13300787065199,1.07292607060429,1.12686492417606,1.10662536202526,1.07516177181181
"ENSG00000181019",1.14061724697021,0.9171040901422,1.16949324643658,1.18221690566543,1.09233363064716,1.10970717988173,1.15564435541346,1.1797605872287,1.27183296501268,1.12395864676825,1.18202927790368,1.12116671638774,1.13378594226562,1.20592622030309,1.19587223563717,1.13218731453622,1.14660098499574,1.12578616329361,1.14996939376658,1.05733491477712,0.926926926741356,1.11329063228317,1.10717484304763,1.1284294232349,1.16118811858194,1.25112152302839,1.1251846742588,1.11284739370728,1.23060302470426,1.16945668112199,1.11706545360548,1.14585602512212,1.26354009051668,1.0921026454959,1.24567888875099,1.05924524523365,1.1345469335636,1.29023301907978,1.25862239326838,1.10680576232354,1.08197691603394,0.932058379278901,1.1010898907907,1.20613423596771,1.12321032443573,1.13306251835271,1.10177255504844,1.03384979748666,1.1940208665341,1.09584158394142,1.21789806376573,1.11250873492812,1.11706685242262,1.11545791932682,1.17452688471522,1.12841011269543,1.09965156772531
"ENSG00000147383",0.935794383063254,0.965633356251236,0.797400223256342,1.07934609228881,0.95884161440864,1.02827918150255,0.973626373431843,0.995875666231591,1.00461754647568,0.957743651318329,0.979101463709419,0.990510438319746,0.929113418344826,0.966689867561561,0.986339066145191,0.944477375826027,0.942266009666549,0.796510448205212,1.01897571903306,0.965005931007314,0.935335335148081,0.95196156906486,0.896208577789589,0.98429423439676,0.962574257235134,0.782773402296327,0.960898256483621,0.976757986158291,0.938518954834312,0.971904062462672,0.984773580979875,0.960293098136391,0.964800806663681,0.958623433268625,1.02088120670978,0.973215174554771,0.981185802709003,0.954486861486468,0.986461112563206,0.984600099158549,1.0241688860562,0.999698037040826,1.10688931084754,0.975104560650248,0.938294010700082,0.997721192708269,0.952399920144911,0.981150695552916,0.787720706101982,0.941188118625507,0.965823784874393,0.937406408917359,0.947095745552038,0.975624435555096,0.961650144996165,0.949935045278318,0.95191637611709
"ENSG00000125458",0.830405874599503,0.862236307643412,0.665786533834511,0.760167463963284,0.928890211062404,0.657440834204284,0.846553446384305,0.841364047713235,0.869905641262818,0.872227240615833,0.907420494516422,0.901608230765836,0.866214057335021,0.887739882492246,0.876855036682682,0.920766646725792,0.905812807703288,0.796510448205212,1.06264027727757,0.917160932993839,0.656256256124874,0.878702962194014,0.814807443364552,0.65168986070543,0.899801980019841,0.833416408965523,0.913030631160636,0.64840272957207,0.77312905111508,0.756534507928236,0.798694878228457,0.903851866342439,0.914372163204363,0.870101451985259,0.655010490427613,0.652792990012388,0.666734465439493,0.834903321599424,0.84118984072711,0.651366120089147,0.646739666440418,0.825767488510163,0.810318967941142,0.871141206757391,0.883847549731025,0.861389081370972,0.852021509489739,0.646994966812001,0.825842696463515,0.765346534501912,0.862109837838382,0.903863431984853,0.918999700922786,0.657638679775777,0.852107739891437,0.65514140088835,0.887008461744747
"ENSG00000076685",0.905428202658444,0.934931167488376,0.889204833778977,0.927830940803861,0.944956857890517,0.891295627578962,0.917282717099444,0.927673272119973,0.926119252976085,0.948308742156317,0.995456839778807,0.932574168228434,0.906150159563468,0.901461668310339,0.979066338873893,0.956530329785313,0.946995073705026,0.889227023556659,0.856559885562832,0.913404507529971,0.975375375180105,0.927742193569307,0.935416459163018,0.923459244349213,0.918019801798412,0.918951250938301,0.954594700885533,0.899416476926235,0.895109015734608,0.907488986606463,0.889855645463742,0.937518566009007,0.968229954418915,0.943703998220866,0.913178139491822,0.93916160491105,0.940506457654733,0.938225086576455,0.754027077625452,0.981023348041525,0.874617736830498,0.951383995782308,0.92750724908959,0.959171479593871,0.966323855421189,0.755969483650853,0.965943039042831,0.961018454364745,0.978731942018713,0.945346534466268,0.963058079620099,0.900868523330165,0.98336156202384,0.940515598166212,0.962451186349764,0.922754071965074,0.942160278558057
"ENSG00000135318",0.902649597915521,1.07536892124881,1.02041230811,1.10925039850294,0.987206188438519,0.991375852187851,0.930069929884102,0.954833517562653,0.997992370809478,0.988457291781902,1.00333165047888,0.857456797351422,0.95806709246045,0.737595704337756,1.00855036835213,0.903576368128122,0.938719211637691,0.962467031657036,0.907977963495618,0.945037564067806,0.902102101921501,0.89571657307932,0.738182903624603,0.995626242346794,0.940396039417743,0.882464360306557,1.00443218733292,1.11897932922184,0.897466116500203,0.98325991170176,0.947795135268381,0.930389147256087,0.965204235811356,0.893972548061672,0.92217004677347,1.16479139676097,1.16383606200268,0.735547843185811,0.936258523384473,0.737009438502333,0.93972575694195,0.896024156840257,0.741725827268928,1.0999800834296,1.02561000180972,1.0282373920483,1.03704441325691,0.94266258739906,1.04674959850587,1.01821782158055,0.732714342012502,0.977737845467158,0.927567998221069,0.979035008330016,0.992089716432945,1.00769461356896,1.01443504210763
"ENSG00000135778",0.931031060646813,0.922848370620412,0.934904031494891,0.909090908909671,1.00228106694391,0.91917368613735,0.932667332480986,0.890252489510059,0.911664324249816,0.704406303180888,1.04472488621005,0.956947357715124,0.861421725067608,0.937854230697454,0.953513513326091,0.963248369697046,0.926699507206562,0.837086629978274,0.948173841879581,0.981415579086316,0.95135135116089,1.01481184927646,1.04587521125567,0.9715705763476,0.950297029514793,0.93171169356361,0.96720181208171,0.694095539374128,0.916519347688761,0.910230053664174,0.934348427736929,0.948212694138387,0.976298537372406,0.860950865155968,0.888200619265021,0.86886388512021,0.713719108977175,0.956073376111835,0.913529004661819,0.933730749938653,0.859228568440519,1.00775037725058,0.941905809230696,0.955785699869392,0.96854204457178,0.928762508485334,0.969129655254107,0.948978584634565,0.954454253420053,0.972673267134124,0.972342947259514,0.977937506044137,0.974992527453424,0.956164108545258,0.9085811553202,0.975916858004214,0.93997013420807
"ENSG00000173598",0.952664483288148,0.951173615737115,0.959683152034186,0.970494417669359,0.963403748693166,0.95126353771535,0.951048950858931,0.945780102415093,0.974503111629291,0.963364448265911,0.955073195163034,0.930776146053186,0.950279552525903,0.9744456595457,1.01542997523038,0.974510966019658,1.02620689634952,0.964090078927959,0.974495000821364,1.01423487524432,0.96656656637306,0.953963170345484,0.953925763567733,0.942147117108917,0.963960395848721,1.00807496739945,0.985718506651095,0.917021065984171,0.952072284236482,0.77807146338168,0.936128139027857,0.956332309940324,0.96197680262996,0.968569723300463,0.794085323050438,0.94115304173232,0.966744635214737,0.915418938836803,0.880126494538961,0.970293094690453,0.958468974852822,0.921590337006223,0.941305869224816,0.791475801475508,0.959467634410271,0.951748736559646,0.935072694496102,0.96318957841445,0.94101123576625,0.940594059219684,1.00790201481472,0.949186382959132,0.961044136502731,0.948339853355735,0.937018123372981,0.92755071431447,0.951119959989822
"ENSG00000165609",1.01677086414275,1.03773398018466,0.973291357576258,1.02631578926908,1.08063076443903,0.944243882682663,0.980419580223692,0.850417462860795,1.0244930734743,0.96436816200655,1.04432104976389,1.02387373868267,1.0646964854104,1.04921944893125,1.02309582289472,1.06322861073637,1.04492610816849,1.11320754694396,1.04998979778617,1.07255832323595,1.08208208186545,1.07806244974418,1.03015225375059,1.04075546698991,0.973663366143829,1.02960821432966,1.03023736806259,0.927900306413233,0.975643291892429,0.958590308182361,0.95273877774318,1.02485394573228,1.02168431648579,1.04714541455199,0.998501348586572,1.05685552104812,1.02939082659831,0.906494794069113,0.995355272063375,1.00983606537311,0.983920291805481,0.962858580581206,0.963703629444315,1.01573391734401,1.05646299635885,0.977311007435389,1.01155148356671,0.964965952636936,1.07524077024975,1.04039603939794,1.04523903574768,1.01008285893779,1.02142074304644,1.02979235609795,1.01832382076333,1.08524033155087,1.00228969616679
"ENSG00000111581",1.00744269107722,1.02921659878593,0.976134863211915,0.827751196007227,0.985222651793073,0.832731648449111,0.977822177626809,1.03711900190381,0.992371009638151,0.970390444450388,0.83836446222345,0.987913295177722,1.05351437678644,1.01978721268375,1.01248157228256,0.97707962833885,1.02600985201458,1.05457496428189,1.01183431932017,0.992684855477919,1.01221221200957,0.831064851715159,0.826350880520181,1.02624254452759,0.995445544357338,0.971388694851682,0.996552742835309,0.980120660472728,0.983303869380612,0.991874693883138,1.00949179335387,0.970393108036361,0.837518910572361,1.01730654445647,1.0308722148005,1.02180623299377,0.972032950071792,1.02845810589421,1.02440952643059,1.05752608026676,1.05987964860217,0.835832913772354,1.03849615017728,1.00119498088006,1.01088929199216,1.03398394906688,1.04222266460023,0.991216816147002,0.985353129818348,0.977029702776826,0.989529829911195,0.991714085855702,0.998505529341735,1.02417494211572,1.0587764091201,0.984111122017765,1.00547536067586
"ENSG00000069248",0.999900763917852,0.737050608945815,0.991774144208028,0.992224880184963,1.00109094495664,0.994985960490376,1.02077922057527,0.748616839201566,0.971290905245675,1.00491819712839,1.01686017142517,1.04904604913614,0.978035143574673,0.990752709358506,0.980245700053023,0.999012052756567,0.966502462863744,0.980320551637184,0.982044480517844,1.02649268465273,0.968368368174501,0.999599679543715,1.00049756174734,1.00258449284243,0.982574257231173,1.00289103758291,1.01349354850517,0.99258233587329,0.990375171677396,0.951150269025717,0.996045085822415,1.0024754924245,1.01744831043521,0.740202904169444,0.996503146968428,1.02618739400056,1.0373232988839,0.978482895195145,0.997331751952301,1.0221559858873,1.00345269783892,1.04418721669971,0.974302569548185,0.976498705242681,0.999395039120913,0.986624392948256,0.990639314680215,1.03898154524051,1.01043338663515,0.987524752279698,0.963255629995406,1.01327742816946,1.01205539483669,0.971210753140493,1.00010012996894,0.995103427401798,1.0000995518168
"ENSG00000124789",0.922298302883339,0.936713875222994,1.01005382329439,0.922647527726745,0.885649112191679,0.933012434630362,0.906893106711909,0.931495825182276,0.891788797251197,0.917595101692744,0.897930338031715,0.917790430343065,0.898162939117779,0.89708660616544,0.878034397861811,0.85496937347264,0.902660098344304,0.920673564430782,0.936339522355369,0.922894424491322,0.91631631613287,0.920736589087122,0.891431983104502,0.937773359654518,0.894059405763553,0.884258797550741,0.906530089450107,0.923746414613046,0.90768021981778,0.907097405598219,0.918924263215558,0.908406772767916,0.915582450647386,0.897752138273771,0.936557098424107,0.929602708168953,0.932167191918607,0.915220624508632,0.92183022019531,0.968703427527332,0.919601459816592,0.942929038562068,0.961703829424717,0.874726149995075,0.931639443248308,0.927771722792476,0.95020912149966,0.917793348284261,0.907905296768077,0.899009900812077,0.885815882875185,0.892482779097038,0.797648699651759,0.896378774020187,0.948432962661774,0.894174077966589,0.891388750444721
"ENSG00000113569",0.965565148166009,0.967217985348674,0.98385294993727,1.0069776712506,0.951502528820489,0.97372643381995,0.972227772033521,0.973342721864331,0.946195542873681,0.956338452081434,0.985159010401785,0.983717910102144,0.97503993590754,0.965894401717034,0.95213759195044,0.953566488647784,0.965714285523997,0.986406978903143,0.965721281174103,0.97924080644934,0.958958958766975,0.950960768424547,0.953726738789188,0.985089463024833,0.938217821596393,0.967600438447293,0.954791686997973,0.970626050643729,0.965822038702451,0.95056289751335,0.964010282585721,0.961481334595211,0.982753403735199,0.953053510850795,0.990308721952181,1.00786617524487,0.987694497917686,0.964204263566841,0.970253977474008,1.01261798290857,0.988260826479578,0.988424760747172,0.985101489654014,0.945827524209156,0.967332123216912,0.954324779361077,0.972515434978587,0.991611565974221,1.00040128390843,0.96376237604678,0.940537336835137,0.970949385849865,0.953671415571651,0.971611996996366,1.01271653128813,0.98730888358403,0.948730711608018
"ENSG00000030066",0.94929046324317,0.922452213346053,0.968619884031965,0.958333333142278,0.93345234534693,0.684115523328497,0.931868131681944,0.944572980395418,0.684802248406986,0.941884974216223,0.938717819093646,0.955548896023265,0.916932907165149,0.9318882368635,0.951154790967832,0.933609958321753,0.949162561389328,0.903631568086096,0.937563762306149,0.975088967778749,0.948348348158489,0.932345876514743,0.96427505205209,0.979324055471307,0.94178217803133,0.959824543722495,0.964247020395105,0.927900306413233,0.924376350240743,0.94077337230724,0.954320743335115,0.93355777781294,0.974684820781708,0.921424308549547,0.979118792890575,0.975604898740296,0.946608359412873,0.948934060297683,0.896728925605944,0.984202682367769,0.921377133092359,0.972722697338154,0.971102889516828,0.97351125254461,0.954829602549944,0.961656593488228,0.947819159341203,0.981150695552916,0.939406099329975,0.942574257239094,0.920584748929162,0.961166017577884,0.941914914627495,0.938509378886847,0.965855612102562,0.941740781264766,0.931010452776305
"ENSG00000155561",1.00029770745256,1.01871843101541,1.02345892129106,1.02192982435767,1.00069423762755,1.02547131948948,1.00359640339588,1.02826677375953,0.994980927324838,1.00913379483908,0.994245330440334,1.0264708818247,1.01577476018056,1.00626429332678,1.00658476638691,1.00592768207747,1.03389162541204,1.03448975430422,1.01469087920533,1.02372479220567,1.03223223202558,0.996196957366654,1.01542442013824,1.03598409522147,0.995445544357338,1.01046755039169,1.01428149295493,1.02225299158891,0.995875073463784,1.00009789505627,1.01641289281859,1.01574413288133,1.02793746827475,1.01432265744692,1.03666699949312,1.03953002070307,1.01250889840079,1.01120475934334,1.01294594307482,1.04997516124193,1.03857156929297,1.02969300432216,1.03229677011653,1.00438159709134,1.01250252046532,1.00544932111256,1.02429794841181,1.01786242948429,1.02608346688883,0.988712871091344,0.999209798301223,1.02166317240258,0.992926172961457,1.01936001584525,1.0543706816753,1.00949335444999,1.00905923324857
"ENSG00000126883",0.96100029751692,0.950183222551216,0.804712094890888,0.950358851485176,0.939799662612358,0.9424388285314,0.94305694286852,0.936525500264254,0.925316201380181,0.88126066428159,0.942958101778302,0.95055438998091,0.914137380009158,0.944019090992539,0.933464373280891,0.930843706593392,0.935960590948579,0.949482653489656,0.945521321986223,1.01166468940062,0.947747747558008,0.953763010217421,0.924072046785934,0.939960238381717,0.909900989918832,0.907586481725135,0.950261006411847,0.938977351213732,0.93478687862212,0.923543807944485,0.939687561609712,0.942667590663894,0.953504790528794,0.923811418157189,0.949145768618414,0.94652992114975,0.954337434973185,0.930490827777791,0.954837434340382,0.960357674920942,0.959258162975386,0.964469048623157,0.940505949216977,0.789085839317051,0.939100624936661,0.926979094238189,0.944433379616723,0.953912957474803,0.952247190820175,0.92356435625276,0.922165151931615,0.943595886803715,0.951081000109379,0.936703781535419,0.940823069802579,0.949335464984644,0.916874066517297
"ENSG00000163002",0.920909000511877,0.929384965647344,0.937950644675952,0.94677033473948,0.908658137278854,0.9424388285314,0.927472527287218,0.953022834533141,0.900020076109211,0.92763223909914,0.930439171947413,0.957546698440207,0.937100638790515,0.916973252278617,0.911449631270477,0.904169136355627,0.931625615579975,0.954757557120155,0.925321362798343,0.931791221642588,0.921721721537193,0.922337870111622,0.920091551215028,0.941351888480845,0.89762376219849,0.917356195610137,0.931547325730021,0.944911482356857,0.899626792201998,0.918257464333185,0.930591259456082,0.933161698993334,0.94120020152472,0.908096279906884,0.945748825867569,0.948123070606766,0.945387979061245,0.921764997338272,0.95246565847367,0.968902135922722,0.968531123415501,0.946351283151213,0.948905109299289,0.927305317481118,0.925589836473969,0.928762508485334,0.941445926918653,0.937136089817994,0.935192616184753,0.909900989918832,0.910114579037907,0.935409803147567,0.915412971821179,0.949142341067481,0.95343947112177,0.932347356663866,0.914883026199127
"ENSG00000120253",0.990175647317619,0.994948994553838,1.00335127429606,0.996212121013514,0.806902707367469,1.00220617709543,0.943456543268041,1.00533145538571,1.00100381429412,0.816621499384398,0.98435133750947,0.930576365811492,0.999400958266893,0.808988763884063,0.799606879449709,0.893301718851353,0.988177339706763,1.01095556887585,0.914915323216708,0.962633451766976,1.00980980960765,0.939751801253052,0.928848641471022,0.981908548512543,0.923168316648878,0.956833814982188,0.9451393674884,0.948274156671294,0.949911608534686,0.97347038649565,0.964208028284713,0.90444598457185,0.946041351296815,0.969962203904921,0.999900089719272,0.920840386155364,1.02613647899397,0.99097669786991,0.985670520607635,1.02374565305042,1.00522837111468,0.983995973631808,1.00169982981668,0.979486157940752,0.979834643883881,0.992965421382549,1.00975901194787,0.903582354504375,0.913723916349574,0.918415841402294,0.958514420988046,0.963362283924656,0.93753113461442,0.995686628348744,1.00871132452013,0.926151693629229,0.966251866407914
"ENSG00000093000",0.95980946691281,1.00346637595257,1.02041230811,1.00239234429777,0.932262223359662,1.00601684697031,0.772627372473002,1.01478724453983,0.973298534235435,0.944494629941886,0.938313982647488,0.772550194631396,1.03813897742849,0.993735706275483,0.97867321848085,0.954949614511964,0.994876847094606,1.07932643516346,1.0038767596401,0.951364175375373,1.04904904883903,0.924539631520308,0.769628818634764,0.985884691652905,1.00693069286991,0.972784368263825,0.938638825777871,1.0153298385886,0.97544686682863,1.00890846774177,1.02452046647726,0.939102881287434,0.929500756242158,0.980903122939944,1.01128983894269,0.770088618785206,0.98667751429133,1.00426375785736,0.991797608263307,1.02573273700433,1.04389858912027,0.984197282137051,1.03329667012633,1.00497908763095,0.998991732002623,1.01773506370401,1.02628958354386,0.929635843100832,0.961276083274222,0.945346534466268,0.763927301310959,0.772087451178579,0.936534820975085,1.0015046642589,1.00170221267614,0.960927350662351,0.940567446303521
"ENSG00000138750",1.01816016651421,1.03555511517568,1.02630242692672,1.04645135545326,0.967569175648603,1.04392298414683,0.988011987814583,1.05140327913663,1.02890985725177,0.995684030714507,0.972640080570896,1.01248626490611,1.04972044707474,1.02933280281807,1.02584766564602,0.992491602254003,1.02876847270369,1.07364576971523,1.01999591899204,1.01977066013844,1.06306306285024,0.992393914933468,1.01243904846006,1.04950298189871,1.01247524732426,0.991326886453728,1.00620506234488,1.01414301235998,0.9886073461032,1.02202643151796,1.02293850088532,0.978512723838298,1.01099344407242,0.996817186990886,1.04406034548026,1.04411032539199,0.995423573477998,1.02568170529982,1.04180254945315,1.0668653748501,1.06066883672474,1.02627075973301,1.04609539025176,1.01931886058169,1.02722323028287,0.988605964333973,1.0324636524532,1.00661205940854,1.00682182965353,0.973663366143829,1.00019755017776,1.02505740221123,0.981767460200903,1.0289898683862,1.04155402001771,1.0162885977783,1.01562966629853
"ENSG00000139496",1.13228143274143,1.14529068017326,1.15690057862153,1.18221690566543,1.1809977186986,1.18130766121514,1.18121878098277,1.17573684716312,1.1706484639288,1.20044163380499,1.19818273574999,1.1467385873246,1.17452076653863,1.17370985359974,1.15085995063374,1.16518474586738,1.15369458105346,1.18888212595072,1.20628443150249,1.18525108715199,1.16596596573254,1.20616493170413,1.21544432257629,1.15149105344901,1.12594059383645,1.179144651345,1.16615778564638,1.14785876745171,1.15439009995003,1.16045031793236,1.16867708104238,1.18170115829652,1.18285426098177,1.15078575668375,1.17973823535224,1.1701682761784,1.15000508468423,1.13911750101356,1.1667160784333,1.15846994512499,1.13978494601168,1.20060392527416,1.13588641113171,1.14698267254591,1.19056261319005,1.15664321784273,1.17008564007766,1.18464423148433,1.19743178146119,1.18653465323039,1.13828526251713,1.18199061571688,1.1583142370911,1.20573778689824,1.18053469486722,1.20455680999209,1.17132901917943
"ENSG00000213024",0.9820383048562,1.02644349786542,0.984259165028078,1.04086921829329,0.93603094298601,1.03569995967996,0.945254745065883,1.03993561994972,0.978317606709834,0.967780788724725,1.00555275093275,0.951353510947687,1.02336261960396,1.00208809764302,1.02702702682515,0.765658960528421,1.01714285694244,1.03935889611699,0.973066720878787,0.76611308802568,1.04984984963967,0.775620496241869,0.992536570605526,1.04473161013027,0.999405940396157,0.772604924579283,0.948094159175004,0.921174957784359,0.761147122223306,1.00323054312223,1.01285347023673,0.919695019126707,0.988199697228805,1.01392480584565,1.03287041641865,1.00607388210573,1.04037424976297,1.01318790262505,1.03290838995298,1.06348733212847,1.04074183663002,0.975742324916811,1.04149585020668,1.01175064707991,1.01935874147623,1.016347963734,1.03863772136255,0.955886706610898,0.971508828055476,0.94772277208956,0.994073488543249,0.773684735794413,0.772143070484778,1.03019359995382,1.04275558204811,0.940141900481634,0.970433051076071
"ENSG00000125450",0.954252257426962,0.996731702288456,0.974713110394087,1.00538277491918,0.933849052676019,1.00200561552306,0.929870129684342,1.0170003015759,0.984340493679112,0.937870119253664,0.948207975578353,0.954949555298182,0.942292332080213,0.953564681126864,0.986535626341713,0.892708950623847,1.00216748748726,0.957597889844269,0.885941644381567,0.948398576324951,1.01561561541229,0.911128902940126,0.95492088746046,1.00099403558628,0.967128712679777,0.970192403355559,0.96739879819415,0.914647413526922,0.908662345136778,0.992853646403749,0.979038955709108,0.92405188614238,0.960766515186936,0.961209468676903,1.00469577360282,0.980384347111344,0.930743414841708,1.00704015845175,0.98606581658542,1.05295578717279,0.977409489794336,0.957423250939623,1.00169982981668,0.965943039042831,0.974793304905265,0.981670464483965,1.01792471598926,0.951544458511488,0.930778490984996,0.935445544369219,0.947649150346178,0.938604372379234,0.931154727322675,0.983448690744619,1.02152798617773,0.946537423614163,0.957292184976149
"ENSG00000108559",0.931626475948868,0.944240863435824,0.923936224043072,0.93939393920666,0.912823564234291,0.933413557775087,0.926473526288417,0.931697012185555,0.904637622785658,0.905550536805069,0.924987379924283,0.933173508953517,0.915934504609438,0.923138112573702,0.915773955593951,0.881051175482898,0.932413792919722,0.959626698932922,0.922260762921391,0.957493080079578,0.926326326140876,0.944355484198488,0.915713006087031,0.941351888480845,0.894059405763553,0.910975974297483,0.922485964557769,0.941351003670982,0.911412296029972,0.904356338540508,0.922681431496405,0.92464600437179,0.952697932233445,0.915257608729807,0.92217004677347,0.938165886500415,0.920980372028683,0.925731283901689,0.942385611040145,0.959562841339381,0.951366281749755,0.941519879025361,0.923507649050393,0.901015733738097,0.929622907656862,0.918062023002465,0.937064329628149,0.942267837571841,0.932383627421271,0.9116831681363,0.912090082790974,0.919237296412252,0.911029191808104,0.93148761140907,0.947231400631375,0.930348755684951,0.915281234262761
"ENSG00000102900",0.873672719882173,0.884223036370363,0.563826546041672,0.902711323583989,0.864226916420861,0.893100681730224,0.881118880942833,0.908560506808458,0.557317807557254,0.883468834510997,0.859565875646731,0.888023174330632,0.893170926339223,0.879387491124711,0.882555282381807,0.866627148613589,0.899704433320255,0.889429904465525,0.868190165095248,0.910241201876188,0.922322322137673,0.899119295256381,0.888247586647776,0.926640158861503,0.864554455274346,0.553484198872797,0.890377228230006,0.890713084582986,0.863484580462879,0.883798335607675,0.900929404607291,0.881671452444465,0.907513867693895,0.885020887033018,0.907982815284647,0.910883202049013,0.853452659238594,0.881903817375924,0.871627631016577,0.921410829424459,0.87501233089178,0.558832410556853,0.914908508966122,0.552877912656268,0.906231094796082,0.89467948065101,0.904003186436167,0.908516727344613,0.902487961295649,0.872871286955867,0.863097589714916,0.905061395446728,0.857228255284003,0.899789346795107,0.927605887468187,0.884780653365688,0.886411149649296
"ENSG00000110713",0.984023022529717,0.98563929860639,1.01594394211111,1.00279106838062,0.971139541610406,1.01484155615426,0.952047951857733,1.00090534131357,0.94278257359109,0.98564689330811,0.980111054824814,0.991109779044829,0.969448881595557,0.980212786918522,0.98614250594867,0.981821774158897,1.00019704413789,0.964090078927959,0.965517241182306,1.00711743752331,1.00780780760604,0.971977581871101,0.986167777692075,1.01749502961879,0.968514851293363,0.976572624668214,0.984536589976453,0.992780140244727,0.974464741509632,0.974253548512138,0.993869883133504,0.973165659773608,1.0033282902666,0.993037596778787,1.01348786072265,1.01085333047678,0.976507678027762,0.986812096978322,0.97934578496307,1.02513661181815,0.968531123415501,0.998288877504119,1.01149884991271,1.00458076060454,0.998790078443479,1.00644010680542,1.00736904978941,1.00996743293991,0.985754413927417,0.984554455250583,0.988542078034662,0.98991714066289,0.971405798351817,0.991874811717951,1.01732251907133,0.998301188968062,0.984370333303261
"ENSG00000065154",0.948496576173763,1.02386847558208,1.0502691172844,1.00219298225634,0.98423088347035,1.02045728018041,1.02157842137431,1.0536163361727,0.955832162024527,1.04185486278393,0.958101968509217,1.04085505922668,1.04512779531846,1.05359451107615,0.916756756576559,1.0322070734969,1.07093596038011,0.863866909948495,0.899816363823747,1.01917754032836,0.952152151961531,0.906124899738566,0.94297940074774,0.884294234416641,0.985346534458347,0.956235669234127,1.04658721539514,1.12016615545047,0.960911412107462,0.956632403141139,1.02906861755407,1.02109119694602,0.970247100157288,0.963795504085181,0.988310520334037,1.08095190658549,0.999288111258154,1.05344571124374,1.0376519416864,1.06050670619761,0.987471638357014,1.03975842958435,1.13588641113171,0.95658235392221,0.96854204457178,0.979490735959677,0.927902808020732,0.994769564591973,1.00481540910818,1.00792079187962,0.987159225407515,0.999500848357892,0.963435289237136,1.04243153755794,0.997296485231342,0.96752273389277,0.977202588157849
"ENSG00000105953",0.986603155505289,0.992373972270501,0.957448969034742,0.986842105066419,0.915600515537915,0.980946650425,0.893706293527731,0.981591388998775,0.92190323209759,0.906554250545708,0.867238768123728,0.979322744784872,0.960662939105299,0.971263796167592,0.954299754112177,0.920766646725792,0.979507388969555,0.960438222568383,0.903285043684292,0.883748517025752,0.948948948758969,0.936148918947928,0.911533485737579,0.727634194686355,0.952871286940026,0.883461269886659,0.942578548026676,0.954999505300168,0.899823217265798,0.975232501032749,1.01226023313975,0.724824239880221,0.738275340244423,0.958424507467988,0.946148466191198,1.01603106621208,0.744432014493149,0.941398115827189,1.02065421464163,0.969895677899673,0.96044194515923,0.971112229296203,1.0378962101714,1.00179247141968,0.738052026469439,0.969582879031094,0.72893845832923,0.925096220087813,0.899879614586702,0.90950495031495,0.886210983625798,0.924827792567669,0.852645212543062,0.989266726654777,0.957845198566568,0.731487958282904,0.951518168053456
"ENSG00000147162",0.86275677267783,0.886996137290879,0.70925154855098,0.696172248665037,0.896558563741633,0.893100681730224,0.863336663164168,0.892465546546129,0.857659104425284,0.846331426107331,0.705098434991399,0.868444710644602,0.858626197911616,0.890524012948091,0.895724815548752,0.88520055307544,0.890049260908365,0.708460133757667,0.841460926169871,0.881771450992137,0.904704704523583,0.926941553057057,0.891232958325956,0.893439363639475,0.870693069134516,0.870501445345329,0.931153353505141,0.843042231066553,0.848752700677911,0.877533039475764,0.690527980879864,0.878304782477809,0.885930408293307,0.888800477245116,0.878409431336116,0.831026585516076,0.899623715875191,0.885671789611171,0.86510524738312,0.891405861720535,0.835750221794268,0.891595369724893,0.906909308887729,0.864369647308431,0.704174228533137,0.8982463091453,0.695478988110839,0.863712621955253,0.700642054434061,0.858217821612234,0.827143421409099,0.873315363707035,0.896084487218076,0.869896679532572,0.894763191970609,0.867992405142802,0.891587854476538
"ENSG00000083720",0.82663491101982,0.637218975807226,0.924139331588476,0.940789473496653,0.762471486509477,0.982350581431538,0.860139859968004,0.90795694579862,0.892993374645053,0.853357422291808,0.649570923644711,0.776545799465279,0.642372204344574,0.927910907640865,0.72550368536108,0.924520845499996,0.895369457951651,0.934063704415893,0.909202203446398,0.860023724622376,0.956756756565214,0.956565252010295,0.902776395481585,0.639562624127323,0.888118811705323,0.919549396686362,0.840342755670178,0.911878152326797,0.918876448454355,0.890259422243708,0.956298200325035,0.90563422103067,0.782047402767111,0.758901929429301,0.921770406449841,0.64064522540264,0.65432726519794,0.75339613272119,0.906611325050576,0.639244907970344,0.634704547571332,0.933870155826096,0.871312868538883,0.640709021979544,0.88707400667734,0.763697612055148,0.859988050017927,0.842593506199034,0.935393258239287,0.910495049324654,0.795535361360029,0.84696016754578,0.844475440700513,0.876717825082412,0.945429057585776,0.902568202078032,0.640517670355298
"ENSG00000122884",0.973702490627428,1.01931266692695,1.11810703744935,1.11124401891722,0.986214420115796,1.08323305232988,1.06613386592085,1.06749823939895,1.0762899014101,1.0912375788234,0.964361433424662,1.06942363378895,1.00259584644517,1.02873620343467,0.98240786221476,1.00849634439666,0.973596058921459,0.847839318148136,1.02530095877876,0.977856860225809,0.836636636469142,0.963971176748605,1.00985172633897,1.04115308130395,1.00138613841557,1.00249227375087,0.998522603959712,1.05370388664747,0.982911019253013,1.00362212413047,1.07197943423532,0.987424497279448,1.00312657569276,1.01949472826348,1.03107203496232,1.08095190658549,1.08288416534468,0.962419434613303,1.09813222628755,1.0505712864281,1.13287954993926,1.01137393034497,1.0836916306202,0.99761003764238,1.00887275640071,1.06786881976263,1.00995817546107,1.11832626051153,1.0264847509979,1.03267326712224,1.01876728545659,1.05021463491061,1.05947992406905,1.08656836170397,0.995093621508943,0.999700209653303,1.0399203581802
"ENSG00000072682",0.866130792722808,0.973358423101246,1.1302934901736,1.07675438575025,0.939601308947813,0.998997191937626,1.09430569408705,0.994869731215196,1.10479823306469,1.04065040629516,0.803028773184648,0.972130656083882,0.928514376811399,0.943422491609143,0.918918918738296,0.969768820199611,0.892216748592667,0.899371068999925,0.917771883101863,0.786279161568549,0.895895895716537,0.952762209577109,0.931236938813566,0.966799204579165,0.929900989914871,0.97039178527158,0.944351423038639,0.972999703100979,0.965822038702451,0.919040626349674,1.00731659066496,0.91632834916005,0.945839636722977,0.96260194928136,0.990508542113996,1.02459424454354,1.08268076861941,0.920575111369246,0.990809368318844,0.955986090222357,1.02436618308684,0.983392048116076,1.03289671012241,0.931288587745212,0.956039523904812,0.995145149906837,0.952599083658116,0.921346096729232,0.97491974298256,1.08673267305213,1.05373370188587,0.988719177201014,1.09335458780645,1.1268933692192,0.944427755893776,1.05945837892286,1.01841712274397
"ENSG00000185624",1.1110449536348,1.15123303928865,1.19081953870401,1.16905901093121,1.16869979149684,1.15663858781455,1.16963036939668,1.19263655543856,1.2174262193902,1.19582455059805,1.14568399774948,1.13355309137278,1.16214057484782,1.16913592499371,1.153218672992,1.09741157852254,1.08512315249554,1.07952931607232,1.16955723297907,1.07097667040906,1.08928928907121,1.15452361866403,1.09005871209273,1.1590457254157,1.1774257423411,1.11334861905825,1.09327292404348,1.17693601005302,1.18738951066836,1.1827704354023,1.22404587676013,1.02940885215776,1.14311648993583,1.17028048514615,1.18013787567586,1.19386637435152,1.10139326734437,1.1565691618926,1.18509734140032,1.1562841527757,1.21041728298108,1.0739808754758,1.20847915184312,1.20792670758655,1.09941520445666,1.16912711757275,1.0832503483204,1.12918188076006,1.14967897248201,1.15841584135477,1.17522718269948,1.1530398320549,1.18860217172689,1.15598354876999,1.15390006986004,1.15059458356139,1.10064708788439
"ENSG00000142623",1.21286097028622,1.20451619269,1.19488168961209,1.23704146705801,1.19845284117853,1.20316887260265,1.16883116859764,1.2298561510452,1.20799036313833,1.22392853533596,1.1961635535192,1.15592847844253,1.29133386555684,1.25882469896414,1.24560196535713,1.20983995233949,1.23960591108579,1.27835260676033,1.16751683306111,1.22281534179067,1.25885885860683,1.24459567629211,1.15275151733451,1.21491053653779,1.19465346510997,1.21104575790828,1.23569388333779,1.1852437936534,1.1685327045436,1.20685266740933,1.14494759716335,1.08268145339485,1.25163893066028,1.2771036400881,1.24048356454381,1.20462013318637,1.15753076351927,1.25453644000902,1.244589386057,1.23795330328108,1.24356318412872,1.19315551058014,1.18728127163538,1.20195180219041,1.25489009855719,1.23432081616282,1.23481378186919,1.22984308670091,1.20224719077001,1.21762376213512,1.23627024866925,1.20894479360908,1.19876457084811,1.26191192672045,1.22479222965359,1.26151693789117,1.20876057716102
"ENSG00000142619",0.800039694194693,0.81727245700361,0.824413526795082,0.827153109882944,0.660517702933548,0.791415964542436,0.751248751098652,0.78825067884755,0.828950009871723,0.910769848256395,0.82402826838485,0.783538107924575,0.802316293769506,0.7873123196207,0.838525798360978,0.820588816277299,0.656157635338688,0.84418746178856,0.769842889049206,0.814946619055962,0.6666666665332,0.779423538675055,0.790924469939113,0.78667992032074,0.659405940463484,0.828033097232971,0.815916477727585,0.658688556886819,0.826360243404761,0.791776798670235,0.778920308329262,0.786414496329059,0.801210287281652,0.662422916120465,0.81686482149728,0.769889475103079,0.677311095153603,0.788894397463779,0.789406067637236,0.817287630239983,0.824898885109027,0.833215903204184,0.832316768156721,0.77295359474747,0.777374470502647,0.749232140939417,0.797649870384854,0.657258462319696,0.770465489412025,0.797821782020233,0.657842749771268,1.08156134549634,0.81239414151392,0.774400641834808,0.804045258675469,0.752273408463621,0.80776505708158
"ENSG00000007168",1.0000992356852,1.04684559749493,1.02670864201753,1.04465709708041,1.02767033600562,1.00862414741103,1.03296703276065,1.02343828568083,1.04898614714937,1.07176553225499,1.0566380613717,1.00729197862206,1.04592651736303,1.05200357938709,1.02093366073299,1.03932029222697,1.04374384215887,1.06289308154537,1.03142215853266,1.0276789242729,1.03783783763006,1.03622898297914,1.04766643426258,1.05447316082416,1.00475247504856,1.07666234651048,0.993400965036265,1.01038472930266,1.04282066371188,1.01771904042727,1.01324896163471,1.0377265073695,1.05395864829976,1.04137656633352,1.01428714136991,0.99810813482065,1.00518661629102,1.01338621695322,0.984879928652064,1.0100347737685,0.99674459879713,0.984398590642295,0.983101689634416,1.01473809977798,1.0715870132947,0.97632022174253,1.04162517406062,0.996940688641678,1.05056179754202,1.03386138593389,1.02153299071088,1.03763601856092,1.00547972481708,1.01715317463795,1.04135375967931,1.0138902766036,0.992931806671392
"ENSG00000168092",1.06857199542154,1.12667128827837,1.07951660382258,1.07595693758454,1.13140930256245,1.08243080604043,1.10289710267674,1.07916708558914,1.10961654264011,1.0948509482897,1.12044421986463,1.10937968212778,1.12380191670851,1.12856716692283,1.12963144940941,1.12072712880444,1.11763546776007,1.0925136942397,1.11467047518574,1.10676156561748,1.0918918916733,1.12409927919854,1.11692705719635,1.12962226617701,1.07049504929297,1.13248928299621,1.0816507434095,1.01671446918866,1.0783736002596,1.09407733703493,1.06842001165347,1.1444697492535,1.09087241531198,1.08076387485961,1.07223498829609,1.06800756724724,1.09895250664112,1.08259791748486,1.05405672476449,1.11276701418524,1.0551445198668,1.07518872650726,1.04669533025763,1.09739095775794,1.11897559969369,1.08292876229408,1.11173073070868,1.08970689803815,1.14105136413703,1.09346534631813,1.0663769259055,1.08755116280572,1.09016638416057,1.08556525206429,1.07599879822249,1.0608573996081,1.12254853138426
"ENSG00000079462",1.14200654934167,1.12370010872067,1.01513151192949,1.11443381158006,1.17306357211682,1.0531488164755,1.07252747231318,1.08178251663177,1.09837382029746,1.06935661927746,1.12508833899544,1.10098891197663,1.13358626175448,1.14427761735224,1.16009827987025,1.10729104898097,1.15960591110156,1.18969364958618,1.07263823687561,1.14195334101583,1.15795795772613,1.08146517192124,1.15175639344178,1.07117296201368,1.07188118790656,1.1342837202404,1.06293706272768,1.05983582216203,1.06835592200582,1.09035731745661,1.01067826754782,1.08723635982033,1.11366616215559,1.09846827111628,1.06524128263258,1.07298615930041,0.9506762939183,1.11016360910061,1.00405178357465,1.15588673598492,1.10565255971083,1.02083543009143,1.0592940703811,1.0786695875167,1.12341197799488,1.04428812027261,1.08205536724118,0.872199743240462,1.11115569801141,1.06574257404639,1.09699723407803,1.01028251951477,1.04433595675115,1.09459323882143,1.09161910461768,1.08524033155087,1.05803882507555
"ENSG00000128050",1.15093777887249,1.1332078833053,1.07667309818693,1.10944976054437,1.13557472951789,1.1221419973682,1.12747252724726,1.18116889625165,1.0921501704292,1.12456087501263,1.1989904086423,1.14454100466596,1.20307507963197,1.19081236925707,1.16265356242503,1.19047619024097,1.1728078815423,1.23939947225819,1.21097735131382,1.20719652012511,1.23383383358682,1.19015212145914,1.17762961465268,1.13379721647439,1.08811881166572,1.12351709677529,1.13385206320618,1.07605578061991,1.1245334902525,1.08507097384531,1.09135851273653,1.14031092164763,1.13081190093176,1.1245275509997,1.11719452470433,1.10106541848032,1.03935726613661,1.10738720850622,1.09240043460966,1.10382513639268,1.12183091622337,1.12692501235492,1.06869313047321,1.11093407665586,1.18128654946939,1.08709006220408,1.13324039013479,1.1674726140003,1.14305778468237,1.13762376215097,1.07151323566347,1.12388938781594,1.13480123520279,1.12649212536333,1.12886752756005,1.15419206532344,1.12852165233877
"ENSG00000090060",0.976679567137704,0.941665841152488,0.761247080174419,0.890550239056908,0.927105028081503,0.937825912367062,0.918681318497766,0.882205009378894,0.908050592068249,0.914784703218953,0.952650176486088,0.929577464603021,0.971645367218122,0.926121109490679,0.736707616562809,0.960679707377854,0.931625615579975,0.964090078927959,0.983268720468625,0.941874258414023,0.951751751561211,0.750200159977942,0.919494476879392,0.921471172779031,0.95386138594973,0.871298973009411,0.93765389521567,0.921570566527233,0.946768807513893,0.92491434147334,0.948190626666365,0.923853846732577,0.940393343229371,0.915655460331081,0.748925966480382,0.904709747903075,0.934201159171321,0.946554288359632,0.967091609651726,0.932538499566311,0.945250073799891,0.943331655572555,0.900709928826975,0.933479386390464,0.957451098818824,0.915882294478176,0.958972316080667,0.955886706610898,0.955256821638191,0.925940593876051,0.921374950430388,0.927623040645378,0.903855733604891,0.922058380796056,0.922599379008191,0.923953232552423,0.918865106835467
"ENSG00000138801",0.918130395768953,0.899277012796023,0.877627703690946,0.899122806838293,0.934840820998742,0.891496189151324,0.940659340471397,0.905341514755992,0.953623770135791,0.768643982581824,0.773144876168976,0.938567575479259,0.928714057322541,0.761459679673569,0.91813267795221,0.970559177836285,0.927881773216181,0.913978494438227,0.90654968355304,0.90510083018879,0.957157156965534,0.927742193569307,0.935615483941563,0.918290258266741,0.930495049320694,0.964210945874945,0.986703437213296,0.757392938234123,0.917894323135358,0.87890357300462,0.895392525035516,0.973165659773608,0.908522440563082,0.934155559790301,0.897392346708484,0.878422781862307,1.00376283921412,0.910857709288873,0.897914813539299,0.76085444594916,0.885666370546381,0.963865123107425,0.914708528964162,0.92272455667741,0.968340391012635,0.90914495176674,0.951603266092092,0.918385473025089,0.946629213293212,0.926930692885756,0.875148162608623,0.931815912761942,0.958652983768327,0.901394322218599,0.915590267164195,0.92755071431447,0.956296664817064
"ENSG00000198682",0.919519698140415,0.961473704870462,0.97288514248545,0.911084529323946,0.97907368819219,0.946048936833925,0.977622377427048,0.908761693811737,0.971090142346699,0.910167620012011,0.903382130054845,0.938567575479259,0.884984025382391,0.906831062760897,0.928943488760895,1.04999012032207,0.903645320018986,0.866301480854879,0.847786165915571,0.904112297171983,0.957957957766175,0.899519615512506,0.93024181492084,0.945328031621207,0.936435643378924,0.958428870310352,0.91559145062236,0.750271980862373,1.01080337831255,0.921194321895018,0.961835079896809,0.922665610273757,0.950680786495072,0.981698826142491,1.00249775182286,0.910086627320505,1.02715346262033,0.908279623022651,0.990611720329951,0.891604570115926,0.893558251772012,0.917362858396102,0.871512848540843,0.926508663428299,0.960677555765139,0.91984543724961,0.951204939065683,0.942267837571841,0.941211877820784,1.02435643544072,1.02824970347131,0.973744633927574,0.989538706587718,1.04122780599032,0.973265244623357,0.99010692495451,1.01543056226671
"ENSG00000143799",1.0753200355115,1.07398237078855,1.06631461337132,1.1096491225858,1.11256570443071,1.11331728818425,1.08291708270072,1.11819736422529,1.11082112003396,1.0898323795865,1.09318525974898,1.10758165995254,1.12759584642021,1.11842497740511,1.08461916440597,1.12448132757864,1.12650246283222,1.13024954328865,1.04998979778617,1.14274416742927,1.10350350328258,1.23618895091349,1.17524131731013,1.0691848904435,1.13485148492379,1.09480610086835,1.12735152149565,1.14963900679465,1.12001571378511,1.12442486517388,1.13486256651476,1.08802851745954,1.0509329296922,1.08056494905897,1.08682186010854,1.12575923506407,0.955761212050084,1.11789786789928,1.15564779105531,1.13383010409661,1.13741738164399,1.11424257652456,1.09649035074563,1.06492730510557,1.1357128451027,1.09917764765695,1.11611232799918,1.14793249755296,1.10252808966643,1.07524752453955,1.09087317244353,1.08275930895822,1.1033177241998,1.0779416188027,1.09482327003208,1.1056260615358,1.05465405653466
"ENSG00000102699",0.8768482681598,0.958898682587125,0.963135980306055,0.896331738258307,0.891004661134384,0.910549538525762,1.000999000799,0.803138517090205,0.923107809491446,0.932650807802338,1.00212014114041,0.929177904119633,0.965055910350428,0.908421994449951,0.95469287450522,0.93538826300427,0.78660098506668,0.914992898982554,0.938175882281539,0.899169632087946,0.799199199039199,0.912129703580438,0.981192158228442,0.925248508762376,0.894455445367435,0.795932608753677,0.913030631160636,0.895658193868923,0.901394617776194,0.902985805011652,0.89776547342342,0.896326368769913,0.947655067887513,0.893176844859125,0.901188929782958,0.954097381070577,0.895759178095035,0.946752602687803,0.889415950016916,0.903725782234729,0.952944657994881,0.898037241892695,0.933906609152303,0.968133837688083,0.915708812075881,0.953135836529647,0.888269268892996,0.895095233219166,0.934390047966615,0.932277227538163,0.938956933832683,0.9773385243132,0.94769353373564,0.940916842022085,0.918393911901794,0.945138402928922,0.992135390544124
"ENSG00000173599",0.970923885884505,0.931563830656321,0.861379100058621,0.943381180035211,0.891599722128018,0.91436020840065,0.839360639192935,0.876772960290359,0.686207588699818,0.81642075663627,0.885411408200826,0.827489761097295,0.682507987084164,0.904842398149579,0.889041768867019,0.67536060053836,0.850837438255993,0.877257049933606,0.697408691961353,0.853697113314809,0.910710710528386,0.8542834265704,0.680266693067914,0.679522862687968,0.938415841398333,0.878077958154107,0.895498867153453,0.970823855015167,0.870752307823462,0.931179637605251,0.957286928819995,0.914149915652213,0.897629853575869,0.94350507242023,0.869617344216282,0.894553420114597,0.847757550930996,0.867228557091278,0.954442138362597,0.679185295443778,0.878760974473955,0.904881731070985,0.943905609250294,0.901812387790916,0.689251865156432,0.96423263628966,0.855407289214219,0.882265863834547,0.858346709298084,0.855841583988942,0.880284472366597,0.807826694457856,0.818969811533532,0.891162603893839,0.83228196638985,0.833616468305463,0.680537580750515
"ENSG00000166228",1.10786940535718,1.10369416636552,0.971463389667622,1.11084529483436,1.0818208864263,1.10529482528975,1.21298701274466,1.13811487754992,1.06002810659305,0.960152564295864,1.14871277109567,1.12835880508873,1.14656549497872,1.15103907703072,1.13828009805636,1.15905947418315,1.21024630518025,1.09697707423474,1.10201999569434,1.08956109112504,1.04424424403519,1.04023218554039,1.09085481120692,1.09860834968219,0.947128712683737,1.05293589850405,0.942184575801796,1.08772623853472,0.93950108015331,1.11306901593479,0.945817678278462,1.05317358133416,1.1499747854463,1.10543067413857,1.10560495531909,1.11938663723601,0.972846536972878,1.09410014851877,1.06769443599808,1.09448584180934,1.13031468854093,0.962858580581206,1.11228877090045,1.0955984861391,1.09800362954265,1.10670761892268,0.952599083658116,1.16806473874113,1.12319422128347,1.11881188096657,1.11892532573708,1.13507038012677,1.15034372797642,1.14575183044523,1.10103134052247,1.13640451661109,1.10462916852073
"ENSG00000114054",1.06817505188684,1.01317222917437,1.00253884411444,1.07834928208167,0.989784786077599,1.03429602867343,1.05354645333595,1.03289407483495,1.00843204155623,1.04607046049462,1.04573447732544,1.0917990208587,1.05391373780872,1.03808292710787,1.02643734623559,1.05176842500459,1.02581280767964,1.03327246885103,1.06345643724475,1.03301700256366,1.01381381361085,1.05464371476088,1.02378346083714,1.05805168965049,1.04712871266394,1.0475525867715,1.06470993773964,1.04717634239004,1.05323119209326,1.01282427782421,1.06466284337262,1.04267749261458,1.06081694381022,0.997413964392796,1.05744829632182,1.06721099251873,1.0721041389053,1.04372830916337,1.04615080520879,1.05315449556818,1.06204991593922,1.09451434301067,1.02929707008713,1.0366460862305,1.02802984451945,1.01793322084258,1.03684524974371,1.04233691877187,1.02829052948871,1.03287128692418,1.02983010647376,1.07297594068624,1.06346517862639,1.02618116139509,1.01832382076333,1.04326971099365,1.05326032831194
"ENSG00000100889",1.00307631219548,1.00861642051924,1.03848887965096,1.00637958512632,1.03441436060014,0.997192137786363,0.980019979824172,0.981792576002054,0.954426821731695,0.992873632240716,1.01383139807898,1.10478473656882,0.850838657977069,1.03848066003013,0.99243243223736,0.987354277615619,0.998817733793336,1.02515723249642,1.02734135869673,0.970541715901435,0.853053052882272,1.01000800620296,1.01900686615205,0.983697812925706,0.985346534458347,0.952248030913718,0.974096326017119,0.842844426695115,0.995678648399984,0.967400880867861,0.979038955709108,1.01019902940683,0.96338880464682,0.847622836513304,0.971325806579813,1.05108035426644,1.02206854448855,0.845017352336139,1.03152485403073,0.989567809043305,1.00069053940995,1.02949169581691,0.984701529650095,1.00477992411775,1.00604960657269,0.962647379181086,0.993825930891491,0.959834204883088,1.02367576223442,1.043564356229,0.970367443506447,0.999500848357892,0.988143867492648,0.983849934600492,0.945228797247376,0.988108323975595,0.968242906726084
"ENSG00000120265",1.0584499352866,1.05655145071674,1.02183406092783,1.05303030282037,1.08241594741993,1.05595667848858,1.05454545433476,1.0670958653924,1.06605099356233,1.05510388416037,1.05239777868705,1.04624912575242,1.05970447263185,1.05677637445426,1.01503685483734,1.06204307428136,1.05635467959481,1.09636843150814,1.10446847559591,1.11546065616539,1.07307307285824,1.05584467552925,1.05821474752548,1.03856858826271,1.04831683147558,1.07646296459446,1.0777110211607,1.05350608227603,1.06992732251622,1.02613803210453,1.05339133853008,1.07733438933016,1.0341906200637,1.03123135050105,1.02407832929882,1.04769491167028,1.07434150288328,1.00862667307712,1.01215535111925,1.02374565305042,1.03284995540439,1.01439355792362,1.01689830996562,1.03106950786077,1.07017543838069,1.05161993439976,1.0577574186302,1.03759992084524,1.04975922932388,1.06712871265997,1.0369419199848,1.01806928201696,1.03835807491514,1.07693850916302,1.02513267226892,1.04706705285359,1.0293678444939
"ENSG00000116005",0.937779100736771,1.03258393561799,1.00924139311278,0.952551833940879,0.925121491436056,0.987765743885326,0.959040958849342,1.02927270877592,1.03292511523129,0.930442637572931,0.901564866047135,0.937368894029094,0.925119808121981,0.965695535255902,0.97867321848085,0.904366725764796,0.993103448080177,0.874010955391761,0.863293205292125,0.769671806886186,0.913513513330628,0.779223378546993,0.925664245014297,0.961232604182657,0.984752475052524,0.951450503249636,0.963853048170225,0.770052418006121,0.958554311341867,1.01164953479948,0.983784852484915,0.910585206275753,0.980937972570663,1.04654863715008,1.01109001878088,0.999900427959793,0.918743008050698,1.04908279602398,1.00464472754133,1.05514157952208,1.01765808404505,0.967086059191327,1.05069493029683,0.99083847819342,0.931034482570874,1.07658773385979,0.947819159341203,0.889173985810881,0.914125200458643,0.956237623573022,0.988937178785275,0.956573824307363,0.961243399230598,1.00732270016906,0.996695704216142,0.947137003907837,0.926231956012696
"ENSG00000161217",0.973305547092725,0.882836485910105,1.01594394211111,0.990231259770687,0.98899137141942,0.971921379668688,0.994605394406672,1.01579317955622,0.717727363839043,0.904145337568173,0.919737506124233,0.714214364056695,1.05551118189786,0.710947598546098,0.702702702564579,0.706382137777834,0.956650246116916,0.990667477989315,0.729442970673446,0.70680110701724,1.00440440420332,0.924939951776433,0.944372574197557,0.905964214531617,0.954059405751671,0.979962117240562,0.704225351973954,0.707150627889002,0.965232763511052,0.699951052236916,0.924658888486324,0.707990890046937,0.909934442579943,0.846429281709483,0.714357078486491,0.711938663604115,0.956981592401712,0.944769459406094,0.706591560291216,0.986587183112452,1.00996349985006,0.884750880546603,0.714928507006314,0.916550487768064,0.919741883258774,0.858813038569541,0.939055964760196,0.91404322492568,1.00120385212656,0.707920791939026,1.02133544033557,0.946590795458403,1.04692637221342,0.915638479102089,0.715930709779527,0.938942739894286,0.932802389062657
"ENSG00000131828",1.05428202817222,1.07041695531932,1.07423580764208,1.05362838894465,1.0964990576026,1.07160048113285,1.05114885093883,1.09908459891377,1.05781971470431,1.06333433683362,1.03967693063308,1.04884626889445,1.02895367391594,1.05438997692067,1.03488943468602,1.04860699445789,1.06364531998746,1.03631568248401,1.05549887756468,1.03361012237374,1.05485485464367,1.09067253781211,1.03950641834222,1.05407554651012,1.0392079205863,1.06111055706089,1.04816310429466,1.08357234673453,1.05519544273125,1.04865394007858,1.08265770198089,1.06961085234783,1.06646495187767,1.03938730832716,1.04106304305304,1.11819177514325,1.10505440839926,1.04412493781971,1.08904041879849,1.08077496252742,1.07586070808408,1.09874182162079,1.12788721105332,1.05377414836611,1.06291591025148,1.06767066262406,1.0703047199621,1.07016678159081,1.02829052948871,1.05861386117651,1.00908731706656,1.03943296375373,1.08000398503935,1.05025579274747,1.06838890536329,1.04666733265781,1.07496266778
"ENSG00000168291",1.00466408633429,1.02723581241414,0.995836295116109,1.01834130761197,1.05762173935186,1.02707581206838,0.979420579224891,1.04476410802841,0.975306163225194,1.00833082384657,0.963351842309268,0.993307361703465,0.954073482237605,1.00686089271018,0.989090908896493,0.991898834026497,1.01438423625332,0.952728748031501,0.781065088598028,0.991894029064473,1.01721721701357,1.05264211348026,0.978604836107353,1.02226640138722,1.01029702950291,0.993719469445974,0.999113562297033,1.03253881890366,1.00471420133476,1.01987273597261,1.06565157186758,1.02326963045385,1.02087745819044,0.994231151582608,1.02168048735704,1.09011251596334,1.03528933163118,0.991571640854423,1.04536021325321,1.03169398886603,0.99398244036816,1.04740815278361,1.10888911086714,1.03445528758525,1.03549102620781,1.00386406400399,1.02947619975513,1.03483667205471,0.967696629019323,1.01247524732426,0.966218885625006,0.990715782970806,1.01942811576777,0.990470458222395,1.01351757264173,0.993504546618666,1.0269785961121
"ENSG00000167004",1.03641956911056,1.1801525203169,1.19183507643103,1.20255183389104,1.05226619040915,1.23586040889774,1.01598401578102,1.23387989111078,1.19574382630079,1.09525243378596,1.04452296798697,1.07541704103977,1.17492012756092,1.15064134410845,1.18643734620414,1.01916617249177,1.1743842362218,1.14708865872447,1.02958579860649,0.989323843220774,1.11631631609283,1.01341072838002,1.02318638650151,1.16779324032449,1.16396039580912,0.98355099172893,1.05998227104108,1.0722974975626,1.02258888214052,1.21233480152475,1.20802847514178,1.00445588652254,1.0444780633294,1.23353888974865,1.19992007169549,1.11381061413645,1.0287806364225,1.25215666807097,1.22403399521217,1.17714853429167,1.24395777819001,1.07377956697055,1.19928007175297,1.19697271436029,1.1262351278229,1.21648667369137,1.18183628735673,1.02773117516476,1.02046548936186,1.05069306909887,1.10430659796438,1.03743635798394,1.0156421239383,1.23422610066522,1.18714328603442,1.01908663914878,1.06321552990279
"ENSG00000155660",1.09576262754872,1.07358621351419,1.14694830889673,1.14932216882988,1.05702667835822,1.09787404711234,1.14705294682377,1.13891962556304,1.16261794796976,1.1566797147131,1.16890459340355,1.14254320224902,1.03354632567222,1.15581187209788,1.16343980321112,1.10037541966007,1.10344827564464,1.00365185615669,1.06978167699045,1.06583629872166,1.0722722720576,1.16032826237784,1.10538362004072,1.14214711706916,1.16831683145182,1.11952945845488,1.09110607680664,1.12906735216515,1.13553329382527,1.09740577560501,1.20486454395791,1.04228141379497,1.11608673704164,1.11398448356595,1.16575082402523,1.22672508190247,1.10851215272887,1.07545860167071,1.11888526512128,1.13442622928278,1.09085528241277,1.09089078991628,1.17468253151191,1.14678350903271,1.09013914073601,1.07936193379979,1.06333399699993,1.10608901586774,1.11978330635638,1.1522772274946,1.14282892114918,1.16661675128948,1.11527348787182,1.09920754316397,1.10483628695207,1.0914359945855,1.12195121928881
"ENSG00000143870",1.06301478593569,1.15697731976687,1.17152432189062,1.17543859625689,1.00585143290571,1.1718812673141,1.08111888090287,1.20008047455989,1.16823930914109,1.08340861164641,1.09096415929511,1.06622714992184,1.10423322661657,1.1190215767885,1.13651105628766,1.04959494150374,1.13241379288031,1.10204909695637,1.09549071595685,1.03183076294349,1.07567567546033,1.11709367471635,1.09702457934182,1.16500994012624,1.15524752452371,1.0650981953813,1.09819757685449,1.14845218056603,1.09860538183096,1.20411160035162,1.22384813106113,1.04485592612242,1.09288956105035,1.17087726254807,1.18213607729401,1.14408045381976,1.08125699154251,1.20376797199727,1.1989327006228,1.17436661675621,1.21239025328748,1.11343734250359,1.18588141162166,1.17904799817187,1.10869126817732,1.17844050308562,1.16689902386638,1.0597059111695,1.08447030475833,1.10039603938606,1.09838008670518,1.11430568012093,1.06924379773453,1.20152472641157,1.19595474092401,1.0726491453837,1.09885515159804
"ENSG00000164951",0.821474645068676,0.985045062694851,0.99989844602419,0.986044656900709,0.911038381253389,0.961291616333475,0.940859140671157,0.980786640985658,0.830957638861482,0.975609755901714,0.942150428885987,0.972330436325576,1.07048722023353,0.94640548852612,0.93326781308437,0.926101560773345,0.906798029377971,0.918036112615533,0.985717200370186,0.903321470758537,0.957357357165694,0.94615692535105,0.970444820186995,0.977534791058144,0.941980197833271,0.98335160981291,0.95242785364869,0.947680743556981,0.982125318997815,0.963680861289539,0.961637334197817,0.968412713938328,0.949873928199723,0.900139247881413,0.990508542113996,1.04450861275625,0.998881317807611,0.969162121771113,0.916098428517423,0.984003973972379,0.938936568819387,0.967488676201814,0.987901209681452,1.01274646464594,0.994152046583151,0.950559793728216,0.985461063336893,0.923714595692546,0.959269662728878,0.950297029514793,0.934018174450016,0.826395128116922,1.00587825027281,0.984853044240174,1.00710924181293,0.944538822635248,0.992135390544124
"ENSG00000090857",0.947504217337004,0.967217985348674,0.956230323762317,0.957137160893713,0.768818803774905,0.972523064385775,0.912487512305197,1.00794688642834,0.93334671733922,0.945498343682526,0.925996971039678,0.936969333545706,0.958865814505019,0.921348314423516,0.944275184089577,0.912863070359047,1.00748768453054,0.904848853539288,0.919608243028033,0.924871490524936,0.977377377181706,0.918734987806498,0.771420041641672,0.966003975951093,0.767524752323262,0.917356195610137,0.932729242404663,0.947680743556981,0.911019445902373,0.968967204900839,0.76646232929277,0.767600752397742,0.927080181356111,0.91943505054318,0.965331201725381,0.983172358661123,0.788365707151761,0.978879523851486,0.940409131151219,0.991753601392597,0.988458123510218,0.958027176455355,0.97910208959522,0.771957777181446,0.981851179475327,0.993361735659692,0.962756422831556,0.95509720695646,0.906500802386336,0.767524752323262,0.765705254688719,0.978137166621117,0.936136295519351,0.777610592681791,1.00771002282813,0.916158688734654,0.974614235744228
"ENSG00000160209",0.99732063094228,0.97811231039356,0.974916217939491,1.01614832515627,1.04631558047281,0.799839550581661,1.05134865113859,0.924856654074066,1.01304958823267,0.996888487203274,1.10368500734908,1.05264209348664,0.924321086077412,1.05995823783236,1.03508599488254,1.06500691541889,0.985812807687525,0.924528301699223,1.03958375820453,1.04725187800568,0.903903903722942,1.07866293012837,0.967857498065906,1.00059642127225,0.997029702772865,1.04934702401568,0.968974687093672,0.788843833292682,1.00844627754696,0.958002936669994,0.939885307308704,1.05396573897337,1.06081694381022,1.06942510422331,0.983315016288677,0.981579209204107,1.01128851804916,1.01616261754761,0.921632572206417,0.928564331658507,0.92946631134863,1.04197282314203,1.000099989801,1.04122684703421,1.03528937264866,1.06430199126834,0.965544712016422,1.01786242948429,1.08808186173995,1.07881188097449,1.10391149721377,1.08056304261145,1.09933246964246,0.979636874113825,0.970862120562559,1.07005096411111,1.04868093558015
"ENSG00000124299",0.893916840152046,0.950579379825576,0.914187061863677,0.938397128999522,0.884657343868956,0.922583232867512,0.927672327486978,0.908560506808458,0.977916080911882,0.949713941393212,0.984149419286391,0.89561482351501,0.932907348056528,0.954757879893655,0.928353808171331,0.959098992104505,0.980295566309301,0.973625481644629,0.948785961854971,0.866548042533304,0.95035035016009,0.947357886119424,0.950144292775372,0.935188866613282,1.00693069286991,1.01365766104802,0.945927311938161,0.956779744643105,1.04694559005167,0.987763093296571,0.926834091175236,1.0202990393068,0.962380231777634,0.919236124742543,0.942751523440353,0.964851139905436,0.946811756138145,0.887456618564708,0.877161774705571,0.923994038564532,0.898687974568671,0.935883240878534,0.913508648952403,0.906990639134238,0.947368420861591,0.89230159498815,0.942242580971471,0.916806473716213,0.954454253420053,0.936039603775042,0.883445278371504,0.932015573338921,0.930756201866941,0.944327414797005,0.966656653456162,0.952533226550908,0.942558486621691
"ENSG00000178921",1.03860275855143,1.03258393561799,1.04133238528662,1.06160287060175,1.02767033600562,1.03489771339051,1.04295704274866,1.03470475786446,1.05721742600738,1.06975810477371,1.05280161513321,1.0022974725797,1.04053514356219,1.05419111045954,1.00796068776256,1.03892511340863,1.10679802933856,1.06248731972763,1.02509691878696,1.08877026471159,1.09109109087265,1.07305844654262,1.08548114218619,1.06898608328648,1.04910891068334,1.07546605501436,1.02156997911522,0.889921867097236,1.06462384579363,1.02280959353445,1.04627249336637,1.06565006415177,1.0888552695736,1.03083349889977,1.02427814946063,1.02399681349716,0.985863927390244,1.01060981635883,1.04773198911993,1.04739195210186,1.01746078701441,1.0689481628447,1.01789820997542,1.03425612407205,1.07662835227332,0.996334092738267,1.06771559429044,1.03503404696831,1.07122792915906,1.06039603939398,1.02192809146149,1.08535489645895,1.02321410759725,1.0311967095935,1.07039150874729,1.03087838492438,1.05764061701192
"ENSG00000141959",0.977274982439759,0.960087154410204,0.940997257857013,0.907097288495395,0.978676980863101,0.92880064161075,0.947252747063486,0.927270898113415,0.98895804035556,0.947104285667549,0.936900555085936,0.98971131735297,0.93670127776823,0.968280799250615,0.940540540355668,0.961470065014529,0.934384236269087,0.949685534398522,1.0097939194022,0.960260972526639,0.946346346156888,0.999399519415653,0.978604836107353,0.979522862628325,0.942574257239094,0.970989931019641,0.943366492476437,0.927109088927483,0.908858770200578,0.91962799786204,0.924658888486324,0.972571541544198,0.95007564277356,0.936144817796669,0.927365370980644,0.92980185185108,0.940913251105275,0.93941497254548,0.904832493150542,0.947242920825188,0.90342310330405,0.935480623868046,0.923307669048434,0.940848436379038,0.934865900194623,0.947785593788213,0.926309499915095,0.940688838262965,0.953651685201916,0.950891088920616,0.945278545842497,0.928222022376316,0.95506625466672,0.922459624651929,0.943025933524977,0.924153092650314,0.945146839035312
"ENSG00000152556",1.13863252929669,1.14905417427968,1.13658982408112,1.13696172226137,1.14648418106784,1.13638186900594,1.13886113863359,1.15461221181881,1.16201565927283,1.13841212463346,1.16345280138042,1.1673159522191,1.14277156526702,1.17231778837182,1.15439803417113,1.12942106280786,1.12709359583703,1.16839115415533,1.17220975287243,1.14610517968642,1.13793793771012,1.16713370673196,1.15155736866324,1.14433399579635,1.13267326710244,1.13069484575203,1.13129124374445,1.13480367893684,1.13690826927187,1.11502692097601,1.12695273855508,1.1325873846653,1.15743822467828,1.15695245650349,1.15116395221278,1.17713830505285,1.16119190457415,1.11968269685281,1.12125704098799,1.14237456509839,1.12498766871363,1.15671867113101,1.14908509126106,1.15853415631178,1.17584190337249,1.13583671829271,1.14957179821757,1.15069574634349,1.14105136413703,1.16118811858194,1.27222441697506,1.16901267821324,1.1395835406716,1.16440966974332,1.17412636403842,1.15639052640024,1.16336485790675
"ENSG00000067057",1.05368661287016,1.10428840227705,1.06753325864374,1.07894736820595,1.07269661785725,1.08664259906004,1.05694305673188,1.04577004304481,1.02890985725177,1.07096256126248,1.07743563834883,1.05903506122085,1.11641373779624,1.07785621933422,1.08972972951553,1.09978265143257,1.04807881752747,1.11807668875673,1.08794123626037,1.04705417140232,1.09869869847874,1.0758606883355,1.10279629791963,1.10377733576466,1.03782178197271,1.1001894126009,1.0522998126559,0.992384531501853,1.02887448418211,1.00460107665108,1.01740162131355,1.09634617267128,1.13343419039164,1.0823552812647,1.0710360673252,1.07398187771105,1.05400183035615,1.02449181933079,1.04101195749758,1.0547441627313,1.05218506440718,1.0151987919446,1.04029597019492,1.08603863750527,1.15043355492026,1.08669374792694,1.15335590496846,1.07431165477661,1.10774478308432,1.13702970274514,1.15823785042311,1.11330737723604,1.15990833891404,1.16681713287856,1.12185841571606,1.14200059935205,1.1428571426296
"ENSG00000171314",1.15252555301131,1.07497276397445,1.06672082846213,0.994816586723521,1.23752851309382,0.976935418977751,1.15244755221729,1.00875163444145,1.01806866070707,1.2048579742638,1.1884906610422,1.15652781916761,0.97503993590754,1.18245997788954,1.09641277619727,1.18652440205759,1.06285714264771,1.05132886974004,1.24648030988646,1.17299327774358,0.998998998798999,1.18935148094689,1.26022489774898,1.13180914490421,1.12792079185586,1.17316319386439,1.15729341058657,1.12550687347928,1.16087212705542,0.98678414077596,1.07197943423532,1.18110704006711,1.17095310112538,1.02625820548513,1.00409631311738,1.1606093794363,1.14756432398097,0.868815071716645,1.01096946318589,1.01182314932701,0.977606786824976,1.14544539483735,0.938706129199339,1.0832503483204,1.18612623488886,0.989002278611116,0.972913762004996,1.1735912363222,1.21869983924183,1.21227722748272,1.1993283284869,1.2087451330321,1.23562817550351,0.878924666289713,0.877340542529821,1.19136604353125,1.19303135864748
"ENSG00000142657",1.0058549169384,1.07517084261163,1.02183406092783,1.1291866026457,1.00843003054479,1.08443642176405,1.00179820159804,1.09988934692689,1.13270427602234,1.00933453758721,1.00535083270967,1.00509439596342,1.1124201275734,1.04345232155843,1.06378378357469,0.999209642165736,1.15980295543649,1.1276120914734,1.04509283798305,1.04349545254182,1.19239239215368,1.04883907104707,1.00925465200333,1.01769383677581,0.998613861188393,0.991127504537708,0.993991923373586,0.945109286728294,0.982518169125414,1.08507097384531,0.99446312023048,0.995346073671582,1.10741301036663,1.09548438410673,1.13357977797311,0.980384347111344,1.01088172459862,1.24204263733425,1.13311592032155,1.1562841527757,1.07704449026792,1.03009562133264,1.07929207057708,1.04421429973228,1.03851582959498,1.10492420467553,1.09022107128257,0.864502121609691,1.00943017636247,0.985742574062229,1.04010272598971,0.991913746432682,0.991531333866388,1.11666165089444,1.14368679260164,0.999500349555411,0.996714783275915
"ENSG00000102144",1.11223578423891,1.19322571037076,1.09840560554516,1.13656299817852,1.2032133291276,1.16506217385378,1.17422577399116,1.1825772052746,1.18088737177657,1.24861989335569,1.21595153938093,1.14394166394088,1.17312300296064,1.14387988442997,1.1770024567711,1.18454850796591,1.18049261060483,1.24974639861032,1.25321362961575,1.16587584002256,1.23063063038426,1.24179343449924,1.22718678451046,1.18886679896842,1.12891089086556,1.19230385780235,1.2293903277397,1.1488477893089,1.19996071475153,1.16886930960962,1.18647419395166,1.24705416353163,1.15380736234921,1.16570519173151,1.14137276428387,1.19386637435152,1.09854571319057,1.07764005928059,1.19063148508931,1.15409836042641,1.15517411440166,1.13276295900699,1.12428757101804,1.10695080639176,1.14297237323191,1.12216387573127,1.11113324016906,1.25589657529737,1.13463081839193,1.18099009877604,1.1904385615981,1.11250873492812,1.19238816355636,1.23141739367411,1.14228497023285,1.14719696189723,1.1253359878297
"ENSG00000130313",1.04991564929048,1.10329800909116,0.796587793074726,1.04306220074899,1.10780521648164,1.03449659024579,1.07712287690767,1.0246454077005,1.10238907827697,1.02499247194118,1.10550227135679,1.08280890998246,1.03574281129478,1.06950382796669,1.05670761649991,1.09444773738501,1.08985221653402,1.16372489325143,1.13344215443105,1.04389086574854,1.1355355353082,1.06445156103594,1.10677679349054,1.00298210715646,1.04930693048529,1.10238261367712,1.0654978821894,1.03787953693247,1.04203496345668,1.04160548193018,0.986553292270802,1.0557480936616,1.04810892565848,1.02307539267494,1.02128084703341,1.06681270515447,1.03915386941134,1.08358948912571,1.02006127067496,1.09846000971715,1.03087698509798,1.00613990920863,1.04749525026547,1.08583947399207,1.06110102821918,1.05221440581547,1.05078669566804,1.09582552036005,1.04353932563332,1.09009900968513,1.08218095593003,1.05620445221999,1.05031383858716,1.10482495714619,1.02493241193052,1.0726491453837,1.06998506698457
"ENSG00000079739",0.930435645344758,1.0373378229103,1.0051792422047,0.967304625006518,1.00128929862119,1.00381066967433,1.01398601378342,1.00010059330045,1.10258984117595,0.999096657432682,0.999293286017306,0.964938567382891,0.965654951883855,1.02615093943996,1.0101228499243,1.02390831831181,0.969458127887792,0.995333738893217,0.920832482978814,0.914788453753502,1.01321321301037,0.776020816497994,1.06020499531094,0.957455268199313,1.04158415820959,1.0738709996862,1.01309957628029,0.977747008015479,1.04557061460507,1.03162016621995,1.0357919713198,1.05654025130081,0.782047402767111,1.04953252415963,1.00649415505915,1.00229015214532,0.916302247347442,0.99077838354174,0.955232730318167,1.00168902116211,0.92433658855197,0.985002516158027,0.993300669734366,0.988448516034963,1.02258519842255,0.999702764093985,0.93666600260174,1.03799467067246,1.01284109128956,1.04475247504064,1.00256815468144,1.01247878586154,1.05589319496744,1.07192296096461,1.01271653128813,1.07144998479635,1.01383773001218
"ENSG00000169299",0.928649399438593,0.967812221260213,0.885752005507108,0.686602870676515,0.683130020691633,0.690734055216459,0.86413586396321,0.892666733549408,0.936157397924883,0.854561878780576,0.874103987708409,0.688043152394757,0.928913737833683,0.684896092137835,0.928157247974809,0.863268128657722,0.913300492430877,0.940150131681852,0.702713731748069,0.866152629326581,0.987187186989552,0.826861489025848,0.815802567257279,0.909741550514962,0.848910890921008,0.882264978390536,0.882694769844835,0.828998120694491,0.864073855654277,0.920802740886774,0.842198932006684,0.845034161630848,0.846797780968876,0.98050527133867,0.931561594378747,0.825450562416519,0.853452659238594,0.941794744483531,0.921237276228632,0.825235966055591,0.905001479549176,0.693306492059727,0.688731126749579,0.860784704070746,0.881226053462144,0.90676706610388,0.863174666229202,0.853054376620339,0.855136436425534,0.858217821612234,0.846898458939767,0.885494658902766,0.885922088096857,0.690941919813233,0.899769700430606,0.826421504781369,0.685714285577757
"ENSG00000165434",0.912176242748402,0.924036842443491,0.89082969414221,0.581339712802763,0.86244173343996,0.921179301860975,0.923476523292013,0.586661301561883,0.898815498715355,0.99146843300382,0.953861685824561,0.58255918478023,0.910343450297455,0.936661031930663,0.919508599327861,0.867417506250263,0.900098521990128,0.988638668900662,0.907773923503821,0.908066429239212,0.992592592393875,0.58366693343001,0.910737386623398,0.940954274166808,0.577425742459916,0.907785863641155,0.911257756148674,0.930273958870483,0.882144961523837,0.570925110020377,0.870476566962532,0.905436181620866,0.927080181356111,0.954644917255889,0.888000799103207,0.928407846076191,0.936641919874577,0.985820525337467,0.576341535610961,0.920814704238288,0.575318141348462,0.942727730056824,0.902309768842654,0.902808205356939,0.872151643300635,0.922619637189613,0.889862576998633,0.949373334461784,0.585072231022257,0.967722772085599,0.921374950430388,0.915443745449647,0.581050114460287,0.928879526345896,0.930009011528986,0.934345957642781,0.58058735677838
"ENSG00000013375",0.863749131514588,0.933742695665298,0.869300294329379,0.928429026928144,0.94079143093508,0.890292819717149,0.925074924890095,0.891258424526454,0.950010037954224,0.913981732226441,0.916506814554971,0.894815702548234,0.906948881608037,0.953365814665732,0.883538083364415,0.901205295218098,0.893004925932413,0.850476769963385,0.836972046350343,0.941281138603938,0.872072071897483,0.892514011030321,0.872723653921241,0.909343936200926,0.902376237445074,0.881666832642475,0.913424603385517,0.861438037610239,0.901394617776194,0.938228095753651,0.879375123417169,0.9252401226012,0.89904185559273,0.900736025283323,0.903986412048359,0.867071591981067,0.893725210842322,0.750024789142286,0.854036960005132,0.875111773298537,0.854888033766422,0.908706592670618,0.852314768352702,0.870543716217777,0.946965113743302,0.914495194508175,0.918741286413316,0.911082601221537,0.896468699659617,0.959603960206019,0.933030422573483,0.898272935829435,0.944903855545501,0.936904403463356,0.913787924118597,0.915359248343088,0.937580885826266
"ENSG00000092621",0.995931328570818,0.879271070440869,1.09210927163763,1.05422647506893,1.07547356916087,1.07821901302081,0.983816183619617,1.13570063351057,1.00100381429412,1.10328214371107,1.04755174133315,0.969933073425246,1.03993610202877,1.11047031895983,0.981228501035631,1.13475597685541,0.994285714089796,1.19111381594824,1.10365231562872,0.984183471533376,1.18298298274615,0.898318654744132,0.981988257342624,0.788270377576885,0.984554455250583,1.11474429247039,1.02905545138795,1.05192364730453,0.918680023390556,1.08017621124226,1.01067826754782,1.09258342388502,0.713867876810112,0.780385915898073,0.938155659718622,0.89435427643247,1.01535645255459,1.03797719364641,1.05524261269785,1.05494287112669,0.966558153109094,1.0933064919792,1.08409159062412,0.877315275666737,1.08973583361772,0.701278113405077,0.963553076884375,1.00878318345825,1.04233547330611,0.841188118645309,0.983405768276688,1.0330438252904,0.955265517394587,1.06229310842365,0.829278061313852,1.0398720893295,0.958088601103417
"ENSG00000054148",0.935595911295902,0.957908289401226,0.722453539002244,0.916068580359635,0.95884161440864,0.920176493999162,0.91468531450256,0.924856654074066,0.971290905245675,0.909565391767627,0.972034325901659,0.875237238862204,0.96525559086157,0.942825892225748,0.935626535442629,0.917802805588263,0.95014778306401,0.991073239807045,0.974495000821364,0.950177935755204,1.02322322301837,0.976781424944599,0.990148273262982,0.961829025653712,0.911881187938241,0.896421094427989,0.926622672919015,0.909900108612422,0.973679041254433,0.930592266092885,0.902709115898218,0.913159718603196,0.950680786495072,0.972150387711925,0.908981916093719,0.937966742818288,0.910607139039844,0.980069409820512,0.912738412706248,0.92200695461063,0.95018249956591,0.8783090083788,0.862913708456572,0.924118701269843,1.00967937063729,0.867928266943837,0.971121290386154,0.94266258739906,0.938402889057303,0.956633663176904,0.914658237669961,0.931416591607983,0.997309952974532,0.925669575498913,0.896565535016208,0.986909163388246,0.985365853462346
"ENSG00000155252",0.447156891843375,0.883826879096003,0.86280085287645,0.911881977489657,0.895368441754365,0.930204572617287,0.45014985005991,0.453274318387833,0.452318811392829,0.452273411532215,0.454921756596684,0.450104884536988,0.449880191603458,0.805806900505955,0.865061424891388,0.835012843146609,0.895763546621525,0.825116656355221,0.459702101518118,0.870304467997172,0.875075074899885,0.450960768524628,0.846452383153259,0.90457256443249,0.956831682978845,0.889841491199314,0.920516103433366,0.939372959956607,0.868395207057868,0.910817425176541,0.445521059828847,0.867610654348428,0.87241553184621,0.448179828834657,0.899590368488442,0.901722592671169,0.941726838006361,0.446802181369003,0.863919359449764,0.88663686023117,0.87757719229011,0.899647709934646,0.892310768744663,0.863971320282021,0.454325468752909,0.828098682090935,0.867357100006501,0.857001874892529,0.908908507040749,0.830495049340496,0.884630580623344,0.892482779097038,0.929560625499739,0.452001203640887,0.451186542414902,0.450284800549558,0.886212045617479
"ENSG00000142892",0.900466408474652,0.945825492533262,0.966588808577924,0.929824561218137,0.939204601618724,0.95768150803095,0.977222777027528,0.964892867726609,0.964464966680493,0.912375790241418,0.919333669678075,0.931375486778269,0.91074281131974,0.916774385817485,0.910270270091347,0.91958111027078,0.756453201821389,0.77885980913393,0.996531319935415,0.915381573563586,0.768568568414701,0.946357085479112,0.764056124835495,0.950695824860697,0.953267326543907,0.965207855455048,0.973505367679798,0.982692117301416,0.939893930280909,0.959960841711217,0.972315601943382,0.92583424083061,0.774382248961295,0.920230753745727,0.942951343602168,0.94453848432848,0.964507271236752,0.966385721176721,0.933689099528869,0.915250869167362,0.980171648223306,0.962657272075962,0.966103389467832,0.9603664606731,0.885057471085893,0.954522936499649,0.764588727192872,0.88522648753869,0.770264847357491,0.935049504765337,0.919399446677321,0.916242387757564,0.913818869998243,0.945129902508751,0.917793130886594,0.767262915805484,0.923842707630892
"ENSG00000124155",0.843505011244715,0.917500247416559,0.934700923949487,0.902711323583989,0.938411186960545,0.944645005827388,0.947052946863726,0.938134996290487,0.937161212419763,0.917996587189,0.930035335501255,0.894216361823151,0.818091054149742,0.906234463377501,0.9244226042409,0.941315945279329,0.884532019530142,0.582268208443443,0.89206284413547,0.912613681116526,0.872072071897483,0.935748598691804,0.571201114425077,0.939960238381717,0.940396039417743,0.936297477632081,0.962080173158263,0.947285134814106,0.938715379898111,0.931767009117618,0.939885307308704,0.926032280240413,0.929299041668321,0.952655659249521,0.930962133893304,0.941750472778702,0.94457439216016,0.966782349833062,0.876568830738893,0.885245901463439,0.883693400239974,0.937091091909997,0.944105589252254,0.951802429605297,0.578745714745161,0.932131179841052,0.888070105379791,0.907727227690175,0.95385232725645,0.916633663184825,0.899841959521959,0.915843066603605,0.571884028978403,0.920052161516691,0.928807449498587,0.927150994118687,0.916077650390029
"ENSG00000127445",1.02153418655919,1.02327423967054,1.01959987792838,0.848086124232838,1.02330655538564,0.853188928830086,1.04635364614458,1.00311839834964,1.05179682773503,1.01997390323799,1.03442705683303,0.973129557292353,0.994608625999479,1.00367902933207,1.01444717424777,0.84054534660333,1.02305418699053,1.02454858976982,1.03060599856548,1.04942665064266,1.05985985964768,1.06204963949919,1.04826350859822,1.00059642127225,0.981188118617587,1.00348918333098,0.98236974273961,1.01770349104585,1.02533883303372,1.00107684757688,0.982993869688947,1.04228141379497,0.973877962486359,0.98110204874058,0.980917174346904,0.99810813482065,0.865249669304332,0.843629152038943,0.994762328096697,0.999105812022036,0.980960836345869,0.992450930852048,0.850714928337023,0.965943039042831,1.08751764446713,0.96304369345823,1.0366460862305,1.04490279264879,0.853531299989259,0.997623762178688,1.00217305393082,0.995707297395287,0.99950184298107,1.01936001584525,1.00390507639854,1.03367642629486,1.00129417600771
"ENSG00000102309",0.928847871205945,0.984252748146132,0.950949527581812,0.923444975892455,0.940593077270536,0.957480946458588,0.917882117698725,0.939945679319999,0.928729170662773,0.924018869632838,0.956890459170744,0.874238337653733,0.969448881595557,0.944814556837066,0.962555282366082,0.914048606814059,1.01950738896167,0.999391357070523,0.963884921247932,0.961249505543446,0.987787787590032,0.87830264193789,0.917703253872484,0.96202783281073,0.919405940411999,0.916159904114014,0.936274992428588,0.870932647439238,0.911608721093772,0.933137542646473,0.948783863763341,0.9252401226012,0.960363086039261,0.948080365834876,0.952542711369259,0.943343622235718,0.911013932490387,0.929499256136936,0.92183022019531,0.987978141880183,0.952155469872318,0.920583794480003,0.945705429267932,0.923322047217024,0.927203064947126,0.929158822762477,0.865564628387659,0.925885719742251,0.913723916349574,0.902178217643133,0.891742394134385,0.893680742558914,0.918601175467052,0.972213862780176,0.971462901577758,0.915359248343088,0.92264808343999
"ENSG00000166908",0.961992656353678,0.856293948528019,0.845942926607912,0.891347687222618,1.01695923812021,0.9183714398479,0.931068930882903,0.739362237050727,0.891788797251197,0.903944594820045,0.950630994255299,0.933573069436905,0.872004792158146,0.922740379651439,0.936216216032193,0.943094249961847,0.724137930891796,0.864272671766226,0.749846969853122,0.933570581072841,0.826826826661296,0.735588470629386,0.928251567135386,0.910139164828998,0.939009900804156,0.943674608524838,0.89411996436637,0.72693106503275,0.721862109463394,0.945472344406173,0.841210203511724,0.946232300040354,0.921835602436342,0.951661030246338,0.900989109621143,0.731853031816817,0.971015966445436,0.948934060297683,0.884079454316814,0.909090908910265,0.85686100407283,0.92460996458488,0.94750524928557,0.917147978307678,0.960274248646849,0.891707123572435,0.940649272865834,0.934175466113851,0.972712680382682,0.900594059227605,0.928091663190816,0.963162623347676,0.934940719152149,0.907412980056693,0.895764493662608,0.913360647364173,0.934793429380828
"ENSG00000067225",1.23370050585815,1.05258987797314,1.07951660382258,0.851275916895678,1.29743131978629,0.856397913987886,1.34525474498596,1.01881098460541,0.983537442083209,1.3708722269656,1.38758202899796,1.2426331033378,1.03075079851622,1.20731828553101,1.14083538061114,1.35506816807843,0.841379310179039,0.866301480854879,1.33156498646571,1.23092131252849,0.854854854683713,1.36869495569081,1.36590705515655,1.12107355842523,1.20732673243419,1.37633336628924,1.27627302250049,1.26238749851402,1.29345904512012,0.836025452601855,1.1142970138196,1.31616991755299,1.31477559227135,1.08334991026788,0.853232090947501,1.20681071368977,1.31882436665945,1.06712939988753,1.01749184681935,0.848484848316247,1.06658774764396,1.2972320077912,0.85391460836838,1.11511651043316,1.17866505320051,1.01674427801115,0.850428201384101,1.28648968690684,1.35152487934359,1.32851485122208,1.20683524274855,1.32354996479514,1.32589419122728,1.03922158671096,0.855111644967435,1.33906265587308,1.26869089073794
"ENSG00000116711",0.984023022529717,1.06229573119495,1.14776073907835,1.05303030282037,1.05861350767458,1.11391897290134,1.04775224754291,1.10733326604822,1.03252358943334,1.09525243378596,1.04391721331774,0.909000099708521,1.07527955250094,1.03251466619618,1.06201474180599,1.02153724540179,1.01004926088472,0.923108135337166,1.03754335828657,1.00929221016028,1.08308308286625,1.04563650899807,0.976017513986264,1.02564612305653,1.02633663346013,1.12152327761509,0.896286811603214,1.0485609729901,1.0318208601391,1.02222222202208,1.05082064444318,0.994751955442172,1.08845184042593,1.06763477201758,1.06664002376528,1.08055361922124,1.12864842853073,1.0972731777695,1.04970846900885,1.01420765007169,1.0774390843292,1.0689481628447,1.06469353043402,1.08205536724118,0.917523694108182,1.08550480509551,1.05118502269445,1.06089016065116,1.08908507201262,1.02297029682713,0.898854207645426,1.0580013974128,1.10431403783913,1.08737084941571,1.09101832360248,1.05066453461564,0.905923344767362
"ENSG00000149782",0.889947404805012,0.928592651098625,0.628414745480163,0.879585326778392,0.91322027156338,0.874849578645237,0.618181818058305,0.622472588145564,0.917084922522167,0.898123055124335,0.62473498220601,0.944760762971779,0.94468849821392,0.900268469543548,0.955085994898263,0.964829084970395,0.875862068792934,0.816798539091743,0.836972046350343,0.904903123585428,0.7675675674139,0.885108086292012,0.8936212556685,0.92166997993605,0.612673267205411,0.911175356213503,0.87166354754818,0.612006725227572,0.607739147395848,0.852080273939877,0.8123393314589,0.909595009226736,0.882501260538073,0.906107021900516,0.886002597485063,0.616150552501016,0.943964201984346,0.879524045437873,0.853048720060668,0.897168405186852,0.841866429744132,0.892400603745868,0.887311268695668,0.907986456700262,0.94555353882929,0.905974437549594,0.913363871556789,0.884239612970643,0.932182985366737,0.899801980019841,0.890754642257852,0.906259358908603,0.901663843598353,0.877520312794158,0.913387403441797,0.895772958749721,0.90671976089463
"ENSG00000101333",1.1110449536348,1.10745766047193,1.1055143696343,1.08233652291022,1.0724982641927,1.11692739648678,1.12167832145421,1.09043355777277,1.102188315378,1.07517815897316,1.13276123147244,1.09279792206717,1.11182108603997,1.09814059836966,1.1003439801277,1.09741157852254,1.12453201948285,1.15337796689929,1.15874311341385,1.09549228922588,1.11191191168931,1.10808646895355,1.11195143773272,1.09840954252517,1.10336633641518,1.09759744769263,1.10430414634014,1.1203639598219,1.10489098387254,1.08017621124226,1.09116076703754,1.12585404473198,1.10821986866198,1.093694051901,1.0988110698174,1.10226028057308,1.10057968044329,1.10480912224,1.075205059576,1.0789865869689,1.1040741834657,1.09310518347396,1.08609139064372,1.08125871318836,1.11030449665047,1.08431586226408,1.10197171856165,1.09029902277898,1.0977126803576,1.10554455423653,1.09502173032497,1.10052910030937,1.11108897058661,1.11967097981349,1.08801441852648,1.10242829996954,1.10124439997984
"ENSG00000124181",0.865535377420753,0.675051995508556,0.692190514737039,0.866228070002745,0.833085391087358,0.842158042350149,0.82857142840588,0.83351775458535,0.857056815728356,0.852152965803041,0.840383644454239,0.680851063693767,0.824281149995152,0.848563189649286,0.812972972813175,0.814068365774735,0.863842364361805,0.90647190081021,0.826157926785114,0.857651245382038,0.938738738550803,0.87169735771183,0.831127475205269,0.852683896450759,0.870891088936457,0.888645199703191,0.87875504759603,0.852536840895552,0.848949125741711,0.667254038048506,0.846747083083499,0.914744033881623,0.8139183054334,0.677939128570133,0.838245578811421,0.826844568191408,0.786941930074862,0.844025780695285,0.673584346146144,0.859016393271929,0.815034033576988,0.8245596374787,0.836116388193957,0.821151164943009,0.872756603978069,0.86951352405241,0.826727743312741,0.849304253261758,0.83065810577234,0.799801980039643,0.859936783710009,0.824198861770151,0.818969811533532,0.86768983832527,0.852107739891437,0.857999400248226,0.678546540432345
"ENSG00000105355",1.03403790790234,1.15004456746557,1.0655021831897,1.10805422625438,1.08757314269809,1.06999598855395,1.10329670307626,1.04898903509728,1.10680586205445,1.07417444523253,1.07602221078727,1.04485066406056,1.14137380168902,1.11941930971076,1.0429484027434,1.02687215944934,1.06068965496341,1.13065530510638,1.10242807567794,1.10142348732673,1.12472472449955,1.01781425119739,1.15076126954906,1.14254473138319,1.0314851483106,1.0836407135712,1.0463902292827,1.03926416753254,1.04321351383948,1.03005384218697,1.02728890626314,1.08822655686935,1.06001008551487,1.13745772804109,1.05425117373279,1.10883202208328,1.05054408602653,1.08319286046937,1.05484731672006,1.04123199184476,1.04705534161052,0.971112229296203,0.98890110969125,1.06871141185646,1.13228473459724,1.06053700563548,1.10714996990497,1.10411526673165,1.14666934166399,1.12198019779763,1.16574476468476,1.09334131953812,1.11387864877675,1.12789647885888,1.13267247398965,1.10122913938219,1.09148830242081
"ENSG00000083444",0.908802222703423,0.946815885719161,1.09129684145602,1.10645932992295,0.891599722128018,1.02005615703569,1.0825174823012,1.04798310008088,1.09917687189336,1.08601826737207,0.812922766115513,0.950953950464299,0.964656549328144,0.94302475868688,0.929336609153939,0.949614700464411,0.937931034297945,0.937918441684334,0.942052642125678,0.931000395229142,0.908108107926305,0.960168134315419,0.80127375842347,0.972166997818655,0.964950494858426,0.994317615194035,0.985324534426214,0.796360399407307,0.945786682194896,0.95584924112465,1.09570891811435,0.988612733738269,0.940998486950883,0.96260194928136,0.986112498554079,1.0353480033784,0.953930641522642,0.944174516421582,0.962743353896088,0.979036264087623,1.07566341105344,0.995269249925462,1.05649435035367,0.97052379984654,0.935672514431201,1.04963836301404,0.977494522808705,1.01273068173044,0.920947030312812,1.03960396019018,0.991110232913649,0.952979933921737,1.0132509712039,1.09218577568619,0.994292580155343,1.00109923033854,1.0000995518168
"ENSG00000152952",0.904038900286982,0.97831038903074,1.16725906343714,1.03090111622191,0.946742040871419,1.07521058943538,1.1166833164602,1.06870536141863,1.09375627362101,1.15547525822433,0.916910651001129,0.891019877956044,0.922923322499416,0.940638361153299,0.884324324150501,0.888164394212969,0.922955664842767,0.939135727137526,0.923689042863969,0.920917358457707,0.958358358166495,0.875700560273078,1.01204099890297,1.0910536777155,0.794653465189178,0.9793639714925,0.956761548122375,1.0090000987026,0.881752111396238,0.932745961638229,1.01562191002262,0.927814634928643,1.03640948037591,1.05788740778638,1.11020081904082,1.03674200915329,1.20614258085912,0.902131878849354,0.970451625462901,0.921410829424459,0.938739271788746,0.995671866935949,1.01289870992643,0.935471021522511,1.01149425266959,0.970969979001096,1.01653057139683,0.962005328932793,1.06741573012291,1.17465346511393,1.11596207010748,1.00968353778383,1.05569393223957,1.17263516878872,1.0521678179529,0.981313080647284,1.13111000475239
"ENSG00000106397",0.984618437831772,1.00227790412949,1.05697166628273,1.07296650696312,0.939204601618724,1.01764941816734,1.06233766212541,1.04737953907104,1.07849829329884,1.0157583055273,0.935083291078227,1.00029967016276,0.949480830481334,0.957144277427236,0.989877149682579,0.936178620640945,0.955665024442234,0.959829579841787,0.971026320960819,0.951759588582096,0.965365365172099,0.989591673140594,0.932232062706293,1.00278329999945,1.03722772256689,1.05891735598466,1.06234610439036,1.07348432379122,1.00785700235556,1.01576113538605,1.11785643640145,1.07535399523213,0.934947049735765,0.94967177223997,0.987910880010408,1.04450861275625,0.997457540730711,0.843232523382601,1.02104951061942,0.968504719131941,0.960047351097948,0.969703069759496,1.07729227055749,0.987851025495349,0.969147005249214,0.950163479451072,0.974706233623839,1.00286193604996,0.9634831458741,1.01247524732426,1.03654681923419,0.991714085855702,0.986549765669712,1.05166014624302,0.952037648752971,1.00029978994698,0.98775510184415
"ENSG00000140650",0.895504614290859,0.889967316848575,0.862597745331045,0.802033492663071,0.950312406833222,0.888688327138249,0.918481518298006,0.816416859306626,0.905641437280538,0.897922312376207,0.953457849378403,0.931175706536575,0.511182108524125,0.509098140497345,0.943095822910448,0.947638806372725,0.50443349743755,0.791235544574714,0.788410528302712,0.506128904605352,0.927727727541997,0.951561248808735,0.912926659187396,0.877932405392061,0.506930692968925,0.907785863641155,0.504284447847083,0.847789535981052,0.925162050495941,0.892021536780808,0.828949970174224,0.947420536499174,0.927685325077623,0.906504873501789,0.877210510365229,0.876431345041037,0.864639479128518,0.906098165412772,0.847316928382781,0.80635866849352,0.505080398440351,0.872672370231973,0.511948805017108,0.908384783726671,0.516233111410318,0.840186267543805,0.892451702670294,0.904766603986032,0.908707864986214,0.506930692968925,0.912880284292201,0.91963661756621,0.510112583339621,0.513592135517385,0.866125963579428,0.921554911377725,0.942558486621691
"ENSG00000165688",1.00148853805667,0.981479647225615,0.935716461676507,1.00458532675347,0.992760091045768,0.994785398918013,0.9999999998002,0.992656674179126,0.966673358569229,0.973000100176051,0.984957092178706,1.02247527699082,0.993011181910341,0.987173113058134,0.974938574746941,0.969768820199611,0.98719211803208,0.947859606218734,0.993878800042057,0.986358244170352,0.974574574379465,1.03582866272301,0.937804756505562,0.978330019686217,0.968118811689481,0.969394875691477,0.985915492763535,1.01275838175991,0.981339618742616,0.97170827195855,1.01621514711959,0.996534310130402,0.962985375499146,0.934155559790301,0.976121490463359,0.994523548542363,0.991559035697842,0.835894893240279,1.01591066290821,0.99354197695111,0.986485153203811,1.01177654735546,0.993100689732407,0.978291176861523,0.985682597099076,0.976122064603959,1.00358494303852,0.991019441233392,0.977126805582438,0.97782178198459,0.969379691629913,0.960367375269968,0.963036763781402,0.984050556528428,0.952237909091371,0.956330568410846,0.962468889803391
"ENSG00000163344",0.976679567137704,0.964841041702517,0.928607697587365,0.953349282106589,1.05345631239642,0.92559165645295,0.960239760047904,0.960265566651189,0.982533627588329,0.952925825363259,1.02917718303298,0.823494156263411,0.937699680323942,0.965297802333639,0.94958230939566,0.991701244617328,0.943054187006295,0.836275106342813,0.971026320960819,0.95373665461571,0.981381381184909,1.00860688530652,1.02875908030077,0.958648111141422,0.961386138423488,0.989731831125564,0.938441839665431,0.926911284556046,0.999999999803575,0.934116495167084,0.943840221288542,0.981879393804955,0.831467473357243,0.997413964392796,0.945549005705755,0.947724783242512,1.00823756717009,0.991175012198081,0.927957307850982,0.970491803085844,0.933017657900164,0.977956718474493,0.963503649442355,0.955984863382596,0.964307319829742,0.933716436949625,0.919936267492544,0.813579393898435,0.986155698036486,0.963366336442898,0.988344527659355,0.906858340639541,0.972003586535418,0.941318085877958,0.944828276570576,0.969121614675903,0.944350422908044
"ENSG00000198805",0.990771062619674,1.01297415053719,0.932060525859234,0.960326953556554,1.05583655637095,0.949257921991725,1.03476523455849,0.736746806008098,0.735193736049951,0.9934758604851,1.13518425014938,1.06103286363779,1.05690894547586,1.07029929381122,1.04530712510166,1.10827899602682,1.04630541851304,1.11949685511879,1.14201183408651,1.09311980998554,1.08988988967169,1.05844675719407,1.10578166959781,1.06381709720401,0.90950495031495,0.985544810889135,0.920910075658247,0.895262585126048,0.942054605982704,0.91336270173013,0.946213169676446,1.03396375858323,1.03600605122824,0.979311716534849,0.967928863828968,1.04829234271666,0.947015152863416,1.01160138799968,1.05346378079781,0.968306010736551,1.02890401479157,1.06492199273982,0.959504049403159,1.03465445109846,1.06533575296121,1.0666798769312,1.0744871537394,1.06049541082394,1.08045746366764,1.03445544533971,0.986961675032208,1.05081361664155,0.969612433801014,0.983448690744619,0.951837388414571,1.01249125591836,0.972025883330607
"ENSG00000101868",1.01816016651421,1.03793205882184,1.01147557611222,1.02950558193192,1.01834771377202,0.999598876654713,1.04235764214938,1.01358012252015,1.07187311763263,1.03723777957699,1.04048460352539,1.00749175886375,1.0159744406917,1.03291239911844,1.01523341503386,1.01738786780925,1.01399014758345,1.0620815579099,1.03958375820453,1.04824041102249,1.08248248226577,1.0300240190092,1.04229276524186,1.01471172942053,1.00554455425633,1.04057421971078,1.02767654860087,0.991395509644665,1.03830288724449,0.848360254361555,0.980027684204068,1.05178730546553,1.01865859787823,1.00119355460489,1.01368768088447,1.00009957164192,1.00274585558777,0.996529499058695,0.984089336696494,1.03010432170291,0.974450034334724,0.99305485636778,0.966103389467832,0.988647679548168,1.06674732787523,1.00723273535971,1.01593308085721,1.02358630197896,1.04755216672401,1.04613861365423,1.0161991305776,1.01128082239966,1.0495167876757,1.04503962262112,1.04295584238651,1.04047166962317,1.03096067674844
"ENSG00000014138",0.615262478790263,0.845993859394673,0.729562303091386,0.618022328425434,0.857681245490889,0.887685519276437,0.619380619256867,0.833115380578792,0.852238506152934,0.856368563513727,0.868248359239122,0.619318749251959,0.619009584540933,0.861688376083984,0.609336609216838,0.612527168422737,0.900492610660002,0.900994116270847,0.881860844545631,0.892447607573656,0.890290290112054,0.889711769237448,0.824957707070364,0.843141152913888,0.830297029538555,0.909380918969319,0.610656948564827,0.796558203778744,0.608917697778645,0.606950562778864,0.810955111565957,0.905436181620866,0.88794755403168,0.616669981974006,0.849235687711213,0.853131534232175,0.839621681920142,0.727615270058976,0.837039232960364,0.86895181304144,0.707112557816492,0.624056366255852,0.819518048031293,0.792670782554736,0.625126033348432,0.822153967933785,0.845249950040779,0.831737885950511,0.621990369056583,0.613861386017057,0.730936388634742,0.61894778863553,0.821560226995804,0.864078643622414,0.895363972985809,0.619566303463662,0.743653558836505
"ENSG00000062822",0.859978167934906,0.876894126794712,0.794353610075281,0.782894736686026,0.792224536191168,0.797232250140948,0.787212787055502,0.773564027608176,0.775145552946166,0.786108601668953,0.809490156323172,0.781140745024245,0.872204472669288,0.641940936533372,0.900245700068748,0.771191463985143,0.891428571252921,0.911341042622978,0.799632727851534,0.803281929457635,0.906306306124864,0.780024019059242,0.796696188516928,0.87912524833417,0.639207920665503,0.822251021668378,0.781443908050538,0.820888141465555,0.754468670054121,0.632011747306508,0.766066837894786,0.788592929836896,0.834493191964802,0.642132484455514,0.811869317451919,0.642835805906037,0.770263398602611,0.815270203110507,0.83150508927137,0.844510680408443,0.63687481490838,0.792148968134444,0.887911208701548,0.844652459501165,0.865497075848861,0.830674724892366,0.863373829742407,0.637126221131526,0.80457463868287,0.783564356280482,0.822994863527658,0.799041629070771,0.783700308701066,0.829371050089403,0.906778812274601,0.645148395993775,0.76655052249546
"ENSG00000106628",0.9528629550555,0.94780627890506,0.91235909395504,0.94916267923661,0.936824357644188,0.91756919355845,0.925274725089855,0.930892264172439,0.742621963312061,0.948509484904444,0.948409893801432,0.922984716627113,0.962260383194437,0.926916575335206,0.960786240597388,0.730883224514743,0.954088669762741,0.992493406169103,0.983064680476828,0.944642150861083,0.980580580384268,0.959767814059294,0.944571598976103,0.945328031621207,0.91960396021394,0.90977968280136,0.934502117416625,0.941153199299544,0.909251620328177,0.900440528458064,0.92426339708834,0.93474601427176,0.953908219676468,0.948080365834876,0.902787491077473,0.922632679294507,0.940303060929461,0.928904313152423,0.731099910913905,0.930153998821629,0.947617638167581,0.956014091402916,0.934906509162102,0.932284405311236,0.929219600538572,0.917071237309606,0.93965345529981,0.926675219396689,0.963081861765032,0.910099009720773,0.903200315902173,0.941000299302985,0.929361362771872,0.929481392129706,0.967457694809761,0.945737983222597,0.918466898771833
"ENSG00000125630",0.927657040601835,0.93255422384222,0.93287295604085,0.934011164088116,0.904691063987962,0.96089049318875,0.924675324490574,0.979780705969263,0.91246737584572,0.918799558181512,0.909035840301053,0.944960543213473,0.947084664347627,0.928905239946524,0.922063881882641,0.956530329785313,0.944039408680978,0.886386690832545,0.915323403200301,0.949189402738397,0.920720720536392,0.939951961381114,0.929047666249568,0.960834989868621,0.93564356417116,0.925730236082997,0.990643159462101,0.93917515558517,0.962089962490259,0.949388154488617,0.969349416458503,0.939696999516844,0.94341906183693,0.909886612112614,0.943750624249425,0.96325799044842,0.944981185610702,0.937233514935601,0.931910267628835,0.981619473227696,0.90598796470238,0.957624559444867,0.955104489360043,0.967934674174879,0.915305504957591,0.920439908665324,0.955785699869392,0.952728707993145,0.920345104149208,0.888514851309205,0.890359541507238,0.922631526220898,0.929759888227606,0.950145450707163,0.943426454201777,0.935944838425913,0.79183673453622
"ENSG00000171453",1.06718269305008,1.0676438543988,1.09210927163763,1.06299840489175,1.02370326271473,1.05294825490314,1.04995004974027,1.06307212532681,1.02148162998966,1.04446451850959,1.06330136273331,1.07701528297333,1.09265175697032,1.03291239911844,1.03626535606167,1.06816834596559,1.0476847288576,1.07181984153544,1.08263619647365,1.0871886118847,1.05565565544431,1.06124899898694,1.04527813692004,1.06063618269172,1.04138613840765,1.04815073251956,1.08401457675879,1.08752843416328,1.05440974247605,1.04062652940957,1.07929602509802,1.05693633012042,1.05073121511836,1.03361846010869,1.04246178418574,1.07637160189657,1.04891691222436,1.03301933544214,1.05800968454234,1.06547441608237,1.05810397532641,1.06713638629751,1.05749425036346,1.04162517406062,1.03387779773465,1.06014069135834,1.04222266460023,1.07352215512217,1.04193418919704,1.02019801959996,1.03121295910091,1.04302685413936,1.0343728203578,1.07152171710873,1.04535896644731,1.05126411490931,1.03414634125751
"ENSG00000181222",0.949091991475818,0.885015350919082,0.906265867592918,0.93201754367384,0.898938807716168,0.936622542932887,0.938661338473794,0.931093451175718,0.894398714937884,0.938472347498048,0.918324078562681,0.938767355720953,0.95806709246045,0.947399820831779,0.916756756576559,0.913455838586553,0.936551723953389,0.970379387102784,0.956947561526842,0.908659549049296,0.910710710528386,0.908326661147252,0.934023285713201,0.935785288084337,0.913465346353769,0.910975974297483,0.936865950765909,0.956977549014543,0.931054802409928,0.920802740886774,0.948190626666365,0.904247945162046,0.949268784478211,0.929779192176292,0.912578679006378,0.94115304173232,0.923421132731939,0.913832424211436,0.926178475950948,0.928166914867727,0.951366281749755,0.962254655065475,0.929907009113107,0.914558852636017,0.905424480559503,0.940850093938205,0.925512845862276,0.917003848629823,0.9378009628937,0.905940593880012,0.893915448262759,0.934012179108713,0.898874165408215,0.920252783444628,0.947031140292975,0.926751273922904,0.917471378612748
"ENSG00000047315",0.99732063094228,0.9777161531192,0.981009444301613,0.985645932817854,0.980462163844002,1.00421179281905,0.994205794007152,1.01076350447425,0.967877935963084,0.999899628425193,0.993841493994176,0.984517031068921,1.00059904133375,0.994133439197746,0.989287469093015,0.981031416522223,1.00059113280777,1.01217285432904,1.00428483962369,1.0086990903502,1.01881881861485,0.996797437750841,0.997512190069159,0.991252484892395,0.980396039409823,1.00029907267465,0.992219048361623,1.0010879238451,0.995482223336185,0.973274595991527,0.987146529367778,0.986038221410825,0.991023701262527,0.985478416354589,0.998501348586572,0.997908991138523,0.976711074753033,0.987803668619176,0.968079849596189,1.00923994018694,0.974647331365365,1.01620533447082,0.997500249775522,0.97052379984654,0.997378503529466,0.994550678491122,0.995220075483923,1.00049343708665,0.985553771872882,0.964356435452603,0.955748715733752,0.988319856047056,0.981368934745169,0.984652422312238,0.998498047261741,0.991505945639751,0.979591836539653
"ENSG00000099817",1.03324402083294,1.03654550836158,1.00842896293116,1.03269537459476,1.01576911613294,1.04151624527848,1.04955044934075,1.03651544089397,0.993374824133031,1.0207768742305,1.02877334658682,1.04305264188532,1.07428114994523,1.02535547359543,1.01366093346169,1.04584074272953,1.03605911309634,1.08054372061665,1.05305039766312,1.0492289440393,1.0366366364291,1.03022417913726,1.02199223783023,1.01809145108984,1.0116831681165,1.00927125889557,1.04658721539514,1.05983582216203,1.0341779609047,1.01302006832834,1.03183705733996,1.01812060579897,1.04750378193696,0.995822557987702,1.02687581156422,1.0449069001205,1.03549272835645,1.0012890429348,1.04536021325321,1.05335320396357,1.05435533174423,1.05948666309824,0.888711128709387,1.02848038218911,1.01169590622874,1.02863370632545,1.0364469227173,1.03187604835056,1.02748796127057,1.01108910871068,0.981627814898928,1.02026554836373,1.0132509712039,1.04684521997255,1.03554620986572,1.04027180952528,1.01164758566219
"ENSG00000168002",0.88042075997213,0.747944933990701,0.766934091445733,0.934210526129543,0.957056431427738,0.931809065196187,0.891908091729889,0.925661402087182,0.923107809491446,0.758004616931044,0.871479050808384,0.92138647469356,0.753993610073084,0.94859301959857,0.924226044044378,0.920569057316623,0.920985221493402,0.945830797130081,0.923893082855765,0.881771450992137,0.755955955804613,0.75580464356369,0.95233356533937,0.92803180896063,0.747722772129164,0.752866114893258,0.90830296446207,0.891702106440174,0.908662345136778,0.875183553426298,0.894601542239549,0.956530349350128,0.909732728006105,0.751143823204467,0.915176341109966,0.911281489413267,0.911420725940929,0.876351016187139,0.868465263194295,0.937903626241847,0.913090657805447,0.920583794480003,0.902509748844613,0.752041425860976,0.931841096807453,0.897255523452441,0.912965544530379,0.745287673789542,0.895064205277876,0.908712871107186,0.905570920405853,0.918238993527356,0.89987047904755,0.925468953570976,0.930810052882585,0.925751973433446,0.921851667312722
"ENSG00000163882",0.902451126148169,0.885213429556261,0.924748654224688,0.908891546868243,0.919567588828807,0.886482149842262,0.887512487335162,0.882205009378894,0.878939971716736,0.883870320007253,0.887430590431614,0.885026470705219,0.887979233049525,0.884160286191874,0.886289926115717,0.900217348172255,0.897931034305827,0.88963278537439,0.922872882896782,0.919335705630815,0.923323323138474,0.907726180763065,0.946362821983011,0.912723657870234,0.902574257247015,0.897218622092071,0.909090908911831,0.900009890040548,0.892948340032813,0.758100831961214,0.909827961061928,0.920685216175723,0.886132122867144,0.906902725103063,0.918173643537182,0.929403564486826,0.876639885919528,0.915022310180462,0.872220574983255,0.907699950142533,0.88783663788343,0.88515349755709,0.911908808936724,0.940848436379038,0.780802581008106,0.902209451916733,0.873531168915847,0.911872100875975,0.88422953433302,0.86534653448211,0.9010272617738,0.891484476212142,0.877154528070708,0.776808104970045,0.882747571666617,0.882981912484664,0.876455948058446
"ENSG00000013503",0.944328669059377,0.883628800458824,0.909515588319383,0.897328548465445,0.915005454544281,0.779181708628323,0.944055943867321,0.891057237523175,0.900220839008187,0.779885576476988,0.923170115916573,0.919588452518312,0.91613418512058,0.9106095255224,0.924226044044378,0.942303892325172,0.911527093416448,0.897545140820137,0.891450724160079,0.964215104593868,0.925925925740555,0.924939951776433,0.77321126464858,0.871172962053445,0.884950494874267,0.860532349544306,0.921304047883127,0.768469983034622,0.926537025942538,0.904356338540508,0.907652758373017,0.769383107085972,0.783661119357809,0.909488760511341,0.776301328648956,0.892163695929072,0.924844909808838,0.907684680038139,0.930131435728801,0.910680576073387,0.871658281370887,0.93568193237329,0.920907909024916,0.84783907571244,0.913692276484434,0.91271178026103,0.964349730937194,0.913648475098461,0.779494381866072,0.769306930540731,0.884433030248038,0.912448836794959,0.883929460818187,0.77941619003322,0.778011414683486,0.888577995225626,0.896565455271963
"ENSG00000105854",0.773444477369565,0.860453599908794,0.952980603035852,0.941985645745218,0.637905385175463,0.955475330734963,0.64255744242906,0.971532038834819,0.978719132507786,0.645588677979406,0.796769308269204,0.78134052526594,0.871605431135862,0.813562692490094,0.88923832906354,0.841730883058342,0.88177339884103,0.652465002910841,0.656192613618406,0.761368129545004,0.807607607445924,0.904923938970191,0.640063687801759,0.88230616284646,0.943366336446858,0.6412122419218,0.864966019725211,0.908119869269485,0.826556668468561,0.93548702869594,0.973699821836326,0.857114565628851,0.881089258521213,1.01969365406412,0.953341992016517,0.890570546472056,0.654123868472669,0.945761031046949,0.894357149739232,0.97585692976138,0.97070139075255,0.895822848335013,0.982101789624617,0.942242580971471,0.648517846209212,0.938472208275345,0.89862577157964,0.634757722168211,0.645264847382571,0.846534653297716,0.886803634751718,0.915244084872668,0.640828932820399,0.974019460131604,0.644037248293975,0.642750074819077,0.872075659358472
"ENSG00000127948",1.02609903720828,1.01990690283849,1.05006600973899,1.06399521509888,1.03084399463833,1.03369434395634,1.05174825153811,1.03993561994972,1.03312587813027,1.05349794217535,1.04573447732544,1.06542802895506,0.991613418332346,1.05916277198784,1.02624078603907,1.06461173660055,1.01497536925813,1.0135930206911,0.989593960214325,1.03301700256366,1.01421421401117,0.985388310451283,1.0385112944495,1.02385685864337,1.05821782157263,1.06828830603763,1.032207229187,0.892295519554486,1.07071302277142,1.03925599588071,1.04726122186133,1.03634023150087,1.03620776580208,1.0401830115297,1.043261064833,1.05585980263749,1.05867995503739,1.01953396112652,1.06314853225355,1.04083457505398,1.04764723270245,1.05988928010873,1.08429157062608,1.04819756999638,1.00867110284157,1.00544932111256,1.01712806193644,1.01648080508902,1.04995987137842,1.02198019781743,1.06459897252774,1.03643805509904,1.03098535398406,1.01976125970112,1.01091418824253,1.02947936423914,1.03912394205294
"ENSG00000180817",1.03264860553088,1.12587897372965,1.03402051365207,1.07515948941883,1.01695923812021,1.07039711169868,0.975624375429446,1.07534453252684,1.03172053783744,1.0143531062904,1.02877334658682,0.992308460494994,1.15615015951355,1.08799840885194,1.14810810788244,1.04880458386706,1.18620689631799,1.18847636413299,1.02550499877056,1.0794780543536,1.19699699675736,1.04503602861388,1.09602945544909,1.07455268368299,1.00277227702915,0.847971288835017,0.995370826160668,0.992977944616165,0.96601846376625,1.03005384218697,0.993672137434512,0.995544113081385,1.01704488128754,1.09349512610036,1.10880207790812,1.07338444666467,0.969388792643265,1.10599900820902,1.12184998495467,1.11654247369766,1.08355529227907,1.03714141901618,1.11368863091417,1.05676160106418,1.11514418206994,1.06073516277405,1.11969727123687,1.07687752865353,1.02367576223442,1.01485148494755,1.05274595000934,1.01168014355362,1.00169373298761,1.11726351667825,1.09682587341608,1.0114919554289,1.02359382757121
"ENSG00000138777",1.069961297793,1.09121521222319,1.02914593256238,1.09748803805871,1.04631558047281,1.06638588025143,1.00279720259684,1.07936827259242,1.02609917666611,1.02057613148237,1.02816759191758,1.03106582738366,1.09804313077116,1.04623645201427,1.10191646169987,1.01679509958174,1.07940886678238,1.10691823876914,1.07141399692483,1.03005140351324,1.10830830808642,1.02161729363058,1.00467708209679,1.06660039740227,1.06514851464056,1.00069783650669,1.0361469514358,1.01908812164591,0.880377135949641,1.05707293175583,1.03401226002887,0.997326467769615,1.04286434673871,1.10682315474302,1.10380657386276,1.08075276290336,1.00294925231304,1.13396132848112,1.14181243183283,1.10581222034658,1.11630659936543,1.05505787598288,1.12448755102,1.09599681316551,1.04476708992846,1.13425146118414,1.09081856182218,1.05516628815649,0.899277688423098,1.01801980177861,1.03516396660704,1.03903364259977,0.992129122049989,0.899187481011298,1.0553719833673,1.02248426081293,1.03832752592567
"ENSG00000128059",1.02371737600006,1.0109933641654,1.05067533237521,1.01594896311484,1.00466131091844,1.01965503389096,1.10809190787051,1.05240921415302,1.02007628969683,1.08641975286833,1.04169611286387,0.89321746061468,1.02096645347025,1.0044744951766,1.02722358702168,0.972535071927972,1.01418719191839,1.0334753497599,1.11324219524317,1.01206010260734,1.02322322301837,1.00120096056821,1.02836103074368,1.02226640138722,1.02356435623296,1.0485494963516,1.05466364600519,1.12293541665059,1.04773129030687,1.00186000959337,1.02887087185508,1.05158926605573,1.04810892565848,1.06624229141312,1.02587671075514,1.03156427341799,1.13129258595926,1.05086762497752,1.02361893447502,1.02573273700433,1.02318240090299,1.01378963240789,0.894110588762302,1.01334395518555,1.00181488183065,1.01912216367401,1.02609042003065,1.02615217585589,1.04594703028773,1.09742574235695,1.01540892907637,1.05460716760415,1.11746537787836,0.896980639803996,1.00370481606014,1.08304187047406,1.00268790423043
"ENSG00000196262",1.27915054058169,1.20530850723872,1.22940997233078,1.15011961699559,1.35614400449149,1.13116726812452,1.31908091881737,1.11739261621217,1.25155591221611,1.29057512771443,1.34275618347446,1.32714014557444,1.2358226834593,1.30356965271879,1.29592137566665,1.31594546506304,1.18955665001191,1.32846419125006,1.37686186464459,1.30703835482265,1.15455455432341,1.36649319428213,1.36710120382782,1.25586481088353,1.24831683143598,1.31532249998698,1.30897271716557,1.24379388759889,1.31820860315887,1.07665198216806,1.24362270096033,1.29537577952364,1.28572869363878,1.11517803836977,1.19912079104823,1.3101662847137,1.28099257575898,1.08378780345388,1.1291629605437,1.12866368581646,1.18161191650752,1.25274282813231,1.06829317046929,1.28579964124959,1.29280096767639,1.06826513403978,1.08683529155809,1.29379255871039,1.30056179749186,1.29465346509017,1.28901619887613,1.30997304556055,1.28424828110307,1.17042832758142,1.09262040630968,1.35205356223602,1.29756097535141
"ENSG00000166794",1.12176242907179,1.14410220835018,1.22636335914972,1.21949760741238,1.10621838716528,1.22182109883237,1.09310689288849,1.2067196456681,1.22585826114719,1.11954230630944,1.08107016636425,1.11817001276233,1.10842651735055,1.18007358035596,1.21631449607542,1.03951788163614,1.13083743820082,1.07770338789253,1.10854927543184,1.06445235249813,1.10210210188146,1.18174539608052,1.09543238111346,1.19582504946405,1.18396039580516,1.09799621152467,1.08756032678271,1.10315497950684,1.10331958336214,1.21762114513605,1.26181530526759,1.07060104939685,1.12012102851838,1.23771633156202,1.21550604431701,1.14746589641592,1.08613851294902,1.21903817526643,1.18766676525592,1.16522603056826,1.12479037168298,1.09632611955786,1.22127787196855,1.23481378186919,1.16898568236157,1.17289210320561,1.16211909954947,1.0762854039127,1.06440609930489,1.10435643542488,1.14855788203308,1.08475591472801,1.04812194858063,1.19971912906014,1.16191048339603,1.09003697390026,1.12712792411605
"ENSG00000168938",0.954252257426962,0.90185203507936,0.996851832843129,0.952551833940879,0.974511553907664,0.897312474749837,1.03076923056328,0.94417060638886,0.9869504113658,0.952925825363259,0.935689045747463,0.95055438998091,0.89197284327237,0.943223625148012,0.923439803258292,0.950800236919423,0.922758620507831,0.888212619012333,0.930422362593262,0.906682483015682,0.761561561409097,0.761409127149438,0.941387202519378,0.936580516712409,0.943168316644917,0.948260392593309,0.958140450909457,0.895064780754611,0.916519347688761,0.885364659640653,0.973304330438342,0.895534211130699,0.881089258521213,0.971553610310015,0.944549904896683,0.953499950024196,0.978745042005747,0.908874566007164,0.938630299251185,0.962940884061015,0.953536549086803,0.943331655572555,0.995300469753964,0.967934674174879,0.924379915119101,0.971564450416811,0.901812387790916,0.750814171370608,0.953451043147381,1.01207920772038,0.947846700721484,0.916442048334543,0.990933545682787,0.981241849537317,0.947231400631375,0.949335464984644,0.949726231767103
"ENSG00000171497",1.05864840705395,1.03456472198979,1.07890728118637,1.05960925018748,1.04234850718192,1.02186121118695,1.10129870107866,1.05985313327435,1.02549688796918,1.05751279713791,1.08854114061816,1.06023374267102,1.09944089434915,1.06234463536595,1.04943488922861,1.0825923728349,1.07073891604517,1.09007912333332,1.1240563148084,1.0958877024326,1.07787787766209,1.07165732564619,1.05821474752548,1.02942345903988,1.03782178197271,1.07446914543426,1.08657539622051,1.07763821559141,1.05774896856065,1.05041605461568,1.0110737589458,1.07159124644587,1.06646495187767,1.05550029817873,1.0474572882311,1.06741013620085,1.06823960112514,1.04372830916337,1.03468722185301,1.07004470917634,1.06382558921499,1.07679919454921,1.05969403038502,1.05636327403777,1.05122000382109,1.08510849081837,1.04839673350958,1.05082404005708,1.04434189385146,1.05287128692022,1.07566179354491,1.0484176897178,1.0869781805147,1.07553415566746,1.07359567416169,1.06765264293641,1.05007466380287
"ENSG00000108179",1.11441897367978,1.08685748220524,1.06367421528107,1.10267145113583,1.08935832567899,1.08343361390224,1.04235764214938,1.09707272888098,1.01104195924291,1.08521529637956,1.09076224107203,1.12915792605551,1.08346645345777,1.08501541193497,1.07085995064946,1.07666469055984,1.08216748747149,1.05457496428189,1.09732707588302,1.1035982599637,1.04704704683743,1.0726581262865,1.07931137405129,1.09960238546728,1.07584158394538,1.05393280808415,1.08893922956979,1.08377015110597,1.08367707698219,1.06040137032591,1.07514336541919,1.08585008395171,1.08320726150616,1.05072607896345,1.12978319489863,1.14208901699849,1.22200752543028,1.0611799700424,1.16809961435555,1.08653750599373,1.07941205463561,1.11001509791444,1.13688631114151,1.08842859966373,1.10748134682245,1.02903002060259,1.14479187390066,1.21977696610682,1.08146067394032,1.06534653444251,1.0930462265719,1.10771688108062,1.15213709252722,1.13612197790428,1.08921598055688,1.12121514917134,1.08451966130721
"ENSG00000138398",1.00069465098726,1.02327423967054,1.00132019884202,1.03488835705046,1.01715759178476,1.0354993981076,1.0447552445465,1.01659792756934,1.02087934129274,1.06453879332238,1.05037859645626,0.988712416144499,1.06509584643269,1.02833847051241,1.01857493837473,1.03951788163614,1.02147783231104,1.0673564615404,1.06570087715452,1.05397390251997,1.01481481461165,1.05904723757825,1.06498158999602,1.02147117275915,0.947128712683737,1.02681686750537,1.04107160424681,1.03550588447522,1.01866038086453,1.01145374429536,1.02847538045709,1.03475591622245,1.02148260191196,1.01531728645011,1.02907383334418,1.02419595717929,0.995220176752726,1.00981655904614,1.01472477497485,1.00288127153445,1.02456348011748,1.04881731232032,0.986501349667733,1.00059749034045,1.03327283705721,1.03715446328403,1.02848038218911,1.04470541773518,1.03832263221542,1.04772277206976,0.999802449427143,1.02365977817238,1.02181926850218,1.08034908193794,1.04876339220011,1.04886579373461,1.01383773001218
"ENSG00000171960",0.975488736533594,1.01337030781155,0.983243627301057,1.01016746391344,0.919170881499718,1.01704773345025,0.9144855143028,1.01317774851359,0.980325235699593,0.939676803986816,0.942554265332145,0.777344920432056,1.05211661320844,0.773789400263739,0.978083537891286,0.935190673595102,1.02798029536394,1.02901196976486,1.00428483962369,0.998022933768679,1.0742742740592,0.778823058290868,0.960891630816819,0.997415506759957,0.945148514664327,0.77579503523561,0.947897173062563,0.926317871441733,0.764289923244099,0.97268722447916,0.983191615387939,0.921477373814937,0.784871406800833,1.03023672149786,1.0016984711756,0.774868067156255,0.948845723390858,1.00803173009261,0.9919952562522,1.01579731723481,0.998717569103538,0.959637644497305,1.01069892990487,0.975104560650248,0.784633998631854,1.00227880689542,1.03604859569089,0.951939208338707,0.780698234193279,0.927326732489638,0.962465428494179,0.933013876223817,0.926970210037467,1.02537867368334,1.02092720516253,0.777655640895842,0.925236435853611
"ENSG00000137168",1.01319837233042,1.04664751885775,0.98486848766429,1.00079744796635,1.01596746979749,1.02787805835783,0.995204795005953,1.00271602434308,0.986548885567848,1.04044966354703,1.05401312447168,1.00029967016276,1.04033546305105,1.00646315978792,0.985749385555627,0.999012052756567,0.995467980099415,1.04787989428933,1.0416241581225,1.04487939876535,1.05345345324255,1.00920736569071,1.00806050333206,1.0186878725609,0.999009900792275,0.972584986347805,1.00975081236881,1.00247255444516,1.01335690414195,0.989916788841915,0.995847340123423,1.00009901950686,1.00857286918637,0.999602148199801,1.02128084703341,1.02359852613291,1.03996745631242,0.994348041448815,1.00938827927475,1.08176850450437,1.01035809391134,1.02949169581691,1.00149984981472,0.997809201155585,1.02218189130426,1.00861983532971,1.03704441325691,1.02062567827482,1.03230337057939,1.05980197998816,0.986566574281595,1.02905061375081,1.04015143946595,1.01454508957477,1.03774907358811,1.02228440071504,1.0200099549985
"ENSG00000100023",0.58569018545486,0.777260572293303,0.939169289948376,0.811204146568739,0.585341664071141,0.806056959324898,0.781418581262454,0.751232270244194,0.7665127482902,0.592391849725506,0.797173144715361,0.589551493239526,0.589257188380739,0.58685492679987,0.784078623924505,0.583086346456612,0.581477832397738,0.833840535436429,0.835135686424171,0.900948991518199,0.590790790672514,0.590672537912195,0.776793710662396,0.830815109178764,0.778217821628076,0.785963512952654,0.799566630395043,0.583720700112012,0.57965036327251,0.801370533372223,0.809768637372005,0.830181205895597,0.811094301399678,0.832305549864272,0.787091617386933,0.817086527767184,0.743618427592064,0.798215170887811,0.793754323392874,0.800198708236424,0.817204300914037,0.803220935922854,0.817918208015615,0.795060744713192,0.787658802019024,0.584761715924946,0.587731527467092,0.791670778487778,0.783908507065829,0.58435643552785,0.772421967449146,0.796046720416083,0.838896084320236,0.830574781657022,0.78702312991148,0.589787148877828,0.587555997891975
"ENSG00000240344",1.00327478396283,0.942061998426847,0.945465623855902,0.946371610656624,1.00723990855752,0.961893301050563,0.9999999998002,0.921436475018321,0.961855048993806,0.999698885677065,1.02594649146372,0.98831285566111,0.949281149970191,0.967087600483825,0.944078623893056,1.00592768207747,0.931822659914912,0.965104483472285,1.0104060393776,0.972123368728327,0.929729729543598,0.983586869298721,1.01423027146697,0.940556659852772,0.972673267134124,0.990529358789646,0.999113562297033,0.967263376329292,0.965232763511052,0.897895251904475,0.921692703001445,1.00722843825978,0.96197680262996,0.958424507467988,0.954141272663774,0.942746191189337,0.854876436315493,0.98205255310222,0.953651546407026,0.91326378521346,0.956890598607696,1.00493205817717,0.956104389369842,0.949412467446841,0.959669287969415,0.923808580021043,0.95698068094862,0.976611072539897,0.994382022272395,0.964554455254544,0.977281706642181,0.978736148352054,0.978977782010765,0.937506269247165,0.934214478635383,0.988108323975595,0.950920855958005
"ENSG00000131238",1.06142701179688,0.991581657721782,1.01269422138465,0.856459329972795,1.06357234928819,1.02667468892365,1.02197802177383,1.03550950587758,1.0028106803849,1.03081401163689,1.00090863180194,0.956348016990041,0.985223641975794,1.02316794252299,0.992039311844316,0.974708555428827,1.01201970423408,1.03570703975741,1.01571107916431,1.0061289045065,1.02122122101677,0.950560448168422,1.01522539535969,1.05308151072503,1.03425742553777,1.01804406320047,1.04678420150758,1.07111067133397,0.843842074082922,1.0611845323424,1.03895590250367,0.986434300230432,0.993242561574737,1.05649492718192,1.0418623237003,0.978990341336455,1.0259330822687,1.08497768942291,1.0404190135309,1.0730253351072,0.9941797373988,1.07478610949677,1.02569743005186,1.02648874705706,1.00584795301354,1.00069354978684,1.03485361461166,1.03128392360973,0.973113964491751,0.965346534462308,0.960885025491726,1.02885095317383,1.02939125216113,0.994683518709061,1.02733553599132,1.02987908443492,1.00746640099403
"ENSG00000117450",1.19341073708576,1.14251757925274,1.14837006171456,1.14114832513135,1.22681741520841,1.06077015622528,1.20039960015976,1.14736947970076,1.11242722322577,1.24922212160008,1.23028773321953,1.17330935946992,1.19349041509715,1.24271651561247,1.21769041745107,1.24461568835317,1.09103448254364,1.20227226593583,1.17853499261813,1.24555160117723,1.16336336313046,1.28102481959947,1.17802766420977,1.16799204748151,1.16475247501688,1.23098394951032,1.24692209174689,1.19493620785384,1.19858573930493,1.0805677922505,1.07415463692423,1.0141598176029,1.26656580912424,1.13566739583536,1.17634129260139,1.20322612741149,1.18478592470563,1.15557759025174,1.17462199798901,1.09726775934481,1.18200651056881,1.20523402089477,1.0856914306398,1.15534754010051,1.2147610402874,1.15525611787273,1.08962358074295,1.26162044779204,1.22873194196855,1.24732673242627,1.22678783065453,1.2327044022696,1.23483112459204,1.13632259983222,1.07720036025289,1.29569301463062,1.21234444973373
"ENSG00000167815",1.30356256796595,1.10131722271936,1.09739006781814,1.06758373184458,1.258355647871,1.04432410729155,1.19880119856168,1.07393622350389,1.02629993956509,1.21449362617394,1.27188288717377,1.21486364974231,1.0802715652795,1.28308640722222,1.16265356242503,1.27820588791183,1.08137931013175,1.14384256418262,1.10691695549747,1.26294978227304,1.13673673650916,1.26721377076317,1.29943277912241,1.01769383677581,1.14613861363443,1.22460372819767,1.06333103495256,1.0485609729901,0.924965625432142,1.03631913831888,1.03243029443693,1.23695415363166,0.949873928199723,1.11836085117996,1.07023678667794,1.16817683935713,1.10769856582778,1.13852255802905,1.0833086271206,1.05653253828981,1.1021012131593,1.13759436313284,0.941705829228736,1.15116510632321,1.13732607357586,1.07797483382979,1.04262099162664,1.27306819278139,1.20585874775163,1.16475247501688,1.18372184883767,1.13846460993542,1.08857228233764,0.944728658652878,1.07579853788409,1.07844508822256,1.16774514660672
"ENSG00000165672",1.24362409422574,1.25007427924134,1.2306286176032,1.21949760741238,1.20182485347579,1.24548736437114,1.21158841134634,1.23166683407471,1.19895603268441,1.21529659716646,1.23937405325808,1.28978124037763,1.27635782722117,1.25067117405774,1.23832923808583,1.23473621789474,1.27231527068526,1.21789409591846,1.23831871021458,1.18821668620241,1.23363363338666,1.24859887885336,1.20171161285666,1.22942345900011,1.25980197994855,1.19529458654266,1.24239141116076,1.26634358594277,1.21940679606769,1.21174743001238,1.23867905848553,1.23140905015716,1.26737266741959,1.23294211234674,1.22569687256955,1.29682365801119,1.26777178861634,1.27615270177964,1.30546496663594,1.2681569793804,1.28657393680841,1.25817815777389,1.2926707326682,1.2310296751183,1.25126033449259,1.2798969580343,1.21270663190346,1.24484358013523,1.25682182960337,1.23386138589428,1.25148162756786,1.2922032542094,1.28245491655227,1.25047647682807,1.24942425127677,1.24472868966829,1.27546042781972
"ENSG00000126432",1.06658727774802,1.15677924112969,1.15669747107613,1.13736044634423,1.10066448455804,1.1558363415251,0.977622377427048,1.10572377002199,1.15800040129331,0.995884773462635,0.961736496524637,1.06782539185539,1.15575079849126,1.09495873499156,1.12255528233463,1.00019758921158,1.15783251208713,1.14505984963582,1.02142419893462,1.01028074317709,1.12872872850276,1.12489991971079,1.07154940768802,1.14115308128406,1.06475247503668,1.05154022509191,1.04304146537121,1.0090000987026,1.01355332920574,1.13656387642945,1.10895787994681,1.07792850755957,1.07352496196197,1.18002784937736,1.09561394722837,1.10684058526201,1.05379843363088,1.21824491795374,1.14161478384393,1.19066070517821,1.19384433240725,1.04539506773117,1.1836816316001,1.17327225628893,1.1393426091673,1.2002377883285,1.14439354687425,1.04963979057542,1.04394060974239,1.06594059384833,1.12643223999873,1.0819606666503,1.07143568774107,1.16581402323888,1.15890657832003,1.05646047745449,1.13290194103875
"ENSG00000117592",1.22179219981705,1.22967217961183,1.16197826725663,1.1762360444226,1.25061985495376,1.16345768127488,1.22297702273267,1.17734634318935,1.21903232258201,1.24119241167496,1.22564361408871,1.16751573246079,1.22044728410135,1.26121109649772,1.21120393096586,1.21971942279792,1.20906403917063,1.21160478774364,1.20322383162554,1.28588374826297,1.2048048045636,1.26301040807386,1.20907552966284,1.19840954250529,1.20851485124584,1.20765626533593,1.22978429996459,1.16348531279528,1.19230013726335,1.20078316178154,1.24065651547545,1.20289137514548,1.19999999975794,1.2327431865461,1.19652312894465,1.23050881186289,1.2183463843754,1.24680218121035,1.2635635929907,1.20854446076333,1.20370918393929,1.20644187192623,1.2120787918784,1.16689902386638,1.23270820705128,1.17091053181989,1.21808404675999,1.32596466962874,1.20064205433374,1.20673267302837,1.27400237035282,1.20535090322345,1.24280163370672,1.22018256570966,1.23680784995758,1.24772659113666,1.20637132877922
"ENSG00000085377",0.984816909599123,0.999900960483331,1.00456991956848,1.01714513536341,0.993950213033036,1.00260730024015,0.97882117862561,1.00271602434308,1.05440674542172,1.05209274293845,0.999293286017306,1.02487263989115,1.01697284324741,0.994332305658878,0.99125307105823,1.08022129992487,1.01990147763155,1.04402515702089,1.07488267678537,1.03973902707795,1.03403403382702,1.00860688530652,1.03532689799277,1.00695825029683,1.05524752454352,0.991127504537708,1.02531271525159,1.00801107684541,1.06953447238862,0.983651492710005,1.02076329819641,1.0852559657223,0.99969742793753,1.01014521563355,0.973723648521586,0.988150950714298,1.00742398026901,1.02052553276737,0.855815791905165,0.980824639646135,0.967939232323579,0.992249622346804,0.954104589350244,0.987651861982144,1.00826779572328,0.96304369345823,0.9772953592955,1.01253330681683,0.985754413927417,0.993465346337928,0.990912682538342,0.983128681045597,0.972003586535418,1.00030093269128,0.982677480528151,0.994104126912341,0.977600796221483
"ENSG00000100033",0.881810062343592,0.962067940782001,0.948918452127771,0.928628388969572,0.932857284353296,0.931809065196187,0.936863136675951,0.912181872867482,0.914274241936504,0.883067349014741,0.927208480378151,0.967935271008304,0.921924919943705,0.795068111604839,0.918525798345253,0.96996640960878,0.923743842182514,0.963481436201363,0.96714956111668,0.932186634849311,0.948948948758969,0.800240191993547,0.934023285713201,0.916103379539542,0.936831682982806,0.938291296792286,0.920516103433366,0.790821877007057,0.943429581429301,0.909251101143563,0.887284951376847,0.905238142211063,0.95673222371019,0.924607121359736,0.901588570106586,0.929602708168953,0.923217736006668,0.92136836868193,0.790196659592806,0.794436164770107,1.06362829218435,0.986612984199977,0.912308768940644,0.914957179662426,0.806210929460333,0.909343108905312,0.905596494541805,0.935162340681898,0.802166934028458,0.947128712683737,0.940734887210444,0.798242986762855,0.936734083702952,0.915638479102089,0.800640832922671,0.93954232018796,0.906321552830996
"ENSG00000147224",0.99374813912995,1.03159354243209,1.03666091174233,1.04924242403325,0.983239115147627,1.06117127937,1.03616383595681,1.03390000985134,1.04356554887702,1.04466526125772,0.998889449571148,0.926580760977609,1.08446485601349,1.03072486804599,1.03587223566862,1.02094447717428,1.10305418697477,1.10935280967552,1.02815751866391,1.06840648456536,1.10010009987986,1.08606885486668,1.06080206964657,1.04850894611362,0.988910890893285,1.03578905372629,1.0664828127516,0.980120660472728,1.01217835375915,1.00323054312223,1.00118647399621,1.05455985720278,1.06727181017302,1.09826934531564,1.06184433988174,1.03435228496777,1.05847655831212,1.01021318770249,1.02361893447502,1.04321907579866,1.02259050981107,0.865022647032708,0.859314068421295,0.993427603865081,1.08933252649943,1.01555533517972,1.091615215875,1.05417941358844,1.03792134810636,1.06059405919592,1.08593441306086,1.11250873492812,1.02998904034473,1.06590430312651,1.14568939598564,1.04127111001474,1.01801891468033
"ENSG00000197746",1.14498362585194,1.19065068808742,1.17457093507168,1.09529505560301,1.17980759671133,1.21119133549715,1.18481518457846,1.20028166156317,1.23147962231851,1.23235973075733,1.23796062569652,1.20747178079963,1.16853035120437,1.14209008627979,1.16756756733807,1.12882829458035,1.14955665001979,1.20288090866243,1.15302999364354,1.16350336078223,1.20620620596472,1.10128102459942,1.11175241295417,1.20437375721583,1.29168316806105,1.23477220591471,1.27410617526365,1.30036593783001,1.23413867585265,1.28046989695928,1.21178564342262,1.19576195639256,1.21613716566492,1.19633976502957,1.21170946124254,1.23349596709479,1.33529950140643,1.20277640035642,1.24004348231247,1.20158966692467,1.22363618403401,1.2448917964278,1.1712828714786,1.18004381573789,1.16434765050124,1.26146834414714,1.14180442120259,1.18345998200267,1.1998394861156,1.1556435641276,1.24456736443213,1.24069082534877,1.3015841384275,1.24365533127823,1.16471412813363,1.19716198637011,1.24778496739716
"ENSG00000135069",0.945916443198191,1.05001485568981,1.06103381719081,1.08632376373877,0.912426856905201,1.03489771339051,0.990609390411467,0.991047178152893,1.04637622946268,1.0912375788234,1.06168601694868,1.00809109958883,1.04792332247446,1.13015809861188,1.0557248155173,1.11183560539185,1.10660098500363,1.07445729335069,1.09732707588302,1.0415183865082,1.06266266244992,0.79803843058486,0.89700467690377,1.02504970158548,1.01584158395726,1.08922340721977,1.04973899319418,0.788646028921245,1.05264191690186,1.00323054312223,1.02709116056415,1.11892266538887,1.04911749852766,0.936144817796669,0.97891897272876,0.909887483638378,1.00762737699428,0.953693604173784,1.08390157108728,1.02195727749191,1.07921475760497,1.0574735780458,1.01629836995974,0.794064927147169,1.04537205060589,1.02288714930687,1.01593308085721,1.02102042810204,1.09028892433983,1.0841584156269,1.05867246126854,1.11071178973531,1.05230646586584,1.03380479465667,0.952838690106571,1.06885180352376,1.00806371308948
"ENSG00000146733",1.10072442173251,1.09101713358601,1.1256220166293,1.09350079723016,1.14529405908057,1.1028880864214,1.1322677320415,1.11357006314987,1.10519975886264,1.15146040326178,1.16304896493427,1.12216561759621,1.09085463237004,1.13055583153414,1.15361179338504,1.1335704404004,1.18384236429875,1.09738283605247,1.14405223400448,1.0543693157267,1.13573573550836,1.11689351458829,1.08010747316547,1.05884691827856,1.06316831662115,1.07825740183865,1.08775731289515,1.09049549973484,1.19171086207195,1.0664708759537,1.0725726713323,1.07891870460859,0.921835602436342,1.11418340936658,1.06444200198532,0.910086627320505,1.10525780512453,0.906296479740943,1.08824982684292,1.08653750599373,1.09026339132085,1.11645697008224,1.09769023075739,0.910177255345513,1.10203670072554,1.09600713343981,1.06114319835468,1.09779926949614,1.09751203830307,1.11801980175881,1.15073093616145,1.13347309551094,1.14556142250761,1.10522620100206,1.08040452566729,1.09923053840327,1.11896465881156
"ENSG00000148334",1.03602262557586,1.02783004832567,1.05819031155516,1.05462519915179,1.06337399562365,1.0483353387388,1.01218781198558,1.04838547408744,1.03714113610979,1.03001104064438,1.03462897505611,1.08840275674989,1.03414536720564,1.00546882748226,1.04432432411905,1.04030823927281,1.01399014758345,1.01704199614181,1.03325851845883,1.02234084598214,1.04504504483583,1.07626100859162,1.02438053517278,1.07654075525317,1.03069306910283,1.01983850044465,1.03772284033533,1.02878053584635,1.01905323099213,1.01106216328711,1.04528376487141,1.03693434973028,1.03761976781894,1.02566142808322,1.02447796962244,1.06103753837279,1.03386555455428,1.02588001962799,1.05128965291999,1.04580228493874,1.02495807417876,1.06854554583421,1.03909609018316,1.04142601054742,0.993748739464862,1.05677202000262,1.00955984843466,1.05615316272453,1.03651685372462,1.0247524750446,1.00276570505674,1.03643805509904,1.03835807491514,1.02517805175541,1.04696104915451,1.05805935823762,1.03713290173477
"ENSG00000110958",1.12315173144326,1.17678518348484,1.12988727508279,1.18221690566543,1.14093027846059,1.17468912932718,1.10169830147818,1.16869530204835,1.15117446272813,1.12516310325702,1.1101463904876,1.08840275674989,1.24500798697184,1.16515859577107,1.17385749362676,1.1329776721729,1.21990147759214,1.24873199406599,1.13915527420136,1.13958086177549,1.2364364361889,1.15532425917628,1.14319832796434,1.17654075523329,1.11049504928505,1.12571029785152,1.11336550751239,1.08970428224909,1.08898055370478,1.1440039155861,1.11943840199339,1.08901871450856,1.13686333814688,1.16769444973788,1.168148665967,1.12217464878579,1.09447777868515,1.19702528483946,1.19695622073388,1.16701440612677,1.15379303518718,1.10739808734627,1.15068493127674,1.15853415631178,1.20266182673873,1.16793817474132,1.22963553052586,1.1238527580926,1.1227929371744,1.10534653443458,1.13551955726284,1.14305680320594,1.09514795235725,1.20613903075411,1.22178832457759,1.1244129107376,1.12832254830695
"ENSG00000124212",0.955840031565775,0.831732197517731,1.03402051365207,0.837121211954322,0.972329663597673,0.970116325517425,0.982417582221295,0.977768835936472,0.843003412800039,1.01355013529789,0.970822816563186,0.953151533122935,0.958466453482734,0.949388485443097,0.979262899070415,0.98853981407063,0.965714285523997,0.978900385275127,0.97408692083777,0.977856860225809,0.997597597397878,0.990792633908969,0.997711214847704,0.978926441157271,0.831485148350201,0.998704017346485,0.973111395454918,0.830580555665991,0.973875466318233,0.952716593058695,0.908839232566969,0.988414694328465,0.98194654543985,0.964392281487091,1.00329703247012,0.962063128355658,0.980982405983732,0.981655924445879,0.968079849596189,0.972081470248966,0.97326625215088,0.99466532440973,0.927707229091549,1.00338577952532,1.01492236317505,1.05261072009262,0.975901214703067,0.97147932478605,0.842495986989868,0.974455445351593,0.938956933832683,1.04921633202571,0.975590315637025,0.995486006420807,0.941223590479379,0.982512241234633,1.11119960157069
"ENSG00000106853",0.840726406501791,1.0090125777936,0.860363562331601,1.03149920234619,1.07170484953452,1.04592859987045,1.00919080898917,0.989035308120102,1.07930134489474,1.00030111392145,1.06370519917946,1.01028868224747,0.845846645198513,1.02038381206714,1.03213759193471,0.989330171707305,0.997241379113844,0.859403529953458,0.864313405251109,0.837485171839169,1.00340340320252,0.847878302472402,0.843068961917988,1.02186878707319,0.984554455250583,1.02801315900149,0.83443317229697,1.01869251290304,0.982911019253013,1.02280959353445,1.00988728475185,0.838894939926944,1.14452849195269,1.03859160512461,1.13198121667859,1.07059643511489,1.06681582404824,1.14883490309393,1.13054649646595,0.954992548245406,1.06698234170524,0.852742828212835,0.981901809622657,1.03067118083436,1.04416212925103,1.05023283442976,1.00936068492146,0.964176452982498,1.06962279272279,0.838811881022017,1.09186092432006,0.845762204083905,1.00129520753187,1.06610492505445,1.00370481606014,1.04007194942739,1.0492782476756
"ENSG00000110536",0.864741490351346,0.804001188312568,0.78582309316831,0.656100478338098,0.931270455036939,0.876253509651774,0.840159839991976,0.855044763936215,0.660710700529871,0.660644384089,0.664512872152547,0.90180801100753,0.744608626049399,0.883762553269611,0.845601965435754,0.887374036576294,0.842955664858531,0.802393994562306,0.782493368540605,0.650652431662584,0.658858858726955,0.658726981453417,0.857796795530342,0.818290258286622,0.754455445395157,0.786960422532756,0.648281296040918,0.832162990637491,0.646434884964362,0.760058737002436,0.862566739002854,0.81968511717602,0.663842662498468,0.809031231189769,0.867619142598138,0.897540575346502,0.899827112600462,0.898165592285936,0.797114339204049,0.876900148857049,0.816020518730192,0.662506290757422,0.658134186449728,0.879306910798784,0.870941721945767,0.864955909865262,0.86855208108573,0.867265370400224,0.773274478175507,0.876237623588864,0.650138285134307,0.836378156965882,0.87835010443791,0.660246764838951,0.797837188185073,0.657739582160939,0.655251368709756
"ENSG00000141378",0.986603155505289,0.888580766388317,0.944246978583478,0.732854864287708,0.977090151546744,0.73726434000456,1.03776223755489,0.904134392736317,0.90403533408873,0.966174846739702,1.00737001494046,0.997902307262431,0.830471245840561,0.939842895308771,0.722555282413257,0.943291839371015,0.875073891453187,0.921282207157378,0.998775759845179,1.00217477243927,0.735935935788601,0.964171336876667,0.938998905176834,0.92902584474572,0.967524752283659,0.732927923291212,0.999704520634354,1.01829690416016,1.05539186779505,0.865394028220187,0.965592248177656,0.957124467579538,1.00030257165904,0.73125124314079,0.865221300656365,0.948720501653147,1.076375470136,0.893009419753493,0.726554007169374,0.730452061454456,0.93183387571632,1.05123301438324,0.836916308201796,0.87870942025917,0.741278483415754,0.910730208875314,0.880701055391217,1.0097700580263,1.01665329032571,0.944158415654622,0.887396285877638,0.9773385243132,1.05828434770185,0.737486207094496,0.736157003957914,0.975916858004214,0.944549526939861
"ENSG00000177192",0.72958221678484,1.00366445458975,0.942825225765649,0.732854864287708,0.935634235656921,0.73726434000456,0.951648351458212,0.739563424054006,0.972897008437483,0.737930342118251,0.963553760532347,0.935171311370458,0.933506389589955,0.926717708874074,0.939361179176538,0.95119541573776,0.724334975226732,0.970379387102784,0.994694960009244,0.889877421729957,0.939139138951123,0.735788630757448,0.897800776017952,0.949502981918588,0.910891088928536,0.943275844692797,0.929971436830499,1.02838492710347,0.914947947178364,0.893783651317908,0.924658888486324,0.933755817222744,0.952697932233445,0.925402824562283,0.92037166531714,0.732052175498944,0.747686362097491,0.729003470356172,0.961952761940517,0.730452061454456,0.933412251961446,0.955410165887185,0.735126487204254,0.911969726964356,0.924984875796535,0.728425641389394,0.892850029696704,0.904766603986032,0.9442215086388,0.974851484955475,1.00395100730858,0.900868523330165,0.732489787639237,0.943926170941132,0.9081806346434,0.734685719849169,0.731906420959302
"ENSG00000130508",0.781581819830985,0.780033673213819,1.05067533237521,0.980861243823592,0.78111673097667,0.961492177905838,1.00639360619253,0.916406799936343,0.986749648466824,0.964568904754678,0.918727915008838,0.786734591791682,0.950279552525903,0.896887739704308,0.964127763938255,0.917802805588263,0.775960590980106,0.998174071617331,0.9722505609116,0.981613285689677,0.974374374179304,0.936349079075991,0.919693501657938,0.782902584337395,0.779801980043604,0.949456684089431,0.992022062249183,0.927900306413233,0.976036142020028,0.894762603838519,0.919912991710517,0.779879195805549,0.794351991771185,0.783369802907625,0.943750624249425,0.931594144990223,0.9521000709952,0.997322756371379,0.946733866795783,0.930750124007799,0.936766301482339,0.977956718474493,0.922507749040594,0.937860983680968,0.956039523904812,0.881204795228137,0.784305915000138,0.777262409794284,0.790128410756395,0.971485148322478,0.931647569946336,0.90466207429277,0.956859619217523,0.980840605681444,0.929808751190586,0.91555910844098,0.977202588157849
"ENSG00000183010",1.03304554906559,1.0256511833167,1.02325581374566,1.00857256758202,1.05345631239642,1.02868030464728,1.04755244734315,0.956241826585607,0.995181690223814,1.0294088124,1.04068652174847,1.11397462768675,1.0609025556987,1.1021179275923,0.992825552630403,1.00059276802992,1.04137931013963,0.973828362553494,0.909814323421788,1.02273625918886,0.991391391192915,1.03883106464395,0.895412478675408,0.988866799008178,0.941386138427448,0.958628252226372,0.970550575993194,1.00662644624535,1.03908858749969,0.968379833388472,1.02887087185508,0.987028418459842,0.990418557541015,0.99224189357624,0.974123288845215,1.07557502716806,1.03528933163118,1.0121963309842,1.03883782961976,1.05851962224371,1.03640130195592,0.977755409969249,1.07089291049477,1.01931886058169,0.98023795100217,0.933518279811054,1.00955984843466,1.01983617862038,1.03210272852486,1.06891089087744,1.06203081764875,1.00009983008883,1.11686758969476,0.969405155789065,1.02313006888492,1.05506145676925,0.987356893780516
"ENSG00000143811",0.966359035235415,1.03813013745902,0.962729765215247,0.988237639356412,0.995338688684848,0.995587645207463,1.00239760219732,1.01981691962181,0.938767315611571,0.999297400180809,1.01221605229435,1.04185396043515,1.05411341831987,1.0044744951766,0.995184274988661,1.00375419857661,1.00197044315232,0.993102048895698,0.909202203446398,1.02135231296533,0.998998998798999,1.04263410707713,0.955119912239005,0.979920476942362,0.97584158396518,0.753065496809278,1.00581109012,1.03135199267504,0.983696719508211,0.951541850033962,1.04389954497847,0.977720566199085,0.985779122342758,0.939128704806221,1.01808372444438,1.07597331453232,1.01169531149971,0.98641546832198,1.07342622767597,1.07024341757174,1.0038472919002,0.999496728535582,1.01809818997738,0.984664409284074,0.761645492889364,0.912117308845315,0.993029276838672,0.994769564591973,1.00220706239924,0.981386138419528,0.980047411896474,1.01786962143998,1.02002590395137,0.951951048058591,1.01652147771773,1.002098530828,0.969039322853352
"ENSG00000100994",0.967549865839526,0.987223927703828,1.01391286665707,0.995614034889232,0.992561737381223,0.991175290615488,0.972427572233281,1.02021929362836,1.18048584597862,1.06775067729243,1.02190812700214,0.936170212578929,0.939896165946506,0.949587351904228,1.09542997521466,1.15332938131726,1.00216748748726,0.835260701798486,0.840032646227294,0.924080664111491,1.00020019999996,0.961168934955731,0.98298338123535,0.946719681720334,1.14217821759561,1.1187319307908,1.08519649343343,1.08278112924878,1.11294441148832,1.08330885930821,1.03836266540669,1.15219328623583,1.05940494179336,1.01551621225074,0.98751123968678,0.98874838176068,0.921183768753954,1.02112047575188,0.958197450151557,0.950620963546821,0.939923053972591,0.947156517172188,0.9369063091817,1.00119498088006,1.01330913470189,1.06053700563548,0.978291176861523,1.04450804282157,0.967696629019323,1.02435643544072,1.03002765684907,1.02705400798102,0.991730596594255,0.973216972419858,0.959046760596967,0.99530328749969,1.03354902916206
"ENSG00000100504",0.946313386732894,1.04110131701672,1.00172641393283,0.966507176840808,0.97173460260404,0.968311271366163,0.979420579224891,0.960265566651189,1.03794418770569,1.02318578720803,0.82402826838485,0.946359004905332,1.04273162918476,0.811574027878776,0.955479115291306,1.06540209423723,1.02817733969888,0.827956989079335,1.07631095672795,0.922301304681237,0.81701701685345,0.942754203173988,1.0446810625844,0.914314115126379,1.07485148493567,0.958428870310352,1.03969270145973,1.00840668558829,1.03928501256349,1.00597161017994,1.00533913367504,1.01297158114408,0.989813413819503,1.04436045334308,0.986112498554079,1.00248929582744,1.0330519676532,1.04035696558446,1.01432947899707,1.03686040714618,1.01331754937095,0.821540009900043,1.01689830996562,1.02071300517413,1.09397055835976,0.976518378881102,1.02708623759668,1.06266653487365,1.10854735130246,1.04277227702123,1.01363097569861,1.0214635118256,1.00707382664002,1.00230715197065,0.989085811356947,0.993104826422883,1.00408163245314
"ENSG00000068976",1.01419073116717,1.02862236287439,1.01289732893005,1.00937001574773,1.00962015253206,1.02667468892365,1.01438561418294,1.03188813981855,1.12848825514385,1.08180266966139,1.06592629963333,0.996703625812266,1.01357827455799,0.976434324157018,1.08206388185119,1.1531317919081,1.02068965497129,1.00040576161485,1.01591511915611,0.96045867913,1.01641641621293,0.999399519415653,1.00845855288915,0.962823061438802,1.12495049482674,1.07686172842651,1.07908992394778,1.10078132704959,1.1217835393593,1.071757219565,1.03994463099863,1.14843053744956,1.0682803830422,1.02625820548513,1.01648516314987,1.01344219834443,1.00518661629102,1.02350024768994,1.02065421464163,0.851266765851711,0.845220479265025,1.00010065405131,0.985301469655974,1.00756821330262,1.03307118349807,1.04389180599546,1.00219079844609,1.05516628815649,1.01083467074421,1.03326732652807,1.03358356360459,1.03983228490769,1.01424728484323,1.02417494211572,1.01371783298013,1.02648146277076,1.04549527107108
"ENSG00000151552",0.969931527047746,1.10745766047193,1.10754544508834,1.08393141924164,1.1036397895262,1.08423586019169,1.07972027950455,0.983200885025007,1.10901425394318,1.10328214371107,1.11297324561071,1.09639396641766,1.11062300297312,1.11265785003228,1.10997542975725,1.10768622779931,1.13871921159828,1.08034083970778,1.10059171575177,1.09707394205277,1.16056056032822,1.12670136086335,1.093442133328,1.11789264391294,1.1851485146168,1.17834712368092,1.15867231337365,1.16684798710971,1.15871145135362,1.15085658323038,1.15404389931698,1.17358154249459,1.11931417022303,1.12432862519906,1.10860225774631,1.0765707455787,1.07739245376235,1.13534952877831,1.10149224209873,1.09190263266927,1.12084443107017,1.10317060873615,1.10288971080834,0.973312089031406,1.13167977391981,1.09561081916267,1.13065126446312,1.08733839907484,1.11516853910209,1.11306930671028,1.11398656635441,1.10931416569645,1.1214506324357,1.12087471138111,1.10523680762887,1.11761766740929,1.1159780983343
"ENSG00000103485",0.7248188943684,0.590274338795627,0.78277647998725,0.594098883454127,0.880690270578064,0.597673485640258,0.794405594246872,0.725882707831027,0.764103593502489,0.739937769599531,0.796769308269204,0.595345120248657,0.595047923203864,0.592622054172691,0.786240786086242,0.806757557635496,0.84354679786334,0.769730168234991,0.857784125513613,0.589165678017168,0.596596596477158,0.596477181626005,0.593093840065062,0.805367793080444,0.727524752331183,0.88405941563472,0.720772185418936,0.759370981948497,0.801807110429816,0.875183553426298,0.589282182995989,0.766214476529119,0.794351991771185,0.816590411613967,0.595464082206921,0.708752364690082,0.798128749964786,0.88329201767312,0.70837039219125,0.884649776277268,0.853112360490655,0.788726723545299,0.595940405840228,0.730332602921662,0.927001411387981,0.914297037369603,0.593507269350028,0.822461265010863,0.782704654738623,0.590099009784139,0.955748715733752,0.883697713709954,0.895685961762342,0.905406760777328,0.914588965472196,0.595583091716682,0.931209556808121
"ENSG00000101146",1.04435843980463,1.03614935108722,1.02183406092783,1.04346092483185,1.02747198234107,1.0579622942122,1.01238761218534,1.05321396216614,0.997992370809478,1.01535682003104,0.992831902878782,1.02447307940776,1.03654153333935,1.02873620343467,1.03410319389993,1.01620233135424,1.06049261062847,1.08683302879147,1.035094878385,1.05120601007291,1.07967967946353,1.02101681324639,1.03313762542877,1.04771371748554,0.863564356264641,1.00827434931547,1.0463902292827,1.03926416753254,1.00962482792975,1.00088105707276,1.03658295411576,1.02128923635582,1.0390317698358,1.0304356472985,1.04845638904017,1.05207607267707,1.01962778378529,1.04670302408593,1.04358138135318,1.06865375040861,1.06204991593922,1.06492199273982,1.04849515027527,1.03784106730973,1.02540834825057,1.04349549171832,1.0493925510756,1.05062666514347,1.01203852307142,1.00574257405827,0.861517186712462,1.01247878586154,0.982165985656637,1.0504564146754,1.0609792728425,1.02828020365179,1.01921353887124
"ENSG00000153201",0.84648208775499,0.893136575043451,0.8853457904163,0.87400318961842,0.579986115128437,0.901724829341812,0.754245754095056,0.884619253418244,0.836177474234857,0.802770249763571,0.787481070007576,0.791729097834037,0.92951277936711,0.849557521954945,0.861326781157479,0.761707172345049,0.901871921004557,0.907283424445672,0.720261171042591,0.822261763380336,0.882082081905489,0.772618094320933,0.817394765485641,0.896421470994747,0.838613861220077,0.77579503523561,0.823598936112755,0.817129858408242,0.773914751370278,0.876945667963398,0.860787027711927,0.579067234264963,0.835501764833989,0.882235925824103,0.894794684604897,0.887782534922278,0.779823044690364,0.878929102453361,0.909773692872858,0.929756582030848,0.920982539031078,0.806039254996268,0.894310568764261,0.879904401338398,0.861060697547679,0.889527395048147,0.914359689122812,0.577124247394232,0.776685393102591,0.793465346377532,0.831884630416459,0.813616851190253,0.734083889462173,0.903400541497964,0.915390006825795,0.805436194502761,0.822896963499672
"ENSG00000114115",1.08444973680968,1.0969594927014,1.12155986572122,1.07356459308741,1.12466527796793,1.0852386680535,1.10569430547339,1.06649230438256,1.09074483013637,1.09063535057902,0.954669358716876,1.09020077892514,1.10123801894943,1.10331112635909,1.06633906612947,1.09662122088587,1.18029556626989,1.08399269606736,1.10140787571895,1.08580466566117,1.05005004983983,1.09027221755599,0.940989152962287,1.05626242523732,0.936237623576983,1.07845678375467,1.06608884052672,1.07823162870572,1.09055195421517,1.04415075848377,0.934941664833905,1.09396969975364,1.07977811375093,1.02944101829532,1.06903786570706,0.941551329096574,1.10464761494871,1.08596926106376,0.934479691484439,1.10720317911432,1.05987964860217,1.09169602393725,1.0662933704497,1.08145787670156,1.10203670072554,1.06826513403978,1.03724357677012,1.08102240183933,0.948635633838556,1.09485148493171,1.12662979037404,1.07417390414811,1.09195974871138,1.08997893447889,1.07800140160649,1.09083641429183,1.09905425562985
"ENSG00000072042",0.871291058673952,0.898088540972945,0.917030567499334,0.942185007786646,0.903897649329783,0.911351784815212,0.887312687135402,0.90353083172648,0.907046777573369,0.913580246730186,0.852498737838971,0.953950654089711,0.656150159613389,0.868648702223596,0.83754299737837,0.924125666681659,0.868965517070155,0.872590789029704,0.863701285275719,0.850731514264387,0.796596596437118,0.813450760445666,0.871330480471424,0.92166997993605,0.940396039417743,0.860931113376347,0.928001575706097,0.946691721699794,0.900216067393397,0.958198727174117,0.95985762290689,0.872561639593512,0.877054967044467,0.888004774042569,0.93895494036588,0.912874638870283,0.935218142797678,0.945364402390607,0.905227789128327,0.857824142899588,0.902436618150846,0.953195772329503,0.952904709338485,0.914758016149222,0.861060697547679,0.931734865563909,0.891057558077861,0.880292114698452,0.917335473331193,0.878019801806333,0.830106677038699,0.869322152167451,0.841087974326773,0.886347677623363,0.884750175050616,0.84121115202534,0.88083623675842
"ENSG00000160439",0.848069861893804,0.738833316680433,0.74377983126967,0.83811802216146,0.56550629761668,0.78539911737156,0.569630369516557,0.573584146348741,0.572375024980451,0.722874636008657,0.742655224484068,0.825092398196965,0.569289137266516,0.788903251309754,0.560393120282969,0.56332740553975,0.821280788015511,0.69750456467894,0.740053050246878,0.877224199114823,0.747147146997568,0.750400320106005,0.704348691271898,0.819880715542767,0.780594059251368,0.825839896156746,0.809612922129496,0.81970131523693,0.817521115533781,0.837004405122466,0.865730670186725,0.8303792453054,0.819162884353169,0.773423512875786,0.569687281332863,0.847356367450492,0.763754703393928,0.565394149615192,0.842178080671573,0.84232488805915,0.831606984150812,0.860795168422588,0.915308468970041,0.567815176146621,0.71990320614642,0.851283067303818,0.818163712244938,0.857001874892529,0.738362760686524,0.564554455333752,0.734294745014956,0.569232304967708,0.568098037148929,0.795465944268138,0.78782417126508,0.725292295248268,0.702638128282202
"ENSG00000111445",0.979061228345924,0.975141130835864,0.953996140762873,0.97448165849791,0.992165030052134,0.9632972320571,0.971028970834959,1.00613620339883,0.948805460560368,0.976613469642354,0.982332155278681,0.950953950464299,0.979033546130385,0.987173113058134,0.98240786221476,0.989922939934811,0.967487684538426,0.977480218913069,0.967761681092071,1.01186239600398,1.01681681661325,1.0098078460749,1.00507513165388,0.97793240537218,0.861980197849113,0.978367061912398,0.991037131686982,0.960538027700418,0.979178943040821,0.957219774653506,0.968558433662535,0.969997029216755,0.984568834899734,0.956037397860347,0.972524727550699,0.958677685759499,0.971829553346521,0.956470004768176,0.938432651262292,0.99393939374189,0.964190588741405,0.991847005336317,0.960103989409038,0.975702051189862,0.992135510991705,0.972951550386812,0.991635132246239,0.957860455746993,0.984751203654745,0.982376237429233,0.950217305225165,0.956174503153404,0.963435289237136,0.950546694563036,0.995694402524143,0.978914759472586,0.957292184976149
"ENSG00000103549",1.15947206486862,1.11419233413604,1.12805930717415,1.12300637936144,1.1076068628171,1.1462093860517,1.16723276699955,1.12161754328103,1.18851636193766,1.16330422540132,1.15194346266493,1.11996803493758,1.12779552693135,1.15899373547599,1.14574938552418,1.1675558187774,1.15704433474738,1.12172854511631,1.12017955496426,1.14689600609986,1.19539539515608,1.16493194532327,1.21325505001229,1.18608349877016,1.16376237600718,1.18711992798582,1.15729341058657,1.12530906910784,1.18306815926477,1.13754282895006,1.15246193372504,1.17734429128085,1.16974281368235,1.20230753904868,1.1751423716305,1.11600119463985,1.10952913635523,1.1831432818675,1.1020851860654,1.06408345731464,1.05100128222334,1.11484650204029,1.07349265052025,1.12009559826327,1.18753780980288,1.11027444741697,1.15833499279858,1.11891838525236,1.1548956658999,1.15445544531595,1.15428684291697,1.17640011956147,1.14695626160268,1.17082957143729,1.13026934992885,1.14979514316982,1.16217023371584
"ENSG00000101654",1.06698422128273,1.03852629473338,1.05250330028384,1.03329346071904,1.05504314171278,1.04713196930463,1.03636363615657,1.01337893551687,1.03433045552413,1.03402589560694,1.02574457324064,1.06602736968015,1.07567891352323,1.03927612587466,1.05120393099731,1.00928670203334,1.03665024610115,1.06837086608473,1.03285043847524,1.05397390251997,1.04204204183343,1.06665332244462,1.02119613871605,1.06322067573296,1.06653465325415,1.09879373918876,1.08795429900759,1.09820987022091,1.07994500077,1.09074889846486,1.07593434821516,1.07079908880665,1.03156833060382,1.03739805032079,1.05584973502731,1.0353480033784,1.08817248020173,1.01834407515749,1.02816483821955,1.03765524072774,1.06027424266346,1.11383995951407,1.03589641015181,1.04979087810201,1.06110102821918,1.03497473475974,1.06432981456596,1.04056054454938,1.07423755997708,1.0237623760349,0.998419596799996,1.03843466086884,1.06505928044933,1.06269435227953,1.0645839589337,1.02588188247709,1.04828272751652
"ENSG00000176393",1.02431279130211,0.988808556801266,0.97085406703141,0.964114832343677,1.04869582444735,0.978138788411925,0.990209790011946,0.968514233785633,0.996587030516646,1.02137910247488,1.0423018675331,1.01987813384879,0.983027156353229,1.03470219726863,1.04216216195731,1.02232760303847,0.977339901285253,0.975451409824416,1.00489695959908,1.03795966764769,0.948148147958329,1.03362690131433,1.03472982365713,0.960636182711603,1.00336633643498,1.02183231960486,0.995764798385548,0.949856591642794,0.996464348655183,0.999902104552148,0.969151670759511,0.986632339640235,1.00474029228346,1.02108613466857,0.983115196126863,0.97998605974709,0.978134851829933,0.98859692593186,1.01195770313036,0.980029806064574,1.00345269783892,0.995269249925462,0.964303569450194,0.974905397137043,0.979431336765592,0.989200435749688,0.968532164714493,0.95095233377066,1.02668539305243,1.00475247504856,1.02607664934293,1.0118798041306,1.02361263305298,0.987260507375412,1.02613397396092,1.01169181552679,0.970632155107888
"ENSG00000153574",0.961397241051623,0.961077547596102,0.888595511142765,0.889154704766915,0.85510264785181,0.782791816930848,0.93586413567715,0.785232873798364,0.913069664542648,0.926427782610373,0.977284199701709,0.973329337534047,0.990814696287777,0.927115441796338,0.942899262713926,0.980043469476379,0.970640393897411,1.04706837065387,0.796368087982786,0.992289442271196,1.02802802782222,0.985388310451283,0.963279928159363,0.956461232414222,0.889306930516969,0.920745688182485,0.913818575610397,0.772030461720496,0.940679630536107,0.88771414569012,0.887284951376847,0.968412713938328,0.947251638739838,0.93236522758457,0.905784793504689,0.934183012857875,0.793857418734088,0.774020822850963,0.936456171373366,0.775558867208036,0.880733944780362,0.909310518186349,0.90550944887401,0.956383190409005,0.917725347667327,0.932527494118195,0.906193985081419,0.932201716977756,0.892857142677998,0.929900989914871,0.912485183541587,0.961365678154864,0.777722426865055,0.926271441282722,0.941624111156178,0.97271909643795,0.877053260153897
"ENSG00000163902",0.996923687407577,1.06031494482315,1.09962425081758,1.13157894714283,1.06714271525,1.1012835938425,1.09490509468633,1.06085906829074,1.08552499476299,1.04627120324274,1.07642604723343,1.06582758943845,1.01737220426969,1.0633389676716,1.05808353787556,1.04327208041034,0.999014778128273,1.00527490342762,1.1744541927822,1.00711743752331,0.969969969775782,1.07806244974418,1.01343417235278,1.08091451270757,1.07722772255896,1.06011364748079,1.07121047945017,1.07130847570541,1.06973089745242,1.07488986763096,1.08443741327181,1.03317160094402,1.03822491154045,1.04117764053289,1.10600459564272,1.04908891744517,1.10322383787181,0.888448190205563,1.06413677219802,1.04143070024015,1.07250665856318,1.09733266208408,1.14848515125518,1.0997809199164,1.03044968722919,1.06687803406978,1.04859589702279,0.993980064937535,1.05658105917805,1.04930693048529,0.949229553348631,1.03144654067456,1.04692637221342,1.06951549782937,1.03614699088092,1.02588188247709,1.07675460406635
"ENSG00000118705",1.11799146549211,1.15776963431558,1.21681730451573,1.22169058986808,1.15144302268146,1.20798235033935,1.19840159816216,1.18579619732707,1.14575386445578,1.15708120020936,1.17496214009592,1.1842972727631,1.10163737997172,1.15879486901486,1.14574938552418,1.14977277195223,1.11487684707096,1.08845607606239,1.26933278896769,1.12198497407632,1.06906906885504,1.17373899095802,1.15354761644869,1.17912524827453,1.18019801956828,1.15442129375846,1.16143011894781,1.18326574993902,1.14417599663245,1.16534508053542,1.18489222835972,1.13040895115746,1.14614220854339,1.1342749152309,1.19672294910646,1.16140595416481,1.20044747255152,1.18611799679006,1.16098428675541,1.1501241925186,1.17667949074151,1.17886260670783,1.23087691206262,1.19896434949234,1.12845331697349,1.17685524597704,1.14060944012336,1.12286588352455,1.16392455835395,1.16950495026346,1.11477676785563,1.15623440128657,1.1583142370911,1.17183268107697,1.15329928884484,1.14439892052675,1.17949228448392
"ENSG00000167325",0.951076709149335,0.898682776884484,0.85183304542463,0.884768739855509,0.94892393118141,0.938628158656512,0.924075923891294,0.88542400143136,0.89560329233174,0.91317876123393,0.960323068963085,0.873838777170345,0.965455271372713,0.965297802333639,0.952923832736526,0.935190673595102,0.948571428384518,0.975654290733282,0.958579881461216,0.964610517800591,0.987587587389872,0.90892714153144,0.96467310160918,0.923658051506231,0.856435643394765,0.877280430490025,0.875406283684545,0.829591533808804,0.887055588118826,0.848751835369799,0.869092347069588,0.886226358869942,0.933131618571229,0.892182215855941,0.86861824340721,0.860300706788748,0.883148581128211,0.867426871419449,0.883684158339029,0.923596621773751,0.871460984340246,0.888777050651479,0.893910608760342,0.870543716217777,0.919741883258774,0.875061923932416,0.892650866183499,0.927859468878346,0.913523274295039,0.898019801802372,0.851639667947128,0.838973744466612,0.897479326313146,0.877520312794158,0.927405627129788,0.892175476987674,0.915281234262761
"ENSG00000171848",1.02828222664915,1.01495493690899,1.00985071574899,1.01016746391344,0.85470594052272,1.01022863998993,0.992407592209309,1.03269288783167,0.865087331687395,0.984241694071215,1.01665825320209,0.995904504845489,1.07328274738952,1.09495873499156,1.03449631429297,1.00474214562246,1.02561576334471,1.07567457880388,1.06549683716272,1.07315144304604,1.08568568546833,1.02341873478314,1.09961190146291,1.06461232583208,1.00356435623692,1.0553284814963,1.00423520122048,0.852339036524114,1.00098212512257,0.843661282262621,0.98734427506677,1.03455787681264,1.04488149247708,1.0109409188361,1.01868318492983,1.01264562361592,0.996033763653812,1.08339117479754,0.85166518413842,1.0303030300983,1.00167702456315,0.995671866935949,0.861713828444813,1.04580760783792,0.98326275438934,0.853859110105249,0.968731328227697,0.980755945725697,1.01765650059838,1.00792079187962,0.988146977284048,0.981731057006742,0.858623094379073,1.0185575281335,1.07039150874729,1.00029978994698,0.857939273099465
"ENSG00000137996",0.93063411711211,0.998316331385893,0.975525540575703,0.992623604267818,0.808291183019282,0.817288407377198,0.995604395405474,0.976561713916797,1.00040152559719,1.01716350476419,1.00535083270967,1.0056937366885,0.976637379996678,1.01998607914488,0.974545454353898,1.00059276802992,0.989162561381446,1.0030432134301,0.978575800657299,0.994859628114895,1.02042042021613,1.00900720556265,1.02020101482333,1.00735586461086,0.992871286932105,1.04535938569527,1.00502314567024,0.945702699842606,1.00608917678136,0.98854625531306,0.932568716446002,0.995148034261779,0.993444276148574,0.986870896959047,0.92037166531714,1.020611370901,0.82884165548076,0.9529003468611,0.951082122551422,0.964530551224137,0.921969024184282,0.982586814095101,0.924507549060192,0.958374825541053,1.04759023975649,0.962449222042515,0.978490340374728,1.00523043501328,0.986556982145554,1.01227722752232,0.997234294548156,1.00109813297373,1.01783401394484,1.04744708575636,0.816060878979461,1.02668132286866,1.01742160258488
"ENSG00000211456",0.875458965788338,0.859265128085715,0.908093835501555,0.883173843524088,0.864226916420861,0.912354592677025,0.883316683140197,0.901921335700247,0.860469785010948,0.865602729927612,0.881373043739248,0.869843172336461,0.926118210677692,0.86685890407341,0.826928746766206,0.844299545377534,0.853399014610168,0.881111787202047,0.943889002051849,0.856069592555146,0.86766766749396,0.867093674766394,0.869539257464516,0.899204771193001,0.909702970116891,0.861728641040429,0.896483797715654,0.911680347955359,0.886269887863628,0.88066568754172,0.884121020192976,0.864243984381772,0.643267775967067,0.867714342377618,0.887601158779578,0.865876729888305,0.795484592536259,0.864253842168715,0.873406462916611,0.849677098688589,0.887244746791507,0.876497231831606,0.894110588762302,0.874526986481871,0.643073200112306,0.872089566853841,0.846644094633212,0.872199743240462,0.861757624225169,0.855643564187001,0.851047016821208,0.853349306009115,0.876357477159239,0.856053766504955,0.886953038773014,0.637353852176006,0.865306122276694
"ENSG00000142230",0.981839833088848,0.996137466376916,0.974306895303279,0.962918660095112,0.918575820506084,0.9857601281617,0.922677322492972,0.99849109727422,1.00582212386954,0.940680517727455,0.918929833231917,0.908600539225132,1.02096645347025,0.993735706275483,1.01228501208604,0.876111440253683,1.02482758600496,1.05518360700848,0.953682921658094,0.969553182884628,1.03023023002398,0.910528422555939,0.913921783080123,0.984493041553779,1.01049504930485,0.94865915642535,0.979217964940566,0.982494312929978,0.926537025942538,1.03005384218697,0.999999999802254,0.946430339450157,1.01038830035091,0.991844041974966,1.00009990988109,0.988947525442807,0.93257398536915,0.972136836693676,0.992983496196663,0.991356184601817,0.956693301577056,0.989431303273391,0.95790420938748,0.970922126872949,0.998588424884334,0.958089764993938,1.01274646464594,0.913451100184851,0.936396468511959,0.940594059219684,0.961477676617646,0.956573824307363,0.869184018956026,1.00170528618684,1.02373084990012,0.940141900481634,0.961274265612489
"ENSG00000073060",1.01657239237539,1.01436070099745,0.909515588319383,1.04685007953611,0.888227709830759,0.898114721039287,1.04535464514578,0.988230560106985,1.02670146536304,0.898926026116847,1.10812720825681,0.89461592230654,1.02755591033795,1.03430446434636,1.04786240765644,1.03497332522526,1.0212807879761,1.07810914971026,1.07427055680998,1.01779359410483,1.0376376374299,1.06665332244462,1.04089959179204,1.05029821052678,1.05643564335516,1.06330375813711,1.05820939602911,1.07209969319116,1.08328422685459,1.03357807126117,1.08779909015468,1.02485394573228,1.04568835077243,1.03222597950423,1.01109001878088,1.0006970026883,1.04586596134529,0.888051561549221,1.08251803516503,1.00784898141921,1.01963105435146,1.05002516335178,0.89551044877602,1.0280820551627,0.97156684795895,1.04171207747118,0.89185421213068,1.02477055146062,1.0656099516321,1.02574257405431,0.987159225407515,1.05201158010342,1.02680083669885,1.08636773977603,0.896765795354608,1.03947236913371,1.03315082109843
"ENSG00000143653",0.982236776623551,1.00326829731539,0.995023864934493,0.937799042875239,0.838044232700973,1.02286401904876,0.965634365441432,1.01760386258574,1.00140534009207,0.939877546734944,0.951438667147615,0.977125162126236,0.843650159575948,0.969473998017406,0.957444717256522,0.975894091883838,0.984827586012842,0.977683099821935,0.933482962470214,0.948991696135035,0.998998998798999,1.01941553222189,1.01343417235278,0.975149105173927,1.05603960375128,0.980360881072603,1.03260120141188,0.974384333701041,0.829895894553153,0.985805188255349,1.0235317379823,0.836716506419107,0.959354513170075,0.982892380946311,1.02008192606253,1.01861993407973,1.00477982284048,1.04590976677325,1.06136970035352,1.04262295061249,0.967741935292938,0.955208857381941,1.00629936986175,0.998805018721608,1.00705787436841,1.02050926364401,1.02230631327976,0.93851771421326,1.00240770445377,0.836633663200667,0.960687475116419,0.843565937737134,1.01663843757764,0.959173437464305,1.02333032922332,0.969321474773794,0.981981084921457
"ENSG00000099194",1.00327478396283,1.04684559749493,0.987711993299947,1.09649122785158,0.987206188438519,1.00681909325976,1.04495504474626,1.05442108418581,0.98795422586068,1.04988457270905,1.06552246318717,1.04505044430226,1.03454472822793,1.00487222809886,0.993808353613011,0.992294012844834,0.9986206894584,0.993507810713429,1.07855539663772,1.00197706583591,0.996996996797398,1.03122497977758,1.00149268564007,1.02683896599864,0.987722772081639,0.984348519393012,0.957943464797017,1.07249530193403,1.08171282634419,1.03906020537659,0.997033814317375,1.00861471412841,1.00030257165904,1.01352695424438,1.02747527204966,0.985163795482393,0.97020237954435,0.977094694897948,0.98903053641881,0.994734227323451,1.03561211383336,1.03593356798471,1.06169383040462,0.994622584944309,1.00020165335749,1.00624194966685,1.01852220652887,0.871410243586024,0.986958266254623,1.02118811860967,1.07092058453755,0.999101527203933,0.972800637446886,0.995686628348744,0.884149394035416,1.00529629239426,0.991338974416856
"ENSG00000116171",1.05586980231103,1.06784193303598,1.17396161243547,1.13197767122568,1.10502826517802,1.11050942617118,1.0981018978825,1.11276531513675,1.11563942960939,1.10147545897792,1.10974255404145,1.16411946835199,1.03134984004965,1.07089589319461,1.09975429953813,1.07587433292316,1.07802955643783,1.11016433331098,1.10222403568614,1.00138394602582,1.10330330308242,1.08767013589118,1.08468504307201,1.08151093417863,1.07999999978614,1.08025122099885,1.0654978821894,1.15141924613759,1.03005303456491,1.10093000467921,1.10005932349218,1.02683433983031,1.06686838102534,1.18161925578245,1.15695873690539,1.11162003363305,1.14492016655244,1.13554784310649,1.06492736415359,1.11256830578985,1.10111472800609,1.13195772498602,1.17328267149819,1.11332403881432,1.07441016312272,1.18121470302562,1.05317665782649,1.12424750791982,1.03731942194275,1.10712871265205,0.981627814898928,1.08954776857551,1.07980472231149,1.10943926148873,1.12025633300886,1.12181472946501,1.0984569435344
"ENSG00000115884",0.593430584381576,0.880657620901127,0.876205950873117,0.862240829174194,0.836457403384616,0.913156838966475,0.872927072752662,0.904134392736317,0.853443083546789,0.914182474974569,0.967188288547766,0.915992408167817,0.858226836889332,0.895495674476385,0.930122849940025,0.913258249177384,0.88236453184584,0.60661391750728,0.856763925554629,0.865757216119858,0.895295295116057,0.952562049449047,0.858194845087433,0.85149105350865,0.89564356417908,0.882264978390536,0.588988476196397,0.591435070598074,0.878412885311646,0.585413607325421,0.88155032610608,0.880681255395449,0.931921331128206,0.928784563173108,0.852033169976614,0.837598327026267,0.871148174337202,0.944967773734265,0.875778238783323,0.87769498243861,0.893558251772012,0.888978359156723,0.881111888634914,0.899223262119254,0.919741883258774,0.927771722792476,0.92272455667741,0.899634856232185,0.923555377021758,0.920792079025586,0.947846700721484,0.936008784878505,0.891501444477134,0.913030394038915,0.922799639346591,0.901568901588574,0.890393230285636
"ENSG00000073578",1.07115212839711,1.07101119123086,1.05494059082869,1.08273524699308,1.05484478804823,1.07761732830373,1.07652347630839,1.06166381630386,1.01766713490912,1.02659841392621,1.03725391195613,1.09099989989192,1.05770766752043,1.05260017877049,1.03921375900949,1.03003358999604,1.06975369437049,1.08094948243438,1.03264639848344,1.04052985349139,1.05545545524415,1.02942353862502,1.04786545904113,1.01809145108984,1.02356435623296,0.997707107766383,0.980202895502767,1.07091286696253,1.05087409132766,1.06138032284652,1.10856238854883,1.03396375858323,1.03883005526196,1.04814004355517,1.0710360673252,1.09947226902331,1.05176446637816,1.01279127396871,1.09319102656524,1.02811723774901,1.08020124275817,1.06270759918214,1.05069493029683,1.06791475780364,1.07178866685384,1.06410383412977,1.06970722942248,1.0616796603056,1.06942215066825,1.07366336612403,1.06558672440427,1.05540580991207,1.02998904034473,0.991674189790014,1.10864123338167,1.0750474665584,1.03912394205294
"ENSG00000117118",1.03006847255531,1.04189363156544,1.02427135147268,1.05163476853038,1.03044728730924,1.04893702345589,1.05454545433476,1.06327331233009,1.02168239288864,1.02920806965187,1.01019687006356,1.06123264387949,1.04392971225161,1.03708859480221,1.03646191625819,1.02193242422013,1.02246305398572,1.04930006065139,1.01856763904947,1.03519177520063,1.04224224203359,0.971176941358852,1.0192058909306,1.01510934373457,1.02970297009313,1.04356494845109,0.995567812273108,1.04875877736153,1.04655273992407,1.05198237864866,1.10065256058915,1.04445984730281,1.04084720100033,1.01830117345966,1.05545009470368,1.07099472247914,1.04139123338932,1.00704015845175,1.07204269175372,1.01917535995645,1.06362829218435,1.06129843964544,1.0388961101812,1.04401513621908,1.05726961059543,1.0652927769612,1.07428799022619,1.05931116134229,1.05477528068724,1.01069306910679,0.994468589293863,1.04382549644727,1.02321410759725,0.912829772110978,1.04075297866411,1.018686918953,1.05465405653466
"ENSG00000140612",0.941351592549102,0.93235614520504,0.96435462557848,0.931419457549557,0.931865516030573,0.929201764755475,0.953646353455815,0.943768232382302,0.962858863488685,0.959148850555224,0.965371024540056,0.928378783152856,0.89197284327237,0.945610022681593,0.95469287450522,0.934400315958427,0.911330049081511,0.904037329903827,0.975107120796754,0.9630288649737,0.914314314131268,0.969175340078227,0.940989152962287,0.947912524662443,0.947128712683737,0.94885853834137,0.933911159079304,0.936405894385045,0.981339618742616,0.961527165744194,0.949574846559309,0.919100900897297,0.947655067887513,0.964392281487091,0.970526525932555,0.931594144990223,0.97772805837939,0.972335151021847,0.934282043495547,0.926378539309214,0.931636578685679,0.941519879025361,0.97850214958934,0.968333001201288,0.948779995775604,0.967799464783949,0.927305317481118,0.923319845865327,0.959470304783413,0.956435643374963,0.944290793965964,0.960966357000905,0.95307362738805,0.935299428039864,0.949834785030573,0.969321474773794,0.94395221484441
"ENSG00000157020",0.976481095370352,1.02485886876798,0.995836295116109,1.01973684190197,0.960428443724997,1.01544324087135,0.973626373431843,0.85826375598868,1.01023890764701,0.971394158191028,0.967995961440082,0.934372190403681,0.992412140376914,0.949985084826492,0.982014741821717,0.921557004362466,0.840591132839293,0.865489957219418,0.981432360542454,0.925266903731659,0.992592592393875,0.972578062255289,0.975818489207718,0.988667991851159,0.972673267134124,0.967401056531273,0.960898256483621,0.970032637529417,0.956197210576272,0.969554576413205,0.984180343882899,0.9252401226012,0.968633383566589,1.02088720886794,1.01089019861906,0.973414318236899,0.867690430007589,1.00565195815456,0.999308231841228,1.00824639820999,0.993587846306878,0.971514846306691,0.997700229777482,0.997809201155585,1.00806614216413,1.02169820647544,1.03166699840039,0.964571202809717,0.974317816818957,0.975445544361298,0.987554326158128,0.954377557960592,0.999302580253203,1.02417494211572,1.03654751155772,0.94353952214579,0.978795420412385
"ENSG00000085415",0.946511858500246,0.967812221260213,0.963135980306055,0.979665071575027,0.936229296650554,0.973325310675225,0.950849150659171,0.945578915411814,0.96165428609483,0.975810498649842,0.971024734786265,0.976925381884542,0.992811501399199,0.963905737105716,0.948992628806095,0.94546532287187,0.956059113112107,1.007709474334,0.971842480928006,0.981810992293039,0.973773773578824,0.949359487400048,0.961090655595365,0.980914512727452,0.920198019619763,0.938490678708306,0.965428937069747,0.957570962128856,0.936751129260116,0.944493391885562,0.960055368605882,0.952173482334454,0.965809379532868,0.940720111211315,0.971725446903442,0.971223737733501,0.968981999192722,0.943579573437069,0.96887044155176,0.9937406853465,0.995955410674567,0.989028686262903,0.966703329473712,0.960963951212714,0.960879209324283,0.962052907765372,0.97689703226909,0.97957169624404,0.962279293546894,0.944158415654622,0.924733306810602,0.955974842576425,0.952675101932315,0.962383388311288,0.985681385604149,0.973318676731624,0.948531607576201
"ENSG00000086475",0.99732063094228,0.97831038903074,0.933482278677062,1.00079744796635,1.01457899414568,0.961492177905838,0.948651348461808,0.938134996290487,0.964866492478445,0.946301314675037,0.971226653009343,0.963340325449338,0.952076677126183,0.986377647213607,0.976707616515635,0.972535071927972,1.00729064019561,1.01399878250883,0.995103039992838,0.992684855477919,1.03903903883102,0.979383506609411,0.973231167086629,0.984691848710797,0.964356435452603,0.975575715088112,0.966807839856829,0.946098308585481,0.951679434108882,0.951541850033962,0.948190626666365,0.959302901087374,0.977710539389267,0.997612890193433,0.987311419524965,0.993926117495982,0.98525373721443,0.99077838354174,0.986658760552098,1.00129160437133,0.962020321404356,0.988022143736684,0.933706629150343,0.955785699869392,0.98931236116368,0.983255721592538,0.976100378216271,0.930820092582489,0.990569823236242,0.97584158396518,0.954760963857218,0.966357192579344,0.988542392948383,1.01253887029541,0.994693100832143,1.01089237513523,0.987555997812333
"ENSG00000196136",0.732559293295116,0.918490640602458,0.863410175512662,0.920853269353897,0.929683625720582,0.885479341980449,0.840559440391497,0.906548636775667,0.813892792448526,0.898123055124335,0.745280161384093,0.880631305387947,0.849640574910215,0.928706373485392,0.931105650922633,0.861292234566036,0.885911329874697,0.887401095376871,0.89267496411086,0.856860418968592,0.738938938791003,0.911729383324313,0.734600457610787,0.733797216553917,0.876435643390805,0.830425680225217,0.93036540905538,0.880031648525362,0.870359457695863,0.872638276872709,1.10045481489016,0.880483215985645,0.938577912064836,0.912273721720256,0.913377959653636,0.871452752987862,0.911420725940929,0.891621219456297,0.729518727002763,0.885245901463439,0.912696063744166,0.904479114060498,0.901909808838734,0.735112527238575,0.930227868334296,0.928762508485334,0.930491933692393,0.728510806132733,0.740569823286403,0.911881187938241,0.864480442342062,0.912448836794959,0.876357477159239,0.740495536013543,0.885751476742615,0.906565404035862,0.734892981436557
"ENSG00000164466",1.10985412303069,1.02188768921028,1.00132019884202,1.0243221688548,1.0044629572539,1.07059767327104,1.09930069908106,1.07252791448093,1.01244729953575,1.04948308721279,1.05885916182557,1.0949955047258,1.04592651736303,1.06115143659915,1.03194103173819,1.04109859690948,1.01280788157383,1.02130249522798,1.02774943868032,1.04290233273173,1.06666666645312,1.01781425119739,1.08388894395783,0.745526838817987,1.0029702968311,0.995314524774137,1.02019107632814,1.09563841339222,1.04007071281869,1.03886441487247,1.07830729660306,1.03752846795969,1.05980837094104,1.03938730832716,1.08562293913765,1.07457930875743,1.10057968044329,1.04115022289714,1.08647099494289,1.10402384478807,1.02120943059658,1.0707599393919,1.05649435035367,1.07548297130542,1.02218189130426,1.0387397203926,1.06014738078866,1.02615217585589,1.04875601905121,1.01346534633397,0.994271038918556,1.00968353778383,1.05091162677077,0.974621325915414,1.04696104915451,1.03687418786112,1.01602787436216
"ENSG00000107819",1.03245013376353,1.0725958203283,1.06001827946379,1.03389154684332,1.03580283625195,1.05334937804786,1.04715284694363,1.05180565314318,1.05862276630022,1.07678410095819,0.931852599508965,0.921985815418642,1.05151757167502,1.03311126557957,1.03783783763384,1.04011064986364,1.04295566481912,1.04625684701841,1.09181799610451,1.03914590726786,1.01561561541229,1.03302642093014,1.03492884843568,1.07176938348474,1.10613861364235,1.08583391464743,1.06963459055065,1.09919889207809,1.04871341562587,1.07998042073813,1.05952145519883,1.0735716405439,1.06364094784395,1.06823154941949,1.04026376240578,1.06979986038638,1.05440862380669,0.915220624508632,1.04456962129764,1.03248882244759,1.05652559908128,1.05988928010873,0.922907709044514,1.03963353892857,0.930631175452585,1.0666798769312,1.02688707408347,1.04825816618015,1.05718298534166,1.01069306910679,1.07289608829062,1.06698612337686,1.0869781805147,1.0630955961354,1.07179333111609,1.05046467451774,1.06699850650732
"ENSG00000097033",0.693658826894183,1.01614340873207,0.996851832843129,0.956937798852285,0.918774174170629,0.960489370044025,0.961038960846945,0.944371793392139,0.989961854850439,0.964167419258423,0.944775365786012,0.922984716627113,0.922923322499416,0.9362632990084,0.939950859766103,0.884805374257102,0.916059113119988,1.01095556887585,0.94633748195341,0.944049031050999,0.925325325140075,0.910328262427877,0.95830430869573,0.933996023671174,0.692079207783747,0.965207855455048,0.963853048170225,0.691326278174003,0.686505597979472,0.897699461400353,0.69112121797684,0.934547974861957,0.895007564115984,0.936343743597306,0.698371465541338,0.967639151455215,0.941320044555818,0.894794248707031,0.690779721179804,0.921410829424459,0.921377133092359,0.870256668169048,0.698930106849529,0.904003186436167,0.972978422872963,0.692559199307924,0.926309499915095,0.93022796784166,0.910513643477024,0.978019801786531,0.969379691629913,0.936607766609442,0.956660356489656,1.0119370045116,0.905977770921002,0.961526930956025,0.917471378612748
"ENSG00000176974",1.03780887148203,0.974744973561504,0.876205950873117,0.953349282106589,1.07904393512267,1.02446851162766,0.965634365441432,0.990242430139776,1.02750451695894,1.02699989942246,1.01686017142517,0.999900109679373,1.03993610202877,1.07507208887838,1.04412776392253,1.03457814640692,1.0374384234409,1.07608034062161,0.99999999979596,0.986951363980437,1.04364364343471,1.03202562028983,1.02020101482333,0.960238568397567,0.973069306738006,1.05074269742783,0.985915492763535,0.980516269215603,1.00098212512257,1.01067058227887,0.979038955709108,1.04346965025379,1.01643973756602,1.01113984463673,1.0280747325351,0.956487105256101,0.982812976511174,1.0155676745631,0.975392825185217,0.946845504034407,0.9941797373988,1.02405636617533,1.00749924987351,0.986058553876507,1.03972575094984,0.996334092738267,1.01254730113273,0.974637323403802,1.03069823414312,1.03069306910283,1.03654681923419,1.03224518298248,1.00169373298761,1.01695255271001,1.06878942604009,1.06945138381744,0.989347934098686
"ENSG00000182199",1.1632430284483,1.14231950061557,1.18249212934244,1.1784290268783,1.17028662081319,1.17629362190608,1.18081918058325,1.16225731794341,1.1230676568715,1.19702900708682,1.18445229658063,1.16292078690182,1.17032747580465,1.16714726038239,1.16265356242503,1.16123295768401,1.21399014754404,1.18157841323157,1.15629463351228,1.15401344382088,1.18958958935143,1.21257005580213,1.18260523411631,1.18071570553067,1.16811881164988,1.14086332346907,1.1486260216392,1.18741964173921,1.16342565288481,1.15438081230458,1.22444136815811,1.15694623207111,1.15400907692304,1.0861348714768,1.12558697150053,1.1775365924171,1.19719312494718,1.14030738698259,1.23569522655683,1.14376552386612,1.16326329265793,1.2255661799244,1.15628437133161,1.13443537121401,1.16737245388841,1.14812246088415,1.17705636303982,1.17615711019912,1.18258426942565,1.16910891065958,1.15112603691207,1.21852850130408,1.17106705167459,1.17062894950935,1.16791829354803,1.17597681599361,1.17750124416575
"ENSG00000064651",1.11739605019006,1.09933643634756,1.14126129762542,1.1024720890944,1.08737478903355,1.08904933792839,1.12007991985613,1.1113570061138,1.11744629570017,0.996888487203274,1.16587582005737,1.12316451880468,1.13478434482133,1.12757283461717,1.14201474179027,1.14601857317802,1.11605911308058,1.13998782691418,1.17098551292165,1.10537761939395,1.09549549527618,1.11729383484442,1.10816996694036,1.09980119262429,1.09782178196083,1.11594058396652,1.09937949352913,1.11779250299322,1.09703398132056,1.07802251569691,1.09175400413452,1.09595009385168,1.10176500229919,1.1094091901513,1.09401538593386,0.988947525442807,1.10586799530034,1.10937035178793,1.10702638578772,1.10879284627744,1.09756338145456,1.13296426751224,1.11688831094553,1.12686715771224,1.10969953597304,1.10948181886268,1.09360685100705,1.10431264164526,1.0842696627038,1.10871287106758,1.10292374533723,1.0829589695352,1.13978280339947,1.12729461307507,1.10123160086087,1.08583991184454,1.11060228947524
"ENSG00000124067",0.549965267331554,0.548875903625062,0.85183304542463,0.872208931245572,0.549638004453112,0.883273164684462,0.759640359488583,0.950407403490513,0.885364384483966,0.556258155062479,0.559515396151537,0.553591049734574,0.553314696375137,0.55105896379615,0.544668304561244,0.741157873791512,0.546009852109161,0.879082978113394,0.565394817268844,0.547844997914621,0.554754754643693,0.791232986230738,0.629714399317402,0.550894632097238,0.796831683010528,0.552487289292695,0.829902491710844,0.786074572092558,0.544293851788589,0.875183553426298,0.547953331906673,0.548767204565052,0.815733736597936,0.856972349143232,0.882006194248775,0.763317733592887,0.563612325726917,0.549529003361521,0.547682577221527,0.829607550754176,0.856269112980908,0.790941117102981,0.84371562826843,0.831706831142859,0.854204476536761,0.856435152906681,0.84744074868603,0.750419421543389,0.555979133114771,0.548712871178473,0.792967206481042,0.825796146385985,0.814984556976191,0.697763065363073,0.554921397706034,0.687918456942557,0.855948232781295
"ENSG00000141526",1.00208395335872,1.03872437337056,1.04620696637632,0.969298245420794,0.996132103343026,1.01544324087135,1.02157842137431,0.994668544211917,0.982132101790377,1.00772859560218,0.882382634854643,0.99071021856144,1.00099840235603,1.01660534930564,1.00324324304605,1.01541197371756,0.999014778128273,1.0322580643067,1.06019179737601,1.0312376431334,0.874874874699725,1.0332265810582,1.00726440421788,1.0242544729574,1.03960396019018,0.991127504537708,1.01684231241666,0.976164573043979,1.01492830465234,0.855604503014076,0.999999999802254,1.01752648756956,0.963187090072983,1.01173662203864,1.06324308101444,1.01603106621208,0.888843689435809,0.998909270996746,1.05464966873117,0.965524093201088,1.00108513347123,0.991444388325829,1.01629836995974,1.02031467814772,0.881226053462144,1.05657386286405,1.00736904978941,0.946215335844031,0.973113964491751,0.992079207724341,1.01284077419738,1.01108116182269,1.03158314216766,0.876717825082412,1.02232902753133,0.98870790426927,1.00806371308948
"ENSG00000115902",1.04793093161696,1.03456472198979,1.09942114327218,0.891547049264046,1.02370326271473,1.06658644182379,1.00539460519373,1.00855044743818,1.0078297528593,1.02418950094867,0.902978293608687,0.893417240856375,1.04313099020704,0.8893308141813,1.01680589660603,1.05967200137134,0.999014778128273,1.04402515702089,1.02387267883618,0.985765124360268,1.03703703682942,1.0662530021885,0.890038809654684,1.01113320059421,1.09425742552589,1.07167779860997,1.09130306291908,1.11067154562147,1.18660381041316,1.03964757688896,1.04389954497847,1.12327953240454,0.984770549473571,1.01352695424438,0.89359576363401,1.01802250303335,1.05217125982871,1.00922161606163,1.02263069453056,0.888623944185072,1.00207161862443,1.0413688976263,1.03929607018512,0.992431786299057,0.999798346239202,1.04428812027261,1.02728540110988,1.02516530128784,0.897271267877755,1.02930693048925,0.981430264523621,1.03324348586738,1.04513300766262,1.05005517081953,1.03674777189612,0.893774357770806,0.890393230285636
"ENSG00000105281",1.11322814307567,1.07081311259368,1.1855387425235,1.17125199338691,1.05206783674461,1.1237464899471,1.11688311665996,1.1797605872287,1.09074483013637,1.15627822921685,1.15133770799569,1.08940165795837,1.06888977614439,1.10768618850399,1.11449631427725,1.08792728688245,1.22108374360176,0.836680868160543,1.13874719421776,1.11170423070152,1.02402402381901,1.05884707745019,1.03333665020732,1.1097415504752,1.01900990078831,1.09022031679988,1.10292524355305,1.05449510413322,1.04576703966887,1.03142437571582,1.07692307671012,1.06406574887334,1.13020675721025,1.05669385298256,1.08622239962309,1.06462212465108,1.16525983907958,1.11452652432037,1.11453700936564,1.03805265751852,1.0667850446746,1.12330145926053,1.19508049171181,1.06532563213198,1.08066142345621,1.06311304843691,1.10495917125972,1.04825816618015,1.07764847490416,1.10871287106758,1.11418411672971,1.0330438252904,1.05947992406905,1.14755742779666,1.10503654729047,1.08843809311713,1.04947735170742
"ENSG00000110628",0.569217028764669,0.999702881846152,1.08337564718526,0.57177033481424,0.568878309913939,1.03188928980508,0.573026972912482,1.02705965173985,1.03513350712003,1.00893305209095,0.579101463790186,0.572969733178909,1.00918530331286,0.898876404315626,1.00088452068779,1.01422643726255,0.565123152598005,1.05761817791487,1.04590899795023,0.567022538440684,0.968568568374661,0.574059247283014,1.0192058909306,0.95347912505895,1.0116831681165,0.999700926926587,0.564956170478685,1.0010879238451,0.983893144572011,0.979539892123438,0.961439588498825,0.961679374005014,0.988804840950317,0.570519196226274,0.573084224083708,1.01921736512611,1.01576324600513,1.01398115993773,0.98903053641881,1.00447093869757,1.01667159889185,1.02244589813338,0.996100389761804,0.571200955871101,0.578342407626872,1.09699791913267,0.571200955871101,0.566071252232099,0.957463884238069,0.567920791966748,1.03318846285397,0.995307976241328,1.00866792846295,1.04524024454905,1.01371783298013,0.573198760752833,0.571030363251164
"ENSG00000100075",1.00287784042813,0.935921560674275,0.994414542298281,0.962519936012257,1.00228106694391,0.980746088852638,0.954245754055096,0.954632330559374,0.96707488436718,0.93345377879485,0.961736496524637,1.01028868224747,0.759584664385067,1.00805409147697,0.982014741821717,0.921161825544129,0.962364531830076,0.934469466233623,1.01101815935299,1.01344404883087,0.970370370176102,0.931144915746368,0.956115036131732,0.921471172779031,1.00574257405827,0.946266573433104,0.960701270371181,0.982296508558541,0.959143586533266,0.987175721784204,1.00217520249117,0.944647984761927,0.887342410310168,1.00755918022527,0.993306024379397,0.975604898740296,0.952710261171014,0.991571640854423,0.992390552229985,0.947242920825188,0.97326625215088,0.981177654558394,1.02209779001658,0.993825930891491,0.951804799162774,0.960269493518227,0.948615813394022,0.931806967150537,0.972712680382682,0.947326732485678,0.933030422573483,0.9322152339159,0.965228653787939,0.763165813870365,0.992890757786544,0.929349455195493,0.972424091394241
"ENSG00000183048",1.06599186244597,1.01752995919233,0.984259165028078,0.999202551634928,1.0266785676829,1.07019655012631,1.00179820159804,1.02223116366115,0.824934751892203,1.04105189179142,1.02735991902527,1.07142143620589,0.984424919931225,1.05975937137123,1.01680589660603,1.02706974885851,1.02305418699053,0.990058835262719,1.03733931829477,1.02985369690987,1.04604604583663,1.09027221755599,0.817792815042732,0.982504969983597,0.813663366175512,0.97497756934005,1.01073574293101,0.984867965387228,1.04380278903088,0.804503181438179,0.993276646036528,1.01911080284798,1.01926374159975,0.980306345538033,0.99250674373214,1.03176341710012,1.02084816413692,0.987407039962834,1.02994367011959,1.06944858399017,0.993193252245597,1.05304479093044,1.07709229055553,1.04401513621908,0.981851179475327,1.04963836301404,1.01692889842324,1.03720517101802,1.0026083465083,1.01960396019414,1.00237060430613,1.00169711470466,1.01922885303991,0.928277660562087,1.01371783298013,1.01269111601625,0.988153309907784
"ENSG00000108528",0.944130197292025,0.923838763806311,0.947699806855347,0.946570972698052,0.886045819520768,0.998596068792901,0.84275724258886,0.950005029483954,1.00080305139514,0.908160192530732,0.854114083623602,0.881030865871335,0.885982427938103,0.920353982117857,0.848550368383577,0.882829480165416,0.928275861886054,0.949279772580791,0.743929810091016,0.809015420955117,0.923523523338634,0.859887910156147,0.725644342576248,0.868588469012209,0.953069306741966,0.899611205084316,0.861814241926167,0.93759272061367,0.917697898071558,0.988742045817182,0.95985762290689,0.913159718603196,0.90347957621715,0.925402824562283,0.920171845155326,0.907298615770726,0.895352384644493,0.94615765970329,0.966696313673941,0.973671137412087,0.916050113265059,0.875893306315875,0.973302669538386,0.911571399937946,0.888888888709641,0.911126523152457,0.937860983680968,0.87318661780851,0.843900481371609,0.90752475229554,0.898064006144199,0.857741838702657,0.847663644346386,0.901594944146535,0.906178031259402,0.728689916912423,0.883225485140224
"ENSG00000004864",0.882405477645647,0.799049222383074,0.568294912040561,0.808811802071609,0.554993553395816,0.804251905173636,0.81418581402314,0.562921235174948,0.561734591334725,0.790123456631512,0.564967188174666,0.858655478801587,0.558706070175977,0.730635378198144,0.789189189034066,0.776131199214359,0.869753694409901,0.656319740179282,0.570903897047357,0.813562672832431,0.560160160048016,0.826861489025848,0.767439546070765,0.756660039611002,0.931881187934281,0.804506031142557,0.852358908529034,0.872119473667863,0.907287369690181,0.927263827522807,0.878584140621201,0.859887117366098,0.763893091121756,0.838472249684012,0.5590968127567,0.866474160934686,0.817654835590836,0.554883490222135,0.874592350849967,0.796224540328619,0.806747558290076,0.87931555090502,0.96870312949331,0.714598685378491,0.67614438381203,0.783711483050884,0.557259509946772,0.796013026587188,0.5613964685872,0.830495049340496,0.833267483043606,0.826594788693901,0.798844276018961,0.852843815657971,0.56032842684283,0.559208553900428,0.786062717613527
"ENSG00000177542",0.96338195872514,0.949985143914037,0.928201482496557,0.932615629798123,0.930675394043305,1.00040112294416,0.954845154654377,0.951614525510187,0.757478417836282,0.938472347498048,0.76183745567656,0.984517031068921,0.929712459878252,0.964900069411375,0.980638820446066,0.973325429564646,0.954285714097678,0.830391559985719,0.886961844340551,0.95096876216865,0.940940940752564,0.975780624304287,0.940989152962287,1.01848906540388,0.900396039425664,0.933306748891774,0.917364325634322,0.90297695561211,0.958947161469466,0.939794419786629,0.984971326678867,0.956134270530521,0.934140191440416,0.939327630606858,0.949945049265672,0.928407846076191,0.994609986576912,0.966980664161233,0.968672793562867,0.99413810213728,0.744401696607596,0.929441368710732,0.754524547394356,0.985261899823688,0.931034482570874,0.985237292978255,0.944035052590314,0.997532813382506,0.757022471758222,0.945148514664327,0.949427103723938,0.920035938720169,0.974793264725557,0.938108135030974,0.956443376197768,0.982911961430416,0.941562966462606
"ENSG00000075415",1.20015877717572,1.18351985714895,1.15263532016804,1.18181818158257,1.18298125534405,1.24267950235807,1.14765234742305,1.14636354468437,1.09335474782306,1.12496236050889,1.12044421986463,1.1671161719774,1.12020766750795,1.17052799022163,1.11547911525986,1.17249555400662,1.17004926085319,1.10488942968048,1.19240971206031,1.16963226548643,1.18358358334663,1.18935148094689,1.12707732090216,1.18369781288594,1.19089108887309,1.17475824919255,1.17443120236887,1.2137276231404,1.17776468254218,1.15692608885816,1.19122009072746,1.13932072459861,1.1586485121213,1.14223194725637,1.19012888376658,1.19346808698726,1.15712397006872,1.12821021296416,1.18944559715595,1.16065573747429,1.12084443107017,1.21570206316745,1.21187881187644,1.15574586712692,1.18894938471689,1.19568017414135,1.22366062512972,1.1445771240216,1.1478731939912,1.12554455423257,1.13670485951468,1.15863032821032,1.14994520252068,1.16019660925666,1.17052167794723,1.16938143276319,1.18526630140662
"ENSG00000005022",1.2047236278248,1.16133504978482,1.13679293162653,1.20454545430531,1.13378954653699,1.22543120713489,1.14925074902113,1.20350065361563,1.1447500499609,1.16049382692753,1.1608278644804,1.14054539983208,1.14816293906786,1.15163567641411,1.15616707593982,1.1474016990422,1.20236453178279,1.14445120690922,1.2187308710021,1.15381573721751,1.18978978955159,1.14951961546247,1.1171260819749,1.16540755444028,1.17108910867899,1.16538729913959,1.19235693860093,1.18583720676771,1.15969357667262,1.21703377362368,1.20249159557,1.16981879370832,1.14856278342944,1.14959220187993,1.17953841519042,1.15742308052227,1.12864842853073,1.1518096180165,1.20347860436733,1.1888723296197,1.12834171823452,1.18248615980222,1.22007799195679,1.1507667792968,1.12240371019915,1.16258793199988,1.15176259686282,1.16688048925947,1.11657303348383,1.10534653443458,1.12761754225057,1.09753419165468,1.11766464060622,1.15076737864364,1.17612896742242,1.11222144476622,1.10144350401166
"ENSG00000169100",1.20174655131453,1.22095671957592,1.22758200442214,1.20833333309244,1.18079936503406,1.3130766142573,1.21398601374346,1.24776179433704,1.17787592829193,1.23537087197925,1.17294295786513,1.20187793403219,1.17551916909435,1.21368201228723,1.13434889412593,1.14759928845137,1.21123152685493,1.2118076686525,1.21669047108413,1.17793594282761,1.20120120096072,1.18995196133107,1.15394566600578,1.1437375743253,1.23227722747876,1.20147542593929,1.19767556363682,1.22361784171227,1.20487134134652,1.18590308346825,1.23709709289359,1.17991880360829,1.20927887015446,1.18281281058627,1.15715855706721,1.25878721472493,1.22770263373788,1.18591968246189,1.25723885734613,1.21828117213745,1.18121732244624,1.22355309487196,1.21987801195483,1.15275841442885,1.17261544642617,1.21133458808851,1.16829316845881,1.21286884413049,1.20284911693362,1.16673267303629,1.16475701280823,1.12349006666198,1.16229949164844,1.20754338424967,1.18794432738802,1.17157989384,1.14126431037506
"ENSG00000155850",1.0526942540334,1.02485886876798,1.01472529683869,1.00518341287775,0.83189526910009,1.02306458062113,1.08131868110263,1.03289407483495,0.84199959830516,0.841915085648516,0.846845027592762,1.02946758545011,1.03055111800508,0.834045937986667,0.952923832736526,1.02884805354103,1.02975369437837,1.05396632155529,1.09345031603888,0.829181494497987,0.839639639471544,1.02421937529539,0.834709921219084,1.01590457236264,0.830495049340496,1.06230684855701,1.06884664610089,1.06220947461928,1.08348065191839,1.04278022495491,1.0775163138071,1.03574611327146,0.845990922673527,1.05052715316282,0.838045758649606,1.06302897519406,0.853045865788051,1.04809122438313,1.04061666151979,0.833383010266591,1.07862286651305,1.03975842958435,1.15208479129045,1.04023102946819,1.06069772110089,1.10254631901267,1.01175064707991,1.0202309284476,1.05076243959656,1.03900990078435,1.03378111397989,1.04462413875519,1.03716249854794,1.0416290498462,1.00350455572174,1.0398720893295,1.04290691865746
"ENSG00000143554",0.932023419483572,0.967812221260213,0.906468975138322,0.965909090716525,0.954081126459569,0.947452867840463,0.959840159648384,0.816215672303347,0.974302348730315,0.814413329154991,0.977284199701709,0.944560982730085,0.941493610035644,0.935268966702741,0.968452088261729,0.992096423435666,0.963546797839695,0.940353012590717,0.827790246719488,0.997825227165317,0.96776776757402,0.956565252010295,1.01024977589606,0.980318091256398,1.13742574234902,0.934901804219938,0.986309464988415,1.02779151398916,0.960518561979863,1.018893783452,0.924461142787332,0.988018615508858,0.949067069904374,0.995225780585792,0.810670396481033,0.94254704750721,0.825180514425876,0.944769459406094,0.892775965828091,0.925384997332263,0.923744697460048,0.90669350761818,0.973302669538386,0.951802429605297,0.95724944525968,0.985237292978255,0.945827524209156,0.800750024513816,0.964285714092238,0.968712871095304,0.801461872619229,0.810022960804628,0.997309952974532,0.984251178456364,0.98387904255855,0.810832417145832,0.960676953517038
"ENSG00000117394",0.909993053307533,0.946023571170442,1.11952879026718,0.942185007786646,0.876921550951716,0.984155635582801,0.958641358449822,1.00653857740538,0.91547881933036,1.07056107576622,0.718021201268446,1.0606333031544,0.710063897621792,0.964104603566848,1.02309582289472,0.973720608382983,0.976551723945507,0.721444511925047,0.925933482773733,0.942467378224107,0.904704704523583,0.929743794849931,1.07533087848038,1.03777335963464,0.906138613681953,1.00647991207128,0.940214714677393,0.891899910811611,0.826556668468561,0.696231032658594,0.853074945451241,0.876126348969972,1.00574886515265,1.01869902506093,1.03746628014038,1.11739520041474,0.966337841764194,0.953495289845613,0.938630299251185,0.934525583520214,0.844431291142462,0.980573729042663,1.0020997898206,1.07189802806774,0.943738656796988,1.02585950638544,0.900019916172073,0.951544458511488,1.02287319401628,1.12455445522286,1.09581193182619,1.008086253168,0.920593802745722,1.05607382865762,0.942625412848177,1.06525432176172,0.978397212348751
"ENSG00000170385",0.870695643371897,0.806378131958725,0.683659997830068,0.671052631445165,0.839432708352785,0.871440031915074,0.672527472393101,0.677195453037482,0.823930937397324,0.864599016186972,0.862392730769835,0.84347218043283,0.824480830506294,0.873421497290758,0.851105650938358,0.826516498552358,0.778325122999345,0.789003854577195,0.954091001641687,0.852708580298001,0.673873873738964,0.673738991058099,0.848442630938712,0.669184890523025,0.770495049352377,0.827833715316951,0.841327686232379,0.665809514258568,0.849734825996909,0.840137053188422,0.799881352422408,0.666600653398039,0.678971255536264,0.845036801105026,0.804875611788415,0.895549138525232,0.684633377263372,0.875161130218114,0.892183021861413,0.856631892527247,0.664101805136805,0.867840966106122,0.910308968921046,0.824536944667489,0.67876588008091,0.953730307945362,0.823939454127875,0.664363959209639,0.83065810577234,0.66653465333336,0.664954563282309,0.85714285697172,0.90325794542129,0.675293409434187,0.834685090450649,0.861596882010273,0.804579392572508
"ENSG00000157765",0.919321226373063,0.914925225133222,0.974916217939491,0.942384369828073,0.605177030525602,0.941235459097225,0.926473526288417,0.939945679319999,0.928327644864821,0.911974304745162,0.937506309755173,0.915992408167817,0.90275559087405,0.931291637480105,0.912235872056563,0.890535467122992,0.924926108192133,0.950497058033983,0.976535400739332,0.887109529282897,0.98478478458763,0.610688550718437,0.901184197253222,0.91312127218427,0.604158415721949,0.897418004008091,0.890771200454886,0.931856393841983,0.933804753303122,0.886539402665386,0.921297211603461,0.903851866342439,0.934341906014253,0.947682514233602,0.935557997615035,0.92781041502981,0.944167598709617,0.943182944780727,0.921434924217524,0.887829110603511,1.13090657963285,0.933266230310364,1.04109589020276,0.935271858009306,0.905424480559503,0.91984543724961,0.911770563451151,0.925490969915032,0.908908507040749,0.911089108730477,0.922757803057535,0.916841369488501,0.607950582722337,0.612097502134197,0.936016821680982,0.912161486776824,0.891189646412904
"ENSG00000157593",1.03324402083294,1.01653956600643,1.03077079292561,1.00338915450491,1.02251314072746,1.01504211772663,1.02377622357167,1.01398249652671,0.983336679184233,1.01676201926794,1.0031297322558,1.0402557185016,1.00479233206773,0.996917569653591,0.999508599312136,0.991898834026497,0.982463053993603,1.01886792432159,1.04325647805687,1.00395413186952,0.995995995796597,0.976381104688474,0.98596875291353,1.00974155049508,1.05445544533575,1.00269165566689,1.02472175691427,1.08614380356322,1.05853466881584,1.02457170807155,1.00949179335387,1.04723239904006,1.0081694400387,0.99283867097815,0.988510340495852,0.998307278502777,1.05054408602653,1.01655924620395,0.987647000496562,1.01977148514262,0.989050014602141,1.02969300432216,0.855514448384059,1.00597490519698,0.963500705593164,1.01179034954686,0.852021509489739,1.01273068173044,1.06179775259595,0.986138613666111,0.9719478465089,0.998302884896016,0.999701105708937,0.977229410978588,1.00831080384333,0.99130608554186,1.00149328003952
"ENSG00000134294",1.00327478396283,0.998316331385893,1.00863207047657,1.1335725675571,0.998115639988473,1.03910950641013,1.01238761218534,1.00331958535292,1.02650070246406,0.910769848256395,1.03785966662537,1.01907901288201,1.04592651736303,1.00407676225433,0.988304668110407,1.01066982789752,1.01458128058826,1.04260499065883,1.03978779819633,1.02609727144601,1.0080080078062,1.00740592453815,1.02298736172296,1.03578528806446,1.0247524750446,1.00049845459067,0.995370826160668,1.04658292927572,1.03732076192549,0.982085168677027,1.00276843958814,1.01772452697936,1.00978315662939,1.02387109587749,1.01568588250261,1.04291546329923,1.08593511622375,1.01457610292225,1.03033896609737,1.01381023328091,1.05238236143783,1.03855057855288,1.02129787000874,0.903604859409758,1.01572897741163,1.01892400653544,1.02290380381938,0.974439948490193,1.02186998374361,1.00237623742527,1.05630185676486,1.03524009163717,0.997110690246665,1.04744708575636,1.02012616380893,1.04366943118943,0.98576406152598
"ENSG00000104635",0.758956038352891,0.919481033788357,0.996039402661513,1.05063795832324,0.912823564234291,0.9536702765837,0.967432567239274,0.911980685864203,0.941979521995186,0.938673090246176,0.926602725708914,0.894416142064846,0.922124600454847,0.916973252278617,0.751646191498448,0.940723177051823,0.75349753679734,0.77581659550095,0.969598041018242,0.9389086593636,0.974974974779785,0.765412329710686,0.761070753157315,0.896620278151765,0.920792079025586,0.901605024244521,0.913621589497957,0.921768370898671,0.93950108015331,0.86206558965011,0.91714455192463,0.91038716686595,0.920625314993318,0.924408195559099,0.916575082242666,0.936971024407653,0.950269500467758,0.926722855542544,0.935863227406688,0.905911574584022,0.898885271599312,0.944539506604018,0.904709528866171,0.909579764805899,0.88707400667734,0.98345387873111,0.872137024323414,0.754761669642798,0.907303370604474,0.925346534470228,0.755432635172771,0.763502046368473,0.957855932856859,0.948139231427798,0.930609792544186,0.938343159600611,0.761373817668218
"ENSG00000168003",1.09516721224667,1.08368822401036,1.14979181453239,1.15909090885983,0.959833382731363,1.11432009604606,1.00159840139828,1.10672970503838,1.0712708289357,1.05088828644969,0.999091367794227,1.01488362780644,1.06789137358868,1.03589539603542,1.00324324304605,1.01659751017258,1.1274876845069,1.08094948243438,0.987961640279951,0.954132067822433,1.07967967946353,0.988791032628344,0.995720967062251,1.03141153061006,1.00772277207768,1.00608114823924,1.01763025686642,1.0090000987026,1.00608917678136,1.11032794887708,0.99960450840427,0.981483314985348,1.11770045363233,1.13148995402198,1.11299830130622,1.00368415792021,1.03244177747738,1.14209221593612,1.1289653125548,1.10779930430049,1.04034724256874,1.01701056849179,1.10288971080834,1.03565026866448,1.00362976386295,1.15664321784273,1.04461262675869,1.00384881061801,1.01083467074421,0.849900989930713,1.05393125226118,0.955775181999446,0.969612433801014,1.10281873786682,1.02993892039052,0.996502448087039,0.854554504558576
"ENSG00000070214",0.913764016887216,0.879271070440869,0.929217020223577,0.808213715947326,0.804125756063845,0.946650621551013,0.98621378601674,0.931093451175718,1.02027705259581,0.813811100910607,1.01100454295588,1.02547198061623,0.890974440716658,0.806204633428218,0.921474201293076,1.00652045030498,0.900689654994938,0.919253398068725,0.962252601313558,1.04804270441913,0.811611611449127,1.03142513990564,1.03074932808623,0.805964214551498,0.93782178199251,0.808294287546946,0.977051117703723,0.963307288900543,0.961304262235061,0.918844835845552,0.967767450866568,0.802851767342737,1.02430660594568,0.924607121359736,0.944949545220312,0.95051279479229,0.983219769961717,0.970946950724651,1.0188753827416,0.934724291915604,0.898490677538031,1.02868646179594,0.913108688948483,0.937064329628149,0.899576527344308,0.98583176439397,0.927703644507528,0.97542682305824,0.813402889082383,0.802772277068758,0.93856183308207,1.00409304162841,0.98196672292877,0.887350787263045,0.943626714540177,0.810232836852157,0.807167744986129
"ENSG00000033867",0.700208395216789,0.698821431970125,0.716563420185526,0.70334928215643,0.69979172851338,0.841355796060699,1.05514485493404,0.911377124854366,0.861272836606851,1.0007025994177,0.712367491022238,0.704824692697068,0.848442491843362,0.829670875841768,0.693464373328066,0.937956925323462,0.817142856981844,0.791641306392444,0.719853091058998,0.906880189619043,0.862662662489957,0.942353882917863,0.957110160024458,0.701391649959962,0.698613861247799,0.954241850073922,0.936668964653468,0.945702699842606,0.934001178366922,0.850122368898654,0.892624085249629,0.917912664438477,0.9145738777782,0.701810224646547,0.857428314345603,0.868067310391702,0.92809925741318,0.699652949786881,0.697302104813262,0.910283159282607,0.835355627732987,0.952793155319015,0.705529446914203,0.848436566252054,0.711433756662345,0.867531952666693,0.832901812222087,0.926675219396689,0.947632423565884,0.698613861247799,0.905373370030547,0.882300089671099,0.941317126443894,0.707794161759897,0.874937418469022,0.85320275789883,0.913290193944591
"ENSG00000138074",1.03145777492677,0.988808556801266,1.02203716847323,1.01794258352912,0.984627590799439,1.02045728018041,1.0457542455453,1.03852731092676,1.04557317786678,0.98665060704875,1.00434124159428,0.992508240736688,0.88578274742696,0.99453117212001,1.01719901699908,0.999999999802411,0.97182265990703,1.00365185615669,1.01122219934478,1.01324634222751,0.980980980784588,1.0002001599279,1.0148273458026,0.99602385666083,0.963960395848721,1.00767620356741,1.00837190958173,1.01196716427416,0.995482223336185,0.991874693883138,0.99248566324056,1.00623824121077,1.00453857770962,1.00895166082973,1.02068138654797,1.01145076152316,1.05806976486157,1.01576598889127,0.987054056529884,0.992349726578768,0.969714905599346,1.02707599375399,1.03509649014397,0.985660226850097,1.00947771707815,0.957495293578223,0.997012547102766,1.00088818691387,0.999598715690289,0.984752475052524,0.974516001387887,0.991714085855702,0.976387366548493,1.02818738067445,1.00450585741374,1.00009992984909,1.01383773001218
"ENSG00000103257",1.06301478593569,0.9630583339679,1.10937341299698,1.03927432196187,0.896756917406177,0.995387083635101,0.933466533280027,0.941756362349511,0.970688616548747,1.01535682003104,0.932862190624359,0.947357906113803,0.944289137191636,0.972456994934383,0.926388206206115,0.970756767245454,1.01753694561231,0.959829579841787,0.928790042658888,0.675365757082767,0.959359359167295,0.943354683558176,0.973231167086629,0.970178926248473,0.950297029514793,0.976373242752194,1.00856889569417,0.975373355558229,0.977214692402826,1.00440528614696,0.93138224225205,0.924249925552183,1.08804841127826,1.02625820548513,0.993306024379397,0.953699093706323,0.964303874511481,1.00307387188833,0.990018776363273,0.995727769300402,0.922560915276204,0.966683442180839,0.991100889712809,0.980880302533184,0.688848558038143,1.05835727711119,0.89185421213068,0.945623211103203,0.965890850528513,0.934257425557573,1.0013828524296,0.914844763718709,0.927567998221069,0.98505366616811,0.684089315973948,0.935744978328022,0.906918864926447
"ENSG00000102172",0.951275180916687,0.973556501738426,0.900781963867009,0.915271132193925,0.919567588828807,0.909747292236312,0.942657342469,0.920631727005204,0.927323830369941,1.00391448338775,0.909035840301053,0.929777244844715,0.945487220258489,0.964900069411375,0.988108107913885,0.936178620640945,0.95586206877717,0.957395008935404,0.951438481748329,0.962238038560253,0.91711711693351,0.964371497004729,0.956513085688822,0.943339960051026,0.959207920602137,0.928920346739324,0.980596867727648,0.713678172146439,0.992928697506791,0.937444933737162,0.93138224225205,1.01772452697936,0.96338880464682,0.851402426725402,0.924567888715243,1.0006970026883,0.733855384779039,0.891422905128126,0.91293606069514,0.943666169708164,0.92413929152133,0.899245092924158,0.721527847070987,0.935670185035716,1.0129058275836,0.895670266343868,0.920932085058567,0.965952827204983,0.928571428385118,0.97782178198459,0.962662978869486,0.950184685844028,0.946099431912703,0.956765974329067,0.95464103315217,0.961526930956025,0.963265305930659
"ENSG00000142168",1.11044953833275,1.11696543505656,1.08296943209445,1.08712121190448,1.11435088741161,1.07681508201428,1.17662337638829,1.07011367044158,1.14434852416295,1.10870219791053,1.13679959593401,1.14793726877476,1.15275559082413,1.13453316075678,1.08658476637119,1.127247579307,1.14009852194284,1.14079935054964,1.15649867350408,1.19810201637048,1.13933933911124,1.19635708542907,1.12866951913053,1.10238568566553,1.17188118788676,1.20825441108399,1.14330739660331,1.10177034890678,1.10096248259655,1.1087616248441,1.08839232725165,1.13635013345156,1.11527987874629,1.12174258979078,1.11759416502796,1.08632878600292,1.13719109099213,1.13277144251209,1.11789702517682,1.11892697444234,1.09223636162726,1.11585304456651,1.08709129065352,1.08583947399207,1.12341197799488,1.11166154738697,1.09818761181076,1.10983913922632,1.12560192593788,1.097227722555,1.10351639646315,1.10392333011801,1.13280860792412,1.11024174920047,1.09942925781527,1.12381333044393,1.08850174194355
"ENSG00000112096",0.875062022253635,0.660394176357256,0.677160556377138,0.664673046119483,0.848358623257293,0.834336141028011,0.875524475349545,0.865506488106728,0.854647660940645,0.897520826879952,0.895911155800927,0.887823394088938,0.665734824148216,0.854728049944371,0.866044225873996,0.905947441038145,0.656945812678434,0.676404950156948,0.840848806194481,0.879596678355161,0.904704704523583,0.850080063881089,0.890834908768866,0.919880715522886,0.855643564187001,0.857541620803999,0.656751698875849,0.855701710838552,0.922019249475148,0.88771414569012,0.659284160439137,0.922467570863953,0.85910236997295,0.863337974763609,0.939154760527694,0.890371402789929,1.15264924211275,0.869013386044816,0.831702737260262,0.846299055966955,0.657788300156301,0.671162556482906,0.666733326534,0.848436566252054,0.877192982279251,0.860200138539542,0.8715395337838,0.658047961974135,0.868980738188407,0.906336633483894,0.658632951272495,0.860137765626408,1.05051310131503,0.806700772232581,0.912786622426597,0.921355051279833,0.999900447784988
"ENSG00000140263",1.00645033224046,0.980885411314076,0.985071595209694,0.774122806863213,1.01239710383568,0.94324107482085,0.984015983819377,0.781209133732782,0.98895804035556,1.01836796125296,1.13922261461096,1.05563879711205,1.02615814675995,0.988366311824925,1.09346437324944,1.08437067751741,1.02403940866521,0.960641103477249,0.962864721288948,0.992684855477919,1.00480480460364,1.00260208146465,0.901184197253222,1.01351888647843,1.02435643544072,1.06130993897691,0.764897074605556,0.768074374291747,1.04360636396708,1.00930004875001,0.961044097100842,1.05020299018711,0.981341401718338,0.97314501671511,0.896792886223041,0.906502041042218,0.998474524357068,1.02885473455055,1.0028658956413,1.02056631872418,0.948801420351425,0.781680925861765,0.945905409269892,1.02230631327976,0.969751965926648,0.946992965233926,0.952001593118502,1.03602092153636,1.0405296948153,0.951287128524498,1.00493875918512,0.988519516624035,0.993723223872926,0.968402046149383,0.904175427875403,1.01428999679938,0.773120955545421
"ENSG00000118363",1.06460256007451,1.05912647300007,1.07890728118637,1.0380781497133,1.04611722680827,1.08965102264548,1.05714285693164,1.05764007623828,1.03172053783744,1.06132690935234,1.08430085793351,1.07381879910622,1.02855431289366,1.01143482131621,1.05395577374861,1.05157083559542,1.0293596057085,1.05437208337302,1.15874311341385,1.06425464589477,1.03703703682942,1.0944755802453,1.04388496347022,1.0592445325926,1.0633663364231,1.05094207934385,1.04501132649561,1.08495697733459,1.08780200332198,1.06979931452378,1.0700019772454,1.05733240894003,1.04165405929568,1.07280684283413,1.07043660683976,0.945335059056988,1.09732533283895,1.08358948912571,1.03686134973083,1.05772478866215,1.06500937139883,1.08827377934811,1.0836916306202,1.07110137401492,1.03912079027241,1.08233429087836,1.05457080241893,1.02319155215174,1.06581059368664,1.07801980176673,1.06183326727344,1.06219426952936,1.0869781805147,1.06770990047794,1.0661860416409,1.0608573996081,1.06839223473004
"ENSG00000129128",1.06122854002953,1.03793205882184,1.08764090563874,1.03129984030476,1.02429832370836,1.06899318069214,1.06093906072708,1.06146262930058,1.04738004395756,1.0480778879759,1.05966683471789,1.03166516810875,1.04333067071818,1.05001491477578,1.04373464352949,1.05413949791461,1.03113300472293,1.0620815579099,1.1112017953252,1.06346381948132,1.04444444423535,1.10028022395911,1.04746740948403,1.04751491032853,1.04079207900182,1.04675505910742,1.0454052987205,1.07961625930578,1.07365939872841,1.0558981887311,1.05101839014218,1.04723239904006,1.05920322721953,1.06345733020421,1.06803876489798,1.04052573911371,1.08146038826778,1.0768468019679,1.02539776637506,1.0283159461444,1.03719049007849,1.06270759918214,1.07249275051045,1.04242182811344,1.04759023975649,1.06568909123835,1.06990639293569,1.03542879679553,1.04394060974239,1.0314851483106,1.02666930046885,1.06119596664447,1.03795954945941,1.05246263395477,1.04275558204811,1.05706005774816,1.05584868072557
"ENSG00000116096",1.09635804285078,1.08606516765652,1.15649436353072,1.07456140329455,1.06833283723726,1.04893702345589,1.0699300697163,1.05824363724812,1.07408150952136,1.0876242093571,1.10469459846447,1.10997902285287,1.11441693268482,1.09694739960287,1.08678132656771,1.0926694327025,1.11527093574083,1.06715358063154,1.09487859598146,1.06781336475528,1.05405405384303,1.05724579642569,1.03333665020732,1.09403578507077,1.07900990077643,1.08224504015906,1.08499950732099,1.08475917296316,1.11628363757292,1.0576603032682,1.06842001165347,1.07812654696938,1.11709530991082,1.09707579051182,1.07043660683976,1.08553221127441,1.06112071574064,1.05324739691557,1.07184504376483,1.08653750599373,1.07408503480831,1.05707096103532,1.04489551024,1.0999800834296,1.08086307701535,1.07183196253407,1.03823939433614,1.10786539009023,1.07042536094093,1.08059405919196,1.09245357544598,1.09753419165468,1.09494868962938,1.06610492505445,1.09181936495608,1.09723193742436,1.07177700327093
"ENSG00000090054",0.930237173577407,0.957512132126867,0.675941911104714,0.977272727077896,0.926311613423324,0.997192137786363,0.884315684138998,0.944975354401977,0.916683396724215,0.867810900157019,0.888440181547009,0.937968234754177,0.968250798528704,0.949189618981965,0.983783783590411,0.891128235350498,0.959802955475901,0.908094948081133,0.920016323011627,0.913997627340056,0.66626626613288,0.885708566676199,0.918499352986666,0.967196818893201,0.940594059219684,0.663543016516091,0.655569782201208,0.881218474753987,0.653702612324945,0.909055310639441,0.915760332031687,0.659075155825512,0.937165910047975,0.95026854964188,0.960535517841835,0.927212983983429,0.67690430170306,0.995934556074182,0.960569226018269,0.961549925293284,1.00187432159379,0.917966783911834,0.991700829718688,1.01672973491003,0.939100624936661,1.00148617834113,0.917347141820883,0.890752985119757,0.913523274295039,0.930693069122635,0.947451599970871,0.972746331042678,0.905449835427827,0.969806399644938,1.02713527565292,0.954331967431931,0.962070681739757
"ENSG00000100596",1.00208395335872,0.95473903120635,1.08987508863819,0.99082934589497,1.01160368917751,1.01163257099646,0.97862137842585,0.95543707857249,0.970287090750796,0.971795643687284,0.969813225447791,1.02267505723251,0.985822683509221,0.96768419986722,0.998918918722571,0.977277217748019,0.98206896532373,0.942381821679371,1.03121811854087,0.970146302694712,0.987187186989552,0.921136909343247,0.847447507045985,0.975745526644981,0.965148514660367,0.937892532960245,0.959125381471659,0.842251013580803,0.95737576095907,0.953695545579306,0.95985762290689,0.957322506989341,1.00030257165904,0.977919235930392,0.990308721952181,1.08513392391016,1.00030509488451,1.00168567159114,0.957999802162664,0.982215598413867,1.01726348998377,1.01479617493411,0.997300269773562,1.03505277812487,0.997378503529466,0.999504606955414,0.984664409284074,0.961807954019183,0.96027287300155,1.01306930673009,0.979454760770554,1.02545672336519,1.07043937410174,0.854248169153526,1.02993892039052,0.851004296822024,1.00169238407134
"ENSG00000116649",1.16006748017067,1.16113697114764,1.14146440517082,1.1682615627655,1.12625210728429,1.15623746466983,1.15984015960842,1.13328638947122,1.15157598852608,1.14885074753611,1.1388187781648,1.13774847644836,1.18410543107346,1.17370985359974,1.12904176881984,1.13436079803708,1.18778325099748,1.20795293138406,1.24301163002591,1.22202451537722,1.19339339315448,1.27261809422085,1.1509602943276,1.10695825027695,1.15900990076059,1.18333167158143,1.19156899415117,1.15656215979496,1.17285405594719,1.15340185978396,1.17243424932323,1.21715021265132,1.13424104868699,1.09628008730927,1.13138175619315,1.15383849424398,1.11074951670685,1.09588497747231,1.12501235277695,1.15111773449556,1.10940120329301,1.1341721185437,1.0836916306202,1.0957976496523,1.14680379085566,1.08372139084837,1.14499103741386,1.2006315994867,1.12058587457452,1.14693069284219,1.10726985359398,1.10472197242593,1.14177543067814,1.18748119145602,1.17392610370002,1.18137303863668,1.13250373297511
"ENSG00000131748",0.938572987806178,0.959690997135844,0.935716461676507,0.996810207137797,0.954477833788659,0.95607701545205,0.836563436396291,0.964892867726609,0.997992370809478,0.953528053607643,0.972438162347817,0.945160323455167,0.961861022172152,0.832653872758744,0.980245700053023,1.02627939122184,0.932610837254658,0.947250963492138,0.953478881666297,0.949189402738397,0.953953953762972,0.970976781230789,1.00547318121097,0.953280317901932,0.973663366143829,0.834812082377667,0.991825076136743,0.983681139158603,0.997250048910381,0.982476749685271,0.916946806225638,1.03554807386166,0.960363086039261,0.948677143236786,0.966929763019896,0.96126655362715,0.991559035697842,0.96182449162879,0.827552129493517,0.948435171197529,0.926506855889019,0.989833920283879,0.94830516929341,0.99044015116701,1.00887275640071,1.07401169105836,0.940250945839424,0.962202703846402,0.96849919723746,0.95386138594973,0.965823784874393,0.958171108923196,0.957258144673257,0.961580900599542,0.838490036880246,0.947137003907837,0.967645594630633
"ENSG00000134910",0.940756177247047,0.95493710984353,0.993602112116664,1.02093301415053,0.939998016276902,0.995788206779826,0.962037961845747,0.970727290821703,0.973700060033387,0.91217504749329,0.90055527493174,0.914194385992569,0.773162939142739,0.937655364236322,0.960393120204345,0.938154514732631,0.894778324946842,0.964698721654555,1.03754335828657,0.765519968215595,0.775175175019985,0.956565252010295,0.940989152962287,0.969582504777419,0.914455445363474,0.930316020151467,0.900029547739579,0.915636435384109,0.902966018286591,0.975624082040994,0.970535890652455,0.766808594758529,0.875239535879932,0.919633976343817,0.990108901790367,0.934780443904256,0.916709040797984,0.972335151021847,0.943571498973501,0.952011922314553,0.992009470061752,0.900855560966109,1.04129587020472,0.969527982280516,0.896753377516283,0.967997621922521,0.95359490122414,0.764235665496055,0.918739967712933,0.945148514664327,0.91050967978852,0.924428471413711,0.944704592817634,0.985856153879856,0.926204065099388,0.773858299035903,0.923444499567258
"ENSG00000103266",0.983824550762365,0.95533326711789,0.949121559673175,0.959130781307988,0.991173261729411,0.95607701545205,0.982617382421055,0.952218086520024,0.945794017075729,0.946702800171293,0.979303381932498,0.974128458500824,0.968051118017562,1.00029829949283,0.962358722169561,0.971942303700466,0.934384236269087,0.956989247117673,0.975923280763942,0.988928430014051,0.94974974955961,1.00720576441009,0.96427505205209,0.933598409357137,0.921188118629468,0.947861628761268,0.98197577051473,0.951241222242856,0.971714790616438,0.965247185322516,0.95985762290689,0.996534310130402,0.968028239845078,0.940322259610041,0.932760515349633,0.956686248938229,0.979762025632104,0.965592463864037,0.966696313673941,0.957575757385479,0.945841964891814,0.995873175441193,0.945505449265972,0.920732921545363,0.991127243195982,0.958089764993938,0.998805018721608,0.97976907115765,0.986556982145554,0.958613861196314,0.970367443506447,0.976939203159241,0.970010959256748,0.94974420685129,0.941824371494578,0.943339662047899,0.968840218821535
"ENSG00000136143",0.92825245590389,1.02089729602438,1.05412816064707,1.05203349261323,1.022711494392,1.0707982348434,1.06753246731917,1.06206619031042,1.02690222826202,1.05068754370156,1.10590610780295,1.11617221034539,1.04632587838532,1.06532763228292,1.02604422584255,1.07152736592145,1.05596059092493,1.07466017425955,1.07590287674436,1.01067615638381,1.06266266244992,1.03302642093014,1.02517663428696,1.04572564591536,1.04158415820959,0.999302163094546,1.02728257637599,1.0501434079616,1.03044588469251,1.06960352401966,1.03796717400871,1.0139617781931,1.03963691355731,1.02566142808322,1.05924667777815,1.07577417085019,1.08837587692701,1.04352999483519,1.0726356357204,1.02096373551496,1.117095787488,1.059285354593,1.1070892908495,1.07229635509415,1.06553740652036,1.10532051895268,1.05636327403777,1.06542978366418,1.02227126785267,0.996039603763161,1.03180561022683,1.02765298971196,1.03835807491514,1.03621225779191,1.02513267226892,1.04127111001474,1.06978596295276
"ENSG00000163541",1.11461744544713,1.13657522013735,1.14999492207779,1.10785486421295,1.1333928392079,1.16185318869598,1.09930069908106,1.16507393598932,1.13792411139572,1.10047174523728,1.0891468952874,1.14194386152394,1.13218849817648,1.12458983770019,1.12176904154855,1.10116577729675,1.13320197022006,1.14668289690674,1.10650887551387,1.08046658737041,1.1385385383106,1.10928742972192,1.10259727314109,1.16143141129991,1.14930693046548,1.12730535317968,1.11178961861287,1.1599248341094,1.10901591021233,1.17689672027863,1.17718014609903,1.12823051764962,1.13908219845909,1.12850606701243,1.16095514014168,1.17156228195329,1.11196989705848,1.16668319262931,1.18331850950028,1.14913065054165,1.17884975807855,1.13296426751224,1.20567943181568,1.17924716168507,1.14095583764046,1.18022391733276,1.14877514416475,1.12326063335177,0.975321027091629,1.10970297007729,1.134334255011,1.12848158108646,1.09156122325564,1.14274250152618,1.14749173903124,1.11801738760507,1.13429566926146
"ENSG00000172340",1.03880123031879,1.04862830522955,1.02650553447212,0.990629983853543,1.04234850718192,1.06518251081725,1.00499500479421,1.05180565314318,1.02489459927226,1.02117835972675,1.00938919717125,1.03985615801821,1.02815495187137,1.02316794252299,1.02113022092951,0.999999999802411,1.00788177320042,1.01115844978471,1.02652519872954,0.983590351723292,1.02022022001597,1.03042433926533,0.969449696294268,1.06421471151805,1.07821782156867,1.01266075146792,1.0341770903114,1.09326476093497,1.00451777627096,1.07978463023401,1.09472018961939,1.06901673411842,1.05537065031662,1.01969365406412,1.05405135357098,1.09489196433438,1.04098443993878,1.06792265720021,1.08508745902064,1.06269249854691,1.05494722283616,1.06673376928702,1.08969103067899,1.07647878887144,1.00826779572328,1.04270286316403,1.03784106730973,1.01470443086653,0.981139646673126,1.0203960394019,1.03536151698235,1.05241090125738,0.999900368436804,1.00832580980874,1.0577751074281,1.03547516717588,1.05345943234376
"ENSG00000152455",1.14160960580696,1.12568089509247,1.19366304433966,1.12739234427285,1.13140930256245,1.13297232227578,1.13206793184174,1.12644603135973,1.18028508307965,1.14182475135164,1.13700151415709,1.11737089179555,1.1753194885832,1.15024361118619,1.11115479093638,1.14147401676715,1.12492610815272,1.1767092714188,1.15955927338103,1.15085013816709,1.15555555532421,1.14331465149253,1.15135834388469,1.13797216677177,1.12792079185586,1.17874588751296,1.12301782702196,1.10889130627853,1.12728344114569,1.1034752812328,1.10460747456899,1.13773640932018,1.12899646976722,1.09846827111628,1.13877510218028,1.13671213758106,1.12803823835492,1.11948438252464,1.11078169757668,1.13720814681824,1.12360658949914,1.13940613968004,1.11208879089849,1.1254730131198,1.14982859424283,1.11265233307983,1.14120693066297,1.13905062644053,1.15409309768176,1.11643564334328,1.10667720246806,1.13566936185771,1.11826242878983,1.13411575862491,1.15850605764323,1.13460577573007,1.12951717249786
"ENSG00000273841",1.20750223256773,1.0519956420616,1.28424900958988,1.2348484846023,1.19091540192583,1.24288006393043,1.23656343631637,1.25741877049443,1.25436659280177,1.24159389717121,1.19030792504991,1.22025771626805,1.22843450454704,1.19578403078537,1.19646191622674,1.18375815032923,1.21871921158252,1.22600933227308,1.23464599036224,1.18604191356543,1.23083083058442,1.21116893490569,1.22619166061773,1.21212723633954,1.20910891065166,1.23058518567828,1.18684132745261,1.20027692588265,1.18444313471136,1.19921683774856,1.1878584138446,1.21219922740624,1.24276348941144,1.22558185772318,1.22949345564402,1.23508911655181,1.23055018789168,1.22280614750167,1.20110682850062,1.2153005462066,1.19917135223455,1.23241066910269,1.26107389235855,1.20792670758655,1.22706190739523,1.21391063088994,1.22784305890702,1.20221059879558,1.22010433362357,1.22673267302441,1.23113393891127,1.21753019841918,1.20514097813985,1.23924164886363,1.216982076456,1.23333666408847,1.23344947710633
"ENSG00000177156",1.13009824330057,1.17856789121946,1.1154666393591,1.04764752770182,1.15620351063053,1.15302847951203,1.17442557419092,1.08218489063833,1.23971090117653,1.15025594677301,1.21029782913472,1.13694935548158,1.16054313075868,1.17768718282237,1.20904176880412,1.15293420249893,1.15842364509194,1.19557719594328,1.23995103014896,1.20699881352175,1.14514514491589,1.22678142489456,1.15295054211306,1.13558648088756,1.11148514829476,1.1956933503747,1.17482517459375,1.14508950625159,1.13690826927187,1.13245227584289,1.09274273262948,1.1682344784299,1.21048915759748,1.18261388478563,1.18493355955941,1.1060440105335,1.19495576096919,1.20793257288886,1.20683862017851,1.13859910558597,1.08355529227907,1.12169099121858,1.08789121066136,1.19219279004338,1.14962694068368,1.16159714630703,1.12726548473864,1.16214349133284,1.17335473491706,1.16217821759165,1.23370209379026,1.12189278204614,1.18720733263182,1.15297421985094,1.17913287249842,1.15279304463819,1.20716774490649
"ENSG00000105254",0.913764016887216,0.93968505478069,0.74276429354265,0.865430621837035,0.829118317796466,0.888086642421162,0.944055943867321,0.893270294559246,0.835173659739977,0.890093345199218,0.906208985177949,0.882029767079806,0.959464856038445,0.904245798766183,0.818083537922735,0.8980438646714,0.894975369281778,1.04483668065635,0.954091001641687,0.838275998252615,0.918718718534791,0.8841072856517,0.897402726460861,0.852683896450759,0.81128712855222,0.877479812406045,0.880921894832873,0.893680150154548,0.87212728327006,0.826627508403989,0.797508404034505,0.898702841687553,0.935955622604951,0.827730256449626,0.90718353463739,0.728268445538531,0.867487033282317,0.848388695915044,0.91214546873957,0.898360655559193,0.960244648128589,0.925616507111099,0.863513648462451,0.819956183863781,0.856019358569063,0.872089566853841,0.8884684324062,0.864304746696081,0.93920545727544,0.880396039429625,0.830304227414006,0.828791055040673,0.889708079926331,0.934496940328118,0.945228797247376,0.874188068177438,0.86490791421306
"ENSG00000099797",0.921901359348635,0.980885411314076,0.957448969034742,1.00976873983059,0.929683625720582,0.967107901931988,1.01498501478222,1.00492908137915,1.00582212386954,0.96055404979212,0.978293790817104,0.955548896023265,0.864816293757026,0.940041761769903,0.921867321686119,0.961470065014529,0.954679802767551,0.598498681152668,1.02999387859008,0.935745353709817,0.859859859687716,0.990192153524781,0.948154044989919,0.926838966018521,0.995049504753456,0.968996111859437,0.969959617655873,1.02462664404616,0.955804360448673,1.00812530572528,0.998418034210319,0.92226953145415,0.911951588318315,0.955639546259073,0.985313217906821,0.938763317546796,0.89047086323798,1.03758056499007,0.96294100188498,0.948435171197529,0.898490677538031,0.929240060205488,1.06309369041834,1.00398327006493,0.921960072409365,0.995937778461124,0.894642501315546,0.929043718360003,0.985754413927417,0.940198019615802,0.965033583373166,0.928022361799337,0.918999700922786,0.892968201245267,0.915390006825795,0.95013490537621,0.894375310921976
"ENSG00000072274",1.11719757842271,1.11874814279118,1.1603534068934,1.19417862815108,1.20559357310213,1.16887284372867,1.07432567411102,1.19102705941233,1.08572575766197,1.1012747162298,1.14245330618022,1.1017880329434,1.12020766750795,1.10430545866475,1.06555282534338,1.09839952556839,1.06778325102113,1.18624467413547,1.13772699425878,1.12040332124943,1.13973973951156,1.10868694933773,1.0807045475011,1.11610337949978,1.10316831661323,1.12032698611897,1.11730522976119,1.06656117079091,1.04203496345668,1.08467939283707,1.08779909015468,1.07792850755957,1.09167927360733,1.13765665384172,1.17014686758514,1.13790699967382,1.1316993794098,1.1143282099922,1.1426030237884,1.13263785372426,1.11512281718159,1.15671867113101,1.19688031172945,1.16490738873433,1.04537205060589,1.1261270185027,1.0957976496523,1.15227474565237,1.11777688581104,1.08910891067542,1.00572896068634,1.0330438252904,1.06486001772146,1.14575183044523,1.07159307077769,1.12461277083549,1.12991538056149
"ENSG00000198959",0.967748337606877,1.16470238661688,0.968619884031965,0.969098883379366,0.970941187945861,1.03188928980508,0.972027971833761,0.920430540001925,1.00080305139514,0.767640268841184,0.988187783747968,1.00669263789697,0.987420127598359,0.76046534736791,1.14299754277288,1.01620233135424,0.948571428384518,0.77581659550095,0.957559681502232,1.02491103182584,0.765565565412299,0.765412329710686,0.93959597951247,1.11948310116909,0.989504950299108,1.01864220894853,0.984339603864013,0.906537434297985,1.04124926320148,0.748702887763347,0.885900731483903,0.969997029216755,1.06525466443464,1.14262979885764,1.05924667777815,1.1849049086558,1.02084816413692,1.04174516588166,0.954046842384811,0.911872826445728,0.939528459911309,1.01701056849179,0.948505149295369,1.22127066297127,1.06069772110089,1.03378579192831,1.10476000774651,0.951544458511488,1.14466292111865,1.1314851482908,1.10647965209275,1.06259359068332,1.07043937410174,1.12268030873253,1.14969460275364,1.1338063353385,1.15759084098405
"ENSG00000159445",0.972511660023318,0.941863919789667,0.795369147802301,0.780701754230323,0.932460577024207,0.956678700169138,0.960439560247665,0.938738557300324,0.917285685421143,0.989260262774413,0.954871276939955,0.961142742790702,0.960063897571872,0.92731430825747,0.961965601776518,0.934202726549258,0.946403940700216,0.999594237979388,0.799020607876143,0.966785290437567,0.923923923738954,0.783827061492428,0.779381032783485,0.945526838778225,1.02019801959996,0.994516997110055,0.971141534330515,1.0200771435031,1.01610685503514,0.974840920024505,0.99960450840427,1.00564412298136,0.933131618571229,0.945295404625961,0.782495753665202,0.77984665920943,0.935421539522949,1.00327218621651,0.972230457362935,0.935717833892555,0.958074380791541,0.788324106534812,0.960903909416877,0.975702051189862,0.926598104269692,0.915287823062461,0.933479386390464,0.937136089817994,0.951845906711106,0.97188118792636,0.925128407561215,0.959968054116009,0.981568197473036,0.979235630257953,0.784219485173882,0.946937143809946,0.779691388595382
"ENSG00000172009",1.01240448526101,1.14568683744762,1.24281507032745,1.15769537456984,1.00327283526663,1.18331327693877,1.17682317658805,1.19484961247463,1.19112627962435,1.17093244983019,0.951236748924536,1.026271101583,1.04912140554131,1.02893506989581,1.01444717424777,0.999999999802411,1.0234482756604,1.08865895697126,1.11058967534981,1.05081059686619,1.04924924903919,1.05344275399251,1.10000995102,1.15944333972973,1.18019801956828,1.15242747459826,1.17246134124447,1.21016714445452,1.12826556646469,1.15046500222213,1.20170061277404,1.14011288223782,1.10055471485617,1.07181221383095,1.15256269334548,1.20362441477574,1.19434557079338,1.03440753573933,1.01966597469717,1.10283159441573,1.07842556948241,1.04599899324691,0.942105789232656,1.00358494303852,1.10929622885475,1.18319627441134,1.12268472393494,1.0699694066772,1.11797752786557,1.18435643540904,1.15883050154903,1.14305680320594,1.1957756299301,1.22319189462871,1.13868028414165,1.17717597658096,1.13130910878421
"ENSG00000078237",0.913764016887216,0.785579875054852,0.974916217939491,0.790669856301701,0.866408806730852,0.9632972320571,0.908691308509752,0.939342118310162,0.930134510955604,0.963364448265911,0.950227157809142,0.923384277110502,0.946086261791916,0.954161280510259,0.909484029305261,0.894289665897196,0.948177339714645,0.940758774408448,0.929606202626075,0.903914590568621,0.947747747558008,0.904323458586004,0.91193153529467,0.967196818893201,0.967326732481717,0.933705512723815,0.932138284067342,0.92968054575617,0.979375368104621,0.952129221546328,0.936325884726849,0.980493117936332,0.928895612520647,0.90093495108396,0.923568787906171,0.92243353561238,0.921183768753954,0.930887456434132,0.900484237394904,0.936910084264896,0.915852816234418,0.921187719995735,0.908109188899488,0.902609041843734,0.943940310356132,0.875061923932416,0.932682732337645,0.912266850703194,0.903290529513786,0.91960396021394,0.911892532415667,0.965358889694448,0.943509016450432,0.941719329733831,0.945228797247376,0.909563305504234,0.960079641421587
"ENSG00000167900",1.08742681331995,1.06229573119495,0.997054940388533,1.02332535864766,1.08935832567899,1.07701564358664,1.07212787191366,1.03249170082839,1.01084119634394,1.07076181851435,1.10085815222598,0.857456797351422,1.13158945664305,1.08720294300742,1.09051597030162,1.08733451865494,1.03822660078065,1.07648610243934,1.0730463168592,1.17062079850324,1.060260260048,1.16873498775646,1.08309284484365,1.08131212702161,0.979207920598177,1.08982155296784,1.06727075720137,0.958559983986043,1.0781771751958,0.840332843692544,0.972315601943382,1.12961679351825,1.08623298011372,0.992639745177514,1.04765710839291,1.03913173333882,0.993796399675827,1.09231531956523,0.848305168327245,1.05096870321888,0.948801420351425,1.07015601387616,1.05749425036346,1.06413065105275,1.12885662409178,0.985633607255398,1.13642700634606,1.01845455422512,1.11276083444768,1.0522772275144,1.04168312899216,1.08635319934384,1.00846866573509,1.03741598935953,1.11925503131686,1.11581892652827,0.977202588157849
"ENSG00000149476",0.817306737954291,0.69545409513807,0.696455773190524,0.669258373072317,0.909054844607943,0.708182912011997,0.533666333559707,0.537370485758501,0.760289098421946,0.704406303180888,0.774558303730528,0.770951952697842,0.847244408776509,0.851546186566263,0.83498771482359,0.774945662759347,0.900689654994938,0.805640089104151,0.76514996923788,0.727164887163471,0.78358358342671,0.863290632333208,0.71788237621298,0.775149105213688,0.732673267181649,0.751271059565094,0.714271643708407,0.707150627889002,0.729719112015376,0.768869309687936,0.788807593278859,0.768392910036956,0.78729198168688,0.818380743819697,0.74472974308228,0.712735238332623,0.543272653199782,0.848785324571386,0.753631781647666,0.794038747979327,0.793725954267786,0.703371917321918,0.534146585234647,0.830312686550426,0.726557773598194,0.793223025702324,0.734714200212166,0.772722786781265,0.776284108993523,0.743762376090344,0.740813907400076,0.772886093486496,0.704393743009984,0.535861169518335,0.77140282351629,0.748276206505791,0.805973120795227
"ENSG00000163931",1.20789917610243,1.08487669583344,1.19102264624941,1.06419457714031,1.1827829016795,0.956678700169138,1.24075924051134,1.1248365353335,1.2750451713963,1.25966074450273,1.2143361935963,1.16232144617674,1.05011980809702,1.19916476062461,1.16776412753459,1.20865441588448,0.980886699314111,1.07141407971771,1.26525198913176,1.18584420696207,1.0386386384307,1.26941553217185,1.17444521819595,1.1250497015656,1.18871287105174,1.23875984423512,1.25815030015598,1.17495796633865,1.23060302470426,1.00734214370879,1.14494759716335,1.24646004530222,1.29904185551204,1.04833896935581,1.18673194101574,1.20681071368977,1.24478795866068,1.11988101118099,1.17185492614451,0.957178340594699,1.10170661909802,1.19818822321124,1.05249475031447,1.21151165082424,1.18511796709314,1.07084117684121,1.01035650248748,1.20240797370919,1.24117174934968,1.23148514827099,1.22797313290637,1.21174004168678,1.27149546651958,1.03320292887287,1.04676078881611,1.22394323948757,1.24639123917444
"ENSG00000111669",1.32301280116642,1.2817668611901,1.26942215877538,1.27850877167494,1.24387583035924,1.31347773740203,1.30209790183774,1.28940750401581,1.29492069839492,1.2731105086273,1.31953558782039,1.28658475651052,1.332268370341,1.32385403175423,1.30535626509968,1.32701047197648,1.33004926082167,1.34104280759971,1.31891450697431,1.29300118598399,1.30490490464366,1.33126501174314,1.367897302942,1.30576540729508,1.26891089083784,1.30176452969758,1.27568206416317,1.23884877831296,1.29876252184271,1.28614782157883,1.28712675473855,1.32706208509217,1.31296016110682,1.3057489553798,1.30202817438265,1.2763118587521,1.2602461097813,1.31204759517857,1.25526237745721,1.26438151986798,1.29742527349365,1.26401610442597,1.24627537221352,1.2734515034309,1.34341601102169,1.24720103016998,1.30671181013609,1.27721306596719,1.2955457461285,1.30950495023574,1.28427498986877,1.33213536960524,1.30457307934551,1.32671280944393,1.26424351631837,1.29069651218333,1.304529616465
"ENSG00000166340",0.937382157202068,0.774289392735607,1.01086625347601,0.77930621994033,1.03262917761923,1.01664661030553,0.974825174630405,0.981390201995496,1.02469383637328,1.01475459178666,0.982937909947918,1.009289781039,0.860822683534181,0.988167445363793,1.00206388186692,0.965026674379564,0.967487684538426,0.892270237189639,0.962048561321761,0.994661921511534,0.952752752562012,0.991192954165093,1.01164294934588,1.08946322045935,1.08633663344825,1.03140265157384,1.07692307671094,1.06853921450528,1.03849931230829,1.08350464981233,1.06822226595447,1.01851668461857,1.00534543600497,1.00318281261126,1.0140873212081,1.09150652173822,1.09020644745445,1.03083787783226,0.934874987462225,1.04103328344937,0.930255499471193,1.02466029169106,1.00709928986959,1.02429794841181,0.788263762696458,1.04567522024261,0.978092013348319,1.01371755629849,0.991974317617983,1.00138613841557,1.00533385993573,1.03184586182852,1.03915512582661,0.952151669986528,1.02613397396092,0.975117417612648,1.09825783950259
"ENSG00000047410",0.982236776623551,0.987818163615367,0.975525540575703,0.9990031895935,0.949320638510499,0.991776975332576,0.983216783020336,0.996479227241429,0.931740614147412,0.989661748270669,0.949621403139905,0.986514833485863,0.988618210665212,0.950780550671019,0.949189189002616,0.917012447951588,0.959802955475901,1.00405761797443,0.982860640485032,0.980427046069508,0.974574574379465,0.961369095083793,0.963677977716454,1.00278329999945,0.951881187930321,0.958827634142393,0.977445089928603,0.988032835330228,0.953250834619279,0.968967204900839,0.982400632591971,0.957718585808948,0.992032274131713,0.952456733448885,0.9989009889102,0.997709847456396,1.01047493114808,0.985820525337467,1.010771815197,1.04441132617101,1.02594455933196,1.01680925998655,1.01929806998914,0.961760605265533,0.976204879819277,0.98226493589968,0.999004182234813,0.94285996231267,0.971308186000941,0.958019801790491,0.93796918195615,0.976140560851325,0.969811696528881,0.97080950928462,1.01772303974813,0.971320075752709,0.962468889803391
"ENSG00000197323",1.04812940338431,0.918490640602458,0.910328018501,0.927033492638151,0.90330258833615,0.951664660860075,0.914885114702321,0.923247158047833,0.90503914858361,0.935461206276129,0.911862695424157,0.94575966418025,0.94828274741448,0.946007755603856,0.947616707430444,0.944279786416858,0.938128078632881,0.977480218913069,0.745766170017187,0.957295373476217,0.972372372177703,0.89491593256707,0.850432878724165,0.902982107176345,0.925148514668287,0.942677698944736,1.01743327075398,1.00128572821654,0.938322529770512,0.932354380629984,0.976863753020197,0.912565600373786,0.915380736073549,0.890988661052121,0.730342691431643,0.935377874950637,0.960235940006054,0.897174020645082,0.899693645439333,0.928365623263117,0.96044194515923,0.973326622853885,0.934506549158183,0.727942640763206,0.956039523904812,0.990389378581118,0.908384783726671,0.935557090509117,0.733346709323165,0.898811881010136,0.879099170114757,0.919237296412252,0.902660157237689,0.944728658652878,0.947832181646574,0.969521334871686,0.916077650390029
"ENSG00000153827",0.383844398058183,0.671486580039321,0.392809992811453,0.724681020589178,0.757115937566773,0.38788608094908,0.677122876987588,0.389095664341797,0.388275446619499,0.388236474879406,0.390509843434526,0.386374987436545,0.386182108549085,0.384607735828854,0.380147420072698,0.382137917332121,0.381083743767274,0.392371677745512,0.394613344134949,0.668446025965115,0.620220220096052,0.629903923012429,0.624738779853769,0.696421471034509,0.658019801849897,0.550493470132491,0.659115532225132,0.693106517516941,0.582989589357103,0.633186490331241,0.596203282460707,0.629171204945208,0.390115985801288,0.799482792759204,0.386452192949055,0.689435427523761,0.393369266674795,0.800991571482203,0.688407945313093,0.384302036684689,0.707309854847132,0.389330649141554,0.808719127925463,0.859988050017927,0.657188949252432,0.383235905997575,0.385182234537904,0.381723082920809,0.388041733469494,0.718019801838016,0.723034373622475,0.601177997284381,0.385374115694854,0.38800280862915,0.387303494465344,0.664135105293468,0.385067197534083
"ENSG00000104907",0.857596506726685,0.865405565838287,0.880268101781199,0.715909090766366,0.872954477660824,0.886081026697537,0.898901098721498,0.870334976185427,0.897008632624572,0.893505971917393,0.90782433096258,0.717410847923802,0.926517571699976,0.890126280025827,0.87036855019747,0.882631890756247,0.851231526925866,0.909717995352056,0.849622525841742,0.944049031050999,0.901701701521181,0.93214571638668,0.930042790142294,0.889662027656131,0.88554455428009,0.911175356213503,0.870875603098419,0.904163781840735,0.901198192712395,0.916103768787841,0.939687561609712,0.891969501754239,0.915582450647386,0.838074398082738,0.831651513471545,0.909887483638378,0.977117868203576,0.712146752461647,0.86806996721651,0.885047193068048,0.883298806178692,0.898439858903183,0.889911008721146,0.862776339202793,0.899374873785163,0.869711681190982,0.889663413485428,0.944241586707936,0.952247190820175,0.880594059231566,0.90873172641076,0.89707497236756,0.918800438194919,0.914835991390343,0.719134875193925,0.920355750790376,0.901543056067388
"ENSG00000066651",1.0933809663405,1.10607111001167,1.07240783973344,1.08951355640161,1.08658137437537,1.10208584013195,1.10049950027962,1.14716829269748,1.09415779941896,1.09705911851911,1.10025239755674,1.07841374466519,1.14816293906786,1.10132246174777,1.09995085973465,1.09504050561252,1.13655172391398,1.09474538423722,1.15813099343846,1.13701067593179,0.964964964771779,1.12389911907048,1.10359239703382,1.1119284292024,1.09128712849677,1.08703020614355,1.07337732668701,1.08179210739159,1.14260459612206,1.11424375895952,1.15028673103613,1.10387167024381,1.10620272292361,1.03680127291888,1.13437905862037,1.11958578091813,1.08349435552049,1.1157164102894,1.18074908564468,1.17158469922075,1.14333629256322,1.09612481105262,0.963903609446275,1.12507468609339,1.09457551903719,1.08847716217409,1.12029476177648,1.07332478020856,1.10032102706655,1.07861386117255,1.09956538895702,1.10072876088635,1.10810002966861,1.17243454686078,1.0613797935193,1.12021584868188,1.06819313069822
"ENSG00000128311",0.977870397741814,0.949390908002497,0.930029450405193,0.961921849887974,0.976891797882199,0.9825511430039,0.963836163643589,0.97797002293975,0.96807869886206,0.973401585672307,1.1139828367261,1.07881330514857,0.962060702683294,0.97325246077891,0.960196560007824,1.01027464907918,0.96098522148552,0.840332724520119,0.963476841264339,0.978054566829171,0.977377377181706,0.9751801439201,0.970046770629904,0.823459244369094,0.955049504761376,0.961020835218618,0.966413867631948,0.939570764328044,0.965036338447253,0.944101810877317,0.926043108379268,0.972373502134395,0.978315683110778,0.955639546259073,0.96712958318171,0.938763317546796,1.0287806364225,0.937431829263772,0.944362090929072,0.989369100647915,0.817204300914037,0.966482133675595,0.950504949314967,1.00099581736686,0.96894535169007,0.947587436649641,0.958573989054257,0.998322313036944,1.00742375581713,0.967326732481717,0.957921769862125,0.981331735852784,1.00707382664002,0.966596448797954,0.981876439174551,0.980313780157827,0.98178198088964
"ENSG00000178952",1.24977671901364,1.09180944813473,1.15243221262264,1.06160287060175,1.24605772066923,0.929803449472562,1.2545454542948,1.1075344530515,1.08291507707631,1.23396567274235,1.23755678925037,1.28079112950139,0.925718849655408,1.22800039748871,1.16579852556938,1.26793123863507,1.07073891604517,0.940555893499583,1.27014894893488,1.25741399737892,1.07187187165728,1.30284227355828,1.25704050129226,1.19801192819125,1.17247524729258,1.21563154197675,1.27312124470144,1.26693699905708,1.23374582572505,1.06686245696195,1.21119240632565,1.27161105034724,1.24377206228063,1.02307539267494,0.926366270171572,1.23767798441946,1.25536458837479,1.06038671272972,0.916296076506316,0.921212121029069,1.12814442120388,1.28173125288742,1.07409259052613,1.18581955762083,1.18975599895347,0.91865649441818,1.09938259288999,1.24346195573997,1.23314606716831,1.22871287104382,1.17562228345009,1.27603074747409,1.21111885997587,1.09619821424492,1.08100530668249,1.23473568477371,1.24878048755624
"ENSG00000136810",1.19599087006133,1.33722887960043,1.24139331750962,1.29804625173484,1.22701576887295,1.25551544298927,1.12207792185373,1.26989236469774,1.32563742193824,1.15928937043877,1.22301867718869,1.21106782515012,1.34005591027555,1.32584269636555,1.32383292357271,1.21142066761284,1.32827586180724,1.35646175667347,1.20771271144507,1.18090154187803,1.33993993967168,1.21136909503375,1.28072444993915,1.28926441326257,1.20752475223613,1.19788655145092,1.20575199424687,1.14469389750871,1.15733647590702,1.24855604478736,1.20348032406496,1.18922665586905,1.30025214295507,1.25661428262252,1.28804076305564,1.20362441477574,1.14064883532174,1.31740208203919,1.35290048397017,1.26020864356479,1.25776857033486,1.13034725694407,1.18688131163146,1.28301135206473,1.329905222559,1.26463885836428,1.27046405073283,1.18049935829853,1.18980738338888,1.18277227699351,1.3176610032956,1.17240690802188,1.12683072608811,1.31648109111917,1.23600680860398,1.22454281978124,1.20657043281104
"ENSG00000100348",1.09655651461813,1.09359215586935,1.10084289609001,1.13098086101854,0.94852722385232,1.10830324887519,1.07312687291246,1.11960567324824,1.08813491244968,1.06012245286357,1.11640585540305,1.06722605113031,1.08446485601349,1.08978820700213,1.09719901698335,1.0422841333645,1.08945812786415,1.11320754694396,1.07080187694944,1.05456702233006,1.09509509487586,1.067854283213,1.03890934400659,1.07117296201368,1.12554455423257,1.07068088902987,1.0483600904071,1.10750667567847,1.0797485757062,1.11209006341418,1.1313031439329,1.05317358133416,1.07897125545558,0.951263178645064,1.10560495531909,1.08851936650632,1.09163022453135,1.11254338103866,1.10366636997655,1.11515151492993,1.14057413413425,1.06492199273982,1.13408659111407,1.10754829693138,1.08933252649943,1.11106707597125,1.10396335369369,1.06878515719554,0.959470304783413,1.07524752453955,1.08771236643862,0.95477687911455,1.05509614405597,1.08034908193794,1.08741363751128,1.04746677304937,1.08352414114813
"ENSG00000198431",1.1221593726065,1.16747548753739,1.1406519749892,1.12938596468712,1.10284637486803,1.15162454850549,1.20399600375545,1.16507393598932,1.19293314571513,1.19963866281248,1.15335689022648,1.14014583934869,1.12360223619736,1.174107586522,1.11410319388421,1.18474609737507,1.1048275859892,1.11462771330602,1.13160579450488,1.14333728723936,1.16756756733382,1.14131305021191,1.11115533861854,1.14751491030865,1.11801980175881,1.16319409806336,1.12676056315833,1.08020967242009,1.1683362794798,1.12892804676869,1.07356139982726,1.13971680341822,1.26757438199343,1.15138253408566,1.25247277425268,1.11918749355388,1.26533102791308,1.24065443703705,1.21316335582307,1.11058122183595,1.11314984687518,1.12390538477626,0.95790420938748,1.18781119275288,1.17080056439387,1.12355097570127,1.15634335766653,1.19767097578256,1.24337881194956,1.13326732650826,1.2200711178941,1.16102625513407,1.18641028172035,1.18266626518554,1.22759587439119,1.20595583067733,1.16316575387493
"ENSG00000025708",0.689093976245094,0.68772902828806,0.705189397642898,0.990430621812115,0.89517008808982,0.696349779242609,0.693706293567691,0.698521275385068,0.961453523195854,0.931446351313571,0.701060070529821,0.953351313364629,0.961062300127583,0.690464353049525,0.922063881882641,0.943094249961847,0.87034482741471,0.704402515580361,0.898592123872966,0.857058125571954,0.695095094955937,1.01401120876421,0.985172653799349,0.973359840760763,0.910693069126596,0.992523177949851,0.916379395072121,0.920779349041484,0.908858770200578,0.679784630312328,0.838639509424829,0.887414595328762,0.700353000363015,1.07360254603668,0.943151163763982,0.691426864345031,0.706193430142135,0.844025780695285,0.999110583852335,0.910680576073387,0.827069152446075,0.91353799679647,0.830516948139083,0.946026687722361,0.936075821549491,0.940651936799633,0.927703644507528,0.685285700052248,1.02247190990721,1.00138613841557,1.02034768845904,0.923430168528815,0.993125435689325,1.02919049031414,0.695303894924341,0.98730888358403,0.936983573730815
"ENSG00000176890",0.824650193346304,0.862236307643412,0.899157103503776,0.81359649106587,0.823564415189217,0.888487765565887,0.794405594246872,0.719243536722816,0.882553703898303,0.88126066428159,0.843008581354264,0.848466686475184,0.865615015801594,0.831858406914217,0.702702702564579,0.847658565333401,0.850246305251183,0.883343477199565,0.886553764356957,0.935943060313179,0.948948948758969,0.849279423368839,0.938600855619743,0.710735586339814,0.80712871271146,0.865317515528797,0.848616172392669,0.824844228894304,0.857002553357493,0.80724424849589,0.82756575028128,0.881869491854269,0.817347453188634,0.808633379588495,0.88180637408696,0.817086527767184,0.852639072337509,0.828160634441614,0.831702737260262,0.710382513520043,0.844825885203743,0.804831403964805,0.816918308005816,0.841665006803094,0.868521879236031,0.837412067603802,0.822943636561851,0.835882759136311,0.863964686825047,0.825742574093912,0.833465033418913,0.807627033880877,0.827538108831815,0.88193399520876,0.89376189027861,0.870990306611174,0.711796913745785
"ENSG00000107165",0.713704475396704,0.867584430847265,0.730374733273002,0.892942583554039,0.914212039886103,0.814079422219398,0.856343656172559,0.918619856972413,0.721943384717538,0.942487202460607,0.940131246655198,0.882029767079806,0.718051118067482,0.895694540937517,0.912039311860041,0.85062240647093,0.860492610667883,0.836883749069409,0.928177922683498,0.710952945687831,0.895295295116057,0.938550840484678,0.91232958485176,0.890656063441222,0.931089108726517,0.864121224032674,0.708362060335199,0.903174759983548,0.916519347688761,1.02222222202208,0.87838639492221,0.712149717652807,0.84135148747527,0.892580067457215,0.886602057970506,0.901722592671169,0.731414624075783,0.876152701858968,0.879138254594498,0.887431693812731,0.888428528975352,0.969300452749009,0.933306669146424,0.896036645907979,0.90441621276378,0.921034380081039,0.9053973310286,0.882857988575376,0.721508828105636,0.905940593880012,0.710391149602847,0.717979434817215,0.910431403624503,0.945129902508751,0.891358766217811,0.896172678945504,0.715978098413942
"ENSG00000117143",0.896100029592914,1.00386253322693,1.03787955701475,1.14712918637418,0.936427650315099,1.0274769352131,0.944255744067082,0.969721355805307,1.00883356735418,1.07417444523253,0.933467945293596,0.934372190403681,0.734225239470003,0.902257134154866,0.941326781141754,0.930646117184223,0.939113300307564,0.903428687177231,0.914507243233114,1.1164491891822,0.982782782586029,1.03042433926533,1.13961588195052,1.03638170953551,0.946138613674032,0.995912670522199,0.934699103529066,0.882207496611174,0.893144765096613,0.917865883324941,0.933952936338945,0.966828398659901,0.890771558065402,0.912472647520893,1.0460585470984,0.96863486986585,1.0954947623115,0.729201784684343,0.934084395506654,1.01222056611779,0.901055538936361,0.740211373781538,0.948905109299289,0.882692690523264,1.12603347426376,0.9366887940282,1.12726548473864,0.985690318565935,1.11938202224731,0.988514851289403,0.947649150346178,1.00209643585862,1.00448341117775,0.982244959177,1.17993391385202,0.992305386031317,1.02757590820755
"ENSG00000197355",0.867321623326918,0.717638902502201,0.940184827675396,0.871212121038435,0.966180699996791,0.872242278204524,0.905094904914067,0.846594909798492,0.851033928759078,0.909163906271371,0.856739020523627,0.723803815658016,0.723442491868322,0.841006264126279,0.884914004740066,0.833036949054923,0.871330049089393,0.871170622667646,0.73923689027969,0.71629102397859,0.892292292113655,0.880704563474639,0.900388098139041,0.891451292069294,0.858811881018057,0.96620476503515,0.92347089511997,0.848382949095365,0.931840502665127,0.908467939127074,0.716432667447808,0.953955837022684,0.821583459239217,0.911080166916435,0.861025077258262,0.862092999927891,0.900640699501548,0.883886960657633,0.716078663758063,0.850074515479369,0.865147479359742,0.866633115074659,0.724527547100384,0.721569408340655,0.88404920329017,0.808084811095198,0.8715395337838,0.715089312007285,0.726926163578065,0.878811881014097,0.902607664776253,0.85454726947099,0.86420245075935,0.879526532073523,0.870331430685825,0.724093134660919,0.844997511031359
"ENSG00000130985",1.13148754567203,1.16866395936047,1.12176297326663,1.14354066962848,1.21352771968392,1.13477737642704,1.17722277698757,1.13187808044827,1.18209194917043,1.18357924296224,1.20100959087309,1.17330935946992,1.15155750775728,1.17311325421634,1.16933660910676,1.18237502446505,1.2029556647876,1.21931426228052,1.21913895098569,1.13918544856877,1.19119119095271,1.22357886284556,1.16946959873232,1.12862823039192,1.15485148491983,1.19270262163439,1.14901999386408,1.12432004725065,1.16558632858661,1.12305433164502,1.1607672530827,1.18942469527885,1.14654563769106,1.1440222794621,1.07982815444503,1.16140595416481,1.16464964890376,1.11888943954013,1.16829726234444,1.18589170368884,1.18121732244624,1.15893306468869,1.13728627114543,1.11870145367084,1.16132284711407,1.12553254708698,1.11929894421046,1.18661798062042,1.15409309768176,1.14871287105966,1.13591465801345,1.12848158108646,1.17266115349753,1.17163205914904,1.15550215256724,1.14959528307193,1.14444997488413
"ENSG00000126261",1.069961297793,1.04387441793723,1.04417589092228,1.03648325338188,1.04651393413736,1.04452466886391,1.07412587391126,1.05764007623828,1.08472194316709,1.05871725362668,1.07602221078727,1.05024473058631,1.0764776355678,1.07447548949498,1.08442260420945,1.03359019936108,1.09024630520389,1.13106106692411,1.10161191571075,1.0984578882763,1.10810810788626,1.04823859066288,1.06458354043893,1.05805168965049,1.09108910869483,1.08443824123528,1.08086279895974,1.08831965164903,1.08583775268398,1.10014684266272,1.0725726713323,1.05931280303806,1.11870902650152,1.05729063038447,1.07483265039967,1.07019814775063,1.08491813259739,1.05265245393106,1.06868267594255,1.04997516124193,1.03344184649631,1.12068444869236,1.03769623016944,1.0533758213397,1.0715870132947,1.02169820647544,1.0786695875167,1.03996841980855,1.08126003188578,1.03188118791448,1.03081785835029,1.05340920414228,1.05728803406251,1.05186076817096,1.09021728224888,1.05246327549666,1.05206570412104
"ENSG00000144744",0.954450729194314,1.00722987005898,0.958464506761762,0.974681020539338,0.997917286323928,0.975531487971213,1.02197802177383,1.03108339180544,0.977313792214954,1.00692562460967,1.00070671357886,0.980721206476731,1.01677316273627,1.0132246194664,1.00029484009822,1.00968188085167,1.00689655152573,1.04706837065387,1.04019587817992,1.01008303657373,1.02542542522013,1.02021617273414,1.00766245377497,1.00318091431348,1.02396039583684,1.03080450582578,1.01940313187838,1.00207694570229,1.00235710056917,1.02026431698086,1.00039549120024,1.01752648756956,1.00252143197125,1.0169086928552,1.00329703247012,0.993527830131728,1.01555984927986,1.00386712920102,1.01373653503039,0.866964729087538,1.00128243050187,1.03210870638508,0.99990000979904,0.992431786299057,1.03044968722919,1.00881799246828,0.975502887676657,0.861146748078329,1.02347512017988,1.01465346514561,0.983998419402608,1.01347708874644,1.00727308936788,1.00491523703382,1.00550715910574,1.00349755151324,1.02598307595301
"ENSG00000033178",1.11044953833275,0.926611864726827,0.950137097400195,1.09908293439013,1.04433204382737,1.12555154409836,1.08271728250096,0.941152801339674,0.939168841409522,1.06815216278869,1.09722362421056,1.10478473656882,1.22583865790219,1.10172019467004,1.07931203909989,1.10551274429846,1.16965517218332,0.949076891671926,1.10528463556309,1.0958877024326,1.09369369347474,1.08106485166512,0.931037914035021,1.06461232583208,1.05960396018622,1.03499152606221,1.08322663230903,1.12214419916484,1.07149872302662,1.08311306880409,1.06703579176052,1.08862263568895,0.943620776410767,1.06763477201758,1.05744829632182,1.0869262170493,1.10891894617941,1.12920178460502,0.924597292039807,1.16900149008068,1.21475781765517,1.10739808734627,1.11428857092005,1.09101772533539,1.05464811432655,1.11720994726698,1.14260107525541,1.08477252519791,0.938603531111837,1.08475247503272,1.04504148537237,0.934012179108713,1.11128823331448,1.19570669050141,1.10523680762887,1.08104326949514,1.0773519161618
"ENSG00000175063",1.14240349287637,1.15341190429763,1.06387732282647,1.15869218477698,1.15878210826961,1.14480545504517,1.16683316660003,1.15038728474995,1.19453924890694,1.16932650784516,1.18404846013447,1.14114474055716,1.16174121382553,1.16495972930994,0.942506142320883,1.11381149948354,0.944827586020724,1.21383647774116,1.16547643314314,1.17358639755366,0.959959959767776,1.17233787006158,1.17663449075995,1.13300198784632,1.14237623739755,1.19230385780235,1.14448931327795,1.10948471939284,1.15772932603462,1.11541850198425,1.12774372135105,1.16684820256127,1.16429652018875,1.13586632163599,1.15416125463999,1.13711042494531,1.13820807461849,1.11888943954013,1.10465460992101,1.16304023821897,1.13130117369413,1.14584801184784,1.11568843093377,1.14180442120259,1.19197418810406,1.12275834714698,1.14758016308552,1.14990624668905,1.1741573031352,1.16376237600718,1.14816278128247,1.13846460993542,1.16628474620578,1.16721837673443,1.17552818640722,1.17058059335054,1.17391737159305
"ENSG00000184787",0.96100029751692,0.958106368038406,0.954402355853681,0.963716108260822,0.951700882485034,0.96570397092545,1.00019979999996,0.994668544211917,0.826540855084011,0.970591187198516,0.83129732441569,1.00829087983053,0.959265175527303,0.951774882976678,0.950565110378267,0.813475597547229,0.958226600796409,0.96449584074569,0.984288920427609,0.989521549824136,0.961561561369057,0.997798238391153,0.940591103405196,0.998807156859084,0.96990098990695,0.959824543722495,0.979611937165446,1.00187914133085,0.990375171677396,0.998139990015048,0.984180343882899,0.980493117936332,0.982349974587524,0.95703202686353,0.976920771110616,0.966046001998199,1.01779721325785,0.974318294303556,0.974602233229647,0.972280178644356,0.941106836156435,0.995269249925462,1.01009898989899,0.989643497114192,0.95724944525968,0.967799464783949,0.958374825541053,0.972268824440488,0.966091492583047,0.930099009716812,0.968194389378073,0.967555156041219,0.820364650628601,0.97542381362716,0.966456393117762,0.992505246129209,0.953509208371626
"ENSG00000186591",1.05944229412336,1.0353570365385,1.06936122655238,1.07316586900455,1.04036497053647,0.888287203993524,1.05974025952852,1.11336887614659,1.09154788173227,1.0826056406539,0.894295810016296,0.884826690463525,1.06050319467642,0.880779556352634,1.03724815704428,1.0762695117415,1.0417733988095,1.08277541061417,1.11303815525137,1.04389086574854,1.04044044023214,1.06665332244462,1.08010747316547,1.04055665983289,1.06653465325415,1.08603329656345,1.04422338204585,0.981703095444228,1.05892751894344,0.867156142757287,1.03757168261072,1.09099910860659,0.893393847525286,1.05351104017237,1.06204416004355,1.06163496941917,1.05176446637816,1.05225582527471,1.02085186263053,1.03686040714618,1.01805267810633,1.06311021619263,1.06909309047713,1.04819756999638,1.08792095158542,1.00089170692542,1.06652061321121,1.04608704213045,1.08788121968542,1.06158415820563,1.08672461456209,1.07976440030353,1.07821062048855,1.08636773977603,1.07059176908569,1.06545418185961,1.10024887982076
"ENSG00000103275",1.07869405555648,1.14608299472198,1.08337564718526,1.08971291844304,1.04096003153011,1.12494985938128,1.00339660319612,1.11457599816627,1.12828749224487,0.998895914684554,1.00151438647117,0.993107581461771,1.18510383362917,1.08223128147912,1.12648648626506,0.993479549299846,1.18285714262407,1.23737066316953,1.0224443988936,1.04013444028467,1.21321321297033,1.04983987168738,1.03492884843568,1.11988071548312,1.04415841563482,1.04296680270303,1.02531271525159,1.00207694570229,0.983303869380612,1.13832599096655,1.05517104982101,1.00762451707939,1.04205748844336,1.11418340936658,1.12219002874969,1.03992830806732,0.862198718425262,1.14328210190515,1.12857001657702,1.16681569773138,1.1350498172763,0.981177654558394,1.0876912306594,1.14479187390066,1.14801371221052,1.13048647555128,1.16092411847024,1.01470443086653,0.982142856945798,1.01306930673009,1.08613196343617,1.04342617529332,0.978778519282898,1.12629150343539,1.15610293358244,1.02168482042137,1.04888003961197
"ENSG00000078140",1.07452614844209,1.07299197760266,0.991774144208028,1.0265151513105,1.05881186133912,0.989370236464226,1.04215784194962,0.9938637961988,1.01385263982858,1.05309645667909,1.10893488114913,1.05204275276155,1.0996405748603,1.08760067592968,1.07970515949293,1.09543568443086,1.0541871919105,1.10225197786524,1.10161191571075,1.117437722199,1.1079079076861,1.07285828641456,1.0745347793662,1.0439363815022,1.01465346514561,1.02901006858159,1.0615581599406,1.04500049430422,1.05519544273125,0.998139990015048,1.00553687937403,1.05772848775963,1.0222894602073,1.05231748536855,1.03287041641865,1.02021308353675,1.00477982284048,1.05066931064935,1.00681885541915,1.03586686516923,1.02594455933196,1.05848012057202,0.96890310949527,1.01334395518555,1.0810647305745,1.02308530644544,1.05954989024904,1.04273166859909,1.0720304973772,1.07069306909491,1.04425128387115,1.02645502625008,1.04513300766262,1.03520914815223,1.04455792509371,1.06405516117437,1.04131408640292
"ENSG00000185651",1.13148754567203,1.08091512308985,1.11262313372344,1.0843301433245,1.14093027846059,1.09927797811888,1.13286713264079,0.965094054729888,1.13410961631518,1.13540098341154,1.16062594625732,1.09899110955969,1.1587460061584,1.15501640625335,1.11606879584942,1.14424026849551,1.12512315248766,1.18928788776845,1.16527239315134,1.26413602189321,1.15455455432341,1.10608486767292,1.17703254031704,1.11053677910327,1.10415841562294,1.1430565245453,1.06746774331381,1.11344080682159,1.13572971888907,1.07821830620103,1.08918331004762,1.11832854715946,1.12718103860269,1.17505470436144,1.1237885900442,1.11241660836156,1.08979965400391,1.10183440731743,1.08232038717614,1.10084451046183,1.1137417379671,1.11464519353505,1.03469653014005,1.11352320232752,1.14458560170506,1.09065689069837,1.10237004558806,1.11872101033875,1.12379614744707,1.12495049482674,1.08632951381147,1.12428870896989,1.10152435964899,1.13030394199412,1.09422248901688,1.12241430975869,1.12354405154335
"ENSG00000130725",1.09576262754872,1.09715757133858,1.09881182063597,1.09788676214157,1.0947138746217,0.915764139407187,1.09570429548537,1.03329644884151,1.0712708289357,1.09424872004532,1.09904088821827,0.912196583575627,1.12480031926422,1.10470319158701,1.09071253049814,1.11065006893684,1.10403940864945,1.1521606814461,1.16527239315134,1.11605377597547,1.12592592570052,1.11589271394798,1.09602945544909,1.08687872741812,1.07247524731238,1.09679992002855,1.09346991015592,1.08337454236309,1.09310548004457,1.07312775309386,1.08305319337887,1.09892068499873,1.11064044354803,1.07738213624878,1.05125387130557,1.06382554992257,1.06945998147677,1.07129400077912,1.06334618024245,1.06209637336074,1.06323369812307,1.07418218398104,1.09449055072603,1.06233817943391,1.10909457529561,1.0359655204526,1.08922525371655,1.12523438248786,1.08266452626752,1.06653465325415,1.07684709579675,1.046421083948,1.04852047403636,1.08315778892905,1.08961650123368,1.07944438871201,1.05823792910737
"ENSG00000177889",0.995137441501412,1.00287214004103,0.993602112116664,1.00179425817349,1.04512545848554,0.9681107097938,0.835364635197729,0.987425812093869,0.978116843810858,0.839305429922853,0.993437657548019,0.982519228651979,1.00299520746745,0.995525504425669,1.02054054033994,1.02114206658345,1.0212807879761,1.0030432134301,1.02183227891821,1.01858442051827,1.05065065044031,1.03142513990564,1.04746740948403,1.0230616300153,1.00970297009709,0.98335160981291,1.0077809512444,0.955592918414481,0.821253191745973,0.963680861289539,0.9669764680706,1.00306961065391,0.988199697228805,0.998209667595343,0.958337496061877,0.98337150234325,0.997457540730711,0.968765493114771,0.953058602440348,1.00466964709296,0.824898885109027,0.98097634605315,0.986501349667733,0.985859390363302,1.01008267775558,0.966412364813948,0.979286994427547,0.825224513801397,0.974117174764423,0.990099009704931,1.00316080580736,1.02705400798102,0.957258144673257,1.00993078523223,1.00630820045934,0.835615069284378,0.99910403165772
"ENSG00000175931",0.984221494297068,0.972169951278168,0.886158220597916,0.89613237621688,0.983239115147627,0.9215804250057,0.993406593208111,0.963082184697096,0.955029110428623,0.97018970170226,0.979505300155577,0.926780541219303,1.02615814675995,0.987371979519266,0.95980343961478,1.02469867594849,0.972610837246776,1.00365185615669,0.976943480722925,0.98734677718716,1.01101101080861,1.0002001599279,0.994526818390979,0.957852882513349,0.792871286971709,0.978367061912398,0.966019895407068,0.939570764328044,0.983303869380612,0.934116495167084,0.949772592258301,0.979898999706922,0.978517397684616,0.957827730066078,0.971725446903442,0.963656277812674,0.93867588712729,0.794050569996222,0.953651546407026,0.979234972483013,0.92926901431799,0.973930548369617,0.964503549452154,0.971718780925768,0.965113934066321,0.967997621922521,0.957578171488234,1.00246718622274,0.976524879418835,0.972475247332183,0.97372579988666,0.949386043536111,0.970010959256748,0.959173437464305,0.966055872440962,0.986909163388246,0.943155798717142
"ENSG00000108106",1.05448049993957,1.05278795661032,1.01452218929328,1.03508771909189,1.06595259326273,1.02226233433168,1.04935064914099,1.04858666109072,0.91246737584572,1.0157583055273,1.07319535566417,1.03226450883383,1.09544728412631,1.03669086187995,1.02800982780776,1.06559968364639,1.05300492590089,1.10022316877658,1.10732503548106,1.07236061663259,1.04904904883903,1.03502802221076,1.03910836878513,1.00675944313981,0.997029702772865,1.05373342616813,1.04501132649561,1.03847295004679,1.05244549183806,1.03024963269109,1.00830531915992,1.05119318723612,1.06343923327011,0.987069822759684,1.02367868897519,1.03435228496777,0.924438116358296,1.09806643508219,1.03053661408627,1.03169398886603,1.03640130195592,1.08485153475896,1.01809818997738,1.05994821727545,1.03226456926149,1.0520162486769,0.905198167515396,1.0304944239553,1.03711877988822,1.03089108890477,1.00414855768389,1.06099630606749,1.00567898754495,1.00391212739414,1.01792330008653,0.908364144916885,1.00686908889858
"ENSG00000159202",1.0173662794448,1.02862236287439,0.981212551847017,0.966507176840808,1.02786868967016,0.975531487971213,1.02197802177383,0.979981892972542,0.980124472800617,0.988055806285646,0.997476022009596,0.969133952458469,1.02975239596051,0.992741373969824,0.998918918722571,0.992294012844834,0.969852216557665,1.00263745161237,0.978575800657299,0.959470146113193,0.974374374179304,0.972177741999164,0.99233754582698,1.01153081490824,0.992475247328223,1.00508423865914,0.999901506746794,0.98941746593029,1.00294637576057,0.954674498099917,0.98536681807685,0.993365679573549,1.02067574361661,0.986274119557137,0.989909081628552,0.996116697999379,1.00335604576358,0.957461576409031,0.964324537807229,1.00149031276672,1.00562296517596,0.966079516665107,0.844315568274309,0.990240987653806,1.02036700927196,0.944813236709638,0.994821748457514,0.997730188296116,1.0008025680175,1.00118811861363,1.0161991305776,0.996905260857162,1.02759788761032,0.991473567862078,1.04315610272491,1.02128510022559,0.987954205875967
"ENSG00000114062",1.09893817582635,1.06170149528341,1.04153549283202,1.05123604444752,1.10324308219712,1.0419173684232,1.10269730247698,1.06488280835633,1.06163420978486,1.09103683607527,1.11317516383379,1.08280890998246,1.09384984003717,1.07387889011159,1.0557248155173,1.09089112801998,1.04354679782393,1.11320754694396,1.13793103425058,1.10537761939395,1.0732732730584,1.09687750178205,1.10717484304763,1.0713717691707,1.03900990078435,1.09281228170814,1.05880035436643,1.05192364730453,1.07032017264382,1.06451297091248,1.05398457562705,1.09911872440853,1.07836611173407,1.07459717503987,1.07223498829609,0.956885392620355,1.07332451925693,1.08398611778206,1.05781203655345,1.02235469428269,1.05257965846847,1.06955208836043,1.07069293049281,1.08125871318836,1.07884654142391,1.05697017714119,1.06373232402634,1.0804302770985,1.12158908484719,1.06277227701727,1.10885025659643,1.09453928299999,1.06127328861985,1.10061189665952,1.0545709420137,1.06605376215328,1.07516177181181
"ENSG00000009335",0.930237173577407,0.941071605240948,0.79130699689422,0.881977671275523,0.903699295665239,0.78138788592431,0.937262737075472,0.78382456477541,0.782172254410325,0.944494629941886,0.915497223439577,0.902806912216001,0.877795526981271,0.774783732569398,0.919312039131339,0.937166567686788,0.8983251229757,0.872387908120838,0.794939808040208,0.93475682069301,0.923723723538794,0.77982385893118,0.775400537212578,0.917495029638669,0.964950494858426,0.955039377738004,0.946124298050601,0.770645831120434,0.943036731301702,0.854821340997588,0.92426339708834,0.90682245748949,0.90569843652936,1.01074199303546,0.953341992016517,0.954097381070577,0.972032950071792,0.772632622553766,0.900879533372689,0.920019870656727,0.877182598228828,0.932058379278901,0.918508149001398,0.904401513462577,0.785642266427578,0.920638065803896,0.981278629559594,0.933188591545803,0.781701444465951,0.941584158229389,0.94152508871167,0.947589098343299,0.950881737381512,0.781623031240521,1.00090117132254,0.921554911377725,0.928222996330866
"ENSG00000110344",1.13307531981084,1.14132910742967,1.17903930107057,1.17563795829832,1.13081424156882,1.1718812673141,0.970629370435439,1.1932401164484,0.975306163225194,1.18478369945101,1.13114588568781,1.16751573246079,1.13138977613191,1.11285671649342,0.954889434701741,1.14068365913047,1.13024630519601,1.16352201234256,1.17465823277399,1.12356662690321,1.13933933911124,1.1339071254736,1.16548910316141,1.13836978108581,1.14811881165384,1.14983550968999,1.13010932706981,1.11640787239315,1.12630131582669,1.12050905509143,1.11746094500347,1.14882661626917,1.17196167399456,1.14939327607929,1.1611549603035,1.16001194838992,1.19027763628795,1.14030738698259,1.12343116886581,1.16145057105585,1.12814442120388,1.1667840963932,1.17108289147664,1.14499103741386,1.16273442202808,1.12850490416556,1.15475004956089,1.13194512955059,1.1671348312265,1.14415841561502,1.15073093616145,1.17140860513699,1.15353193162229,1.16380780395951,1.14408731327844,1.17177975393789,1.16993529095671
"ENSG00000127481",1.1164036913533,1.13835792787197,1.17274296716305,1.13676236021994,1.16572448652867,1.14801444020297,1.06413586392325,1.13670656852697,1.10580204755957,1.09063535057902,1.24119131726579,1.08041154708213,1.01158146944657,1.0420602563305,1.14909090886504,1.16202331532068,1.0622660096429,0.970379387102784,1.05896755742523,1.03103993653004,0.924724724539595,1.13630904701035,1.1680764252825,1.08767395604619,1.11049504928505,1.12710597126366,1.06333103495256,1.06814360576241,1.11608721250912,1.06020557982179,1.02550919497221,1.10466382788303,1.13585476527769,1.22040978690662,1.1361774400767,1.14627103432316,1.16505644235431,1.15022310339113,1.09931811422091,0.802185792190326,1.07270395559382,0.969099144243765,1.0816918306006,1.13144791851594,1.07985480921963,1.11879520437555,1.07269468212055,1.08260140114821,1.13944622770075,1.11584158393746,1.13690240988998,1.11031246858135,1.17784198442207,1.15177048828332,1.11705216759446,1.1431997599394,1.14046789424779
"ENSG00000104517",1.17892229806908,1.17361592528996,1.18655428025052,1.15510366803128,1.18754338962857,1.18391496165585,1.18201798178181,1.17996177423198,1.17185304132266,1.15547525822433,1.15194346266493,1.16651683125232,1.14596645344529,1.15223227579751,1.13434889412593,1.13179213571788,1.13221674854538,1.16656522597554,1.19057335213414,1.14175563441246,1.14794794771813,1.12489991971079,1.12349487488835,1.1634194828701,1.20752475223613,1.19250323971837,1.19432679972534,1.20443081768283,1.18051463343537,1.17767988229512,1.19161558212545,1.15456975915347,1.17115481569921,1.17087726254807,1.17274452968873,1.15483421265462,1.19109122318904,1.15855230517431,1.14952070339964,1.16304023821897,1.15418762924846,1.12692501235492,1.19908009175101,1.1465843455195,1.14821536576967,1.18042207447133,1.13921529553093,1.08418040045708,1.11938202224731,1.14099009878396,1.14559462640348,1.16961165994417,1.1740559925926,1.14314374538206,1.16050866102723,1.16978115295897,1.17292185143396
"ENSG00000143179",0.960007938680161,0.875507576334454,0.852645475606246,0.851076554854251,0.951502528820489,0.853188928830086,0.713486513343959,0.839754551687003,0.935555109227955,0.894509685658033,0.998687531348069,0.934571970645376,0.713059105288926,0.934672367319345,0.701916461778493,0.960679707377854,0.870738916084584,0.804219922742094,0.823301366899959,0.966587583834206,0.844844844675707,0.959167333675106,0.972833117529539,0.846322067426178,0.819603960233742,0.711992822109063,0.920713089545807,0.87152606055355,0.933804753303122,0.802545276396956,0.824006327699425,0.948806812367798,0.94341906183693,0.710364034073928,0.931361774216932,0.857910982603224,1.01962778378529,0.942389687468044,0.912738412706248,0.82404371568325,0.846996152540792,0.950578761761333,0.931106889124866,0.923720374243433,0.720104859705565,0.826711582120933,0.965544712016422,0.919372347593137,0.9378009628937,0.876039603786923,0.855393125077955,0.712987920392735,0.924180531847329,0.83238037900845,0.961850405334565,0.940541620677418,0.960079641421587
"ENSG00000148154",1.11660216312065,1.04328018202569,1.08601604527551,1.12539872385857,1.0613904589782,1.09145607679674,1.06533466512181,1.06870536141863,1.0287090943528,1.07377295973627,1.06733972719488,1.09759264786783,1.05451277934215,1.08859500823534,1.07007370986338,1.0762695117415,1.05596059092493,1.03043213612692,1.05774331747445,1.06089363363762,1.06846846825456,1.07786228961612,1.07353965547347,1.07455268368299,1.02851485128148,1.03858040055058,1.07928691006022,1.10790228442134,1.08190925140799,1.06921194301141,1.09610440951234,1.07139320703606,1.08643469468756,1.04336582433989,1.08802078107942,1.09807826324842,1.10505440839926,1.04947942468032,1.12540764875474,1.07660208622422,1.06323369812307,1.10518369378859,1.1448855112199,1.10037841045601,1.07037709193983,1.0967997619941,1.05715992809059,1.0555610379837,1.0720304973772,1.04118811860571,1.05235084925872,1.05520614933509,1.06426222953786,1.0713210951808,1.0585761487817,1.05765963804184,1.04609258316653
"ENSG00000109814",1.0227250171633,1.00326829731539,1.12805930717415,1.08512759149021,0.977685212540378,1.02065784175278,1.07912087890527,0.99849109727422,1.02690222826202,1.04024892079891,1.12266532031849,1.09739286762613,1.03234824260536,1.06671969751084,1.0958230956077,1.12448132757864,1.08334975348111,1.02799756522053,0.920628442987017,0.965203637610675,1.04484484463567,0.968174539437915,0.980794108671352,0.985685884495887,1.11227722750252,1.01804406320047,1.0786959517229,1.09049549973484,1.09644470612916,1.00890846774177,1.04963417024923,1.04228141379497,1.23671205219633,1.08215635546406,1.08822060124124,1.02439510086142,1.02186514776327,1.2035696576691,1.16908785430001,1.00228514634828,1.05613100502,1.11726220410322,0.996300369763763,1.07090221050171,1.04275055433701,1.09164767639123,1.03106950786077,1.0679956575411,1.1934189403705,1.06851485127356,1.19814302623506,1.04761904740988,1.05908139861331,1.08355903278492,1.01011314688893,1.06225642029334,1.03414634125751
"ENSG00000136731",0.98799245787675,0.978508467667919,1.01695947983813,0.837121211954322,0.975304968565842,1.01504211772663,1.02857142836592,1.01539080554966,1.0453724149678,1.00873230934282,1.01443715274822,1.03266406931722,0.96166134166101,0.995525504425669,0.997739557543442,0.998814463347399,0.968472906213109,0.957192128026538,1.01754743909048,0.949782522548481,0.953353353162492,1.00260208146465,0.954721862681914,1.00497017872665,1.01920792059026,1.003688565247,1.01684231241666,1.05192364730453,0.986250245337605,0.995007341949093,1.02570694067121,0.994355876622565,0.996873423903808,1.00377959001317,1.02347886881337,0.984367220753885,1.03834028251025,1.03004462051957,1.01096946318589,1.01162444093162,1.02633915339324,1.03351786592179,0.98950104969713,1.03146783488718,0.986892518453944,1.03517289189831,1.00517825114416,0.948978584634565,1.00120385212656,1.00772277207768,0.96542868412378,1.03364280702134,0.997110690246665,1.01735379656588,1.00610794012094,0.986509443192463,1.00647088083495
"ENSG00000169764",1.04495385510669,1.0569476079911,1.0756575604599,1.02930621989049,1.06000198332639,0.992980344766751,0.913686313503759,1.0073433254185,1.09275245912613,1.04065040629516,1.1244825843262,1.06662671040523,0.987619808109501,1.07129362611687,1.04353808333297,1.04070341809115,1.06660098501151,1.08155812516097,1.09385839602247,1.05140371667627,1.06986986965568,1.06605284206044,1.06518061477457,1.06401590436103,1.0512871285047,1.07905492950273,1.0796808822851,1.07783601996285,1.05067766626386,1.04512971100438,1.06209214928572,1.07495791641252,1.05395864829976,1.06823154941949,1.03506843819861,1.06044010732641,1.04484897771894,1.0611799700424,1.03192015000851,1.07441629387493,0.968728420446142,1.04942123783605,1.01489850994603,1.06134236186789,1.06009276042345,1.03120974912688,1.05277833080008,1.05871903660146,1.0912921346125,1.06475247503668,1.09344132732251,1.05261056183436,1.06625485681653,1.04263215948588,1.03895063561851,1.06685320254485,1.04589347913472
"ENSG00000276043",1.02153418655919,1.01634148736925,1.03097390047101,1.03409090888475,1.0320341166256,1.01223425571355,1.04735264714339,1.03772256291365,1.08853643824763,1.03763926507324,1.04512872265621,1.02527220037453,1.00099840235603,1.04146365694711,1.0246683044669,1.02232760303847,1.00472906384143,1.03266382612443,1.04203223810609,1.06247528646452,1.05805805784623,1.05424339450476,1.05403522717603,1.00258449284243,1.02435643544072,1.06130993897691,1.02708559026355,0.976164573043979,1.04085641307388,0.999706314048026,0.986948783668786,1.05475789661258,1.02692889540556,0.99781181599407,1.0154860623408,0.993726973813855,1.02918742987304,1.00525532949821,0.966696313673941,1.04500745135718,0.98115813337651,1.01640664297606,0.97910208959522,0.996415056563152,1.07945150210134,1.01575349231829,1.02330213084579,1.01707292982985,0.892054574459861,1.05029702949499,1.02923745534784,1.02944993490477,1.05290425404944,0.891965091605584,1.0527685989681,1.04167083021052,1.05465405653466
"ENSG00000114491",1.05070953635989,1.03813013745902,1.07646999064152,1.02153110027481,1.03580283625195,1.05234657018605,1.09990009968034,1.0343023838579,1.08351736577323,1.08902940859399,1.09641595131824,1.06283088581304,1.04572683685189,1.07069702673348,1.04176904156427,1.0831851410624,1.05024630521177,1.07851491152799,1.0165272391315,1.05496243553678,1.09949949927938,1.07045636487781,1.12628122178798,1.07992047692248,1.06891089087744,1.08782773380763,1.05978528492863,1.01394520798854,1.09114122940657,1.05394028368988,1.05161162723915,1.0975344091301,1.07191124537127,1.07559180404305,1.07223498829609,0.871452752987862,1.07230753563057,1.07526028734254,1.04496491727543,1.00129160437133,1.01864456919826,1.04539506773117,0.99990000979904,1.02190798625335,1.09094575497259,0.991776478551119,1.06731726726403,1.03069179886891,1.085473515031,1.06495049483862,1.05432635301179,1.08235998780426,1.07362757774761,1.06510181541477,1.04395714407851,1.07364844587316,1.06938775488912
"ENSG00000183696",0.66051404174645,0.659205704534177,0.844724281335488,0.81279904290016,0.840226123010964,0.816887284232473,0.793406593248071,0.843778291752585,0.881750652302399,0.874836896341496,0.671983846406465,0.838078113907087,0.80630990399235,0.661827582646549,0.654152334023754,0.866824738022757,0.794088669794268,0.675187664703756,0.804121607671063,0.860023724622376,0.807007006845444,0.796236989432298,0.929644740585204,0.958250496827386,0.659009900859602,0.914564848785851,0.925046784019492,0.658292948143944,1.05932036907104,0.956436612637017,0.909827961061928,0.945638181810944,0.671306101730448,0.887209070840022,0.777700069781656,0.908692621545615,0.918539611325427,0.894794248707031,0.803043778870828,0.661301539858658,0.838117786161958,0.669954705451444,0.82331766806853,0.840470025723866,0.845735027052685,0.659466957166459,0.662816171945267,0.854041251188386,0.980537720509523,0.659009900859602,0.855393125077955,0.840571029082446,0.663146358341507,0.833784732504005,0.821868428793057,0.665134405782925,0.882429069012956
"ENSG00000007001",0.855611789053168,0.874913340422915,0.848583324698165,0.824760765385813,0.869384111699021,0.852186120968274,0.826973026807798,0.869127854165753,0.689018269285481,0.880457693289078,0.820393740369431,0.841674158257582,0.685303514240155,0.682509694604254,0.858771498602698,0.678126852266721,0.846305418552452,0.775613714592085,0.808610487490592,0.873665480254317,0.687087086949532,0.830064051074847,0.928649616692477,0.952683896430878,0.679603960261465,0.928322200991263,0.929971436830499,0.678864602773442,1.04930269081727,0.951346059529839,0.911409926653864,0.94128131479527,0.692284417409524,0.88422518383047,0.685782795347031,0.910285771002632,0.902674666754261,0.919385225400221,0.856408735871843,0.681967212979241,0.824504291047745,0.862204327959295,0.686331366726061,0.683529177318556,0.843920145020383,0.83840285329666,0.852220673002943,0.677390703507867,0.97672552147337,0.861782178047172,0.872580007729637,0.833982230042132,0.683869682039679,0.858059985784319,0.861720236134631,0.685919855963641,0.683325037195953
"ENSG00000127540",1.09159472043434,1.04486481112313,1.03402051365207,1.07535885146026,1.087176435369,1.06498194924489,1.06613386592085,1.07695402855307,1.04978919874527,1.0761818727138,1.08551236727198,1.10698231922745,1.02555910522653,1.07407775657272,1.0675184273086,1.07488638587732,1.03408866974698,1.00324609433896,1.04488879799125,1.08007117416369,1.07007006985584,1.07646116871968,1.05463230151167,1.09821073536815,1.0643564354328,1.06988336136579,1.04422338204585,1.06972604073391,1.09349833017217,1.09348996552257,1.09135851273653,1.08822655686935,1.09873928369163,1.05291426277046,1.07323408910516,1.07039729143276,1.09915590336639,1.05225582527471,1.06433442018691,1.06666666645471,1.0198283513821,1.07679919454921,1.00929906989115,1.09838677532396,1.07017543838069,1.05835727711119,1.08245369426759,1.08832527364288,1.08306581037659,1.05306930672216,1.04998024475504,1.05640411279696,1.08598186687536,1.05587320672969,1.06838890536329,1.07444788626473,1.05405674443921
"ENSG00000156467",1.19876947480425,1.13697137741171,1.16441555780148,1.16088516723268,1.17465040143317,1.16746891272213,1.16523476500195,1.1701036110713,1.1598072673841,1.15547525822433,1.17698132232671,1.19388672436442,1.15475239593555,1.15919260193712,1.15380835358156,1.16281367295736,1.1399014776079,1.15642118053227,1.13262599446386,1.12930011840069,1.13873873851076,1.16873498775646,1.13921783239343,1.17395626219206,1.15188118789072,1.17176752045224,1.14744410496455,1.19671644719677,1.18051463343537,1.16279980398183,1.18588095685468,1.16962075429852,1.18124054439108,1.14481798266465,1.15476071512543,1.15782136788652,1.18620970178253,1.15934556248699,1.17561023793347,1.15469448561258,1.1533984411259,1.18429793634941,1.18068193157071,1.19518024274145,1.15910465796348,1.15902110350559,1.15893248333819,1.17122273735888,1.16472712657209,1.14475247502084,1.14697747903062,1.12868124166344,1.16728105984512,1.15156986635539,1.15850605764323,1.15699010669392,1.12951717249786
"ENSG00000010256",1.06738116481743,1.02010498147567,1.02772417974455,1.04246411462471,1.04254686084646,1.06177296408709,0.989210789013145,1.06769942640223,1.02148162998966,1.0021077986546,0.999293286017306,1.03865747656804,1.05211661320844,1.05538430922633,1.0457002454947,1.0057300926683,1.03270935940242,1.02028809068365,0.995715159968228,1.00158165262919,1.02742742722174,1.03302642093014,1.01184197412442,1.0570576538654,1.02930693048925,1.01664838978833,1.00206835398364,1.0359014932181,1.02180318188533,1.0629466468795,1.08028475359298,1.02485394573228,1.03721633867126,1.02944101829532,1.04665800758384,1.0470974806239,1.01169531149971,1.04511650946056,1.0833086271206,1.05017386963732,1.06007694563281,1.04740815278361,1.11648835094161,1.09101772533539,1.03428110485294,1.03338947765117,1.05118502269445,1.02733642533754,1.00541733527179,0.999207920594216,1.01303832457269,1.00309473874352,0.984557138391042,1.02618116139509,1.04135375967931,1.02508244208552,1.00746640099403
"ENSG00000140740",1.12513644911677,1.04367633930005,1.07220473218804,1.08592503965592,1.10621838716528,1.09566786981635,1.06353646332397,1.08721456572031,1.06263802427974,1.05630834064914,1.07723372012575,1.09759264786783,1.04712460042989,1.09038480638553,1.09169533148075,1.08654416101827,1.06541871900189,0.975248528915551,1.05876351743343,1.0656385921183,1.05665665644511,1.09727782203817,1.0850830926291,1.10715705743396,1.07821782156867,1.09261289979212,1.05367871544299,1.10196815327822,1.09781968157576,1.106999510307,1.12754597565206,1.0913951874262,1.09631870880558,1.07161328803031,1.09361574561023,1.09349795855949,1.07454489960855,1.08616757539194,1.0914121946652,1.07739691980578,1.04172832178322,1.09391041749494,1.16088391137669,1.14538936444027,1.07582173803674,1.08273060515551,1.0788687510299,1.08733839907484,1.06159711054141,1.06178217800757,1.06736467778203,1.06558849933801,1.06565706863293,1.06429932770302,1.07079202942409,1.07384830597105,1.05126928799377
"ENSG00000169021",0.915748734560733,1.06843616894752,0.937138214494336,1.0923046249816,1.10978875312709,1.09566786981635,1.08871128849376,1.11437481116299,0.926320015875061,0.926227039862245,1.0901564864028,1.11976825469588,1.06369808285469,1.10191906113117,1.10506142484421,1.07508397528649,1.06857142836087,1.07628322153048,1.05080595775336,1.09272439677882,1.07887887866289,1.09107285806824,1.09801970323455,1.13141153059018,1.10019801958412,1.03160203348986,1.06746774331381,1.11482543742165,1.07464152404741,1.10837004383586,1.13842198909661,1.10387167024381,1.12415531999513,1.1018500097271,1.12119092794062,1.10504829212286,1.1068849789267,1.09172037658072,1.08805217885403,1.08395429685366,1.06836342091973,1.08002013063311,1.15228477129241,1.13682533337247,0.93042952189344,1.10849103316982,1.09281019695423,1.10826013991745,0.925762439621637,1.07029702949103,1.08494666118433,1.08255964838124,1.07083789955747,1.08295716700111,1.09482327003208,1.08544019164876,1.08491786937085
"ENSG00000173660",1.06797658011948,0.973952659012785,1.05209708519303,1.08931419436018,1.03342259227741,1.03509827496288,1.00559440539349,1.0246454077005,1.00682593836442,0.98765432078939,0.99666834911728,1.06642693016353,1.01677316273627,1.01919061330035,1.02427518407385,1.03042876881438,0.994876847094606,0.957192128026538,0.977759640690112,1.03618030821744,0.985385385188111,1.03022417913726,0.997512190069159,1.07594433378212,0.997029702772865,1.03738410905445,1.01822121520374,1.05449510413322,1.05637399311405,1.04610866352499,1.08859007295064,1.02564610337149,1.0390317698358,1.02029043146603,1.05924667777815,1.06621527410809,1.00335604576358,1.05423896855642,1.02203775056388,1.0283159461444,0.979974351192666,1.03855057855288,0.963503649442355,1.08982274425616,1.0810647305745,0.908154166073882,1.09918342937678,1.07608802899909,0.995786516654136,1.01366336613591,1.00395100730858,0.987121892585181,1.0168377003055,1.00952954137636,1.00791028316653,1.02668132286866,0.797610751458913
"ENSG00000126088",0.956633918635182,0.996137466376916,0.98486848766429,0.979266347492172,1.00763661588661,0.96409947834655,0.988011987814583,0.829896388526326,0.986147359769896,1.012144936061,0.975668853917078,0.972729996808964,0.968051118017562,0.999303967187172,0.982014741821717,1.01639992076341,1.01812807861712,0.953337390758097,0.910834523380773,1.11051799108135,1.01441441421133,1.03722978361945,1.05702059885421,0.993836977933631,1.00336633643498,1.03359585265007,1.01073574293101,0.815943032179618,0.986446670401405,1.01634850689841,0.990508206250641,1.02762649746953,0.959152798596237,1.01213447363992,0.99930062923383,0.989943243853442,0.977117868203576,0.970153693411968,0.958197450151557,0.981818181623086,0.92946631134863,0.987418218220953,0.943305669244414,0.957976498514643,0.996975196411177,0.96066580779537,0.981477793072799,1.00128293674109,0.991171749399845,0.999405940396157,1.01540892907637,0.997703903165079,0.97260137471902,1.04363526912556,0.992490237109745,1.05006495432196,1.01324041791673
"ENSG00000103194",1.02808375488179,0.814103198808735,1.00761653274954,0.939593301248087,1.00247942060845,0.961091054761113,1.01778221757886,0.985816316067636,0.971090142346699,0.984442436819343,0.993639575771098,1.00988912176408,1.0415335461179,1.00566769394339,0.988304668110407,0.989725350525642,0.976551723945507,1.02069385250138,0.838604366284717,1.0312376431334,1.00920920900717,0.979583666737473,0.999303413076067,0.992644134991522,0.950099009712852,0.974180041675968,0.978823992715685,0.93838393809942,0.962482812617858,0.96642192834725,0.956693691723019,0.963065649873638,1.00413514856195,0.963994429885818,1.01508642201717,0.902718311081805,0.927285670512095,0.990381754885398,0.928352603828767,0.932538499566311,0.970306796691268,1.00815299426107,0.944505549256173,1.00219079844609,1.00947771707815,0.902209451916733,1.0113523200535,0.99615118898724,0.988764044745433,0.98178217802341,0.952983010479458,1.02266147528748,0.969612433801014,0.949342962995417,0.93942124743378,0.995103427401798,1.0152314582349
"ENSG00000102226",0.844497370081473,0.944438942073004,0.901391286503221,0.953349282106589,0.909649905601577,0.944243882682663,0.899100898921259,0.91942460498553,0.95864284261019,0.648399076453197,0.652195860544736,0.645290180672203,0.991014376798919,0.900666202465812,0.938771498586974,0.638213791614658,0.961182265820457,1.01663623432407,0.659049173503561,0.913009094323249,1.00640640620492,0.896116893335445,0.925863269792843,0.916103379539542,0.928712871103225,0.906788954061053,0.954397714773092,0.886163584039924,0.905126693988386,0.920019578870285,0.929800276660115,0.639667293664785,0.937165910047975,0.642530336056787,0.924967529038871,0.918052374605586,0.896165971545578,0.936638571951088,0.910564284828429,0.937704917846457,0.851336687214889,0.650226471937549,0.899110088811297,0.918741286413316,0.965113934066321,0.894085009235295,0.95658235392221,0.847330504125663,0.880818619405935,0.855643564187001,0.875543263359237,0.644903663642826,0.87695526534284,0.91042230897574,1.00911184519693,0.854401918486179,0.643106022768919
"ENSG00000101557",0.871291058673952,0.943844706161465,0.890423479051402,0.90669856441254,0.826143012828296,0.917168070413725,0.82177822161403,0.900311839674014,0.861875125303779,0.827863093279562,0.682079757560408,0.838677454632169,0.918130990232003,0.909814059677873,0.938771498586974,0.797075676586233,0.924137930852387,0.981537837090376,0.859620485439784,0.896204033037524,0.957957957766175,0.863690952589333,0.85361727518089,0.911332007771107,0.860396039433585,0.872295882589513,0.837978922320895,0.757392938234123,0.803182085876413,0.887518355185997,0.869685584166564,0.815922368389757,0.845184064378178,0.909090908910067,0.94714756700027,0.867669023027448,0.767415844448812,0.912840852570582,0.894752445717017,0.925583705727654,0.919206865755311,0.680020130713635,0.877312268597678,0.915753833715245,0.921556765291076,0.920043594388181,0.930890260718803,0.848712128520929,0.817616372227605,0.840198019635604,0.860924535586542,0.831386642541402,0.82175948972367,0.93610191575161,0.96986081887056,0.851404017017807,0.860527625513086
"ENSG00000135655",0.997122159174929,0.973754580375606,0.976947293393531,0.84868421035712,0.996132103343026,0.965302847780725,0.998201798002357,0.856453072959169,0.980325235699593,0.973803071168563,0.859565875646731,0.987513734694333,0.992811501399199,0.846574525037969,0.981031940839109,1.00869393380583,0.98325123133335,0.969973625285053,0.98734952030456,1.06267299306788,1.01821821801437,1.00100080044015,0.996318041397887,0.99602385666083,0.972871286936065,0.97497756934005,0.99674972894775,0.943922460499669,0.985268120018608,0.970729319437938,0.975875024525237,0.965640162201081,0.98194654543985,0.985279490553953,0.974123288845215,0.980185203429217,0.989525068445129,0.990183440557227,1.01393418301928,0.963338300851796,0.959060865944745,0.998087568998875,0.96910308949723,0.971917944438973,0.986690864894799,0.993361735659692,0.992630949812262,0.992203690715049,0.984951845709279,0.997425742376747,0.979652311145861,0.997703903165079,1.00866792846295,0.986056775807793,0.99869830760014,0.977915458983129,0.996117471180464
"ENSG00000111667",1.27756276644288,1.17361592528996,1.33218239030523,1.22368421028236,1.30834077133624,1.1943441634187,1.3022977020375,1.2143647517927,1.27102991341678,1.32389842390366,1.28157496188156,1.28618519602713,1.09624600617088,1.28587053767806,1.24363636339191,1.27129025859093,1.15152709336916,1.14242239782057,1.39257294401294,0.982997231913207,1.18978978955159,1.29863891086897,1.36292168347837,1.32226640132758,1.281782177964,1.35579702893913,1.30660888381629,1.25229947557071,1.27695933976096,1.1669114045684,1.22444136815811,1.28923655781974,1.35955622766323,1.11895762858187,1.26626036541787,1.31733545727027,1.2992982810334,1.16688150695748,1.16473959854437,0.987978141880183,1.15379303518718,1.32601912404106,1.24527547220372,1.25034853589915,1.29038112496665,1.24086000173569,1.12766381176505,1.32932004316011,1.31320224692753,1.2807920789543,1.28308968761693,1.33592892056785,1.26053601648689,1.19951850713221,1.2093721835968,1.35345258292126,1.31329019386495
"ENSG00000187555",1.02788528311444,0.991185500447423,0.970244744395197,0.981259967906447,1.02628186035381,1.01504211772663,0.994005993807391,0.999899406297173,0.982935153386281,0.982635752086192,0.981322564163287,1.01188692418102,1.03674121385049,1.00765635855471,1.00442260422517,1.00493973503163,1.03980295546014,1.07526881698615,0.958171801477622,1.0148279950544,1.07307307285824,1.06665332244462,1.00965270156042,1.030815109139,0.990495049308813,0.981955936400766,1.00758396513196,0.979131638615541,0.967589864276647,0.984826235734738,1.04172434228955,0.979106842067708,1.01724659586137,0.988462303364141,0.974722749330658,0.982176640250488,0.963286890885124,1.03024293484775,1.05128965291999,0.994932935718841,1.0101607968807,0.99043784579961,1.00509948985,1.01414060923837,1.00262149606723,1.04547706310404,1.03505277812487,1.02042830336121,0.966292134637582,0.977227722578767,0.981035163773008,1.00049915124279,0.927767260948935,0.99247667750176,1.02573345328412,0.971719795948492,1.00228969616679
"ENSG00000124486",1.05348814110281,1.08784787539114,1.08459429245768,1.1162280699529,1.0413567388592,1.12735659824963,1.02217782197359,1.16185494393686,1.08873720114661,1.0280036131631,1.04068652174847,1.04844670841106,1.09704472821545,1.08600974424063,1.05690417669643,0.891325824759667,1.11881773376969,1.08622438606488,1.08712507629318,1.05733491477712,1.15775775752597,1.05144115271188,1.06040402008948,1.12703777313578,1.06930693048133,1.04635629527538,1.0503299515315,1.09108891284916,1.03614221154269,1.15653450784992,1.08325093907786,1.03614219209107,1.08421583437535,1.10244678712901,1.13597761991488,1.08373991813527,1.04667954824638,1.13058998490221,1.12540764875474,1.14853452535548,1.07901746057433,1.10317060873615,1.12888711106312,1.11830312664443,1.08570276243483,1.13068463268985,1.12626966717262,1.07332478020856,1.0393258424881,1.03702970276494,1.05906756201915,1.07637017049488,1.02201853123005,1.13913130682333,1.15630319392084,1.05326271588823,1.04668989526198
"ENSG00000124164",1.12672422325559,1.10409032363987,1.15466639562208,1.11283891524864,1.12922741225246,1.14239871617682,1.12467532445061,1.13429232448762,1.12648062615409,1.10549031394048,1.14164563328791,1.14394166394088,1.09784345026002,1.10112359528664,1.13002456980245,1.11618257239356,1.10246305396996,1.10164333513864,1.10304019565333,1.08066429397377,1.08148148126497,1.08506805422637,1.06637476344584,1.10556660017782,1.15544554432565,1.12212142336315,1.12400275758416,1.17297992262427,1.11530151225392,1.10484581476166,1.13011666973895,1.10109911850657,1.1023701460207,1.12771036380988,1.11939254648429,1.09170566542035,1.15366622573911,1.16232027740955,1.11651348925457,1.11236959739446,1.14215251037937,1.15188726700516,1.15108489128065,1.15096594281,1.11010284309133,1.135242246877,1.11909978069725,1.11418138732573,1.1227929371744,1.11584158393746,1.1165547212334,1.11690126762166,1.11626980151115,1.12428528415603,1.08821467886488,1.1244129107376,1.12195121928881
"ENSG00000167397",1.00664880400781,1.03099930652055,1.09414034709167,1.12081339690574,1.0413567388592,1.07701564358664,1.09470529448657,1.03711900190381,1.10178678958005,0.888688145962323,0.893891973570138,1.02267505723251,1.01857028733655,1.02495774067317,1.00972972953126,1.00217348330327,1.04078817713482,0.898153783546733,1.1177310750627,1.02135231296533,1.02642642622094,1.02742193734439,1.03492884843568,1.03041749482497,1.08871287107154,1.04356494845109,1.08696936844539,1.16091385596659,1.08681987800298,1.06842878099492,1.1315008896319,1.07456183759292,1.01805345415672,1.05490352077682,1.01089019861906,1.06621527410809,1.04342520064204,1.04571145244507,1.06018381242016,1.02891207133057,1.09420933193367,0.891192752714405,1.07069293049281,1.03545110515127,0.89272030633339,1.07222827681121,1.01892053355528,1.03325767274583,1.06059390026874,1.06178217800757,1.05254839963403,1.04122990894654,1.04772342312489,0.888153274974791,1.0581756281049,0.884780653365688,1.04649079123017
"ENSG00000111237",1.06103006826218,1.08883826857704,1.03584848156071,1.07635566166739,1.11871466803159,1.04292017628501,1.06533466512181,1.04476410802841,1.06324031297666,1.0789922711876,1.1178192829646,1.09479572448411,1.05970447263185,1.11345331587681,1.09877149855552,1.1033392607976,1.05438423624544,1.09089064696878,1.10140787571895,1.10162119393009,1.09509509487586,1.10308246575199,1.11095631383999,1.06878727612947,1.05623762355322,1.10477519666937,1.07633211837362,1.01434081673141,1.08681987800298,1.06803719998668,1.01898358690548,1.08743439923013,1.08401411980151,1.09767256791373,1.04206214386211,1.0492880611273,1.05827316158685,1.05562716885362,1.04219784543093,1.06666666645471,1.0304823910367,1.0739808754758,1.06409359042814,1.06751643077723,1.0905424478543,1.03893787753117,1.082852021294,1.07194315581329,1.1099518456842,1.08019801958808,1.07566179354491,1.13047818685625,1.11088970785874,1.07031798554111,1.0535696403217,1.04746677304937,1.11040318544342
"ENSG00000130227",0.93063411711211,0.906605922371673,0.91235909395504,0.949561403319465,0.901914112684337,0.876855194368862,0.935264735077869,0.891258424526454,0.911865087148792,0.925424068869733,0.931448763062807,0.936569773062317,0.916932907165149,0.945013423298197,0.930909090726111,0.946650859326882,0.933990147599214,0.957800770753134,0.925321362798343,0.967576116851013,0.956356356164894,0.920136108702935,0.916708129979758,0.878926441177152,0.903168316652838,0.899411823168296,0.926228700694134,0.879636039782487,0.916126497561161,0.85501713150171,0.89875420191838,0.919496979716903,0.931517901980531,0.908693057308794,0.891597562015866,0.883202230233356,0.864639479128518,0.894199305722519,0.840201600782646,0.934724291915604,0.908158232039428,0.948968293719383,0.886711328689789,0.89523999185516,0.927404718506271,0.911126523152457,0.90201155130412,0.914437974752899,0.770064205302957,0.885346534478149,0.899249308396039,0.903863431984853,0.905051309972093,0.881733373280824,0.889556423172213,0.901568901588574,0.898158287526499
"ENSG00000106636",1.12910588446381,0.956521738940968,1.08743779809334,1.05622009548321,1.06654765425636,1.05435218590968,1.07212787191366,0.971532038834819,1.0921501704292,1.09023386508276,1.09883896999519,1.07401857934791,1.07028753972239,1.08680521008515,1.11980343958333,1.06421655778221,1.08137931013175,1.05112598883118,0.985309120386593,1.07987346756033,1.09269269247394,1.07526020795131,1.09443725722073,1.07534791231106,1.06138613840369,1.04476123994721,1.07022554888797,1.05350608227603,1.07130229796282,1.07430249611859,1.09689539230831,1.05614417248121,1.11951588479687,1.16829122713979,1.10060945127373,1.08214676867825,1.10322383787181,1.12682201266697,1.06077675638684,1.09090909069232,1.05948505454089,1.10437845976761,1.11188881089653,1.14698267254591,1.07199032041299,1.07044486256407,1.11431985638034,1.03148129852334,1.04454253590599,1.09742574235695,1.08198340555472,1.08136168491936,1.07960545958362,0.968803290005256,1.11164513845767,0.965124412718072,1.06500746618915
"ENSG00000105939",0.906817505029906,0.913934831947324,0.924951761770092,0.930023923259565,0.878508380268073,0.905334937644337,0.956843156651979,0.901720148696968,0.90604296307849,0.949513198645084,0.918727915008838,0.937568674270788,0.931709264989675,0.924927910723888,0.93837837819393,0.896463149398051,0.921182265828339,0.978291742548531,0.9532748416745,0.938117832950155,0.946146145956727,0.912129703580438,0.933824260934655,0.923459244349213,0.90772277209748,0.92732529141116,0.896483797715654,0.921372762155796,0.931054802409928,0.90279001450753,0.923472414292372,0.92583424083061,0.957539082005539,0.918440421539996,0.914377060462708,0.922831822976634,0.931963795193336,0.855726326057367,0.942978555006823,0.89557873802373,0.919601459816592,0.914745847827932,0.921107889026876,0.889663413485428,0.927606372065415,0.904587337579592,0.949611630960045,0.911477351048756,0.936998394675562,0.93168316813234,0.927499012064896,0.923230507951836,0.898077114496747,0.94974420685129,0.904976469229002,0.920755470986159,0.910502737499153
"ENSG00000084073",0.97509179299889,1.00881449915642,1.04092617019581,1.04804625178468,0.994743627691214,1.07260328899466,1.0019980017978,1.05623176721532,1.03272435233232,0.987453578041262,1.0003028771327,0.956148236748347,0.985822683509221,0.999701700109436,0.990859950665187,0.982216952977234,0.996453201774098,0.968959220740726,0.987757600288154,1.01443258184768,0.978778778582827,0.974979983792038,0.987959000698983,0.998011928231011,0.993267326535987,0.995314524774137,0.987885353887938,0.866580951267613,0.97544686682863,1.04826235907034,1.01621514711959,1.00544608357155,0.991830559557876,1.08573701987552,1.05604955518912,0.872448471398497,0.99277941604947,1.03718393633373,1.03033896609737,1.03407848961071,0.994574331460082,1.0119778558607,1.06809319046733,1.03843855784935,0.981246218797893,1.06370751985263,0.978490340374728,0.959834204883088,0.99137239145438,0.995445544357338,0.983208217901381,0.971348707003824,1.00269004662694,1.04624335418874,1.00951236587373,0.963125811739157,0.994325534894111
