gene_symbol	tumor_mean
A1BG	0.26438471061657864
A2M	0.14227266134501448
A2ML1	-1.4196450078397405
A4GALT	0.23063985477082127
AAAS	0.06436064050117807
AACS	-0.3447509346340496
AADAT	-0.37250688519327824
AAGAB	0.06860694362710973
AAK1	0.0071940687507741075
AAMDC	0.1780139317980094
AAMP	0.06814508364941929
AAR2	0.04386640565036615
AARD	-0.015130665354224249
AARS1	-0.0313139937658633
AARS2	-0.0012006016464596314
AARSD1	-0.04956892978641747
AASDH	-0.012703029254266696
AASDHPPT	0.02510529773330461
AASS	0.06638243309039282
AATF	-0.06943422988435088
AATK	-0.08857883711912784
ABAT	-0.027835490568271837
ABCA1	-0.11556796658266322
ABCA12	-0.1740418639397836
ABCA2	-0.022261377671568994
ABCA3	-0.19365082407298573
ABCA4	-1.2977165942207272
ABCA6	0.1610625542359827
ABCA8	0.011778699322245956
ABCB1	0.019689212663442035
ABCB10	-0.12858849205958478
ABCB6	-0.14184809378092922
ABCB7	-0.1499153877704007
ABCB8	-0.09192017785799678
ABCB9	0.08088528842091236
ABCC1	-0.15599279053965276
ABCC10	0.16678076850842594
ABCC11	-0.4806605579371581
ABCC3	-0.429389958824828
ABCC4	0.06632132302070914
ABCC5	0.0428921324347975
ABCC9	-0.023064010002762814
ABCD1	-0.17237566587766295
ABCD3	-0.5050952269029132
ABCD4	0.05959622242298224
ABCE1	-0.006888329144910443
ABCF1	-0.04368489586463298
ABCF3	0.07534342049375198
ABCG1	-0.2245700884139641
ABHD10	0.1104413523789951
ABHD11	-0.05052227869085968
ABHD12	-0.4167671464663698
ABHD13	0.029895350515417363
ABHD14B	0.04815969145574783
ABHD15	-0.03218992593892267
ABHD16A	-0.18112388968548743
ABHD17A	0.0037863733801088983
ABHD17B	-0.029384079845122812
ABHD17C	0.008132719652031994
ABHD18	0.16930392633404345
ABHD2	-0.13961864296208937
ABHD3	-0.14804755749562126
ABHD4	0.13322657704431862
ABHD5	0.08160703898990818
ABHD6	-0.03539153619539803
ABI1	0.11268934386732354
ABI2	0.1263232622541146
ABI3	0.031899144603674046
ABI3BP	0.19470778419984214
ABITRAM	0.02723016079324836
ABL1	0.12385323710949692
ABL2	-0.06776894750085205
ABLIM1	0.10775474141762587
ABLIM2	0.0547435461824648
ABLIM3	-0.09414407470413266
ABR	0.06412314196138169
ABRACL	-0.17992322200776556
ABRAXAS1	0.057677855748583085
ABRAXAS2	0.125870162393646
ABT1	-0.15110673799315677
ABTB1	-0.10904226218636914
ABTB2	-0.09348587362812921
AC004706.3	0.09980656167749657
AC011005.1	0.24494858665056896
AC026786.1	-0.17661200871530447
AC073111.4	-0.17425947519365792
AC092835.1	-0.7252815163687565
AC093323.1	-0.013711818363239203
AC098484.3	-0.24175966074163924
AC118549.1	0.006726435427893307
AC119396.1	0.21603531050206293
AC139530.2	-0.4905195915867413
AC236972.4	0.024534082066361762
ACAA1	0.02281191027872964
ACAA2	0.09241235062266284
ACACA	-0.11358636690936308
ACACB	0.138379163216932
ACAD10	0.04788829757483981
ACAD11	0.06222110841230055
ACAD8	0.04095896775739405
ACAD9	-0.008772640748116345
ACADL	0.21970095421752056
ACADM	-0.003819943739667764
ACADS	0.19908222688635746
ACADSB	-0.30617093506527127
ACADVL	0.026032318220746475
ACAN	-0.03973307419440175
ACAP1	-0.2469702537181746
ACAP2	0.09291554832874382
ACAP3	0.06497076041183014
ACAT1	0.06564543700183023
ACAT2	-0.04021679002104506
ACBD3	0.10203388167677829
ACBD4	-0.16007680495016707
ACBD5	-0.10221629807050903
ACBD6	0.10253312356056554
ACBD7	-0.49442624237446253
ACCS	-0.30771988224462277
ACD	0.04588812629244288
ACE	-0.1689038274617758
ACE2	-1.2500815356533437
ACIN1	0.01889100524083176
ACKR2	-0.9017598801224409
ACLY	-0.25125974143955965
ACO1	0.16978408713367443
ACO2	0.023949653599505183
ACOT1	-0.2371013421023349
ACOT11	-0.1349669694684792
ACOT12	0.11640748091727104
ACOT13	0.06136883926034287
ACOT2	0.08841177058517502
ACOT4	0.010322888974897637
ACOT7	-0.07685850101428571
ACOT8	0.014990491292607544
ACOT9	0.10936824534773848
ACOX1	-0.10024787407685665
ACOX2	0.18668617591174907
ACOX3	-0.03922509471143876
ACP1	0.09820154911584389
ACP2	0.03381184482075028
ACP3	-0.33919395316382506
ACP5	-0.0381261770274115
ACP6	0.03377200148437964
ACSBG1	-0.1197975527121784
ACSF2	-0.04253154602699638
ACSF3	-0.00029492848638490443
ACSL1	0.03916233791265
ACSL3	-0.44840728072391656
ACSL4	0.062347219876009774
ACSL5	-0.026723555191054515
ACSM1	-0.2125362616293387
ACSM3	-0.398259861522682
ACSM5	0.4373533971519805
ACSM6	-0.7135170233456307
ACSS1	0.026585934185433757
ACSS2	-0.05503859447340176
ACSS3	-0.1158626560015712
ACTA1	0.06992147452502806
ACTA2	-0.007731714773342446
ACTB	0.23125307018671748
ACTBL2	0.12024678605815708
ACTC1	0.2594880566157052
ACTG1	0.17143192585761824
ACTG2	-1.370971957288952
ACTL6A	0.017131748874763986
ACTL6B	-0.5298546445417784
ACTL8	-1.4954288755188223
ACTN1	0.113082941039238
ACTN2	0.14224936138733213
ACTN3	0.3148765823421673
ACTN4	0.05645763945819837
ACTR10	0.05710528977957097
ACTR1A	0.1190660794816516
ACTR1B	0.12487267715845007
ACTR2	0.14223569587842277
ACTR3	0.08925834220330131
ACTR3B	-0.048170441707128475
ACTR5	0.1627657308098165
ACTR6	0.054513528119787935
ACTR8	0.032632475558553864
ACTRT1	0.2023634454425789
ACVR1	0.0032524081770901603
ACVR1B	-1.0610755340848463
ACVRL1	0.008820087621916883
ACY1	-0.11000392942174031
ACY3	-0.008134095801288765
ACYP1	-0.1296199474554811
ACYP2	-0.1259389691318482
ADA	0.05544111998172241
ADA2	0.01927845179395149
ADAL	0.1231548355854084
ADAM10	-0.20883665883931002
ADAM12	0.16260682983723385
ADAM15	-0.12516665909505775
ADAM17	-0.060376279347785555
ADAM22	-0.6391379920343176
ADAM28	-0.6967485226607035
ADAM8	-0.07266699420084421
ADAM9	-0.13498014160366267
ADAMDEC1	-0.8816626773631739
ADAMTS1	-0.40421603872263745
ADAMTS12	0.040450904647613584
ADAMTS13	-0.028512720101449673
ADAMTS14	0.2648824348595049
ADAMTS15	-0.36456686796071835
ADAMTS16	-0.2927628378158058
ADAMTS2	0.09602396344742914
ADAMTS4	-0.06613440837787365
ADAMTS5	-0.20829272787017317
ADAMTS7	-0.12116615996646019
ADAMTSL1	0.020741311957124253
ADAMTSL2	-0.06808491933893634
ADAMTSL3	0.15094718395615025
ADAMTSL5	0.1284385994286481
ADAP1	0.15224789545766626
ADAP2	0.15428014597893025
ADAR	0.01341011583443219
ADARB1	0.10832003300330584
ADAT1	-0.08855659413357131
ADAT2	-0.011581121573449593
ADAT3	0.036241926540149905
ADCK1	0.03961853659487247
ADCK2	0.1331574281090422
ADCK5	-0.04086080179458129
ADCY2	0.3534411499230945
ADCY3	0.1934063444175571
ADCY5	-0.012243255559878818
ADCY6	0.020216485441100218
ADCY7	-0.21066200348969844
ADCY9	0.03855289028956932
ADCYAP1	-0.9475847916532825
ADD1	0.14702657659683283
ADD2	-0.2960476693843752
ADD3	0.05384991978593767
ADGRA2	0.22035999579336973
ADGRE2	0.13426949384626852
ADGRE3	-0.3487906485286265
ADGRE5	-0.08482384696720402
ADGRF5	0.12052098515254528
ADGRG1	-0.12220309376944982
ADGRG5	0.07455661907160227
ADGRG6	-0.005550574058336366
ADGRL1	0.22542411083589187
ADGRL2	-0.4101749563230115
ADGRL3	-0.08165676183156911
ADGRL4	0.1708618756470024
ADGRV1	-1.0206581634451464
ADH1A	0.297056318969231
ADH1B	0.2754313441559404
ADH1C	0.07377763643546231
ADH4	0.041535379419686436
ADH5	0.25385023265537043
ADHFE1	0.07132736316369659
ADI1	-0.037708247502507675
ADIPOQ	-0.15501244168822126
ADIPOR1	-0.26209085452124903
ADIPOR2	-0.15780671559976334
ADIRF	-0.1450010832062496
ADK	0.11623069386591922
ADM	0.28463216065915375
ADNP	0.01308970421695932
ADNP2	0.011396689412901395
ADO	0.046674971875070526
ADPGK	0.05556514435919624
ADPRH	0.07134326830949078
ADPRM	0.19277384750544613
ADPRS	0.028365798248575658
ADRA2A	0.10518150340323729
ADRM1	0.031793364037085325
ADSL	-0.05649686033674328
ADSS1	-0.08106768023417743
ADSS2	0.07839770142519598
AEBP1	0.09267939025138361
AEBP2	-0.02253432663722954
AFAP1	0.15421886389872697
AFAP1L1	0.13411232655185756
AFAP1L2	-0.14731115236552483
AFDN	-0.17085372939929933
AFF1	0.09514325998821604
AFF3	-0.26808052949868966
AFF4	0.019317428894028765
AFG1L	0.09553425537620797
AFG3L2	-0.23328789796785898
AFM	0.23827619702778335
AFMID	-0.05135541972384772
AFTPH	0.029941746395056867
AGA	-0.09236971759834844
AGAP1	-0.003779433528162457
AGAP2	-0.09716782994443207
AGAP3	-0.08927351620743629
AGFG1	0.0961723747378933
AGFG2	-0.2112171650787893
AGGF1	0.10729008947721219
AGK	-0.027392546630416348
AGL	-0.00914347598229881
AGMAT	-0.08073539679051223
AGO1	0.1287866023998845
AGO2	0.01636605801725821
AGO3	0.12566627345792725
AGO4	-0.048974256353147894
AGPAT1	-0.14907729290488092
AGPAT2	-0.01572111721469227
AGPAT3	-0.24724310860380783
AGPAT4	-0.14840900133999746
AGPAT5	-0.3196661569055017
AGPS	-0.09750594463303486
AGR2	-0.216413742708923
AGR3	-0.23836564352719236
AGRN	0.11856565653859263
AGT	0.20450928846273797
AGTPBP1	-0.1369522999668149
AGTR1	-0.6943851732518755
AGTRAP	-0.054781357594897884
AGXT	-0.11261871034508797
AHCTF1	0.008970196666943764
AHCY	0.020636697884174993
AHCYL1	0.12119950442879102
AHCYL2	-0.1147980864795386
AHDC1	0.0508466845969302
AHI1	0.06813099627700403
AHNAK	0.22969058785114527
AHNAK2	-0.1730123101908667
AHSA1	-0.01859741879747645
AHSG	0.23835012508344633
AHSP	-0.22883766233793423
AIDA	0.24421595144280062
AIF1	0.1684000343783545
AIF1L	-0.37199458867978663
AIFM1	0.07982371652096987
AIFM2	0.1938605379007683
AIG1	-0.043387660024661656
AIMP1	0.06893214583304541
AIMP2	0.0156939840666368
AIP	0.041557386596398516
AJM1	-0.10064471204582048
AJUBA	0.13913295316980978
AK1	0.2251799421089622
AK2	-0.029547627313636582
AK3	0.19626879551424636
AK4	-0.0020725779601420413
AK5	-0.7569289965492736
AK6	0.08037543433313488
AK7	-0.31313648740047206
AKAIN1	-0.2802530454798706
AKAP1	-0.0409556991033071
AKAP10	0.06710983496710554
AKAP11	0.08947783015148403
AKAP12	0.3017122915149937
AKAP13	0.03950792374424594
AKAP17A	0.007298698885652044
AKAP5	-0.3332734276181988
AKAP7	0.026846875451450813
AKAP8	-0.10684602694307799
AKAP8L	-0.08665184959329864
AKAP9	0.02495951631294524
AKIP1	0.0914816182212217
AKIRIN2	-0.03994745139818079
AKNA	-0.06340391882777041
AKR1A1	0.07412841686901572
AKR1B1	0.19879265170156302
AKR1B10	-1.6921384692985946
AKR1B15	-2.859840046159716
AKR1C1	-0.9034252563865941
AKR1C2	-0.9470734345612293
AKR1C3	-0.21931065121565396
AKR1C4	-0.07375259374235021
AKR7A2	-0.006276122345191482
AKR7A3	-0.7180363358364765
AKR7L	-0.5138383757932488
AKT1	-0.010703082363789918
AKT1S1	0.1261789407981624
AKT2	0.06181655043708645
AKT3	0.04010042260984292
AKTIP	0.04109975259740395
AL022312.1	-0.043601281474764164
AL034430.2	0.13119133287024098
ALAD	0.07950592602703566
ALAS1	-0.042101376092983145
ALB	0.12879037185272857
ALCAM	-0.5536345293228564
ALDH16A1	0.09158058730885799
ALDH18A1	-0.12227467268294312
ALDH1A1	0.2091305212034662
ALDH1A2	0.280878158072948
ALDH1A3	-0.16920113507342904
ALDH1B1	0.12189510150919247
ALDH1L1	0.12664949518079993
ALDH1L2	0.21484354189097132
ALDH2	0.4329439432216269
ALDH3A2	-0.26166209120535555
ALDH3B1	0.008587560964606666
ALDH4A1	-0.09503576079105613
ALDH5A1	-0.047748210372009936
ALDH6A1	0.07960115667359702
ALDH7A1	0.14885116085927308
ALDH9A1	0.05341887409652557
ALDOA	0.1233638435576978
ALDOB	0.12513386981364505
ALDOC	0.0017660000894750283
ALG1	-0.17711702748524516
ALG11	-0.18252279978118935
ALG12	0.049072073761600166
ALG13	0.1008284310861427
ALG14	-0.062402248280506
ALG2	-0.03355260490934597
ALG3	-0.3001407357199355
ALG5	-0.24373819103893624
ALG6	-0.23715827664207012
ALG8	-0.1838199649279879
ALKBH1	-0.015437215492690726
ALKBH2	-0.1731834890610351
ALKBH3	0.12370223075026132
ALKBH4	0.07543073049777149
ALKBH5	-0.0016040642437360475
ALKBH6	0.041004516599423724
ALKBH7	0.07409267563394195
ALKBH8	0.007897420777581488
ALMS1	0.06458962997814055
ALOX15	0.12183183779074902
ALOX15B	-1.6601991258939428
ALOX5	0.027846895299184382
ALOX5AP	-0.21844198412998495
ALPI	0.5368005580620441
ALPK1	0.12929666814540042
ALPK3	-0.10482712283427986
ALPL	-0.20136949309572572
ALS2	0.0825917157921161
ALS2CL	0.14368908058203456
ALX4	0.06966333840126104
ALYREF	0.043934875670398554
AMACR	-0.014963097324290686
AMBP	0.17293960651708318
AMBRA1	0.04472788594246424
AMD1	-0.010543090778588393
AMDHD1	-0.2324826456975373
AMDHD2	0.08228779090030613
AMER1	-0.07797138586308527
AMFR	-0.04606284962835616
AMH	-0.49193053503165984
AMIGO2	-0.32979906747852894
AMMECR1	0.03792491889266003
AMMECR1L	0.030481859698493707
AMN1	-0.02139830545433341
AMOT	-0.021785158827388074
AMOTL1	0.1160733970686465
AMOTL2	0.1448581861221072
AMPD1	-0.6982363331928347
AMPD2	0.06676620513506748
AMPD3	0.015583250911063828
AMPH	-0.44245992968282266
AMT	0.029127441382152952
AMY2A	0.26392507561740786
AMZ2	-0.04539155038360043
ANAPC1	0.06180635243202204
ANAPC10	0.165350903160288
ANAPC11	0.18496993666900252
ANAPC13	0.19360216058397484
ANAPC15	0.10187010910552097
ANAPC16	0.11158527573133092
ANAPC2	0.049551272044652706
ANAPC4	0.09680185039127664
ANAPC5	0.0789217597004992
ANAPC7	0.052092779674659084
ANG	0.28583582899065263
ANGEL1	0.17871426735869278
ANGEL2	0.08940797656265431
ANGPT2	0.19613868611074992
ANGPTL1	0.21081320699641104
ANGPTL2	0.17336746274909842
ANGPTL3	-0.06574802373440924
ANGPTL4	-0.026100324573736344
ANGPTL5	-0.5334235667141236
ANGPTL6	0.2283299019172773
ANK1	-0.32589360547718016
ANK2	0.1064200309161869
ANK3	-0.010230097299299246
ANKDD1A	-1.5115262990521927
ANKEF1	-0.09495430555169904
ANKFY1	0.08982485353603309
ANKH	0.24470825820554154
ANKHD1	0.059840264260390796
ANKHD1-EIF4EBP3	0.055633003123793934
ANKIB1	0.11953205502458175
ANKLE2	-0.03660367663139752
ANKMY2	0.19476791891357337
ANKRA2	0.07021393629008088
ANKRD1	-0.07767191362484027
ANKRD10	0.015240750206508835
ANKRD11	-0.09151677607098918
ANKRD12	0.08259993290558398
ANKRD13A	0.08004832677671558
ANKRD13C	0.12187264923009877
ANKRD13D	0.023734650805078417
ANKRD16	0.056847319052995005
ANKRD17	-0.07701285534447955
ANKRD18B	-0.1346946219802394
ANKRD2	0.20251551967788473
ANKRD20A4P	0.08938853938120239
ANKRD22	-0.320077257875905
ANKRD26	-0.14979741910947197
ANKRD27	-0.03133048039229891
ANKRD28	0.012870826883659703
ANKRD30A	-0.16684265371920226
ANKRD35	0.006516705914968668
ANKRD39	0.08594523434091172
ANKRD40	-0.14936489537483055
ANKRD44	-0.13604794922365926
ANKRD46	0.09515119958974338
ANKRD49	0.16158817511781187
ANKRD50	-0.0009177477794430899
ANKRD52	0.015769636301243395
ANKRD54	-0.07507382042835431
ANKS1A	-0.08630170408956062
ANKS1B	0.1047559846717796
ANKS3	0.21993834881443775
ANKS6	0.026890798793598236
ANKZF1	-0.15326535651965045
ANLN	-0.6331538865784481
ANO1	-0.2068430683633391
ANO10	-0.40239097644987254
ANO5	0.10861407769361442
ANO6	-0.0570440328994799
ANO8	-0.18514763863952766
ANOS1	-0.022819594676700916
ANP32A	0.09662511494136794
ANP32B	-0.015835402458051817
ANP32E	-0.49097144114819713
ANPEP	-0.973256093367695
ANTKMT	0.08704445219617796
ANTXR1	-0.16263987231129207
ANTXR2	0.0803373365908353
ANXA1	0.10317771510599627
ANXA11	0.16466626523725125
ANXA2	0.2738344496011038
ANXA3	-0.20462520932974293
ANXA4	0.11533824868878284
ANXA6	0.182800544524234
ANXA7	0.11720789088451866
ANXA8	-0.4963805886469608
ANXA8L1	-0.7896200490766248
ANXA9	0.03124769867703847
AOAH	-0.032863058239048115
AOC1	0.19463640748067057
AOC3	0.061870017786215925
AOX1	0.1834170638504915
AP1AR	-0.030226011925741147
AP1B1	0.08682016574836027
AP1G1	-0.0677071371509328
AP1G2	-0.011459282243873048
AP1M1	0.03528311551681895
AP1M2	-0.14772844399010765
AP1S1	-0.12901130565452945
AP1S2	0.0009779816864909918
AP1S3	-0.22759383228436292
AP2A1	0.13286153841293213
AP2A2	0.20436647931005147
AP2B1	0.1994165600363509
AP2M1	0.10040247127028223
AP2S1	0.12031222111941275
AP3B1	0.10213689217494348
AP3B2	-0.8435510960995902
AP3D1	0.036872886129796
AP3M1	0.10286076298464408
AP3M2	0.005380685941588581
AP3S1	0.02960581893194103
AP3S2	0.006473850055400021
AP4B1	0.057399973557359374
AP4E1	0.05704915707000069
AP4M1	0.049197290799334326
AP4S1	0.11673523871459324
AP5B1	0.01399823115241361
AP5M1	0.1541957395896425
AP5S1	0.0871337650064703
AP5Z1	0.0980785236906776
APAF1	0.060266152387427496
APBA1	0.08019153606305451
APBA2	-0.14862148499326366
APBA3	0.03800448198056472
APBB1	0.12368875750349417
APBB1IP	0.05907495899352
APBB2	0.14969250784827892
APC	0.08057351295935078
APCS	-0.39769589662599003
APEH	0.11249305730817838
APEX1	0.07042676626586086
APEX2	-0.017214200382335676
APH1A	-0.12117693375445526
API5	0.01599330392611087
APIP	0.03138878192481798
APLF	-0.03118319068538611
APLP1	0.15025740794326836
APLP2	-0.3343023427873497
APMAP	0.08737843373702958
APOA1	0.1897937566006327
APOA2	0.17614260393699865
APOA4	0.28456177822189943
APOA5	0.4744007502183063
APOB	0.07173182790300459
APOBEC2	-0.017043422375497386
APOBEC3A	-0.44458771080814685
APOBEC3B	-0.19693162002688602
APOBEC3C	-0.1946289902931042
APOBEC3F	-0.2455244872483533
APOBEC3G	-0.2531278886376427
APOBR	0.06194357732545441
APOC1	0.2383938657347997
APOC3	0.27056375448436043
APOC4	0.10239153858771388
APOD	-1.7304594083465226
APOE	0.024224922845970553
APOF	0.08267220668060205
APOH	0.35288159572805
APOL1	0.060678576442334986
APOL2	-0.23799016537896556
APOL3	-0.23369735549788473
APOL6	-0.4240492024590772
APOM	-0.06933836932408965
APOO	0.06555476005872407
APOOL	0.2152368185264848
APP	-0.30171951982477907
APPBP2	0.03410481054943896
APPL1	0.1003468260719238
APPL2	0.16915343804775418
APRT	0.026677467865422244
APTX	-0.09286399261718437
AQP3	-0.24368186733460462
AQP5	-0.7125488528921728
AQR	0.03591468332895431
AR	0.13138720585044794
ARAF	0.11356667313787838
ARAP1	0.19051229753380738
ARAP2	0.01785216101063014
ARAP3	0.06904790584561837
ARCN1	0.11201905203113682
AREG	-0.26671942652212266
ARF1	0.030591405107166736
ARF3	-0.520465673540409
ARF4	0.006959442919555414
ARF5	-0.019829140730500683
ARF6	0.06276693517371257
ARFGAP1	0.07454619453742595
ARFGAP2	0.15420964652280134
ARFGAP3	-0.07963871173620873
ARFGEF1	-0.08927749058347345
ARFGEF2	-0.05756508164252239
ARFGEF3	-0.06329469316485259
ARFIP1	0.097703823152969
ARFIP2	0.12548836053971613
ARFRP1	0.07528052121053364
ARG1	-0.287906798789205
ARG2	-0.13292126711993646
ARGLU1	-0.024815202070922027
ARHGAP1	0.20759511544733655
ARHGAP10	0.09289036225080594
ARHGAP11A	-0.02725896547294404
ARHGAP12	0.1412185369590251
ARHGAP15	-0.09700036979018378
ARHGAP17	0.10046182279037907
ARHGAP18	0.006703006519693133
ARHGAP21	0.005529975814193122
ARHGAP22	0.08804510064114623
ARHGAP23	-0.04480222072084317
ARHGAP24	0.20806457620161822
ARHGAP25	-0.14380530838344008
ARHGAP26	0.06311839190571789
ARHGAP27	-0.07114656358255012
ARHGAP28	0.13567216523110837
ARHGAP29	-0.1600781904507329
ARHGAP30	-0.1774545499871074
ARHGAP31	0.09433319231001036
ARHGAP32	-0.01522800812436742
ARHGAP35	0.0034747348175230286
ARHGAP36	-0.38910500076711685
ARHGAP39	0.04210443458097579
ARHGAP4	-0.057124791034379285
ARHGAP40	-0.2832866370925906
ARHGAP42	0.14160550643764758
ARHGAP44	0.002055336358273152
ARHGAP45	-0.12210572037145084
ARHGAP5	0.11248915488808109
ARHGAP6	0.19506897240386678
ARHGAP9	-0.03503822203028406
ARHGDIA	0.12192645518329215
ARHGDIB	0.09910063965103433
ARHGEF1	-0.10671813045609468
ARHGEF10	0.20814438421719217
ARHGEF10L	-0.11243302181223847
ARHGEF11	0.11175031438096639
ARHGEF12	0.12583949299509456
ARHGEF15	0.1145814539404526
ARHGEF16	-0.12001670970241562
ARHGEF17	0.19218651568492362
ARHGEF18	-0.060117267475815694
ARHGEF19	0.0311852967340549
ARHGEF2	-0.14595996808545308
ARHGEF25	0.4993945548483012
ARHGEF26	-0.1391288170947398
ARHGEF28	-0.010581214985906584
ARHGEF3	0.024490234298042424
ARHGEF35	0.12484203895109047
ARHGEF37	0.13286389471695514
ARHGEF38	-0.0386893975886089
ARHGEF39	-0.32446332928179444
ARHGEF40	0.09843557678636827
ARHGEF5	-0.016292930382821424
ARHGEF6	0.0015502869342611802
ARHGEF7	0.1121177261511086
ARID1A	-0.03985926318614119
ARID1B	0.06656757385989209
ARID2	0.023685249445605905
ARID3A	-0.1478753178978316
ARID3B	-0.00569507000829006
ARID4A	0.04441757372659083
ARID4B	0.020185156843965046
ARID5A	-0.10237676603466284
ARID5B	0.07848475053331683
ARIH1	0.05410841352212792
ARIH2	-0.01810769689815217
ARL1	-0.066706171083176
ARL10	0.19073576454030317
ARL11	0.15411114129357983
ARL13A	0.18560545878191803
ARL13B	0.0901812606020922
ARL14EP	0.07567333840447432
ARL15	0.08297807393730139
ARL16	0.12060080574393872
ARL2	0.1718770520488917
ARL2BP	-0.0064386942326652985
ARL3	0.11801327227496472
ARL4C	0.057144884331901125
ARL5A	-0.028298730665619942
ARL5B	-0.12183372693487726
ARL6	0.10886045377389308
ARL6IP1	0.2066421179571254
ARL6IP4	-0.031161174585667695
ARL6IP5	-0.12012580041924537
ARL6IP6	-0.21092583101471618
ARL8A	0.01477408451203388
ARL8B	0.11060146094732204
ARMC1	0.09012307118330298
ARMC10	-0.005871593661561647
ARMC5	0.07468145005055149
ARMC6	-0.03194808805932681
ARMC7	0.09661445970015414
ARMC8	0.009183952514820959
ARMC9	0.13116618093265764
ARMCX1	0.03852736890049968
ARMCX2	0.026989401871158947
ARMCX3	-0.10668561290475864
ARMCX4	0.044968521709895626
ARMCX5	0.10767259094673065
ARMCX6	0.02792235511329544
ARMH3	-0.009400768166432982
ARMT1	-0.9096221193069347
ARNT	0.010606166361068148
ARNT2	-0.1221358497214311
ARNTL	0.07861257226517893
ARPC1A	0.014117482132629533
ARPC1B	0.1557995832007677
ARPC2	0.09915646726371463
ARPC3	0.19546655396952772
ARPC4	0.16549190249189039
ARPC5	0.1695741452892534
ARPC5L	0.16764998108489593
ARPIN	0.4991893517915136
ARPP19	0.003520370284039842
ARRB1	0.07734778195409042
ARRB2	0.057471606291446875
ARRDC1	0.0838874605632931
ARRDC2	0.1526893359821866
ARSA	-0.27540711961381703
ARSB	0.17477128706336842
ARSD	0.023760477488576015
ARSF	-0.03130169776598457
ARSG	0.3982462147690864
ARSI	-0.015897944895590044
ART3	0.19990495796889718
ARV1	-0.2565965578666436
ARVCF	-0.08831397919317396
AS3MT	-0.0587160349525071
ASAH1	0.13417080072911602
ASAP1	0.10721456952318675
ASAP2	0.0537815263021848
ASAP3	0.22072032868509694
ASB1	-0.08247437732934415
ASB13	-0.10481612901501869
ASB3	0.005467074778072956
ASB6	0.04502662904424071
ASB7	0.178359515775945
ASB8	0.012945170869059552
ASB9	-0.3176684528390208
ASCC1	0.05174021513410665
ASCC2	-0.0427730426895252
ASCC3	-0.05822540308475865
ASDURF	0.04245641381760912
ASF1A	-0.20060989405600438
ASF1B	-0.19021607575273514
ASGR2	0.3891980708985088
ASH1L	0.008453575145068726
ASH2L	0.008024545672245864
ASL	0.025624140976336918
ASMTL	-0.06111508537205523
ASNS	-0.40957963633700345
ASNSD1	0.05119957996777913
ASPA	0.13446119143334556
ASPH	-0.23150155440016817
ASPHD1	-0.3568431031820065
ASPHD2	0.13478516506107763
ASPM	-0.2113664711282297
ASPN	0.16411315080440403
ASPRV1	0.11059327021777765
ASPSCR1	0.054799554071529144
ASRGL1	-0.26788273259160533
ASS1	-0.23880823443777643
ASTE1	0.006602604107740717
ASTN2	-0.06260470296351883
ASXL1	-0.32742420593725896
ASXL2	0.000769383892242459
ATAD1	-0.12832540738062548
ATAD2	-0.3572607762078128
ATAD2B	-0.08466499054955534
ATAD3A	0.01952187855069809
ATAD3B	-0.26918898853481465
ATAD5	0.15636044191963627
ATAT1	-0.057126830007764084
ATE1	0.015038254353225255
ATF1	-0.03770762891631563
ATF2	0.07394154161394262
ATF3	-0.27185798435096586
ATF6	-0.18058970367368765
ATF6B	-0.10508881879296617
ATF7	0.06705397458963525
ATF7IP	0.04883795929315582
ATG10	0.09853662533557639
ATG101	0.05516757763598079
ATG12	0.0847095937850888
ATG13	0.03967713729478284
ATG14	0.12739736389133327
ATG16L1	0.008179087916207806
ATG16L2	0.21093205035796103
ATG2A	-0.060082192284603764
ATG2B	0.03178112397509025
ATG3	-0.010163231106153248
ATG4A	-0.003110911504958125
ATG4B	-0.09060689126288679
ATG4C	0.06866560912108
ATG4D	-0.1483557900511947
ATG5	0.010100460585299231
ATG7	0.05794676348681804
ATG9A	-0.2803281312902879
ATIC	0.10878332986462702
ATL1	-0.24057285752234137
ATL2	-0.2738564923026452
ATL3	-0.2919129637621154
ATM	-0.010227681949459111
ATMIN	0.0341763976796674
ATN1	-0.03653002441853204
ATOX1	0.21348680712790724
ATP10D	0.261398277952825
ATP11A	-0.2658636776615442
ATP11B	-0.1668254120724555
ATP11C	-0.2526690803810574
ATP13A1	-0.22585879415845156
ATP13A2	-0.06393661579778076
ATP13A3	-0.06767344631727923
ATP13A4	-0.22759531715087533
ATP1A1	-0.25527010867720534
ATP1A3	-0.8780452983079208
ATP1B1	-0.34228783411865393
ATP1B3	-0.28519249333683305
ATP23	0.12350215731330394
ATP2A1	0.10175625504942687
ATP2A2	-0.28794972319949963
ATP2A3	-0.8486447552236234
ATP2B1	-0.1040901318973404
ATP2B4	-0.3393558762141886
ATP2C1	-0.23812762150533828
ATP2C2	-0.1850823488538893
ATP5F1A	0.14739630420823957
ATP5F1B	0.16697066900771773
ATP5F1C	0.1781346588963615
ATP5F1D	0.17198934353666218
ATP5F1E	0.21352179594948595
ATP5IF1	0.12093064635996953
ATP5MD	0.11082125261759401
ATP5ME	0.08613905662453014
ATP5MF	0.11436464772365085
ATP5MG	0.09014240896335579
ATP5MPL	-0.27309187348705066
ATP5PB	-0.04178352279172515
ATP5PD	0.06509665238241169
ATP5PF	0.15506519077875444
ATP5PO	0.12724519669729162
ATP6AP1	-0.05198762558992698
ATP6AP2	-0.09180925152537256
ATP6V0A1	-0.11490102021726756
ATP6V0A2	-0.16044577827485185
ATP6V0A4	-0.39710344873934744
ATP6V0D1	0.03306154717252596
ATP6V0D2	-0.040188922053499
ATP6V1A	0.09672121103955789
ATP6V1B1	-0.1767942617835736
ATP6V1B2	0.13958021098716955
ATP6V1C1	0.028435887200174648
ATP6V1C2	0.11958497831149195
ATP6V1D	0.11427207996445077
ATP6V1E1	0.1484207493281282
ATP6V1E2	0.23157372645903962
ATP6V1F	0.14653134413436675
ATP6V1G1	0.13075992374443146
ATP6V1G2	-0.13592501670460422
ATP6V1H	0.04710350342347169
ATP7A	-0.0831285926583547
ATP7B	-0.013991386109175608
ATP8A1	-0.16673546099877257
ATP8A2	-0.2389868033415965
ATP8B1	-0.39618875038051726
ATP8B2	0.20260258589487457
ATP9A	-0.11560928310583662
ATP9B	-0.06959013400442515
ATPAF1	0.00040009447208078086
ATPAF2	0.010537959495508176
ATPSCKMT	0.17213139809210531
ATR	-0.0988126320769851
ATRAID	-0.12210270057436468
ATRIP	0.0009961954474491108
ATRN	0.07160719222380507
ATRX	0.052784948883573435
ATXN1	0.14957601155253997
ATXN10	-0.17374698963481094
ATXN1L	0.03981148606159124
ATXN2	0.08175871563888037
ATXN2L	0.022293829232042484
ATXN3	0.09155658430071512
ATXN7	0.030758306693559945
ATXN7L1	0.16663429765834437
ATXN7L2	0.21550780251744683
ATXN7L3	0.02640423932047753
ATXN7L3B	0.049745927103231224
AUH	0.07245989439085321
AUP1	-0.21048109765030176
AURKA	-0.26223034716934635
AURKAIP1	0.05278904017899855
AURKB	-0.5944541957262288
AUTS2	0.043228237141409664
AVEN	0.08548772743986888
AVIL	-0.11263527942372775
AVL9	0.06259486846586171
AWAT2	0.13104567282965718
AXIN1	0.11052616701075735
AXL	0.22344469621520346
AZGP1	-0.7591231306651558
AZI2	0.10683647362631277
AZU1	-0.6926201267447993
B3GALNT1	-0.037823102592675184
B3GALNT2	-0.06532784320088503
B3GALT4	0.13686989748041078
B3GALT5	-0.39699801205832586
B3GALT6	0.05973508381941173
B3GAT3	0.0028101169210721366
B3GLCT	0.11279816649986785
B3GNT3	-0.3920276568687129
B3GNT7	0.05219838865745885
B3GNT8	-0.133638831489165
B3GNT9	0.10509983066242512
B3GNTL1	-0.051536138325262826
B4GALNT2	0.0015161131470442513
B4GALNT3	-0.16563478011534372
B4GALNT4	-0.1896686871331621
B4GALT1	-0.2653317514398168
B4GALT3	-0.023789107958450018
B4GALT4	-0.13411767036747335
B4GALT5	-0.15446375536670587
B4GALT7	-0.08272100160398743
B4GAT1	-0.10226177258046576
B9D1	0.09412878507893652
B9D2	0.3312454091775514
BABAM1	0.08958370521850512
BABAM2	0.1121795701873225
BACE2	-0.36284433608377853
BACH1	0.08145927643786166
BAD	0.0487944423725466
BAG1	-0.20170129227756206
BAG2	0.062062187829287296
BAG3	-0.0764284266040498
BAG4	-0.1236934269262342
BAG5	0.07713759551652899
BAG6	0.027387105374813814
BAHCC1	0.4538055119996294
BAHD1	0.11261028433933262
BAIAP2	-0.0010476297932484613
BAIAP2L1	-0.29396972007176103
BAIAP3	0.23082583575308213
BAK1	-0.04329825267993215
BAMBI	-0.4804543084711028
BANF1	0.15319488375132728
BANK1	-0.04830631800919427
BANP	0.019183982775693664
BAP1	0.07359745882655488
BARD1	-0.08889382307196314
BARX2	-0.09048934403731224
BASP1	-0.05703147314807211
BATF	-0.4746851983010707
BAX	-0.11384293351905939
BAZ1A	-0.07964578676342526
BAZ1B	-0.17783940370732765
BAZ2A	0.03161903303711
BAZ2B	0.0632865545752388
BBC3	-0.05106538310199227
BBIP1	0.14456270548188144
BBOX1	-0.6393274129378668
BBS1	0.10119592663552446
BBS10	-0.24396637435389934
BBS2	0.06233674890325247
BBS4	0.038241513982555375
BBS5	0.42364492746725446
BBS7	0.0661882504952267
BBS9	0.06269285977005978
BBX	0.07516015254254071
BCAM	-0.09427439159577844
BCAN	0.11385466770311048
BCAP31	-0.3043935538160163
BCAR1	-0.0010134082897330643
BCAR3	-0.20223414596794598
BCAS1	-0.9361083721917112
BCAS2	0.07154791345962153
BCAS3	-0.0273661703499517
BCAS4	0.1292207636872167
BCAT1	-0.22044169078021625
BCAT2	-0.10156757877081901
BCCIP	-0.006576597148365337
BCDIN3D	-0.33992887038561115
BCHE	0.07088268249390595
BCKDHB	0.14812212432396876
BCKDK	0.15345748229412948
BCL10	0.02708065101793622
BCL11A	-0.734585649349988
BCL11B	-0.3018313216761044
BCL2	-0.20127295144486013
BCL2A1	-0.41604186628071105
BCL2L1	-0.009198086993439603
BCL2L11	-0.09699896400320185
BCL2L12	0.35052588893415404
BCL2L13	0.01235579318452551
BCL2L14	-0.26399017019025983
BCL2L15	-0.17412274881680823
BCL3	-0.03795160742688353
BCL6	0.07840686567279676
BCL7A	-0.08805969128404101
BCL7B	0.07822240281667625
BCL7C	0.09633902052645738
BCL9	0.044167393025780655
BCL9L	0.007379878886951019
BCLAF1	0.024123513472032343
BCLAF3	0.06649133847428246
BCOR	0.006252543172191594
BCORL1	0.18235385606386778
BCR	0.02480875867659904
BCS1L	-0.0412628144574434
BDH1	0.10953184185285281
BDH2	0.09177082621870625
BDP1	-0.1354612806926223
BECN1	0.06105934972356053
BEND3	-0.0741757336759683
BET1	-0.16577392974367555
BET1L	-0.1358444945911259
BEX1	-0.229272858482787
BGN	0.31299076249036517
BHLHA15	-0.29688593409401776
BHLHE22	-0.9312698186659265
BHLHE40	0.0275927799236122
BHLHE41	0.006329266798456246
BICC1	0.24257418168945577
BICD1	-0.11561980589697285
BICD2	0.03199398836105516
BICDL2	0.036568855024846414
BICRA	0.027883870027963553
BICRAL	0.07336302007919215
BIN1	0.017816947166263475
BIN2	-0.22196843320277893
BIN3	0.21230129481182303
BIRC2	0.16862705181171123
BIRC3	-0.2806922264741196
BIRC5	-0.4338035105325737
BIRC6	-0.014929584638167626
BLM	-0.23897480355094025
BLMH	0.1511574429821252
BLNK	0.1052730920005871
BLOC1S1	0.18153733028819907
BLOC1S2	0.15277606057434312
BLOC1S3	0.08335387492896018
BLOC1S4	0.11943431520884218
BLOC1S5	0.14018985435450482
BLOC1S6	0.21439120114972
BLVRA	0.08602990377931619
BLVRB	0.10270461294784639
BLZF1	0.10068730788528413
BMERB1	0.13851104619876686
BMF	0.010972510012674519
BMP1	0.045811888534984746
BMP2K	-0.001753936002344858
BMPER	-0.008712254373083539
BMPR1A	0.05955735971509846
BMPR1B	-0.322409109594183
BMPR2	0.12823009357484239
BMS1	-0.07985393324928107
BMT2	-0.0451403045776253
BMX	-0.009987210990836992
BNIP1	-0.08466884412976583
BNIP2	0.043385278335854593
BNIP3	-0.33922158581925466
BNIP3L	-0.13003279223745068
BNIPL	0.03930544614003395
BOC	0.2165508883762346
BOD1	0.11430753867538357
BOD1L1	0.06392731892480796
BOK	-0.16240777396102501
BOLA1	0.0564054304153494
BOLA3	-0.031991248101313374
BOP1	-0.09064527689228541
BORCS5	0.16751116542305766
BORCS6	0.08780681291241521
BORCS8	0.08647871009667796
BPGM	-0.07437273547249035
BPHL	0.05912153553963151
BPI	-0.8162222908187076
BPIFB1	-0.9127021664032036
BPIFB2	-0.41453460443702994
BPNT1	0.020914738247501674
BPTF	-0.03165412974115611
BRAF	-0.06273612891809321
BRAP	0.057611645720562876
BRAT1	0.018157740884728213
BRCA1	-0.23907347979566218
BRCA2	0.07612238049228814
BRCC3	0.10117973453413498
BRD1	-0.11794658955897575
BRD2	-0.027047536279368956
BRD3	0.054342481369818785
BRD4	0.019587474405668104
BRD7	0.05998628174275922
BRD8	0.039483281092600464
BRD9	0.04386020986149575
BRF1	-0.005489197205427843
BRF2	-0.6335059698526848
BRI3	-0.10379843111654274
BRI3BP	-0.30279268614155797
BRIP1	-0.004810571790986984
BRIX1	-0.08313129492158211
BRK1	0.12117308418499206
BRMS1	0.10180120178470986
BRMS1L	0.058019456534108116
BROX	0.10381440233541994
BRPF1	-0.014624658606750884
BRPF3	0.06203519405679003
BRSK1	0.08878646942003598
BRSK2	0.24082573329987866
BRWD1	0.05182817145569274
BRWD3	-0.08355610451642193
BSCL2	-0.6554053910228816
BSDC1	0.023303079825211626
BSG	-0.17138119397160878
BSN	-0.3145079959288424
BSPRY	-0.07435041864807346
BST1	0.0150839574758308
BST2	-0.4747011496933453
BTAF1	-0.08358443083396949
BTBD1	0.09441951670058302
BTBD10	0.041192377267570635
BTBD11	0.5290694260967417
BTBD19	-0.3126118892818699
BTBD2	0.13126365027799025
BTBD3	-0.06839827239684837
BTBD6	-0.0726373178896278
BTBD8	-0.09519256307960688
BTBD9	0.075649880084395
BTD	0.14764733545296593
BTF3	0.09162729471472986
BTF3L4	0.035652763703787116
BTG1	0.11602426405311306
BTG2	0.21471420493643478
BTG3	-0.17205003384798623
BTK	-0.026042339536232362
BTN1A1	0.21291714478742563
BTN2A1	-0.1521036829999911
BTN3A1	-0.14081337267744942
BTN3A2	-0.27944216015140455
BTN3A3	0.12271615360627663
BTNL9	0.32961930469666356
BTRC	-0.054103350354967716
BUB1	-0.23447339699653824
BUB1B	-0.18636120921112287
BUB3	0.08743304491611781
BUD13	0.002370521539361903
BUD23	-0.016719132640698575
BUD31	0.0364359569416699
BX276092.9	-0.5358538763375691
BYSL	-0.15844935680782157
BZW1	-0.15250822765305827
BZW2	-0.048739184745365094
C10orf88	0.07289230987938566
C11orf52	-0.05761929411504951
C11orf54	0.12253500285011398
C11orf58	0.03529204415691112
C11orf68	0.17911218129879103
C11orf95	0.3008095689258017
C11orf96	0.17094152790062722
C11orf98	-0.0007277586640839218
C12orf10	0.0880170074886486
C12orf29	0.028771399177504264
C12orf4	0.08098726252708488
C12orf43	-0.01212109874212075
C12orf45	-0.04123429981413551
C12orf57	0.09178725838325263
C12orf60	-0.6395025805605119
C12orf65	-0.04947938719638856
C12orf66	-0.044622459644514834
C12orf73	-0.1043370435342581
C12orf75	-0.2352962018838376
C14orf119	0.1671955044821658
C14orf180	0.24280478240672743
C14orf93	-0.047281889604104066
C15orf39	-0.04540497531955978
C15orf40	0.249179479740274
C15orf41	0.21038813701330028
C15orf48	-0.0950604626450513
C16orf54	0.39895330573506094
C16orf58	-0.22947112780547485
C16orf70	0.07885170132095354
C16orf71	-0.19665446317924484
C16orf72	0.018344933043715983
C16orf86	0.02414197431010301
C16orf87	0.19480304910669055
C16orf89	-0.5083756234807453
C16orf91	-0.1483016321834576
C17orf100	-0.08215789076438895
C17orf49	0.12028302610315045
C17orf58	-0.21059493889324443
C17orf75	0.06367774016724681
C17orf80	0.04769803598481204
C17orf97	0.031115738632658818
C18orf21	0.10246567899057268
C18orf25	-0.019458160855268858
C18orf32	-0.36674292095312566
C19orf12	0.08608804810232584
C19orf25	0.03897275823637614
C19orf33	-0.2646767666399654
C19orf47	0.05388774632362825
C19orf53	0.2813706273712171
C19orf54	0.033042072866894756
C19orf57	-0.1690885618199669
C1D	0.04842792030548182
C1GALT1	0.033845506890560983
C1GALT1C1	-0.10279744629239929
C1QA	0.19704892442353383
C1QB	0.13616361728253779
C1QBP	-0.10286782416224582
C1QC	0.18736178273885784
C1QTNF3	-0.026634182855449495
C1QTNF5	-0.2370372308688644
C1QTNF6	-0.036181480058480986
C1R	0.3049839000542711
C1RL	0.23102165082112336
C1S	0.36662653769214515
C1orf109	0.16023542129912016
C1orf112	0.044899701447754126
C1orf116	-0.48875271046276936
C1orf122	-0.05002398130838159
C1orf131	-0.06855011515040488
C1orf174	0.04915463151326094
C1orf198	0.08232664964551262
C1orf21	-0.43739816705808465
C1orf210	-0.29376659248478276
C1orf226	0.02514040597595013
C1orf35	-0.08707620020172158
C1orf43	-0.006623696036379911
C1orf50	0.01805951339134637
C1orf52	-0.12023433999515731
C1orf53	-0.12243043156029465
C1orf56	0.03280185502222466
C2	0.18504573125681745
C20orf194	0.06327885322256144
C20orf27	0.037785854009694475
C21orf91	-0.2191672524743531
C22orf39	0.1693569654993663
C2CD2	0.12253180092412563
C2CD2L	-0.08630428427282055
C2CD3	0.02257334725490523
C2CD5	0.014650857749803237
C2orf15	0.005897957075344351
C2orf42	-0.5482001136914487
C2orf49	-0.027673535038665875
C2orf68	0.030563947123168234
C2orf69	-0.13428639215238292
C2orf72	-0.13297422523282165
C2orf76	0.10604269188880977
C2orf88	-0.017833078954698323
C3	0.21432375694223182
C3AR1	-0.04022988055335475
C3orf14	0.21032127517254828
C3orf33	-0.14999707082733593
C3orf38	-0.00976033980304436
C3orf52	-0.442395574173883
C3orf80	-0.09893783643095055
C4A	-0.0549176869579
C4B	0.11963738472269014
C4BPA	0.08034795376375214
C4BPB	0.023395376829743242
C4orf19	0.13490161250625476
C4orf3	-0.3658389891851357
C4orf33	0.060482288291616726
C4orf46	0.022548792535950213
C5AR1	-0.04736514275590409
C5orf15	-0.23169553949701083
C5orf22	0.010649848433224918
C5orf24	0.0468181444673057
C5orf51	-0.004247571187924848
C5orf63	0.3608666088675996
C6	0.19376220495625063
C6orf120	-0.2109861236336803
C6orf132	0.06053272395390863
C6orf136	-0.30794828217611325
C6orf141	-0.18740021845128574
C6orf15	-0.5474823792128554
C6orf226	0.012088994021794974
C6orf47	-0.1452242199057281
C6orf62	-0.39252404408803976
C6orf89	-0.2693486462528689
C7	0.19619963057413514
C7orf25	0.08775182204339416
C7orf26	0.06397386768735203
C7orf50	0.08083996703173213
C8A	0.1864232806324999
C8B	0.17552498788325366
C8G	0.1550419845374975
C8orf33	-0.07790262727599284
C8orf37	0.10587076617816038
C8orf76	-0.09544679105686704
C8orf82	0.04359721995167476
C9	0.2523483269447624
C9orf152	-0.004741816399167931
C9orf16	0.06924910464863032
C9orf40	-0.020538926353674825
C9orf64	0.017439868053113372
C9orf72	0.0838018535578513
C9orf78	-0.017047150896068786
C9orf85	0.062015915382811926
CA12	-0.40549206259326454
CA13	-0.4078218733465704
CA3	-0.5076549918192619
CA4	0.34696026252436774
CA5B	-0.09155547765697492
CA6	-0.4650674703074529
CA8	-0.5042989152040498
CA9	-0.6727462338921875
CAAP1	0.03983765667669914
CAB39	-0.02973446340230268
CAB39L	0.07003987210210028
CABIN1	-0.001293851091045184
CABLES1	0.0003226996493346235
CABLES2	-0.020458813013206623
CABYR	-0.2482127055554919
CACFD1	0.08783577775066931
CACHD1	0.06362501633514306
CACNA1A	0.0242226534769463
CACNA1F	-0.07345082251607149
CACNA2D1	-0.01560013454718856
CACNA2D2	-0.5860970958933738
CACNB2	-0.17033346142001093
CACNB3	0.07045277748472856
CACNG4	0.1967865084138012
CACNG6	-0.03049449114157099
CACTIN	0.023857829478004078
CACUL1	0.06461824609036171
CACYBP	-0.1366524491174239
CAD	-0.039726952526692116
CADM1	-0.0791154176654345
CADM2	-0.16688102852758835
CADM3	-0.9870217791608997
CADM4	0.024417568432298253
CADPS2	-0.14467170001166352
CALB1	0.06413611091049631
CALB2	-0.8446320533431866
CALCOCO1	0.013113161541465246
CALCOCO2	0.015127827943562266
CALCRL	0.04547906699731641
CALD1	0.09760317117344819
CALHM2	0.030183638714246896
CALHM5	-0.026665920721601566
CALHM6	-0.31358721102098386
CALML3	-0.029573760834782803
CALML4	0.15223056610380503
CALML5	-0.9682644217286231
CALR	0.027679129803903635
CALU	-0.12747424427484688
CAMK1	0.1010120563764545
CAMK1D	0.02061716077602682
CAMK2B	-0.14841940219771743
CAMK2D	0.0625121175157588
CAMK2G	0.057358650474277795
CAMK2N1	0.07763461526867843
CAMK4	-0.1271292764425933
CAMKK1	-0.008138584736105514
CAMKK2	0.12396007399785347
CAMKMT	0.07800692591144553
CAMKV	0.1273753223724281
CAMLG	-0.07230918069017989
CAMP	-1.3687944310945
CAMSAP1	0.030643966833729053
CAMSAP2	0.1144145074016123
CAMSAP3	-0.08989942647147586
CAND1	0.0448190458455926
CAND2	-0.09315517561132403
CANT1	-0.061139783211761056
CANX	-0.21089047890114543
CAP1	0.12105323228143305
CAP2	0.06018855020019842
CAPG	0.11534029565463655
CAPN1	0.06090832391495482
CAPN13	-0.37982143601368534
CAPN15	0.07528510925554599
CAPN2	0.041449905120199304
CAPN5	0.06470384804918972
CAPN6	-0.7159862058451054
CAPN7	-0.06657206572245755
CAPN8	0.307910336506362
CAPN9	-0.04182989203372145
CAPNS1	0.18655281906005783
CAPRIN1	-0.03279928076755567
CAPRIN2	0.010496232172064524
CAPS	-0.48397617409106175
CAPZA1	0.11620263435181144
CAPZA2	0.13715982236746704
CAPZB	0.1395515579969313
CARD10	0.10432870188470389
CARD11	0.027777281501911943
CARD14	0.0583865103350476
CARD16	0.041074988183666505
CARD17	0.2813197075474818
CARD18	0.3496613643992177
CARD19	0.030740066977656966
CARD6	-0.05012248292578825
CARD8	0.12305149083424638
CARD9	-0.0106617760949419
CARHSP1	0.01970681714060163
CARM1	0.018288751075566267
CARMIL1	-0.0005743321906912513
CARMIL2	-0.03151327792334868
CARNMT1	-0.1870484572202642
CARNS1	0.04516219890255435
CARS1	0.07672250420978699
CARS2	-0.1689192355235889
CARTPT	-5.0812726160952195
CASC3	-0.10554399514577639
CASC4	-0.027730140006376303
CASD1	-0.26871952670756727
CASK	-0.1229497768172898
CASKIN1	-0.15662126379798735
CASKIN2	0.10527984137697999
CASP1	0.0721861449148058
CASP10	-0.300686803749592
CASP14	-0.7663973120332379
CASP2	-0.18004925622074097
CASP3	-0.00876129962331973
CASP4	0.1317240688417698
CASP5	-0.14803975556981364
CASP6	0.024293347548953292
CASP7	0.02552142482511499
CASP8	0.06668418119182462
CASP8AP2	-0.02316202140754342
CASP9	0.0597310546795633
CASQ1	0.36924309208841777
CASQ2	0.1646281349835732
CASS4	-0.048382290322322774
CAST	0.13052775680073836
CASTOR1	0.20718309566109738
CASTOR2	0.018185006679235727
CASZ1	-0.017298963434896564
CAV1	0.12522648511925638
CAV2	0.0849202198331902
CAVIN1	0.42246085242195264
CAVIN2	0.19737770187593284
CAVIN3	0.38644576293875943
CAVIN4	0.18168532920322988
CBFA2T2	0.0810537338012729
CBFA2T3	-0.06786036039492416
CBFB	-0.05142661449464114
CBL	-0.004356639881549995
CBLB	-0.004543671503247045
CBLC	0.1054850682154509
CBLL1	0.06479459446362767
CBLN2	-0.02834753283510416
CBR1	0.11444257991909623
CBR3	0.041137974043877534
CBR4	0.11793186837226699
CBWD1	0.20628874681419607
CBWD2	0.026925764227698323
CBX1	0.014802014081251258
CBX2	-0.5164233829593208
CBX3	0.06673749139271123
CBX4	-0.256388791347117
CBX5	0.019093026460041074
CBX6	0.02035879370196625
CBX7	0.016134946575288467
CBX8	-0.0723932734115742
CBY1	0.0798507906835102
CC2D1A	0.015258136474464834
CC2D1B	0.07327925364376497
CC2D2A	0.03468271298048009
CCAR1	0.07629502641858821
CCAR2	0.09852013624450962
CCDC102A	0.11053104799453806
CCDC106	0.3238526718159136
CCDC115	0.05884317126606575
CCDC117	-0.4791306367376613
CCDC12	-0.028530580393969274
CCDC120	-0.11902037849560188
CCDC124	-0.03611804505118954
CCDC125	0.061497375166068124
CCDC126	0.25873229032581335
CCDC127	0.019774307475522335
CCDC130	-0.021445482380222813
CCDC134	-0.06420941206082986
CCDC137	0.13495109001518202
CCDC138	-0.001184278818765705
CCDC14	-0.023427713038064013
CCDC149	0.06774742244189014
CCDC15	0.02749433211249297
CCDC150	-0.14215380683130618
CCDC167	-0.2177054303838979
CCDC170	0.2361881298752344
CCDC173	-0.8067657608173597
CCDC174	0.08728712313919118
CCDC177	-0.669742525817961
CCDC18	-0.39386271092718417
CCDC186	0.03972456651718659
CCDC22	0.14123069379341757
CCDC25	0.09756132322389632
CCDC28A	0.03841744639738209
CCDC32	0.10444686574234652
CCDC43	-0.012816573215005178
CCDC47	-0.1502749852831009
CCDC50	0.047095747236836516
CCDC51	0.16698070256445874
CCDC57	0.028540415340392755
CCDC58	0.10383750019226667
CCDC59	0.25818914426154294
CCDC6	0.02478875044906559
CCDC61	0.1626754472420764
CCDC71	-0.26665751449684194
CCDC71L	-0.27253883779520294
CCDC77	0.022462079240574084
CCDC8	0.10691810024292181
CCDC80	0.23064138007878654
CCDC82	-0.12071566569285963
CCDC84	0.058966781176998495
CCDC85A	-0.4137054261105604
CCDC85B	0.16784390519026005
CCDC85C	-0.012749436709242445
CCDC86	-0.029008641639403976
CCDC88A	0.0815666776876185
CCDC88B	-0.11753702615899897
CCDC88C	-0.03605020273245785
CCDC9	0.060170623845060334
CCDC90B	0.0015337109551154526
CCDC91	-0.13235817641550796
CCDC92	0.11880660642753327
CCDC93	0.1546548221390438
CCDC97	-0.005435094810472663
CCDC9B	-0.2661815878205438
CCHCR1	0.06553861651034687
CCL14	0.31392764795189976
CCL16	0.24651501623937477
CCL18	0.1383125116966788
CCL19	0.07051983656110394
CCL20	-0.23925537034548583
CCL21	0.13064956756629797
CCL28	0.07491732990851219
CCL5	-0.5422409141454025
CCM2	0.1366183792281177
CCN1	-0.21451260093362734
CCN2	-0.056596035544988155
CCN3	-0.16533159406985476
CCN4	0.20292670008983293
CCN5	0.14768155181261733
CCNA2	-0.4268457770470846
CCNB1	-0.38044196599634006
CCNB2	-0.26352078871136797
CCNC	0.007248306590245335
CCND1	-0.002461483375324036
CCND2	-0.0487968251608919
CCND3	-0.3084398312754999
CCNDBP1	-0.056879219870555886
CCNE1	-0.12002317576668275
CCNE2	-0.26071630321379047
CCNH	0.05978643290256613
CCNI	0.016636075042756104
CCNK	-0.07644012630948183
CCNL1	0.008046010817587046
CCNL2	0.02456979917797142
CCNQ	0.15601111038122628
CCNT1	-0.04739243604347365
CCNT2	0.01593534967825505
CCNY	-0.035391304405866464
CCNYL1	-0.1909582496196105
CCP110	0.07661964114768693
CCPG1	-0.05158698613779222
CCR1	-0.12189506537104755
CCR5	-0.02824196173873439
CCR6	-0.06562579709006577
CCRL2	-0.31036142092786534
CCS	0.06437806787318223
CCSAP	-0.03538654771858063
CCSER1	0.012698154666178851
CCSER2	0.06355406708506095
CCT2	0.05251287461505072
CCT3	-0.0026080168541469106
CCT4	0.01241262652535724
CCT5	0.04749604605742874
CCT6A	0.027356493599342002
CCT6B	0.03838974824589947
CCT7	0.023349163871891676
CCT8	0.025827721732298414
CD109	-0.17112054838748492
CD14	0.04272052803642268
CD151	-0.2310440009105008
CD163	0.00327712750740794
CD163L1	-0.008337979063291812
CD177	-0.6458300371025025
CD180	0.009387759835188803
CD19	-1.250044761313788
CD1A	-0.447969429705954
CD2	-0.4746464116676279
CD200	-0.12486649566854702
CD207	-1.013148323906325
CD209	0.1264669984652702
CD226	0.15618282519772286
CD247	-0.22630328954937617
CD248	0.2958800470117815
CD27	-0.6018532395907243
CD274	-0.09815033381104143
CD276	0.07555419990074697
CD2AP	-0.030643375487535707
CD2BP2	0.12349907888916078
CD300A	0.048262644529717846
CD300LF	-0.14544656578275372
CD320	-0.12888331138096465
CD33	0.04374181466840987
CD34	0.14547955694475334
CD36	-0.039392328116999664
CD37	0.08258759513752523
CD38	-0.8880764391836564
CD3D	-0.22960091764954882
CD3E	-0.3096848944990782
CD3EAP	-0.11181841517628399
CD3G	-0.08898252574647358
CD4	-0.1645332066771541
CD40	-0.3770097589014476
CD44	-0.1407387606162267
CD46	-0.3465819625689761
CD47	-0.221394679182918
CD48	-0.4881776324241187
CD5	-0.34983246223155184
CD53	-0.4230999369720312
CD55	-0.06754201589675546
CD58	0.09886835427079177
CD5L	0.20081081385088595
CD6	-0.10731727596786911
CD63	-0.397259416755535
CD68	-0.1550525640493028
CD69	-0.2518468327177157
CD7	0.2091266442508939
CD70	-0.20435277911503036
CD72	-0.0496539988125857
CD74	-0.05732616949870817
CD79A	-0.543375261697884
CD81	0.02308512366135318
CD82	-0.5337800865118467
CD83	-0.2306192257315125
CD84	0.06908516502207185
CD86	0.01066555469417274
CD8A	-0.40828861522645
CD9	-0.24317352559372196
CD93	0.20318509798986284
CD99	0.17742065089858805
CD99L2	0.04850203680832976
CDA	-0.18643439614937662
CDAN1	-0.003902643656768845
CDC123	-0.1822070159977045
CDC14A	-0.14821737089357256
CDC16	0.07553808774838089
CDC20	-0.4817560865988817
CDC23	0.05095581699692886
CDC25B	-0.1372555144630816
CDC25C	-0.017978138933191445
CDC26	0.079771403053428
CDC27	0.05592225171762877
CDC34	0.027957661584920857
CDC37	0.03159381877342682
CDC37L1	-0.010221041790284602
CDC40	-0.06129414819893242
CDC42	0.07220046755012532
CDC42BPA	0.09683812409774717
CDC42BPB	0.057985007110538334
CDC42EP1	0.027672836440419957
CDC42EP2	0.12102526949352566
CDC42EP3	-0.1720313582289883
CDC42EP4	0.06655165773017657
CDC42EP5	0.04031605815897521
CDC42SE1	-0.18393199475603694
CDC42SE2	0.012044579272235012
CDC45	-0.2049512534361142
CDC5L	0.05139934112942868
CDC6	-0.128370284703891
CDC7	-0.008608084057744492
CDC73	-0.12598804084442605
CDCA2	-0.3614338712558549
CDCA3	-0.4028752952246286
CDCA4	-0.0771337095736575
CDCA5	-0.4624575358915166
CDCA7	-0.19247670287113117
CDCA7L	-0.5442225691441074
CDCA8	-0.3311087551461238
CDCP1	-0.22405626839366022
CDH1	-0.14080470437848192
CDH11	0.09269070871432916
CDH13	0.08000834387203426
CDH2	-0.43883979909117876
CDH3	-0.35924992380172327
CDH5	0.25251116568470877
CDH6	0.3116194835403405
CDH7	0.021391388893853502
CDIPT	-0.3517835906181759
CDK1	-0.40272588529486697
CDK10	0.0755330447258622
CDK11A	0.0762513677448986
CDK11B	0.0977326136469614
CDK12	-0.25456239378652157
CDK13	0.047497278082511585
CDK14	0.06447862771609063
CDK16	-0.022985116751076617
CDK17	0.05131164157782209
CDK18	-0.11797101041089775
CDK19	-0.11650844330645427
CDK2	-0.10135727169238962
CDK20	0.18703830086545814
CDK2AP1	-0.010861246518960144
CDK4	-0.011438076680608589
CDK5	0.003033857317017663
CDK5RAP1	0.12397628387187254
CDK5RAP2	0.02924706218828277
CDK5RAP3	0.016390654314580644
CDK6	-0.1981760869681004
CDK7	0.024394823933707954
CDK8	-0.1305081234756731
CDK9	0.033631284612255286
CDKAL1	-0.25113953091956986
CDKL5	0.06960602697201779
CDKN1A	-0.2956030438710222
CDKN1B	0.08417456536766466
CDKN1C	0.04200568523387993
CDKN2A	-0.3613819758846226
CDKN2AIP	0.04541963043938679
CDKN2AIPNL	0.05199210639161578
CDKN2B	0.2820034558706386
CDKN2C	0.10558292853062312
CDKN2D	0.07923490867031902
CDKN3	-0.2147264533806279
CDNF	-0.07196216974942082
CDO1	-0.12647241541433374
CDON	-0.07801493331289677
CDPF1	-0.09582952491045305
CDR2	0.02220570709403802
CDR2L	0.10140502097160109
CDS1	-0.316734254850779
CDS2	-0.15766855799695634
CDSN	0.13724474644187978
CDT1	-0.1451525788622572
CDV3	0.04302158003685719
CDYL	-0.14849274691570358
CDYL2	-0.4882192838806425
CEACAM1	-0.09649014808261569
CEACAM5	-1.7551130613622163
CEACAM6	-0.04140891246222722
CEACAM8	0.25469605888341107
CEBPA	0.0645594765716595
CEBPB	-0.2562114780761995
CEBPD	0.046408780385629456
CEBPG	-0.09090408635353953
CEBPZ	-0.17155006358596836
CEBPZOS	0.01567381592474071
CECR2	-1.473880670611619
CEL	-0.06633367815677005
CELF1	0.03622092041344871
CELF2	0.008740821486217243
CELF3	-0.06445271926100204
CELSR1	-0.030424918928250833
CELSR2	-0.22338096271954555
CELSR3	0.2237110772254134
CEMIP	-0.0698003558038085
CEMIP2	0.014790642565053247
CENPB	-0.0932147972264481
CENPC	0.05710529142848486
CENPE	-0.19110362370410172
CENPF	-0.38168398271851345
CENPH	-0.061564153424711776
CENPI	-0.037911698052326415
CENPJ	0.05658979357383842
CENPK	0.04923279306893136
CENPL	-0.28632331954218593
CENPM	-0.20498573491392946
CENPN	-0.057003698902947875
CENPO	-0.08532866194916267
CENPP	0.015554470372002527
CENPQ	-0.16626081334510445
CENPT	-0.00805786628736982
CENPU	-0.03676969390300755
CENPV	-0.5792854733135187
CENPX	-0.04864401617237846
CEP104	0.08088118193327887
CEP112	0.2878972760243652
CEP120	0.08107533916118825
CEP128	0.042261577456340405
CEP131	-0.04058412612248219
CEP135	0.06424636902274017
CEP152	-0.0009026688554278905
CEP162	-0.03820165521733365
CEP164	0.09316392145803931
CEP170	0.03147922839247741
CEP170B	-0.04740767457983175
CEP192	0.05192101352737666
CEP250	0.0991121978011762
CEP290	0.1563745028911967
CEP295	-0.1352256790833355
CEP350	0.03428829776850861
CEP41	-0.026443428248370537
CEP44	0.12039486505068098
CEP55	-0.2696035468568354
CEP57	0.05063995186287684
CEP57L1	0.2042175826520065
CEP63	0.12818380021607467
CEP68	-0.020558762514994555
CEP70	0.14545826138306595
CEP72	0.08457994846657257
CEP76	0.034741992353474416
CEP78	0.052512317342086945
CEP85	-0.022245763622919412
CEP89	0.11015442076054427
CEP95	0.06267727119148958
CEP97	0.04500246879839409
CEPT1	-0.06528448824715838
CERCAM	0.20760033224653185
CERK	0.5949271821907569
CERS2	-0.49804846191067753
CERS4	-0.566476202143896
CERS5	-0.5320143403872102
CERS6	-0.11622253878407207
CERT1	0.0589497820740128
CES1	0.23028291359212716
CES2	-0.16773883699699432
CES3	-0.07160145220018244
CETN2	0.010405933533611744
CETN3	-0.06631030626164858
CETP	0.23207533274219472
CFAP20	-0.017242792108842053
CFAP298	0.0008193079551261917
CFAP36	0.03046834202252313
CFAP410	0.049323989330146034
CFAP46	0.01840075143273978
CFAP97	0.04629820795382855
CFD	0.33280960412689353
CFDP1	-0.12874332553886347
CFH	0.22667256922506596
CFHR1	0.19080854078331555
CFHR2	0.17977217966443249
CFHR3	0.033433376496866174
CFHR4	0.266334893639133
CFHR5	0.11905413054468639
CFI	0.18065299179357908
CFL1	0.07403633102790153
CFL2	0.166493253366081
CFLAR	0.13235035031306097
CFP	0.1537878269582933
CFTR	-0.5731813511387909
CGA	-1.6650894781510388
CGAS	-0.5089261238367726
CGGBP1	0.007046358594735125
CGNL1	0.017656805415565913
CGREF1	-0.034540751996999575
CGRRF1	0.46223655500607563
CHAC2	-0.09773404052063128
CHAD	-0.5628431924765849
CHAF1A	-0.303386731481325
CHAF1B	-0.26410736297856374
CHAMP1	-0.057713925218656925
CHCHD1	0.18981894288753764
CHCHD10	0.07569623740381459
CHCHD2	0.17490101335898345
CHCHD3	0.05952011418063918
CHCHD4	-0.06057478791005977
CHCHD5	0.10889639745690971
CHCHD6	0.08328098911833237
CHCHD7	0.03734991693377765
CHD1	-0.25616073940777184
CHD1L	-0.10039667339664504
CHD2	0.007728373704775748
CHD3	-0.04248167064080377
CHD4	-0.08671064025311992
CHD6	0.049049689748382974
CHD7	-0.14200339758700053
CHD8	0.05644375938959101
CHD9	0.020296177944320704
CHDH	-0.0482502880596698
CHEK1	-0.3770029587583643
CHEK2	-0.3252696947346614
CHERP	-0.008676667381003256
CHFR	0.0405811659427755
CHGA	-2.233725559959037
CHGB	-5.359202125913917
CHI3L1	-0.6966926246859053
CHI3L2	-0.3278693174822269
CHIA	-0.22083338566529065
CHID1	0.03966399495287831
CHIT1	-0.11128605480971387
CHKA	-0.027262832606645304
CHKB	0.038009117653651
CHL1	0.26679387102341323
CHM	0.003144440221188205
CHML	-0.19401876364940307
CHMP1A	-0.0718279077416426
CHMP1B	0.029487251353657484
CHMP2A	0.07942799888524021
CHMP2B	0.15161026573385072
CHMP3	0.1179349648923349
CHMP4A	-0.02869202045617314
CHMP4B	0.13867166381463036
CHMP4C	-0.13880197352184354
CHMP5	0.050810230289684455
CHMP6	-0.005421299103325339
CHMP7	0.052580982511688745
CHN1	-0.1324772727705401
CHN2	-0.01899750035548209
CHORDC1	-0.19252149580431777
CHP1	0.1214413482463712
CHPF	0.11036888447496374
CHPF2	-0.05522051297172048
CHPT1	-0.18062568220966035
CHRAC1	0.0033922476749026487
CHRD	-0.5855587964837881
CHRDL1	0.19650051570065408
CHST1	0.04092707344454283
CHST10	-0.21630595268822006
CHST11	-0.04069990282334501
CHST12	0.14764426770660322
CHST14	0.17135706644643278
CHST15	0.23633922930459583
CHST3	0.2029386625145868
CHST6	-0.06848550082893112
CHSY1	-0.14163105807631027
CHSY3	-0.04199038004031408
CHTF18	-0.2171184153676471
CHTF8	-0.21314606600234143
CHTOP	0.00612597389108771
CHUK	-0.010922380263028941
CHURC1	0.15032067484953515
CIAO1	0.030315583245549504
CIAO2A	0.06759395975775462
CIAO2B	0.04605062992910547
CIAO3	0.06788685923958226
CIAPIN1	-0.012730625925279071
CIB1	-0.014100490431236068
CIC	0.09144683870348658
CIITA	0.365481148907854
CILK1	0.21966424064372347
CILP	0.11197519087364327
CILP2	0.21234796258423216
CINP	0.07152172344190788
CIP2A	-0.15618076040450646
CIPC	0.05324179678967944
CIR1	-0.036074388211932984
CIRBP	-0.08710421242675181
CISD1	-0.05622792895367823
CISD2	-0.0966238835534945
CISD3	-0.2664513938329236
CISH	-0.03690546175879916
CIT	-0.18526564346631602
CITED2	-0.06267035721235281
CITED4	0.02935368059233312
CIZ1	0.13011647598232656
CKAP2	-0.3936381584805204
CKAP2L	-0.20382626420842165
CKAP4	-0.042772961790191744
CKAP5	0.018427996506634514
CKB	-0.46857469409320984
CKMT2	0.18166808190561134
CKS1B	-0.20242305049373854
CKS2	-0.06172302512288397
CLASP1	0.033537950309295184
CLASP2	0.04888018611038447
CLASRP	0.006870089749231312
CLC	-0.2277572613047667
CLCA2	-0.34950358594604936
CLCC1	-0.11909463393132924
CLCN2	-0.07190300515958015
CLCN3	-0.20128529248906446
CLCN5	-0.2943575542930823
CLCN6	0.170899983637554
CLCN7	-0.07203682688650481
CLDN12	-0.049329201144534096
CLDN23	0.11103269858794462
CLDN3	-0.31799279151553606
CLDN4	-0.17778814833962286
CLDN5	0.24650138823559864
CLDN6	0.12806575939491083
CLDND1	-0.0017892694274461718
CLEC11A	-0.2536114360746211
CLEC14A	0.2023631680166531
CLEC16A	0.08291839558346581
CLEC2B	0.2027141358140767
CLEC3A	-2.440929749228829
CLEC3B	0.09407522587673611
CLEC7A	0.3137923279713579
CLGN	-0.5660863726458558
CLIC1	0.08989926299372719
CLIC2	0.10961519281003262
CLIC3	-0.16114618171993556
CLIC4	0.12331848715148297
CLIC5	0.049274030182180795
CLIC6	-1.1538393434200973
CLINT1	0.12291628855844472
CLIP1	0.05274339357387525
CLIP2	0.05722825621182892
CLIP4	-0.2618719193879784
CLK1	-0.02779001648598367
CLK2	-0.1037267670277382
CLK3	0.006571286744176064
CLK4	0.021013541229486066
CLMN	-0.1361355681800518
CLMP	0.17830202526901395
CLN5	-0.04057016208678732
CLN6	-0.5178547850765476
CLN8	-0.02410229793163232
CLNS1A	-0.10834168394704236
CLOCK	0.09646346462641553
CLP1	-0.019307362254650684
CLPB	0.017838158116088465
CLPP	-0.06307622576620275
CLPTM1	-0.33709645168563185
CLPTM1L	-0.28238253190153983
CLPX	0.12365331433053228
CLSPN	-0.12231272161852402
CLSTN1	0.08947810765003084
CLSTN2	-0.47647043806442113
CLSTN3	-0.04861101369614573
CLTA	0.10150212092070987
CLTB	0.08441475659300934
CLTC	0.010670654675394076
CLTCL1	0.03281295779046367
CLU	-0.14689462809023013
CLUAP1	0.0927399139746683
CLUH	-0.09373987915905779
CLUL1	-0.39737264413706264
CLYBL	-0.0007799409239019894
CMA1	0.21877306252154938
CMAS	0.023946046936387688
CMBL	-0.1573127329241757
CMC1	0.11479052300768207
CMC2	-0.058594043829238274
CMC4	0.12907483895870442
CMIP	-0.09739422135771036
CMPK1	-0.05186156864347069
CMPK2	-0.30215495578132234
CMSS1	-0.18415500134011964
CMTM3	0.14631916835725178
CMTM4	-0.4141558146907123
CMTM6	-0.18262152874453363
CMTM7	-0.4243263224900957
CMTR1	-0.07519396222492603
CMTR2	-0.11125365778828566
CNBP	0.3005387456673816
CNDP1	0.11042736912205342
CNDP2	0.13095267034949742
CNEP1R1	0.02388134871199732
CNGA3	-0.3490376948922318
CNGB3	0.3210865859540899
CNIH4	-0.1583926945207068
CNKSR1	0.007709671624517966
CNKSR3	-0.2863705249398869
CNN1	0.1289805002543183
CNN2	0.11097165593625391
CNN3	0.07226330742965992
CNNM2	-0.04763919515093917
CNNM3	-0.1447311068614887
CNNM4	-0.10104701073450073
CNOT1	0.04541380333357026
CNOT10	0.03382065575194915
CNOT11	-0.045584952600634665
CNOT2	0.03839853402282856
CNOT3	0.056062435836921054
CNOT4	-0.008973740155321153
CNOT6	0.022829217883312936
CNOT6L	0.06220616805690682
CNOT7	-0.03196581205727611
CNOT8	-0.004886807637028312
CNOT9	0.01632353789346297
CNP	0.015401001432671535
CNPY2	0.1191827633523257
CNPY3	0.03906395211446423
CNPY4	0.0649015786959275
CNRIP1	0.3564209704538399
CNST	0.0027300800604344033
CNTFR	-0.022417024261191187
CNTLN	-0.21877087803933648
CNTN1	0.19367905651919415
CNTN3	0.3268370030919385
CNTN4	0.07666301877399562
CNTNAP1	-0.023629988128039514
CNTNAP2	-0.6869793131079325
CNTRL	-0.012867984109195874
CNTROB	0.09304688340797895
COA1	0.07664702749903007
COA3	0.054286810022858845
COA4	-0.13983237981002597
COA5	0.21888137355076154
COA6	0.15180252587226306
COA7	-0.07561848840958874
COASY	-0.03158503519151523
COBL	-0.2615650454606495
COBLL1	0.1261857451548849
COCH	-0.41065464740236024
COG1	0.011860136147664235
COG2	0.04605305312580654
COG3	0.05112785525893315
COG4	0.04509683191684388
COG5	0.00788626483492294
COG6	0.059963915226894926
COG7	0.02991540651472846
COG8	-0.03672197333285254
COIL	-0.05765411835471923
COL10A1	-0.0678104826941528
COL11A1	-0.09340697424701361
COL11A2	0.21639594200680712
COL12A1	-0.18457474659456707
COL14A1	0.19528284533089746
COL15A1	0.06479579501618815
COL16A1	0.11827885958541273
COL17A1	-0.15423516994834863
COL18A1	0.15388866100829546
COL19A1	0.1290707561893143
COL1A1	0.09497751411461053
COL1A2	0.1701588313340956
COL22A1	-0.20371716737035328
COL28A1	-0.06881842096806423
COL2A1	0.11745001362111296
COL3A1	0.1534873216103101
COL4A1	0.056025936254901154
COL4A2	-0.03543189093944221
COL4A3	0.05363621822760578
COL4A5	0.18044067817680265
COL4A6	0.48479439582806094
COL5A1	0.19792986861977013
COL5A2	0.11737473243688257
COL5A3	0.17300315062595217
COL6A1	0.28881632961254056
COL6A2	0.2169635763197295
COL6A3	0.23646781627225444
COL6A5	0.07267217426325345
COL6A6	0.10845023222406525
COL7A1	0.06317883590772766
COL8A1	0.10788243191358049
COL8A2	0.15368632017620776
COL9A2	-0.31029422006422536
COL9A3	-0.3991696335395911
COLEC10	-0.006457294734767416
COLEC11	0.14950221997620972
COLEC12	-0.1814469264320948
COLGALT1	0.07038658297004474
COMMD1	0.12485663511764855
COMMD10	0.2540410448760859
COMMD2	0.16290092959950897
COMMD3	0.2451292804776699
COMMD4	0.12470537829172557
COMMD5	0.19485860788564224
COMMD6	0.2532798118355295
COMMD7	0.18485330411545142
COMMD8	0.18239759725885918
COMMD9	0.15033212211242386
COMP	-0.006831756599464001
COMT	-0.26108749121883434
COMTD1	-0.0135251704033017
COP1	0.10431819949916843
COPA	0.08377389997092877
COPB1	0.07364390342814175
COPB2	0.11782492948083245
COPE	0.1441375748231195
COPG1	0.07924513375419551
COPG2	0.07364915756677821
COPRS	-0.05296725228180321
COPS2	0.09995794350346898
COPS3	0.037440456869607175
COPS4	0.11561642990244536
COPS5	0.10975354762636158
COPS6	0.14650330348579388
COPS7A	0.14867053280501707
COPS7B	0.06364472631155849
COPS8	0.18047453172139072
COPS9	0.25428676241357984
COPZ1	-0.01219368759311834
COPZ2	0.2909289059893503
COQ10A	0.11991123940027038
COQ10B	-0.07129076803014911
COQ3	0.0152515162687763
COQ4	0.06646238540799487
COQ5	0.10000724467732525
COQ6	0.0822431048127612
COQ7	0.10613913178339018
COQ8A	0.03323463211744837
COQ8B	0.07552275295970645
COQ9	0.028326501921068115
CORO1A	-0.22669410670475898
CORO1B	-0.09416199424035909
CORO1C	0.10886088199836053
CORO2A	-0.10830279634047457
CORO2B	0.2746569206812879
CORO7	0.019903982755320015
COTL1	-0.17837170433446303
COX10	0.06801966742832022
COX11	0.03602159075273548
COX14	0.5772374935842244
COX15	0.10601906546377649
COX16	0.11512342190009761
COX17	-0.0111441703665065
COX18	0.1214084442235226
COX19	0.17640226997101038
COX20	0.018394185203963076
COX4I1	-0.06195397879331921
COX5A	0.1435616654014389
COX5B	0.13126421919763587
COX6A1	0.1198582633423797
COX6B1	0.1627541858783239
COX6C	0.16747325368006827
COX7A1	0.025595128026399294
COX7A2	0.2220972879682357
COX7A2L	0.05164561149182134
COX7B	0.0453987726077294
COX7C	0.07030287874324515
CP	0.1877889070309351
CPA3	0.2764767234449508
CPA4	-0.15251993875676462
CPB1	-3.665045011712685
CPB2	0.18015308519897033
CPD	-0.21574594511543665
CPE	-0.3516892725711962
CPEB2	-0.0534692762472595
CPEB3	-0.11726134311362557
CPEB4	-0.07316512677369857
CPLANE1	-0.08027475694608555
CPLANE2	0.41016024349159785
CPLX1	-0.6874417763303597
CPLX2	-1.554321883943114
CPM	-0.03893912853961723
CPN1	0.1571269628146439
CPN2	0.07813781206235504
CPNE1	0.16430542806862825
CPNE2	0.002019297675154519
CPNE3	0.02873198229501739
CPNE4	-0.006592632111541263
CPNE7	0.34261583509153226
CPNE8	0.0784143502686021
CPOX	0.049145476512588715
CPPED1	0.15014012620965644
CPQ	0.2207488621978264
CPS1	0.24926318495255373
CPSF1	-0.019305986109902307
CPSF2	0.024242466168519883
CPSF3	-0.006754664175442571
CPSF4	0.054943935338680916
CPSF6	0.0115385061703428
CPSF7	-0.05776385837069853
CPT1A	-0.3987793760602436
CPT2	0.023019144472705477
CPTP	0.04991364592395797
CPXM1	0.24742542213196472
CPXM2	0.04634741450272628
CPZ	0.19741987857066157
CR1	0.12708017910385294
CR2	-0.0913918192247003
CRABP1	-1.8816725386547972
CRABP2	-0.06101134277049525
CRACD	0.0019971490333539066
CRACR2A	-0.12942951868682329
CRACR2B	-0.2989828936383443
CRADD	0.20857296919306734
CRAMP1	0.1160565529607922
CRAT	-0.5019446777723893
CRB2	0.627484841679598
CRB3	0.05483006392369738
CRBN	0.013960192433653873
CRCP	0.11116074268161924
CREB1	0.1345648071452672
CREB3L1	-0.15011627905078928
CREB3L2	-0.028819685512068816
CREB3L4	-0.11812220560015163
CREB5	0.044560189633187974
CREBBP	0.08207188423940082
CREBL2	0.06732561814020066
CREBRF	0.08057611595295455
CREBZF	0.29601674895467056
CREG1	0.19442154627980557
CRELD1	-0.11984141164507633
CRELD2	-0.15232353090700812
CREM	-0.0009387769268620616
CRH	0.3935367223681254
CRHBP	0.12513147195381968
CRIM1	-0.0830291176900726
CRIP2	0.2593239720135969
CRIPT	-0.047172012438608135
CRISP3	-0.24724651346329374
CRISPLD1	0.08652939690345818
CRISPLD2	0.18281765449616572
CRK	0.04931915259171227
CRKL	-0.043172044124467845
CRLF1	0.22013784007270942
CRLF3	-0.1199619869772981
CRMP1	-0.5667917781106162
CRNKL1	0.05089655011974514
CRNN	0.3638687632663533
CROCC	0.06478830942281988
CROT	-0.22002393435086987
CRPPA	0.02616027312879865
CRTAC1	0.08142775390144585
CRTAP	0.15294506335094837
CRTC1	0.06554903318458827
CRTC2	0.04312278315517304
CRTC3	0.11816200188683723
CRY1	0.02804123169886985
CRY2	0.10939433963422829
CRYAB	-0.1397744031010717
CRYBB1	0.09619058376855882
CRYBG1	-0.35807925906704696
CRYBG2	0.023715757265129866
CRYBG3	0.08065812800845151
CRYGS	-0.012980250048027386
CRYL1	0.2504763715744538
CRYM	-0.545253251630939
CRYZ	0.07941541600366975
CRYZL1	0.18419611210208942
CS	0.06772506569311787
CSAD	-0.2692898596834752
CSDC2	0.38840773639953774
CSDE1	0.05737152227379738
CSE1L	-0.09596180984138414
CSF1	-0.09509139405230016
CSF1R	0.20133035962214407
CSGALNACT1	-0.08138947251534034
CSGALNACT2	-0.03219855587864373
CSK	0.04514528472390822
CSN1S1	0.1168701991687442
CSN2	-1.4126408267202812
CSN3	-1.1494082622382003
CSNK1A1	-0.022085136474053968
CSNK1D	0.013386184581566596
CSNK1G1	-0.03288333250983655
CSNK1G2	0.08837490201228348
CSNK1G3	-0.007498828132849411
CSNK2A1	0.02493622181241406
CSNK2A2	-0.07753447414413728
CSNK2B	0.13586756382889575
CSPG4	-0.10570707965379711
CSPP1	0.21604514774016437
CSRNP1	-0.3209400261378921
CSRNP2	0.18064717402970665
CSRP1	0.0755093208324702
CSRP2	0.1671679293641084
CSRP3	0.17942811562544847
CST1	0.006514452464504217
CST2	-0.03026998129664804
CST3	-0.018780784839201203
CST4	-0.32274985444281157
CST5	-3.068092662393564
CST6	0.06436642727624431
CST7	0.18517561984224784
CSTA	-0.8766442197598643
CSTB	-0.33013079489986197
CSTF1	0.014439348439474031
CSTF2	0.01895423706199395
CSTF2T	-0.03198864404801682
CSTF3	0.020337585546911896
CTBP1	0.12842959797929865
CTBP2	-0.023141132662608754
CTBS	-0.08948326345293367
CTC1	0.08597890986495571
CTCF	-0.007574492225121077
CTDNEP1	-0.08415594634163526
CTDP1	0.028352260674157748
CTDSP1	0.020527569818735714
CTDSPL	-0.06478643842090648
CTDSPL2	-0.06404071488494267
CTF1	0.09916366280513955
CTH	-0.03941810314162453
CTHRC1	0.3015649730004739
CTIF	0.10918611502551556
CTNNA1	0.08493971654905508
CTNNA2	0.3056797474301707
CTNNAL1	0.058508203070484655
CTNNB1	-0.028884488690351873
CTNNBIP1	0.14551990914237933
CTNNBL1	0.057567763780117076
CTNND1	-0.028789746080502
CTNND2	-0.47535811075667667
CTPS1	-0.2993076368925536
CTPS2	0.06323039840239986
CTR9	0.0004768925093259213
CTSA	0.07530061403389787
CTSB	0.1038276958573583
CTSC	-0.32644688586070103
CTSE	-0.018850099312071933
CTSF	-0.12970806310656258
CTSH	0.17688539339434328
CTSK	0.14365845695652268
CTSL	0.12566459553781684
CTSO	0.02396265737773362
CTSS	-0.05923047657425329
CTSV	-0.47669979077989666
CTSW	-0.19680300304711196
CTSZ	0.11788733199947288
CTTN	-0.002026552451209085
CTTNBP2	0.00703697140714965
CTTNBP2NL	0.07135095297728
CTU1	-0.052716274096937354
CTU2	-0.06622282528326906
CUEDC1	0.18673874468264984
CUEDC2	-0.1404851469772712
CUL1	-0.05852937860765195
CUL2	0.0023296913326653623
CUL3	0.07337849265286422
CUL4A	-0.024922465628620216
CUL4B	-0.20992580179254716
CUL5	0.0850280783431181
CUL7	0.058993841356546284
CUL9	-0.010647384709805863
CUTA	0.10655786732293393
CUTC	-0.0019895755933312387
CUX1	-0.14892588186297928
CWC15	0.03754917969609295
CWC22	-0.0634218910216191
CWC25	-0.2811059118945245
CWC27	0.06326843049391329
CWF19L1	0.0386065988199249
CWF19L2	0.02533198804036374
CX3CL1	-0.23861040271897416
CXADR	-0.3999242202812141
CXCL10	-0.6227163572690815
CXCL11	-0.1936135014922531
CXCL12	0.3090279580787332
CXCL13	-1.0298602583954306
CXCL14	-1.266625885924281
CXCL16	0.0117804685154006
CXCL5	0.182191180894538
CXCL9	-0.5658712758769653
CXCR4	-0.37046555839748585
CXXC1	0.11482357397093068
CXXC5	-0.03706457001881702
CXorf21	0.14715316752100627
CXorf38	-0.0416438760558826
CXorf56	-0.001884754984626369
CYB561	-0.32427731172234964
CYB5B	-0.3835655661490165
CYB5R1	-0.11561580939145344
CYB5R2	0.09905692100744545
CYB5R3	0.022184530544048897
CYB5R4	0.042930317046483424
CYBA	-0.3888864831737635
CYBB	-0.45947752190135915
CYBC1	-0.16945382102759865
CYBRD1	-0.49616003122517327
CYC1	0.06227682084213981
CYFIP1	-0.015156470913730402
CYFIP2	-0.2188758163629707
CYGB	0.13714431618354084
CYHR1	0.04293123348618977
CYLD	0.014111842973118627
CYP1B1	-0.02681731319828984
CYP20A1	-0.18449042923715808
CYP27A1	-0.060897895620129816
CYP27C1	0.17308419137417896
CYP2A6	-1.9654300458444087
CYP2A7	-0.4851180438795293
CYP2B6	-0.16499810097158552
CYP2J2	-0.040215451942703595
CYP2S1	-0.13161406056485347
CYP2U1	0.01195397108923757
CYP4B1	-0.00972842859236156
CYP4F11	-0.04924267238349245
CYP4F12	-0.3119015445968554
CYP4F22	-0.34885673233774206
CYP4F8	0.4329155492952683
CYP4V2	0.26898293947092267
CYP4X1	-0.8619095691437515
CYP4Z1	-0.16786442413000646
CYP51A1	-0.22208809898481974
CYP7B1	-0.14656761585191624
CYREN	0.055427741617018356
CYRIA	-0.012598826304870414
CYRIB	-0.04925682721107094
CYSTM1	-0.17852264549524577
CYTH1	-0.12377080485168435
CYTH2	-0.0020077646541416527
CYTH3	0.08590460473007866
CYTH4	0.03434057371357113
CYTIP	-0.09406190988774199
CYTL1	-0.29899345863408655
CZIB	0.18359885884107996
D2HGDH	0.07562314190769825
DAAM1	-0.14770139709130703
DAAM2	-0.21913726497625774
DAB1	-0.942469706216075
DAB2	0.23731236631481423
DAB2IP	-0.10174876433119451
DACH1	-0.07863338219938498
DACT1	0.18592360000549135
DACT3	0.19875683353117957
DAD1	-0.24778295657803895
DAG1	0.14770551348457772
DAGLA	-0.7575067965044529
DAGLB	-0.018802546392048924
DALRD3	0.028888928126221458
DAP	0.05112521838583106
DAP3	0.018999583469561543
DAPK1	0.0285984557516219
DAPK2	-0.04117059704566728
DAPK3	0.09432811289194731
DAPL1	-1.136920123741806
DAPP1	-0.2074756835392897
DARS1	-0.029401077536086007
DARS2	0.05899955589950068
DAXX	-0.13239413050307292
DAZAP1	0.08592138190839904
DAZAP2	0.2334578379172143
DBF4	-0.565237549749579
DBH	0.11596557476616276
DBI	-0.08727759163677362
DBN1	0.07154369917470049
DBNDD1	-0.11052726552705394
DBNL	0.18504975753213593
DBP	0.13706032564492787
DBR1	0.09822667323941658
DBT	0.14340265008852526
DCAF1	-0.06629925233504252
DCAF10	-0.18852711633456387
DCAF11	-0.0911551037248799
DCAF12	-0.0921278866988473
DCAF12L1	-0.28206707393681185
DCAF13	-0.14715121628632843
DCAF15	-0.20176647781122092
DCAF16	-0.06678529565843938
DCAF4	-0.0631996707804312
DCAF5	0.10942890288147922
DCAF6	0.11044776308315818
DCAF7	-0.037149064393936726
DCAF8	0.1231858780957289
DCAKD	0.008383848911085678
DCBLD1	0.1632397997103574
DCBLD2	0.16024936182200555
DCD	-2.1524521185916363
DCDC2	-0.4503490930581364
DCHS1	0.17892422628920102
DCK	-0.16006265824972843
DCLK1	-0.10633871773069714
DCLK2	0.07814627460349755
DCLRE1A	0.29059840848701946
DCLRE1C	0.0027180118779419615
DCN	0.16152334788384337
DCP1A	0.05029305713638621
DCP1B	0.05144283446087172
DCP2	0.016943345801180953
DCPS	0.0478861855226711
DCTD	0.10691323334392777
DCTN1	0.08398310272950837
DCTN2	0.10362233420431011
DCTN3	0.16787400937224817
DCTN4	0.15267651808125038
DCTN5	0.17013828122146535
DCTN6	0.0825703757916223
DCTPP1	-0.09808417420371995
DCUN1D1	0.025808069912553577
DCUN1D3	-0.0952076897024483
DCUN1D4	-0.06148368521567704
DCUN1D5	-0.1389648338634366
DCX	-0.8319287714668668
DCXR	0.05186245934782008
DDA1	0.05122746199074513
DDAH1	-0.1102962323878458
DDAH2	0.17507797250049606
DDB1	0.05865406534188011
DDB2	0.07827724003155723
DDHD1	-0.03973604461371849
DDHD2	-0.025575574292638237
DDI2	0.11233704794060273
DDIT4	0.26460229578743544
DDN	0.14609240016813985
DDO	0.04845172994767566
DDOST	-0.16958490716822539
DDR1	-0.040205328440933386
DDR2	-0.005030148831410841
DDRGK1	-0.1852849307293205
DDX1	0.10159141500529323
DDX10	-0.057010623044273956
DDX11	-0.707705260879461
DDX17	0.006280576000627036
DDX18	-0.20219223094995087
DDX19A	-0.07478868102305825
DDX19B	0.08464706960747037
DDX20	-0.013175337022808264
DDX21	-0.35242239134544207
DDX23	0.09460390208316127
DDX24	0.01971583794393794
DDX27	-0.09638030137221776
DDX28	-0.057440279125319904
DDX31	-0.021869753420759253
DDX39A	-0.10495725496343056
DDX39B	0.0991235370447221
DDX3X	-0.022035445805855147
DDX3Y	0.08765585300080225
DDX41	0.08189605964373214
DDX42	0.019829679494169028
DDX46	0.0701367979651959
DDX47	-0.1065099139797212
DDX49	-0.09845351509030209
DDX5	0.009629955617054264
DDX50	-0.11880929555639597
DDX51	-0.040300831740502474
DDX52	-0.03751037050279038
DDX54	0.05940720610544936
DDX55	0.0014973011252408241
DDX56	-0.04839533779638927
DDX58	-0.31379168944429026
DDX59	-0.06992663845212732
DDX6	0.042212916469072326
DDX60	-0.10529383632714229
DDX60L	0.0014539765296106566
DEAF1	0.11629500802317239
DECR1	0.07692509685579196
DECR2	0.12014333189052095
DEDD	0.13409447649137007
DEF6	-0.08664579066731903
DEF8	0.07195868085771728
DEFA3	-0.23554278277015683
DEFA4	-0.4164237808156557
DEFA5	-0.01955283916055528
DEFB1	0.08547778469601042
DEGS1	-0.10787188194744957
DEGS2	-0.19143575826728387
DEK	-0.13002859622913832
DENND10	0.12919450246681308
DENND11	-0.10760954299604109
DENND1A	0.06298307541588599
DENND1B	-0.20584890740702733
DENND1C	-0.08384870071869344
DENND2A	-0.12887125543634426
DENND2B	0.1356804031798795
DENND2D	-0.15906468263465712
DENND3	-0.01927816781856606
DENND4A	-0.0006319190561434596
DENND4B	-0.0166444713410705
DENND4C	0.06302311778066283
DENND5A	0.18924786052750342
DENND5B	-0.04061802179943541
DENND6A	0.054349174704096725
DENND6B	-0.019035318307281557
DENR	0.08325022314657815
DEPDC5	-0.06768073138580277
DEPTOR	0.11860754845092814
DERA	0.15738691881105638
DERL1	-0.21879701635162618
DERL2	0.015655290891011475
DERL3	-0.1087352786788145
DERPC	-0.004258852727701878
DES	-0.3222187621322661
DESI1	-0.04992494590483432
DESI2	0.07249396089055793
DFFA	0.08220910698278239
DFFB	-0.04198497337047158
DGAT1	-0.01810034760513446
DGAT2	-0.0739809173072068
DGCR2	-0.11813543271562921
DGCR6	0.20467372949280271
DGCR6L	-0.12924261142119597
DGCR8	0.051122801033244514
DGKA	0.07538459503370376
DGKD	0.09695016634462306
DGKE	-0.1491059448170411
DGKH	0.0188984149348137
DGKI	-0.32002704994135556
DGKQ	0.18121974720237333
DGKZ	0.009732346996980112
DGLUCY	0.2045727530108934
DGUOK	0.011332766073991252
DHCR24	-0.6615584612400305
DHCR7	-0.9619707425032757
DHDDS	-0.19034374782176045
DHFR	-0.17855700544411235
DHODH	-0.014591767876602546
DHPS	-0.2184506225434486
DHRS1	-0.030565333012198437
DHRS11	-0.08723086378895317
DHRS13	-0.1486508976158234
DHRS2	-1.544030842332063
DHRS3	-0.3684760086857821
DHRS4	0.06108625671134149
DHRS7	-0.34853467959015916
DHRS7B	-0.039431207859184525
DHRS9	0.23735903321338192
DHRSX	-0.11594744875986152
DHTKD1	-0.29755598904166547
DHX15	0.03386794265221127
DHX16	-0.04919537827256448
DHX29	0.07164868487190645
DHX30	0.030856940170895797
DHX32	-0.05513139443240789
DHX33	-0.05166746656378152
DHX34	-0.09964129730341398
DHX35	0.09024249776522453
DHX36	0.0022223497600926123
DHX37	0.04053851901584693
DHX38	-0.043391314159023864
DHX40	0.00033734829123588383
DHX57	-0.11769444781626603
DHX58	-0.08002164772139864
DHX8	0.028696731339689308
DHX9	0.0019802202203749175
DIAPH1	-0.03472879599961587
DIAPH2	-0.014111390438340976
DIAPH3	-0.1768314904737167
DICER1	-0.04349618962016777
DIDO1	0.07350368017383602
DIMT1	-0.03573549124486419
DIO1	0.309008568450988
DIP2A	0.019527328219215434
DIP2B	0.008764707317958198
DIP2C	0.19228834012466223
DIPK1A	-0.07922088948379624
DIPK2A	-0.39203641215579665
DIPK2B	0.43669234353040665
DIRAS1	0.020480316613042504
DIS3	0.020887170450343717
DIS3L	0.03617410014847522
DIS3L2	0.020218052816368015
DISC1	0.0015064909384747693
DISP1	-0.4142495996498514
DISP2	-0.3051025867569628
DIXDC1	0.28908607976130085
DKC1	0.07374425941208429
DKK1	-0.7388083061575941
DKK2	-0.08846143464579193
DKK3	0.45131191653501546
DKK4	-0.946625690425126
DLAT	0.08620744721497076
DLC1	0.22665024233102216
DLD	0.06898205385856926
DLG1	0.005715309203445429
DLG2	0.0706057981887156
DLG3	-0.06499560042161434
DLG4	0.17623965311150158
DLG5	-0.11734696008814183
DLGAP1	-0.18889329656824927
DLGAP4	0.01701449570158431
DLGAP5	-0.2797603253558236
DLST	0.13070159868061282
DMAC1	0.09701420386561566
DMAC2	-0.01151403451314792
DMAC2L	0.029719465278358115
DMAP1	0.04732696999741748
DMBT1	0.2575020221496729
DMD	0.061546904515370926
DMGDH	0.20525653624637208
DMKN	-0.22556562489629428
DMP1	-0.877175164944374
DMPK	-0.3493889137862727
DMRTA1	0.1016205174086302
DMRTA2	-0.0858454800355215
DMTF1	0.008090052118071789
DMTN	-0.15366865065222868
DMWD	0.034649018847517254
DMXL1	0.019938452473549972
DMXL2	0.004931696807243924
DNA2	-0.33145098469139356
DNAAF2	-0.021267615372241977
DNAAF3	0.13212994020195978
DNAAF5	0.029152245743627958
DNAJA1	-0.015789715031061746
DNAJA2	0.0645205115507963
DNAJA3	0.04885788124250645
DNAJA4	-0.09649931974598402
DNAJB1	0.04140970962550128
DNAJB11	-0.012363159800507617
DNAJB12	-0.11862025441752166
DNAJB14	-0.18843888363761963
DNAJB2	0.06126690519593225
DNAJB4	0.10620864057466761
DNAJB5	0.18911317255556703
DNAJB6	-0.2910612137378479
DNAJB9	-0.0015025537900683616
DNAJC1	-0.6160343877450778
DNAJC10	-0.06409522016706859
DNAJC11	-0.15370290338108816
DNAJC12	-0.1749764714959987
DNAJC13	0.06932105834675895
DNAJC14	-0.03345692997368488
DNAJC15	0.17936865461422968
DNAJC16	-0.2488598165516649
DNAJC17	0.13737341460933195
DNAJC19	0.08803967224861609
DNAJC2	-0.10184945607134921
DNAJC21	0.029701958101604475
DNAJC24	0.03259215092391443
DNAJC25	-0.16304316600593616
DNAJC27	-0.12580849459974885
DNAJC28	-0.2399684368000301
DNAJC3	0.03401325861379689
DNAJC30	-0.2075174275830829
DNAJC5	-0.1883458217389915
DNAJC5B	-0.25258559671896386
DNAJC6	-0.0459311883509379
DNAJC7	-0.06396624075252078
DNAJC8	0.07422740191654498
DNAJC9	-0.12871131832481808
DNAL1	0.0025550545646986222
DNAL4	-0.3082215308845768
DNALI1	0.00027658753742265674
DNASE1L1	-0.054782770264484526
DNASE2	0.04349841762979523
DNLZ	0.07748892665171425
DNM1	0.24773738263049694
DNM1L	-0.09066480683941691
DNM2	0.06261993159624879
DNM3	-0.006911310665557835
DNMBP	0.11144705333160587
DNMT1	-0.2369934663140505
DNMT3A	-0.23392878156750996
DNMT3B	-0.17388673926532405
DNPEP	0.07480095932307051
DNPH1	0.028277610600550673
DNTTIP1	0.017158469639333873
DNTTIP2	-0.0628189112623545
DOCK1	0.07241480388444899
DOCK10	0.01337124758434527
DOCK11	0.1171272108196888
DOCK2	-0.18688883811705637
DOCK4	0.06518271624521432
DOCK5	-0.01581587745906532
DOCK6	0.032182869643904155
DOCK7	0.06221666073696497
DOCK8	-0.030403884636331924
DOCK9	0.07744953092070617
DOHH	0.06611399646490312
DOK1	0.13038780415503837
DOK2	-0.1657715481474682
DOK3	-0.005094576959560726
DOK7	0.15226037585184038
DOLK	0.1492000494121113
DOLPP1	0.0700873112998579
DONSON	-0.16334629980778814
DOP1A	0.0769021369707481
DOP1B	-0.11945284042641902
DOT1L	-0.1963432619267742
DPAGT1	-0.1215525635622221
DPCD	-0.0974221629655716
DPEP1	-0.30778830286191194
DPF1	-0.020060512478039527
DPF2	0.035536321703844465
DPF3	-0.04295933307762034
DPH1	-0.07446653230435274
DPH2	-0.1021706988242137
DPH3	0.13850987056790132
DPH5	-0.0542106283377386
DPH6	0.11415190091183902
DPH7	0.040520746742178204
DPM1	0.10204998958130673
DPM3	-0.16595517247137082
DPP3	0.062373635895177415
DPP4	0.1967541522830185
DPP7	-0.10712277046884466
DPP8	0.08820706792021582
DPP9	0.057580449958855695
DPT	0.31073069048427016
DPY19L1	-0.30204493333496885
DPY19L3	-0.13458076448251166
DPY19L4	-0.07927774651819597
DPY30	0.058091481261165256
DPYD	0.12324195987109121
DPYSL2	0.1755718075329753
DPYSL3	0.158026643349519
DPYSL4	-0.005639339475663974
DPYSL5	0.028441691026799276
DR1	0.10823991952329237
DRAM2	0.09712626809530889
DRAP1	0.05322285134301197
DRG1	-0.05970723215751761
DRG2	0.007282613251121006
DROSHA	0.0009064464250663207
DSC1	0.014534815006097546
DSC2	-0.46488266121831145
DSC3	-0.7361829243581006
DSCAM	0.22680050138747987
DSCC1	-0.30193694288432127
DSE	0.2167672099665916
DSG1	-0.6570417743913222
DSG2	-0.024579069234171413
DSG3	-0.6188677325908571
DSN1	0.08007771565844735
DSP	-0.3908387061424854
DST	-0.038439973625905566
DSTN	0.12213630847519852
DSTYK	0.06105495699518926
DTD1	0.003678976071970652
DTD2	0.1812461451648737
DTL	-0.27525039810513974
DTNA	-0.1307491710399411
DTNB	0.004414064951330232
DTNBP1	0.11862539905274971
DTWD1	0.03515274739699237
DTWD2	0.15543967324881436
DTX1	-0.6713987042584275
DTX2	-0.06522587278391612
DTX3	0.17561387619206492
DTX3L	0.056511989403670526
DTYMK	0.03288430029504141
DUOX1	-0.8894023313616835
DUS1L	0.11878562183160923
DUS2	-0.07031847902770494
DUS3L	-0.11039403600708297
DUS4L	0.26480893662935756
DUSP10	-0.3688116964977848
DUSP11	-0.08925784056911468
DUSP12	0.029404460509756092
DUSP14	0.12403475904987005
DUSP16	0.06651696197728896
DUSP19	-0.07727869739289517
DUSP22	0.017995686913209852
DUSP23	0.15886520805351623
DUSP3	0.1355184922933006
DUSP4	-0.3262141768140765
DUSP6	0.3069989351120874
DUSP7	0.09981758087995729
DUSP9	-0.04549617601804812
DUT	-0.04053930397846628
DVL1	0.14914608604892976
DVL2	0.07319811216343197
DVL3	0.147418812095772
DXO	-0.08553905174522569
DYM	-0.044871464318060106
DYNC1H1	-0.0806491553472668
DYNC1I1	0.07620563498501909
DYNC1I2	0.10186369055111477
DYNC1LI1	0.04898969007364684
DYNC1LI2	0.04535161343002159
DYNC2H1	0.012142284677334914
DYNC2LI1	-0.04249897692240978
DYNLL1	0.14929791860082986
DYNLL2	-0.0012454380333828396
DYNLRB1	0.1611751965523709
DYNLT1	-0.035360412685868425
DYNLT3	0.17247034079047552
DYRK1A	0.061256176661132145
DYRK1B	-0.006047479579414983
DYRK2	-0.13837146102816966
DYSF	-0.07522296926334704
DZANK1	0.18023365913834866
DZIP3	-0.19759767499326486
E2F1	0.12569686938517322
E2F3	-0.14586246856501361
E2F4	0.03997345031595856
E2F5	-0.20025837936674407
E2F6	0.1328823837011477
E2F7	0.15375456919229258
E2F8	-0.3597372079190464
E4F1	0.03526086727669764
EAF1	0.016357997464346852
EAPP	0.1078925515686251
EARS2	0.05459818007555839
EBAG9	-0.16990153222802817
EBF1	0.3343052510340634
EBI3	0.34876424154927577
EBNA1BP2	-0.052029294878018106
EBP	0.10818896900151742
ECD	0.04814578575221162
ECE1	-0.21766554631932777
ECH1	0.12855058699497235
ECHDC1	0.11802330136343997
ECHDC2	0.026956367310820184
ECHDC3	0.08779799221194651
ECHS1	0.14248705923128568
ECI1	0.041723512414659325
ECI2	0.14861498543675822
ECM1	-0.13975877591935415
ECM2	-0.27041226616500325
ECPAS	-0.03096496110263658
ECRG4	0.06105448043843076
ECSIT	0.013453149728796632
ECT2	-0.2565653267008159
EDARADD	-0.31354424976164097
EDC3	0.027938746201247255
EDC4	-0.06980586785898997
EDEM1	-0.06805574345107424
EDEM2	-0.008527588424872334
EDEM3	0.007775707320384129
EDF1	0.09057146874838651
EDIL3	-0.4504833325017188
EDNRA	-0.29151828925768974
EDRF1	-0.04793198809472088
EEA1	0.308649067157571
EED	-0.19988818904963068
EEF1A1	0.011862408534764057
EEF1A2	-0.44497766718117404
EEF1AKMT1	0.057243544441597294
EEF1AKMT2	-0.02611335491920208
EEF1AKMT4	-0.07228423291346786
EEF1AKNMT	0.017319415919921255
EEF1B2	0.04242757413331333
EEF1D	-0.058921792868307676
EEF1E1	-0.049826377561213775
EEF1G	-0.04947106973239812
EEF2	-0.02686468283816623
EEF2K	0.03057944615513719
EEF2KMT	-0.035291183602288
EEFSEC	0.09266804950123486
EEPD1	0.2525477559108289
EFCAB11	-0.24200143965826015
EFCAB14	-0.01973659636482239
EFCAB2	0.18555332273863634
EFCAB7	0.13140827398384047
EFCC1	0.238212158735724
EFEMP1	0.22978860266326961
EFEMP2	0.3161275851173926
EFHC1	0.184191046257709
EFHD1	-0.0794586592940334
EFHD2	0.03148294320630818
EFL1	-0.007083428413199755
EFNA1	0.01161139727921423
EFNA4	-0.012589716164953302
EFNA5	-0.17636523957271422
EFNB1	-0.012610136990875986
EFNB2	-0.2050137958684175
EFR3A	-0.009108907434047353
EFR3B	-0.1566450805276869
EFS	0.013528989247003409
EFTUD2	0.07251937420132037
EGFL7	-0.1055629077752247
EGFLAM	0.010755137978108564
EGFR	-0.1266990907669463
EGLN1	0.017430265479010387
EGR1	0.2435612589493381
EGR2	-0.002561064960801218
EHBP1	0.11535788070817787
EHBP1L1	0.09452062070826983
EHD1	0.10425927681090741
EHD2	0.3045325849233791
EHD3	0.17813479888216932
EHD4	0.18551842023612508
EHF	-0.2735232433138286
EHHADH	0.2572241008471323
EHMT1	0.002345680653821347
EHMT2	0.0018707618583988506
EI24	-0.23470735096162088
EID1	0.06570239048136628
EID2	0.1108144577101502
EIF1	0.07128359235647608
EIF1AD	0.0056340253670477125
EIF1AX	0.005952241512805045
EIF1B	0.10171051922388585
EIF2A	0.06370677469062969
EIF2AK1	0.08324602853435081
EIF2AK2	-0.06267701548286908
EIF2AK3	-0.08171253238864118
EIF2AK4	0.00209628140372331
EIF2B1	0.06400855826877816
EIF2B2	0.013080252472747134
EIF2B3	0.04698497485011899
EIF2B4	0.026942659754611853
EIF2B5	0.009813754290746601
EIF2D	-0.01323689741550993
EIF2S1	0.059382981984480665
EIF2S2	0.0542063553520471
EIF2S3	0.022384260761562302
EIF3A	0.041606491202983875
EIF3B	0.09632585101270763
EIF3C	0.02307024370728783
EIF3CL	-0.1144881931069861
EIF3D	0.06262703926503477
EIF3E	0.0021955017921833075
EIF3F	0.1114239337394487
EIF3G	0.0772430412105436
EIF3H	0.11229966148122017
EIF3I	0.08928300604708639
EIF3J	0.03512646584560386
EIF3K	-0.016865538006086922
EIF3L	0.06439745333855385
EIF3M	0.09261212255005802
EIF4A1	0.06710347277896034
EIF4A2	0.04942051790381541
EIF4A3	0.03569017951345543
EIF4B	-0.003858311729693753
EIF4E	0.06789805605083998
EIF4E2	0.04697203305288511
EIF4E3	0.07366421065924911
EIF4EBP1	-0.07849722751704036
EIF4EBP2	0.04443428800625426
EIF4EBP3	0.04504923103282188
EIF4ENIF1	-0.10987028962216527
EIF4G1	0.018411644264514138
EIF4G2	0.048417751796677067
EIF4G3	0.03776804186986027
EIF4H	0.09232179540805063
EIF5	0.0524823207751659
EIF5A	-0.017477651941199213
EIF5A2	0.31721011699886503
EIF5AL1	0.43349368327807447
EIF5B	-0.11202837064627147
EIF6	0.042703893931687276
EIPR1	0.08026413567741031
ELAC1	-0.07541082259184506
ELAC2	-0.049120557302821055
ELANE	-0.6444304276223001
ELAVL1	0.08593274396580242
ELAVL2	0.03189846167461852
ELF1	0.14762684954869343
ELF2	0.16004028890213817
ELF3	-0.15332894696285138
ELF4	-0.014590114982608426
ELF5	0.04294603814314968
ELK1	-0.013882657227881623
ELK3	0.2002495407442204
ELK4	0.029757639496260424
ELL	-0.1339757942280606
ELL2	0.052868563105207045
ELL3	0.12825751489737414
ELMO1	-0.000286705011451005
ELMO2	0.08610639290654376
ELMO3	-0.1280601936557595
ELMOD2	-0.27938392254198163
ELMOD3	0.40038764472889454
ELN	0.0653518098638095
ELOA	-0.009331942782004887
ELOB	0.12552190914631112
ELOC	0.18960980974609853
ELOF1	0.09761126274246124
ELOVL1	-0.5472326756612027
ELOVL2	0.09676220375915179
ELOVL4	-0.01435697882442355
ELOVL5	-0.4735274435678818
ELOVL7	0.06619039845477737
ELP1	0.0664855384457681
ELP2	0.042127806401207835
ELP3	0.06452310041962406
ELP4	0.045536672747282125
ELP5	0.07761936170574657
ELP6	-0.09561926430014367
EMB	-0.03966267293846215
EMC1	-0.03173413890835519
EMC10	-0.003236827444617063
EMC2	-0.031567618943345366
EMC3	-0.24440801754201757
EMC4	-0.12827616671800968
EMC6	-0.15556919750660825
EMC7	-0.09930719979785252
EMC8	0.0032164470154896208
EMC9	0.13919588400377236
EMCN	-0.08203002429899442
EMD	-0.13596169862388052
EME1	-0.2234856518442907
EMG1	-0.11156042822099721
EMILIN1	0.18263390313588346
EMILIN2	0.0741407644263461
EMILIN3	0.43482938310932084
EML1	0.201290780601024
EML2	-0.20306589998678604
EML3	0.053702285108773395
EML4	-0.06530689151435709
EML6	-0.14647855417994649
EMP3	-0.31650043678637196
EMSY	0.050297002765940846
EN1	-0.6249511506395802
ENAH	0.06630181655052425
ENC1	0.07952027284744467
ENDOD1	-0.06974484667234293
ENDOG	0.22545625449315665
ENDOV	-0.020688588632246763
ENG	0.11386398621820248
ENGASE	0.03198188597796303
ENKD1	-0.23446040980109117
ENO1	0.14403558328043786
ENO2	0.12623121078396338
ENO3	0.09145157147504435
ENOPH1	-0.33137159682169326
ENOSF1	-0.07769713939878642
ENOX2	-0.03509688746702366
ENPEP	-0.024862130526408066
ENPP1	-0.20675652591294735
ENPP2	0.19156177677229635
ENPP3	-0.13069376556379453
ENPP4	-0.22004280884985405
ENPP5	-0.2724889408248945
ENSA	0.04638802420526389
ENTPD1	0.04144123376594777
ENTPD2	-0.13318523313451003
ENTPD3	-0.39349470364858163
ENTPD4	-0.030994930863162296
ENTPD5	-0.9197435425559739
ENTPD6	0.05513869796352466
ENTPD7	0.2118156408308618
ENTPD8	0.6288378896413818
ENTR1	0.18839386997920826
ENY2	0.07686447037703559
EOGT	-0.05245797136756991
EOMES	-0.03697711491632205
EP300	-0.046436942361964384
EP400	0.03464263032293857
EPB41	-0.20452679516167827
EPB41L1	0.17658282935473935
EPB41L2	0.1543691738748727
EPB41L3	0.10530596817351245
EPB41L4A	-0.09858429242160582
EPB41L4B	-0.03571751462389017
EPB41L5	0.04643207935394145
EPB42	-0.34256264024079996
EPC1	0.08269756857308153
EPC2	0.03186418157975979
EPCAM	-0.506890726041231
EPDR1	-0.6499796924867507
EPG5	-0.006234779512215738
EPHA1	-0.14497368280625178
EPHA2	-0.17549987910650167
EPHA3	-0.07079977315980557
EPHA4	-0.04843822486916949
EPHA7	0.08348668663413328
EPHB2	0.17404642480373056
EPHB3	-0.24694094077116802
EPHB4	-0.19381802196411613
EPHX1	-0.3326345195238254
EPHX2	-0.15526310670176002
EPHX4	-0.8242156222633952
EPM2A	0.0017163901813859184
EPM2AIP1	0.043374371714723026
EPN1	0.17214296934880657
EPN2	0.10799595814964036
EPN3	-0.2547544336308398
EPPK1	-0.2504254211747252
EPRS1	-0.003204025195667981
EPS15	0.1711158221653939
EPS15L1	0.15530084792640508
EPS8	0.1357976632218616
EPS8L1	-0.04116611424188221
EPS8L2	0.011113474522307598
EPSTI1	-0.17265417875807998
EPX	-0.2952937847215811
ERAL1	-0.0678042870725033
ERAP1	0.15115781433290465
ERAP2	0.15908888101463248
ERBB2	-1.5752154342761244
ERBB3	-0.12017537700624104
ERBB4	-0.26095090773673135
ERBIN	0.011288507644941603
ERC1	0.13714987258932965
ERCC1	0.017402973406838385
ERCC2	0.00826186319204325
ERCC3	0.03124695676578071
ERCC4	-0.04521511523994093
ERCC5	0.00814685282538008
ERCC6	0.03438466342006663
ERCC6L	-0.10594983764320531
ERCC8	-0.009780893868882146
ERF	0.04947575322427156
ERG	0.14765082287864573
ERG28	-0.2908149118431673
ERGIC1	-0.27914218371231314
ERGIC2	-0.27656612900805655
ERGIC3	-0.3114867177208147
ERH	0.119236366805481
ERI1	0.0003801643727072701
ERI3	0.02271541844760705
ERICH1	-0.14779740382013173
ERLEC1	0.05735614879526452
ERLIN1	-0.055938390789567194
ERLIN2	-0.2880621573978921
ERMAP	0.29786032221507064
ERMP1	-0.3732376212581734
ERN1	-0.021466276865766076
ERO1A	-0.2099762969619512
ERO1B	-0.04195189594399196
ERP27	-0.5911191194555183
ERP29	0.07451565907421909
ERP44	0.025963767562476647
ERRFI1	-0.31069483454434543
ERVK3-1	-0.06165133692497804
ERVMER34-1	0.11707730524034687
ESAM	0.17388057500163967
ESCO1	-0.03574321460947161
ESCO2	-0.10414716582699768
ESD	0.14251709283575664
ESF1	-0.055079621571749726
ESM1	0.03808868297224066
ESPL1	-0.21882480251447767
ESPN	-0.014707741603292135
ESPNL	0.10319024076676264
ESR1	-0.36907392382853743
ESRP1	-0.052770700761705314
ESRP2	-0.17832540770671912
ESRRA	0.02385829566615172
ESRRG	-0.06841405824934554
ESS2	-0.07402134741893462
ESYT1	-0.026393264284219953
ESYT2	-0.18874827400027172
ETAA1	0.09593514964076633
ETF1	0.05835452054871837
ETFA	0.0021948369197168915
ETFB	0.033568851795596544
ETFBKMT	0.08736941465854997
ETFDH	0.24020056968385362
ETFRF1	-0.16964175058832964
ETHE1	0.0350158718798248
ETNK1	-0.12101002525975346
ETNK2	-0.140291435245274
ETS1	-0.20368315276342486
ETV3	-0.0418547846354258
ETV6	-0.14122114153988008
EVA1B	-0.16475145562065663
EVI2B	-0.3787603746270918
EVI5	0.10219141020172273
EVI5L	0.070213957458229
EVL	0.03605990971643536
EVPL	0.035202948066331174
EWSR1	-0.07722319246352072
EXD2	-0.024478704642397986
EXD3	0.1746289502183842
EXO1	0.06794252658464117
EXO5	0.044230177629825285
EXOC1	0.10184153129291929
EXOC2	0.0571215551333637
EXOC3	0.05002883480492315
EXOC3L1	0.05613536067895453
EXOC3L2	0.11783798056669603
EXOC4	0.03241546379227955
EXOC5	0.10256956523122085
EXOC6	-0.027568900236200733
EXOC6B	0.10841542113298175
EXOC7	0.12597257160816255
EXOC8	0.07306295006118546
EXOG	-0.05429625156330786
EXOSC1	-0.00404283376817105
EXOSC10	0.01306500749934969
EXOSC2	0.034761234479869785
EXOSC3	-0.025045484710137345
EXOSC4	-0.006633059213704939
EXOSC5	-0.014937561656438447
EXOSC6	0.008999023790234872
EXOSC7	0.011837102872018335
EXOSC8	-0.024571017027131603
EXOSC9	-0.01367046774878844
EXPH5	0.13430379049114904
EXT1	0.1052539916935018
EXT2	0.12484425379642516
EXTL2	0.18761718435765218
EXTL3	-0.09642665065864975
EYA2	0.20745991760986193
EYA3	-0.08893934658021152
EZH1	0.05359205663901179
EZH2	-0.29144502541198136
EZHIP	-0.08322226204619199
EZR	-0.12205654808771271
F10	0.13050793736246646
F11	0.18018591656329974
F11R	-0.296046835460821
F12	0.18571316391208015
F13A1	0.2076610116206865
F13B	0.13079004939478622
F2	0.21296531917813866
F2R	0.12174129357936536
F3	-0.36002828726361
F5	-0.13748201963217355
F7	0.07991860668237472
F8	0.1143761167782067
F9	0.12550629751263642
FA2H	-0.3012595293950362
FAAH	-0.14227306116742255
FAAH2	0.06458101369961611
FAAP100	0.10299877348910869
FABP1	0.34776206513808816
FABP4	0.2697159497970816
FABP5	-0.08960071873689301
FABP6	-0.7400195523866486
FABP7	-1.6814277385083027
FABP9	0.2856428308150605
FADD	0.021839658065079703
FADS1	-0.28492053849751287
FADS2	-0.9594381025908589
FADS3	0.029250562421962556
FADS6	0.058207634530754504
FAF1	-0.046303384627584876
FAF2	0.012166476519009706
FAH	-0.005038818164614156
FAHD1	0.11913865228823184
FAHD2A	-0.05597900336182704
FAHD2B	-0.07082032581110553
FAIM	0.09137152137041937
FAIM2	-0.4253881993552735
FAM102A	0.13313156169867923
FAM102B	-0.0693158014194104
FAM104A	0.1845870704605404
FAM107B	-0.006702004889923785
FAM110A	-0.0015991374147539261
FAM110B	0.08877915792062652
FAM110C	-0.22682756740681143
FAM110D	-0.3523471616981091
FAM111A	-0.06976330060690827
FAM111B	-0.3555881401728058
FAM114A1	0.21424191781716928
FAM114A2	0.07933315080900982
FAM117A	-0.015385943950029457
FAM117B	-0.01232557694365255
FAM118A	0.08180832030758367
FAM118B	-0.02493741313674036
FAM120A	0.06201201517244215
FAM120C	0.09074354719965783
FAM122A	0.03747864415093005
FAM122B	-0.10285337420296514
FAM124A	0.17994386917223437
FAM126A	0.15838206311114078
FAM126B	0.01373399656170271
FAM133A	0.2661133696114675
FAM133B	-0.07324775277041162
FAM135A	-0.9038991495125472
FAM135B	-0.005858729745801483
FAM136A	-0.074588980353262
FAM13A	-0.014649120824998363
FAM151B	0.1441137551821825
FAM160A1	-0.10433343677641282
FAM160A2	0.06720275708331513
FAM160B1	0.00999657491874828
FAM160B2	0.07365276571640322
FAM161A	0.3064020856609062
FAM162A	0.05891392967506803
FAM167A	0.021281660394164348
FAM167B	-0.14400444351482378
FAM168A	0.1840646308244267
FAM168B	0.03396764413941078
FAM169A	-0.42819003980378945
FAM171A1	-0.035594362696731
FAM171A2	0.14195115321849094
FAM172A	0.1795557868036859
FAM174A	-0.26636537536241534
FAM174B	-0.24822384207802628
FAM174C	0.15865331744186761
FAM177A1	0.05441272264029173
FAM180A	0.031031852868494525
FAM180B	0.38456989468107494
FAM185A	0.06636076269579287
FAM193A	0.08543411788147282
FAM193B	0.018078273326080918
FAM199X	0.1620560289879842
FAM204A	-0.004108492517829632
FAM207A	-0.14197706219934503
FAM20A	0.05703864855994922
FAM20B	-0.2309779812310495
FAM20C	0.1761780258553287
FAM210A	0.13406605238596825
FAM210B	-0.3511363561616392
FAM214A	0.11664488424997188
FAM219A	-0.0872054615411475
FAM219B	-0.020192721697746663
FAM221A	0.017771100073023405
FAM222B	-0.19020333416372814
FAM234A	-0.01821466266000371
FAM234B	-0.11689434544162225
FAM241A	-0.5457998529124559
FAM241B	-0.19929940191733664
FAM32A	-0.020579053227248068
FAM3A	-0.03563017773873156
FAM3B	-0.5096091893122523
FAM3C	-0.09813768598356276
FAM3D	0.17654552269049795
FAM43A	-0.13230462316890268
FAM47A	-0.4809616950454547
FAM50A	-0.14246372869917323
FAM50B	0.016253658367203272
FAM53B	0.006391653305932721
FAM53C	-0.04043063166248473
FAM76A	-0.04278804310745343
FAM76B	-0.11174916201051488
FAM83B	-0.2972905868418927
FAM83D	-0.1230072660060415
FAM83E	-0.17285552829194906
FAM83F	-0.31800634466728894
FAM83G	-0.03937295471460445
FAM83H	-0.01892035841609996
FAM89A	0.09916834985845036
FAM89B	0.18624476266276346
FAM8A1	-0.1811027800532372
FAM91A1	0.05715063153775546
FAM92A	0.23059185222910017
FAM92B	-0.12211805674601095
FAM98A	0.034830894321416395
FAM98B	0.09534758052323866
FAM98C	0.016125213433891616
FAN1	-0.5485902683616004
FANCA	0.029770234768466963
FANCB	-0.27132590704984594
FANCD2	-0.20898978167931048
FANCG	-0.06929061940406722
FANCI	-0.3423766321776007
FAP	0.18449006101292653
FAR1	-0.16453662674085834
FAR2	-0.24485232643384514
FARP1	0.051458080160028175
FARP2	0.05422373038048889
FARS2	0.05546145412779069
FARSA	0.013489441959322335
FARSB	0.009329386948625285
FAS	-0.09798390805941537
FASTK	-0.0332796998794791
FASTKD1	-0.09707119735983838
FASTKD2	-0.10264235230041763
FASTKD3	-0.25934577368257905
FASTKD5	-0.0941904004478964
FAT1	0.15604284844464544
FAT2	-0.0948714128553032
FAT4	-0.04526934205486555
FAU	0.0899788131903847
FAXDC2	0.478264613946882
FBF1	0.11880786271996335
FBH1	-0.09193760829157327
FBL	-0.02414273265267397
FBLIM1	0.217101028444187
FBLL1	-0.2862964876832166
FBLN1	0.30330634404784007
FBLN2	0.03571607865057125
FBLN5	0.16171949013302367
FBLN7	0.32645764894683893
FBN1	0.20534913752477024
FBN2	0.0013453586072236234
FBN3	0.12877025165922973
FBP1	0.1551804757659383
FBP2	0.19903333904375842
FBRS	0.014468656009420044
FBRSL1	-0.06457961859280203
FBXL12	0.08941389538679445
FBXL14	-0.2736222777282791
FBXL15	0.05894511141396741
FBXL16	0.06493249740096729
FBXL17	-0.019800667970901742
FBXL18	0.04995535951607977
FBXL19	0.03508041559718933
FBXL2	-0.04728746541782414
FBXL20	-0.6998773351026557
FBXL3	0.03863572550381278
FBXL4	0.025890820459632202
FBXL6	-0.05842496202209091
FBXL7	0.20414951052864794
FBXL8	0.05520932489122288
FBXO10	-0.07510860275359121
FBXO11	0.07448880953105785
FBXO17	0.7193302893558116
FBXO2	-0.29541046724477127
FBXO21	0.06248268971729942
FBXO22	0.10247862191623014
FBXO28	0.07429890485915536
FBXO3	0.06195902591775493
FBXO30	0.0010116892689211454
FBXO31	0.44814753214553704
FBXO33	-0.03521213591625205
FBXO36	0.09774101698441129
FBXO38	0.0481421582518049
FBXO4	0.009261060764288231
FBXO42	0.1230856670409004
FBXO44	-0.048200355251962534
FBXO45	0.030024512193151054
FBXO46	-0.09058236426858635
FBXO5	-0.33653229980529886
FBXO6	-0.1886658357107187
FBXO7	-0.070543784990722
FBXO9	-0.09391530493556388
FBXW11	0.10200225370035199
FBXW2	0.07302082012392574
FBXW4	-0.21093704878928676
FBXW5	0.15168057522138234
FBXW7	0.10886488729488875
FBXW8	0.13177915738366508
FBXW9	-0.004580022013058738
FCER1G	-0.4119898200488521
FCF1	-0.031521604691178595
FCGBP	-0.47721593392201456
FCGR1A	-0.08162403427143161
FCGR2A	0.22393283054540447
FCGR2B	-0.04504670028086011
FCGR3A	0.11351796204711562
FCGR3B	-0.01174157786090646
FCGRT	0.022421713158788492
FCHO1	-0.05146824869876099
FCHO2	0.17167558372690195
FCHSD1	0.17070373194022181
FCHSD2	0.0907798246803182
FCMR	0.04375710470668537
FCN1	-0.556684055398712
FCN2	-0.12323218115390588
FCN3	0.08024634905432748
FCRL5	0.032141710071284635
FCRLB	-0.21428458934719785
FCSK	-0.002193393652277109
FDCSP	-1.45920530794732
FDFT1	-0.4230300079858118
FDPS	-0.29264217857043207
FDX1	0.12626780316289654
FDX2	0.1865026881934959
FDXR	0.11976043381731571
FECH	0.20182129708757657
FEM1A	0.3372348088298658
FEM1B	0.097786677075824
FEM1C	0.2103330196620874
FEN1	-0.2351469636947634
FER	0.13748276877768717
FER1L6	-0.7836733475381124
FERMT1	-0.277718348990728
FERMT2	0.2475021318046977
FERMT3	-0.08742681471746394
FES	0.02871382314796378
FETUB	0.24676143378583149
FEZ2	0.13064959573585
FGA	0.16243014039587766
FGB	0.13485506272265368
FGD1	0.015580603122895553
FGD2	0.08363435317890122
FGD3	-0.39414415388524304
FGD4	0.00480013298819415
FGD5	0.04749154575939585
FGD6	0.0045778176396815695
FGF1	0.06347928494933086
FGF10	-0.43191457849789217
FGF12	-0.24842974650012284
FGF13	-0.09677472707817003
FGF2	-0.3503508187200879
FGF7	-0.08690782904073657
FGFBP1	0.31473247995068654
FGFR1	0.04667628094807341
FGFR1OP	-0.09815836646343001
FGFR1OP2	0.0270115150900061
FGFR2	-0.11735441472289665
FGFR4	-0.1781318403669161
FGFRL1	-0.02839027368133884
FGGY	-0.03919727487691205
FGL1	-0.3291462034382304
FGL2	0.03647286016547113
FGR	-0.12212065419440243
FH	0.18492181164607402
FHDC1	-0.07002020056016534
FHIT	-0.014920503490937875
FHL1	0.3803751780716418
FHL2	0.054403522718157404
FHL3	0.18432950521896885
FHL5	0.055676270435878195
FHOD1	-0.2070740604354242
FHOD3	0.22042292304293198
FIBIN	0.017938661204567552
FIBP	0.02018110738658052
FICD	-0.02740931002767688
FIG4	-0.0038536379819902322
FIGNL1	-0.056819618420131945
FILIP1	-0.2119855331997904
FILIP1L	-0.04880022156737063
FIP1L1	0.047703578054102636
FIS1	0.05667010393193905
FITM2	-0.2510146062730332
FIZ1	-0.0044517792336087325
FKBP10	0.20003982007678545
FKBP11	-0.29318386840197874
FKBP14	-0.010103537381173311
FKBP15	0.0847136416834573
FKBP1A	0.09882383445524212
FKBP1B	0.11393835383580964
FKBP3	0.1153849199468091
FKBP4	-0.1326646614025968
FKBP5	-0.4720333081864645
FKBP7	0.24172096245895247
FKBP8	-0.0474014125746649
FKBP9	0.28107266867363023
FKBPL	0.05918098085571444
FLAD1	-0.15712944121249706
FLCN	0.011021510448522065
FLG	0.25644991889268276
FLI1	0.02117760841258587
FLII	0.07342249874696805
FLNA	-0.038703581150887345
FLNB	-0.04820289763188512
FLNC	0.22641464861768057
FLOT1	-0.10040374636950489
FLOT2	-0.3341897434579977
FLRT2	-1.2543955857310536
FLRT3	-0.12689203932389503
FLT1	-0.021944796153444912
FLT4	0.1424583949158187
FLVCR1	-0.10305087516717393
FLYWCH1	-0.018262750495303237
FLYWCH2	0.16295924742926893
FMC1	-0.1127151193365119
FMN1	0.008087446466782389
FMNL1	-0.11585342143397881
FMNL2	0.003790970237535163
FMNL3	0.16426355624876088
FMO1	0.06428606335749265
FMO3	-0.20936604546158222
FMO4	0.019175143524029714
FMO5	-0.6387903572454015
FMOD	0.09988091457530146
FMR1	-0.1931450644406345
FMR1NB	0.25280000972693983
FN1	-0.014687591087257701
FN3K	-0.015378866799743207
FN3KRP	0.09304151517263293
FNBP1	-0.06250069861506447
FNBP1L	-0.06701438100077084
FNBP4	-0.0796525697940389
FNDC1	0.09090010860337117
FNDC3A	-0.18658630978625723
FNDC3B	-0.1439220431920596
FNIP1	0.05337402490031096
FNIP2	0.10532289821540175
FNTA	0.13031084787858305
FNTB	0.1551617056006087
FOCAD	-0.02163014502869487
FOLH1	0.03139740570568783
FOLR1	-0.13311336655603867
FOLR2	-0.08703486285517315
FOPNL	0.09835880405629993
FOS	-0.024193430970669283
FOSB	-0.14680756367768488
FOSL1	-0.06020002745883879
FOSL2	0.022380852672089446
FOXA1	0.03546102118652428
FOXC1	-0.016674210036063286
FOXC2	0.1793800248868731
FOXJ2	0.04285649443319173
FOXJ3	-0.062181677862021445
FOXK1	0.05653240752214472
FOXK2	0.011746035547460565
FOXM1	-0.3110701540154679
FOXN3	0.19602500267912504
FOXO1	0.12674094573437422
FOXO3	-0.10507522149084281
FOXO3B	-0.03254821058420809
FOXO4	-0.12384673101073673
FOXO6	0.23560040298985108
FOXP1	0.21531875580324566
FOXP3	0.0773325385550887
FOXP4	-0.12999155999873224
FOXRED1	-0.042018091706857774
FOXRED2	0.16392033213449625
FOXS1	0.0968760367856003
FP565260.1	-0.1353482565634856
FPGS	0.13504942361815964
FPGT	-0.05534239024968812
FRA10AC1	-0.056136884081123384
FREM2	-0.39140151265491596
FRG1	-0.03352601661131871
FRK	-0.14805583252629262
FRMD3	-0.20385188357984418
FRMD4A	0.00334573157466167
FRMD6	0.15691190942522582
FRMD8	0.1532365622433467
FRRS1	0.01677471099791461
FRS2	0.13987038148514586
FRY	-0.16266454400600594
FRYL	-0.0444303750816708
FRZB	0.21766088201555078
FSBP	0.4109991301743836
FSCN1	-0.05930340690148839
FSD1	-0.30672261182295557
FSD1L	-0.5074176235643826
FSIP1	0.10346421716316456
FST	-0.17762272347857966
FSTL1	0.3533878734121991
FSTL3	0.12368755318857261
FSTL4	-0.31009672599170024
FTH1	-0.15516376497359374
FTL	-0.35851086941959665
FTO	0.03335306203265631
FTSJ1	-0.01132664470902256
FTSJ3	-0.07606141044795933
FUBP1	0.013859848839015143
FUBP3	0.1413898015035926
FUCA1	-0.015005742825760393
FUCA2	-0.12232834134522008
FUNDC1	-0.07991039752103646
FUNDC2	-0.10218031534023098
FUOM	0.15040447762815745
FURIN	-0.18864989415798483
FUS	0.06897164774582265
FUT11	0.19321656995677472
FUT3	-0.3386833965916374
FUT8	-0.017526896140392267
FXN	-0.25716499911220936
FXR1	0.05225148213327202
FXR2	-0.15846267307433592
FXYD1	0.05760865876881649
FYB1	-0.1942506071794199
FYCO1	0.13643188410394202
FYN	-0.05251532396262881
FYTTD1	-0.0029289239420755564
FZD1	-0.5480584995899918
FZD10	0.022260954892825424
FZD2	0.18822890593734698
FZD3	-0.49167648310736567
FZD4	-0.0029045217839041015
FZD6	-0.32588312188525137
FZD7	-0.2678943126443514
FZD8	-0.38472866644404213
FZR1	0.032322492257502944
G2E3	0.1955332063361781
G3BP1	0.013953296118003777
G3BP2	0.04312963834726524
G6PC3	0.29718213879356625
G6PD	-0.4746558919242432
GAA	-0.023487977648752434
GAB1	0.15029805752167036
GAB2	-0.23837988091560547
GAB3	-0.01286471300820935
GABARAP	-0.1365294052370949
GABARAPL1	-0.14345652987572421
GABARAPL2	-0.10066362503220816
GABPA	0.04405726340162275
GABPB1	0.00974499809771956
GABPB2	0.02888072113334772
GABRB2	-0.22470291871714565
GABRP	-0.10802085477567225
GADD45GIP1	0.05646918916892574
GAGE10	0.13059954457298772
GAK	0.09568241817384049
GAL3ST4	0.12443093794816207
GALC	-0.16943832519909208
GALE	-0.09074543631991006
GALK1	0.053559622119433214
GALK2	0.0036118699859919445
GALM	0.15159633825641805
GALNS	0.053149959143233616
GALNT1	0.016619332436530243
GALNT10	0.09883837976840226
GALNT11	0.11501187690107173
GALNT16	-0.09667454114658369
GALNT18	0.12539993509992442
GALNT2	-0.13259539926063013
GALNT3	-0.2750216673135064
GALNT5	-0.26736537826515416
GALNT6	-0.3486438755260899
GALNT7	-0.30119012594250094
GALT	0.014553297226314044
GAMT	0.1451097097775289
GAN	-0.213544196807387
GANAB	0.07622268262853105
GANC	0.03201280154698338
GAP43	-0.1580192612977953
GAPDH	0.06972955339593767
GAPDHS	0.05019442244967287
GAPVD1	-0.01961699037972764
GAR1	0.061402761080138646
GAREM1	0.22683038494520247
GARNL3	0.08877816831667218
GARS1	0.0907939266917488
GART	-0.08239821624031052
GAS1	-0.32940213090684267
GAS2	-0.19791036914348403
GAS2L1	0.05006382350541472
GAS2L2	0.17601773459714032
GAS6	0.17126003060434414
GAS7	0.31065740722497637
GAS8	0.03361644584700407
GASK1B	-0.3402764603513795
GATA2	-0.024135978451331752
GATA3	0.16599657120180922
GATA6	-0.020169506644496238
GATAD1	0.14987144573952804
GATAD2A	0.012949159333526694
GATAD2B	-0.09731033910085074
GATB	0.09580422661979071
GATD1	0.1561173009689476
GATM	0.12685823885907865
GBA	0.06194295262665269
GBA2	-0.04069636733061799
GBE1	0.007650871464409903
GBF1	0.018265017719514276
GBP1	-0.6464844904062907
GBP2	-0.37227472328787314
GBP3	0.11951969732452383
GBP4	-0.35652076887821593
GBP5	-0.7930016600926706
GBP6	0.07576663234477721
GBP7	-0.5014262954312656
GC	0.25372946109973427
GCA	0.063515626947936
GCAT	0.08503212110929326
GCC1	0.07908286756867611
GCC2	0.04016719257322876
GCDH	0.05881970601702591
GCFC2	0.05202032481490804
GCH1	-0.06976222965881362
GCHFR	-0.06483991062290784
GCLC	-0.12481250509029351
GCLM	0.05618850834003908
GCN1	-0.04197442253266104
GCNT1	-0.3083644329651456
GCSH	0.033912574295271725
GDAP1	-0.4745355391596746
GDAP2	0.07137714668348494
GDE1	0.11192959716103346
GDF10	0.3135288999884125
GDF15	-0.35000731737059
GDF9	-0.07929895387431962
GDI1	0.04924285896285241
GDI2	-0.05370283044992519
GDPD1	-0.5363891857091794
GDPD3	-1.1208364493654024
GDPGP1	0.07673561857574107
GEM	0.053507670728723866
GEMIN2	-0.03972144138884204
GEMIN4	-0.06079997462936504
GEMIN5	0.023953007309224006
GEMIN6	0.10943810912679908
GEMIN7	0.06545977039110795
GEMIN8	0.027376079176352874
GEN1	-0.050671018828811754
GET1	-0.1944704687263119
GET3	0.07518026985432513
GET4	-0.0010874381343732864
GFAP	-0.18548146546408972
GFER	0.15514715251781652
GFM1	0.0012423200839961623
GFM2	0.024164151176915283
GFOD1	0.06621632816889189
GFOD2	-0.1283120406104139
GFPT1	-0.15830285878563544
GFPT2	0.044899467717652186
GFRA1	-0.3009790855823944
GFRA2	0.02166685322059614
GFRA3	-0.639426235067857
GGA1	-0.07016569635166903
GGA2	0.04798953770703207
GGA3	0.06846532338451539
GGACT	0.15590967548958545
GGCT	0.07514006467455303
GGCX	-0.3597485718800115
GGH	-0.42196587859834267
GGNBP2	0.007024462757325267
GGPS1	0.10395515309936165
GGT5	0.04470207582892982
GGT6	0.2874420249810399
GGT7	-0.11540442960143871
GHDC	-0.08455737115408368
GHITM	-0.3272368160308261
GID4	0.1616852003946292
GID8	0.07863609203742783
GIGYF1	0.013601886218840065
GIGYF2	0.0709593904814092
GIMAP1	-0.1939992232190697
GIMAP2	-0.0946936984599489
GIMAP4	-0.3177060115455106
GIMAP6	-0.15285047687520859
GIMAP7	-0.34578961633868843
GIMAP8	-0.0609136269342514
GINM1	-0.2627824951973601
GINS1	-0.1842350092806342
GINS2	-0.15844257717118637
GINS3	-0.2730798514166608
GINS4	-0.27192279925686336
GIPC1	-0.07664305456779275
GIPC2	0.11743400429878648
GIPC3	0.17826236361463188
GIT1	-0.004439659882883973
GIT2	0.12507806261056587
GJA1	-0.3443499331929729
GJA3	0.17611871479270746
GJB1	-0.29453333143768035
GK	0.03654858120535209
GK5	-0.0815420739313879
GKAP1	-0.039817928199930464
GLA	-0.18801594181221049
GLB1	0.1159900339676696
GLB1L	-0.07042291794784461
GLB1L2	0.1943133654412197
GLCCI1	0.14769170781452345
GLCE	-0.057624711694010955
GLDC	-0.504842987304098
GLE1	0.09290664688574424
GLG1	-0.14592262164890712
GLI3	0.055989485592601085
GLI4	-0.16585000124621985
GLIPR1	-0.25955209881416863
GLIPR2	0.10106933302171228
GLIS2	0.24149521127529816
GLMN	-0.12515303948202217
GLMP	0.1560395330207136
GLO1	0.11785819420660815
GLOD4	0.13937142438978967
GLOD5	0.08414235435775197
GLRX	-0.08900003408639989
GLRX2	0.005756279186610591
GLRX3	-0.012205463442533926
GLRX5	0.09674620370791231
GLS	-0.33704536191880763
GLS2	-0.4103813971504042
GLT8D1	0.06409852023728746
GLT8D2	0.13917436097710123
GLTP	-0.041771109102999304
GLUD1	-0.02686524046331229
GLUD2	-0.3371847931111205
GLUL	-0.08304210077361418
GLYAT	0.28777058903791364
GLYATL1	-0.35216826994466643
GLYATL1B	-1.04034374755377
GLYATL2	-1.3020036088208826
GLYATL3	-0.621873251935078
GLYCTK	0.07642268335674629
GLYR1	0.08744069034119839
GM2A	0.17249692107962034
GMCL1	0.3405754091483093
GMDS	-0.23403500261774113
GMEB1	0.05547304147944487
GMEB2	0.08879463073595062
GMFB	0.15272342591461197
GMFG	0.026753843986053738
GMIP	0.009480923059191682
GMNN	-0.44026970980568336
GMPPA	0.0826660800499468
GMPPB	0.09761376026783708
GMPR	-0.18333339860297215
GMPR2	0.08246631953752548
GMPS	-0.07750613341115553
GNA11	-0.06514148293585365
GNA12	0.1134281843766054
GNA13	-0.08343926054205753
GNA14	0.07579133585328535
GNA15	-0.1774403105694624
GNAI1	-0.14525670322189743
GNAI2	-0.09407883557315344
GNAI3	-0.0684521553536861
GNAO1	-0.42798043675759345
GNAQ	-0.14687228141495012
GNAS	-0.014060526269531692
GNAT2	-0.5696500356125576
GNAT3	-0.17358525444017658
GNAZ	-0.07070100504775567
GNB1	0.1971698238154076
GNB1L	-0.1430815526871143
GNB2	0.14727431967497395
GNB3	0.13643406288557358
GNB4	0.10120537560097276
GNB5	-0.04183067453222655
GNE	-0.1703301686984382
GNG10	-0.03456345917190262
GNG11	0.19265969443040198
GNG12	-0.13362775222130807
GNG2	0.13511742357589895
GNG4	-0.4064145992373387
GNG5	-0.009369693988148242
GNG7	-0.023610703951632672
GNL1	-0.03385435210257626
GNL2	-0.11039661043166404
GNL3	0.037417302982834855
GNL3L	-0.0585031657007562
GNLY	-0.1078303997121921
GNMT	-0.1298326679566948
GNPAT	-0.026639099676330602
GNPDA1	0.1815590406615494
GNPDA2	0.19414713855413268
GNPNAT1	-0.17189167746585454
GNPTAB	0.015003849016324011
GNPTG	0.11427045371215883
GNS	0.06716190032340563
GOLGA1	0.12464732769988274
GOLGA2	0.07417167499107791
GOLGA4	0.05560031534682608
GOLGA5	-0.15088664859126055
GOLGA7	-0.24276034260781643
GOLGB1	-0.04347246644813474
GOLIM4	-0.06460373072479442
GOLM1	-0.5098237787740771
GOLPH3	0.058002307325594415
GOLPH3L	-0.06317575094606198
GOLT1B	-0.18968401321628647
GON4L	-0.018242884611879617
GON7	0.0023071201995037427
GOPC	-0.011652583188531906
GORAB	0.025606803361828412
GORASP1	0.11385384958913747
GORASP2	0.10992086401418533
GOSR1	-0.09714368045595201
GOSR2	0.5735342622989084
GOT1	-0.08293504391544104
GOT2	-0.633749197814435
GP1BA	-0.052188659613855215
GP1BB	0.1072193240497672
GP2	-0.4369028361354097
GP5	0.11700044043671731
GP6	0.24182313148440926
GP9	0.2800297189708978
GPAA1	-0.11683695672450867
GPALPP1	0.07488321989538349
GPAM	0.09772567680944277
GPANK1	-0.8361569803357565
GPAT2	0.03557990200090799
GPAT3	-0.23235887706889358
GPAT4	-0.26671306043874665
GPATCH1	0.037827812669428695
GPATCH11	-0.14596148176932644
GPATCH2	0.11043524657312886
GPATCH2L	0.17228384756525728
GPATCH3	-0.21943727554457837
GPATCH4	-0.15826577768826056
GPATCH8	-0.033669379287971424
GPBP1	0.09293045287117252
GPBP1L1	0.01658193451519452
GPC1	0.04107500947289111
GPC3	-0.9983459972659556
GPC4	-0.27867235492408504
GPC6	-0.08865034359416057
GPCPD1	-0.21678602711952877
GPD1	0.2888561756781165
GPD1L	0.04356041529345944
GPD2	-0.1435324864118961
GPHN	0.006739905931098633
GPI	-0.0526732406131849
GPKOW	0.0033102547187446874
GPLD1	0.07964815191768793
GPM6A	0.298284379516101
GPN1	0.11156821204314582
GPN2	0.08041283746997863
GPN3	0.06592178635116497
GPNMB	0.1648428618571387
GPR107	0.036222308677864135
GPR108	-0.21195359856438323
GPR157	0.14717084691006121
GPR180	-0.2440229068703772
GPR39	-0.16009848916449698
GPRASP2	-0.03588332352252799
GPRC5A	-0.2188268276051062
GPRC5B	-0.27398885119088234
GPRC5C	-0.08270581013788458
GPRIN1	-0.37910900551923987
GPRIN2	-0.20328641309201956
GPRIN3	-0.08698175052235513
GPS1	0.10880666933967831
GPS2	0.08701466765019816
GPSM1	0.07623238298987545
GPSM2	-0.14658816879652647
GPSM3	-0.04972594129007746
GPT	-0.05126171056958029
GPT2	-0.2593431414488556
GPX1	0.20863884577014957
GPX2	0.0121321747048313
GPX3	0.1863479794572882
GPX4	0.15418692599972061
GPX7	0.11041410903747106
GPX8	0.08317283640036521
GRAMD1A	-0.1876243021533881
GRAMD1C	0.056488673870973116
GRAMD2B	-0.06951572792687344
GRAMD4	-0.09294937173149975
GRAP	0.14361244255528405
GRAP2	-0.1721328749004698
GRASP	0.1019852339961016
GRB10	-0.12092768481641869
GRB14	-0.37225071673795185
GRB2	-0.12063306247411631
GRB7	-1.1757364472884895
GREB1	-0.30249776984556576
GREB1L	-0.05237539480089026
GREM1	0.29775214559508
GRHL1	-0.2935589629781994
GRHL2	-0.04907363648790053
GRHL3	-0.02929799933995003
GRHPR	0.09451973189477414
GRIA2	0.023484307061103493
GRIP1	0.059386274329511934
GRIPAP1	0.05334022051595255
GRK2	-0.07767293296142697
GRK3	0.008236021667133997
GRK5	-0.027767579439807122
GRK6	-0.1765533561219499
GRM7	-0.4057542735312154
GRN	0.017326886559121846
GRP	-0.027004640122726187
GRPEL1	-0.018147305387245183
GRPEL2	-0.06044246464931646
GRPR	-0.11608434240293253
GRSF1	-0.052481767364060516
GRTP1	-0.18294134800329687
GRWD1	-0.012807633665769202
GSDMA	0.18516673352417712
GSDMB	-0.8166869237661594
GSDMC	-0.07095998059736885
GSDMD	0.027217227407557942
GSDME	0.15447459929739082
GSE1	-0.04806546393482236
GSK3A	0.058871553634208595
GSK3B	0.0390724815962642
GSKIP	0.062293900765912014
GSN	0.3027208641277781
GSPT1	0.07680769200631943
GSPT2	0.09721953436358532
GSR	-0.014284358247824258
GSS	-0.07639715978689665
GSTA3	0.25918555743450966
GSTA4	-0.08877128304986925
GSTCD	0.10498179986386447
GSTK1	0.004519331813362726
GSTM1	-1.0160954925699954
GSTM2	0.15303719346307432
GSTM3	-0.5539649084223157
GSTM4	-0.057189661832488525
GSTM5	-1.3329147735601534
GSTO1	0.11857261294490229
GSTO2	0.2046873194987704
GSTT2B	-1.161053137673603
GSTZ1	-0.1385884072791015
GTDC1	0.09902064940097688
GTF2A1	-0.03215857235661446
GTF2A2	-0.07303875578827146
GTF2B	0.05077396321221883
GTF2E1	0.06442427744256207
GTF2E2	0.034763759986265796
GTF2F1	-0.031604856450549335
GTF2F2	-0.0003405568893271038
GTF2H1	0.04616272965321144
GTF2H2C	-0.014067976839596597
GTF2H3	0.041422055546799896
GTF2H4	0.007388794221668604
GTF2H5	0.07098732204133165
GTF2I	-0.1377405514237502
GTF2IRD1	0.09224577068700412
GTF2IRD2	0.30153201216880277
GTF3A	0.03808969078078306
GTF3C1	0.03872722728305433
GTF3C2	0.015336449327266521
GTF3C3	0.06869297745202729
GTF3C4	-0.016948228430027967
GTF3C5	0.030886344920034503
GTF3C6	0.030804966196821937
GTPBP1	-0.10057719739051052
GTPBP10	0.03929387319695721
GTPBP2	-0.03411862538029453
GTPBP3	0.008316714216011434
GTPBP4	-0.2352280181152402
GTPBP6	0.1306013828629098
GTPBP8	-0.029951394376958262
GTSE1	-0.595803668836953
GTSF1	-0.004413507102819736
GUCA2A	0.21675396862241314
GUCD1	0.28994855969298783
GUCY1A1	-0.0655669802281924
GUCY1A2	0.09719672410789393
GUCY1B1	0.007219762675422459
GUF1	-0.0844773781986845
GUK1	0.18568599877634995
GULP1	0.2566168690771775
GUSB	-0.42764826561724334
GXYLT1	-0.060686224608357264
GXYLT2	0.13602617655364213
GYG1	0.033224009368360896
GYG2	0.14183751518456056
GYPA	0.16931565465777076
GYPC	-0.059037790321070815
GYS1	-0.03992077015265494
GZF1	0.08604125174325716
GZMA	-0.4959544185517437
GZMB	-0.3235698666188984
GZMH	-0.368808412896076
GZMK	-0.24067018875841484
GZMM	-0.24898888852129275
H1-0	0.11614026827262336
H1-1	-0.27325926462514616
H1-10	0.06492331519681471
H1-2	0.07662962836396403
H1-3	-0.06566976067174224
H1-4	-0.030657382979065062
H1-5	-0.15593162343149913
H1-6	-0.17221822488622252
H2AC21	0.1751230306907985
H2AJ	0.038639721629216695
H2AX	-0.09927046015150509
H2AZ2	0.053976264981990596
H2BC1	-0.4986374099928721
H2BC18	-0.21940423028079792
H2BC5	0.08538844852899174
H3-2	0.4245431197958851
H6PD	0.27111046581112674
HAAO	-0.28467913570431946
HABP2	0.18906484955239478
HABP4	0.04821862947441957
HACD2	-0.49965498806410125
HACD3	-0.21032754661614206
HACD4	-0.3458648420085879
HACE1	-0.011795193482729616
HACL1	0.1490775641313995
HADH	0.22476037538538307
HADHA	0.2201927301712736
HADHB	0.19875351587438672
HAGH	0.09458840125686763
HAGHL	0.07378291442987184
HAMP	0.1635706586134944
HAO2	0.1104761515884114
HAPLN1	-1.2682834684152517
HAPLN3	0.05379546850901562
HARBI1	-0.3014879326960802
HARS2	0.13866363525816894
HASPIN	0.1563550544195369
HAT1	-0.1319432768571538
HAUS1	0.005328064941092947
HAUS2	0.03430744219563664
HAUS3	0.01454166686238878
HAUS4	0.041906677057809816
HAUS5	-0.037952470792536275
HAUS6	-0.11345229064784945
HAUS7	-0.08698541223277445
HAUS8	-0.0830599075469749
HAVCR2	-0.04063437448609619
HAX1	-0.06312522610980764
HBD	-0.5532517386967051
HBG1	-0.8110768909284332
HBG2	-1.2096373981988755
HBM	-0.25443341938121833
HBP1	0.12168520329709764
HBQ1	-0.17352341860168252
HBS1L	-0.07453976718480426
HBZ	-0.621516091047436
HCCS	-0.060262905646975895
HCFC1	0.051271813276215994
HCFC2	0.10801865364738461
HCK	-0.044378278692018824
HCLS1	-0.035482429133772087
HDAC1	-0.04133321768319931
HDAC10	0.06944704464526907
HDAC11	0.1732778741961596
HDAC2	-0.09142690554811317
HDAC3	0.08011600352761761
HDAC4	0.10693906606223536
HDAC5	0.08279767183999098
HDAC6	0.043837261106190795
HDAC7	0.07080641453955394
HDAC9	-0.1472490048788142
HDC	0.47006184168933096
HDDC2	0.017660704142908656
HDDC3	-0.11677678701905592
HDGF	0.011755748400425148
HDGFL2	-0.038569804115892836
HDGFL3	0.21615463273268176
HDHD2	0.04397589496242915
HDHD3	0.13960604688078604
HDHD5	0.021001551814837427
HDLBP	0.1417182067756606
HDX	-0.36866710255629975
HEATR1	-0.18707344435428297
HEATR3	-0.15275250350926584
HEATR5A	-0.024585738058426898
HEATR5B	-0.03576421581862377
HEATR6	-0.16671896976061618
HEBP1	-0.2763644732852697
HEBP2	0.20641602132938885
HECA	0.058778215973788406
HECTD1	0.0590448678953166
HECTD3	0.04611744430335207
HECTD4	0.010669980356809106
HECW2	-0.10335625726644082
HEG1	0.0903720215933479
HELB	-0.0005189013670463538
HELLS	-0.2420934641577972
HELQ	0.08539223389594142
HELZ	0.044906699859446064
HELZ2	-0.21775868844694557
HEMK1	0.13502773906649423
HENMT1	0.09766101533806193
HEPH	-0.027633001759241438
HERC1	0.009821221699937155
HERC2	-0.02280338091480516
HERC4	0.08629500057845263
HERC5	-0.33709188075616936
HERC6	-0.39824682259379784
HERPUD1	-0.26834936125231934
HERPUD2	0.003009956230954458
HES1	-0.11808090320293374
HES4	0.4699874559376127
HEXA	0.09753416780065294
HEXB	0.09190297071100417
HEXD	0.07508724291669822
HEXIM1	0.06394206267244229
HEXIM2	0.0005661296846000141
HFE	0.108778030096504
HGD	-1.3074001848836474
HGF	0.2787180242216927
HGFAC	0.13819248931298844
HGH1	-0.030881758428737527
HGS	0.12203941588948908
HGSNAT	0.06707728575286431
HHIPL1	0.36538118741798975
HHIPL2	0.23236713376571672
HIBADH	0.13600992983582572
HIBCH	0.04145200182344766
HIC1	0.15303904588754236
HID1	-0.009533772660489603
HIF1A	-0.03175784723155317
HIF1AN	0.0185004017862056
HIGD1A	-0.2971990936905726
HIGD2A	0.1620712481255282
HIKESHI	-0.07449315074910956
HILPDA	-0.39211717703142135
HINFP	0.08825831743990165
HINT1	0.13485393009499447
HINT2	0.10206616188114737
HINT3	0.04098729233616538
HIP1	0.213415750793974
HIP1R	-0.13794494950359848
HIPK1	0.19740513657484904
HIPK2	-0.037743273807759437
HIPK3	-0.040323577411001565
HIRA	0.0046920988603531555
HIRIP3	0.039828756677813715
HIVEP1	0.01105631497703996
HIVEP2	-0.04412309656201252
HIVEP3	0.060867841046391646
HJURP	-0.19358847765373888
HK1	0.10013742666164305
HK2	-0.21356772998338158
HK3	-0.3079411271728034
HLA-A	-0.5554125349663934
HLA-B	-0.8519375219176197
HLA-C	-0.30844838256548357
HLA-DMA	-0.12239472226666948
HLA-DMB	0.013603301090512332
HLA-DOA	-0.2332955134976924
HLA-DOB	-0.7634765782295592
HLA-DPA1	-0.15052051619403883
HLA-DPB1	0.00450697227476482
HLA-DQA1	-0.28176279845537877
HLA-DQB1	-0.162227865020121
HLA-DQB2	-0.13148463450696113
HLA-DRA	-0.10893440954114197
HLA-DRB1	-0.06623354622851707
HLA-DRB5	-0.22290521272305597
HLA-E	-0.0615941918334002
HLA-F	-0.40115158048175203
HLA-G	-0.27929274798572123
HLCS	-0.04525021810380636
HLTF	-0.016469931119420522
HM13	-0.26652940745714915
HMBOX1	0.020508089586755318
HMBS	0.03048950184014032
HMCES	-0.12044531711295647
HMCN1	0.28916064765573424
HMCN2	-0.19860547009476903
HMG20A	0.0950720814196302
HMG20B	-0.007071833830352148
HMGA1	-0.06323416959255823
HMGA2	0.08682886072326212
HMGB1	-0.10770998348853311
HMGB2	-0.2419952269139074
HMGB3	-0.43381798358101875
HMGCL	0.17210465132420083
HMGCR	-0.15032216602620885
HMGCS1	-0.370510824341995
HMGCS2	-1.4562074662285518
HMGN1	0.0716647711097238
HMGN2	-0.11220556428985873
HMGN3	-0.15102820518388071
HMGN4	0.12606595551443434
HMGN5	-0.28478558432354717
HMGXB3	-0.027790178159659007
HMGXB4	0.012960142435996858
HMMR	-0.0832892468966584
HMOX1	-0.05001829735336827
HMOX2	-0.05687340951556408
HMX3	0.16013424899953677
HNMT	0.04229435969196871
HNRNPA0	0.05671813872775644
HNRNPA1	-0.12584211843159743
HNRNPA1L2	0.30946397282368565
HNRNPA2B1	0.14781038424327875
HNRNPA3	0.04632131279836749
HNRNPAB	-0.044863500936770606
HNRNPC	-0.01050731867744048
HNRNPD	0.057930008029504876
HNRNPDL	0.13867946902594852
HNRNPF	-0.026128973518371623
HNRNPH1	0.07876349173617037
HNRNPH2	0.07453756333191208
HNRNPH3	0.04775906202931779
HNRNPK	0.0626727483067846
HNRNPL	0.004893456261633844
HNRNPLL	0.10269572365396584
HNRNPM	0.09136890472393588
HNRNPR	0.0603028051753558
HNRNPU	-0.14374109926336853
HNRNPUL1	0.057560682782270334
HNRNPUL2	-0.13657919780447614
HOMER1	0.121447650578137
HOMER2	0.06571466417996774
HOMER3	0.045874416872639046
HOMEZ	0.07516085644292758
HOOK1	-0.018973427257517272
HOOK2	0.020256620710462414
HOOK3	0.1420357669251544
HOPX	0.1509155081027167
HOXA5	0.04194673284256201
HOXB4	-0.697717164909351
HOXB5	-0.3458845498640315
HOXB6	-0.24718204352076967
HOXB7	-0.23563749500825182
HOXC10	0.06339545062103369
HOXC11	-0.21737740063041144
HOXC12	0.01560658535658277
HOXC13	-0.4518772806311677
HOXC4	-0.09427104473701498
HOXC6	0.3541260984967689
HOXC8	-0.5089471250433331
HOXC9	0.09478797523894933
HOXD8	0.25639595261305104
HOXD9	0.0687825458292366
HP	0.036965294327028886
HP1BP3	0.06305320326276131
HPCAL1	-0.12808923681565076
HPD	-1.0959233490041171
HPDL	-0.3280727891381794
HPF1	-0.04321627369074221
HPGD	-2.795987051359905
HPGDS	0.08762500520330718
HPN	0.13275175151964547
HPR	0.024516990478542056
HPRT1	-0.1604165071032817
HPS1	-0.026504003497473505
HPS3	0.11679885223662723
HPS4	-0.06291817099235253
HPS5	0.03892135239558314
HPS6	0.10688009400175957
HPSE	-0.19048756109207687
HPX	0.21153849406126213
HR	-0.19374011103873023
HRC	0.29467112590862143
HRG	0.23002406489414184
HRNR	-0.05179869961974859
HROB	0.021624380453122427
HS1BP3	0.11217172209084936
HS2ST1	-0.16139347378205926
HS6ST1	-0.05205846394110125
HS6ST2	-0.4464611762505921
HSBP1	0.16756426547449976
HSCB	-0.030725564345129186
HSD11B1	-0.2782873749724981
HSD11B2	-0.03657634499288065
HSD17B1	0.06538920635125578
HSD17B10	0.10115956516564495
HSD17B11	-0.22517746041067355
HSD17B12	-0.19806837129943844
HSD17B14	0.1396791559217938
HSD17B2	-0.5859428780717568
HSD17B4	0.08916421783518658
HSD17B6	-0.4194753435241232
HSD17B7	-0.18934744353704858
HSD17B8	0.10754917072558356
HSD3B7	-0.034475409597320095
HSDL1	-0.3577555080777657
HSDL2	0.02114596405629854
HSF1	-0.05622847381880547
HSF2	0.00951327226580645
HSH2D	-0.11051167554499486
HSP90AA1	-0.03318720781848583
HSP90AB1	-0.0863184335291649
HSP90B1	0.025593413539677812
HSPA12A	0.3206971701379615
HSPA12B	0.1969549739148313
HSPA13	-0.12551535987805806
HSPA14	-0.09194436173478593
HSPA1L	0.04386019928766771
HSPA2	-0.36681932053765465
HSPA4	-0.04793276202830299
HSPA4L	-0.38764157090539797
HSPA5	0.001919006191492656
HSPA6	-0.047730298448875885
HSPA8	0.11069829765672168
HSPA9	0.0424197576145211
HSPB1	-0.0695305371652779
HSPB11	0.15369572493940353
HSPB6	0.322532623656425
HSPB7	0.2602121708164944
HSPB8	-0.47228437260636014
HSPBAP1	-0.014725000846016911
HSPBP1	-0.006056246144162003
HSPD1	-0.04340233715274522
HSPE1	0.016086986640081236
HSPG2	0.24525929345452369
HSPH1	-0.1418032218806431
HTATIP2	-0.048518210449444155
HTATSF1	-0.12174644104785948
HTD2	0.08097098024674665
HTRA1	0.06685769490682958
HTRA2	0.06663014252682231
HTRA3	0.03640825064459463
HTT	-0.03515630626495181
HUS1	-0.016189310315976257
HUWE1	-0.01978688754961766
HVCN1	-0.23200756232909825
HYAL1	0.1135054649561944
HYAL2	0.0365021801897516
HYI	0.07190584768900621
HYKK	-0.11380754829163209
HYLS1	0.29835220215996117
HYOU1	-0.024255325857041043
HYPK	-0.027073735084002237
IAH1	0.1342152473251801
IARS1	-0.09680382460290105
IARS2	-0.0015150534274006588
IBA57	0.20912767346183614
IBTK	-0.034458037524132124
ICA1	-0.04323001528824122
ICA1L	-0.039692444221969936
ICAM1	-0.24157006419737215
ICAM2	0.11602083528567064
ICAM3	-0.24856360162709734
ICAM5	0.124691894081705
ICE1	-0.05632358896846057
ICE2	0.0415368076252598
ICMT	-0.18734055186084575
ICOS	-0.43571356661600635
ID1	0.2094121959203612
ID2	0.4043864386057052
ID3	0.22406080110071613
ID4	0.037373181371437525
IDE	-0.03027951499253234
IDH1	-0.0008022276676751261
IDH2	-0.06337943510124333
IDH3A	0.0835233550186203
IDH3B	0.08457272319527576
IDH3G	0.111811208831476
IDI1	-0.3147957079045369
IDNK	-0.11226197053438725
IDO1	-0.7262224860831523
IDS	-0.1140855760117816
IDUA	-0.18168244379868526
IFFO1	0.18458083263015013
IFFO2	-0.3071644585588018
IFI16	-0.2271381341290457
IFI27	-0.04349125124779896
IFI30	0.11617237608402675
IFI35	0.04316180004558845
IFI44	-0.5269284681922954
IFI44L	-0.39365383711997737
IFI6	-0.2681931667881621
IFIH1	-0.4407362788623175
IFIT1	-0.33915050850203343
IFIT2	-0.493262539734431
IFIT3	-0.34367260728060955
IFIT5	-0.11739933926057233
IFITM2	-0.08554672740495128
IFITM3	-0.07484265490260711
IFNAR1	0.06577730679151372
IFNGR1	-0.328163666077252
IFRD1	-0.08235369601337084
IFRD2	0.0017129487304501367
IFT122	0.043089779442741616
IFT140	0.06356600863168183
IFT172	0.03934782814633664
IFT20	0.093642955973543
IFT22	0.12118867311123438
IFT27	0.0050570608475588585
IFT43	0.04040376683827773
IFT46	0.07104738274420441
IFT52	0.11965278121366651
IFT57	0.058615085472428774
IFT74	0.05422384224717547
IFT80	0.05858932853367094
IFT88	-0.016460927006896497
IGBP1	0.06532032440285818
IGF1	0.20783632840765165
IGF1R	-0.07180753427425302
IGF2BP1	-0.3693621908330549
IGF2BP2	-0.7570527758837642
IGF2BP3	-1.6646967530761838
IGF2R	-0.12670779338804294
IGFALS	0.2012050605897997
IGFBP2	-0.5733286570464813
IGFBP3	0.1649893698326501
IGFBP4	0.02975542429064504
IGFBP5	-0.5191435330454865
IGFBP6	0.26900571831758313
IGFBP7	0.14689672002626963
IGFBPL1	-0.0186359637982747
IGFL1	0.08282872435454536
IGFLR1	-0.4672341680366401
IGHA1	-0.024190869008506866
IGHA2	-0.01214051288348017
IGHD	-0.09272500793045424
IGHE	0.12303322512744952
IGHG1	-0.07250623603167838
IGHG2	0.08950008925839015
IGHG3	0.01428721227544294
IGHG4	-0.15977510483928015
IGHM	0.015492945149123472
IGHMBP2	0.0009603130145130478
IGHV1-18	-0.5110742380498081
IGHV1-2	-0.33850995008358
IGHV1-24	-0.6757299047082697
IGHV1-3	-0.6145870575577206
IGHV1-45	-0.012292613549416131
IGHV1-46	-0.6530061048770399
IGHV1-58	-0.38134810489398063
IGHV1-69-2	0.13505642889843905
IGHV1-69D	-0.5847071442709328
IGHV1OR15-9	-0.3624632852384799
IGHV2-26	-0.6041997357619415
IGHV2-5	-0.12528721768875073
IGHV2-70	0.16534684964042867
IGHV2-70D	-0.47762587449925764
IGHV3-11	-0.05907705042175948
IGHV3-13	-0.015531330450421876
IGHV3-15	-0.2005652228266399
IGHV3-16	0.09625303827949594
IGHV3-20	-0.04391750847313425
IGHV3-21	-0.0006997949751763599
IGHV3-23	-0.8075494471566032
IGHV3-30	-0.9081040010813659
IGHV3-33	0.13691505757413935
IGHV3-35	-0.05677574555843279
IGHV3-38	0.03584447594280249
IGHV3-43	-0.3793988725250763
IGHV3-48	-0.3254384199714089
IGHV3-49	-0.1840941333322661
IGHV3-53	-0.24391523521169134
IGHV3-64	-0.16489425629114507
IGHV3-64D	-0.08142784333787034
IGHV3-7	0.04587351269705664
IGHV3-72	-0.0036236478643374426
IGHV3-73	-0.39645338440727684
IGHV3-74	-1.1578609363363785
IGHV3OR15-7	-0.03936752877329042
IGHV3OR16-10	-0.10001689666230362
IGHV3OR16-12	-0.009915927058951723
IGHV3OR16-13	-0.2730151630473481
IGHV3OR16-8	0.29908288968544205
IGHV3OR16-9	0.14095363567054164
IGHV4-28	-0.023881229648484492
IGHV4-31	-0.5186513782092064
IGHV4-34	0.029053536906937794
IGHV4-39	-0.0887610023367067
IGHV4-4	-0.8266486519654563
IGHV5-10-1	-0.21097354273317137
IGHV5-51	-0.23474565835026695
IGHV6-1	-0.15971523404086696
IGHV7-4-1	-1.259332608463403
IGHV7-81	-0.49370983633072285
IGKC	0.08927347290456211
IGKJ4	-0.4075064891962157
IGKV1-16	-0.21708095868163468
IGKV1-17	-0.009706791051559804
IGKV1-27	-0.19423827438715335
IGKV1-5	-0.06738743131282021
IGKV1-6	-0.26240767115414343
IGKV1-8	0.06961878536756672
IGKV1D-12	0.528787373179668
IGKV1D-13	-0.32494332616116495
IGKV1D-16	0.26443363371293316
IGKV1D-17	-0.6888427590016537
IGKV1D-8	0.11604888305620165
IGKV1OR2-108	-0.0857090975203949
IGKV2-24	-0.6972230552116372
IGKV2-30	0.10995225247558693
IGKV2D-29	-0.5828974873903014
IGKV2D-30	0.4087500424133843
IGKV3-11	-0.07900759315027628
IGKV3-20	-0.10833639383564275
IGKV3-7	0.04317705126615934
IGKV3D-15	-0.14199804025486884
IGKV3D-20	-0.21739459217989676
IGKV3OR2-268	0.2002384042010057
IGKV4-1	-0.5296103616340879
IGKV6-21	0.25922482053755935
IGKV6D-41	0.12961017517982043
IGLC3	0.5101750177699138
IGLC7	-0.025884781930127332
IGLL1	0.11081370751888997
IGLL5	0.0943870025365996
IGLV1-36	-0.3283003200341419
IGLV1-40	-0.3487538430757162
IGLV1-44	-0.4394290006368031
IGLV1-47	0.10360167646571128
IGLV1-50	0.32287009401357203
IGLV1-51	-0.16807565440132421
IGLV10-54	-0.17675617456376003
IGLV2-11	-0.4655341963072388
IGLV2-14	-0.321001830344823
IGLV2-18	-0.22209871476524157
IGLV2-23	-0.9577365612982716
IGLV2-8	-0.44960319513254277
IGLV3-1	-0.8687426016892204
IGLV3-10	0.029825702408981414
IGLV3-12	-0.06509699564849214
IGLV3-16	-0.7474969486477807
IGLV3-19	-0.4452819028633819
IGLV3-21	-0.06115746865512506
IGLV3-22	-0.2582115092367161
IGLV3-25	-0.8098766657724248
IGLV3-27	-0.06553169797705335
IGLV3-9	-0.1485377284017062
IGLV4-3	-0.06286647997064776
IGLV4-60	-0.20125053812952487
IGLV4-69	-0.27257358348295924
IGLV5-37	0.0040663502949040975
IGLV5-45	-0.11629196732920022
IGLV5-48	0.4335535244288309
IGLV5-52	-0.23291358384664917
IGLV6-57	-0.6204550676947385
IGLV7-43	0.014603410539741901
IGLV7-46	-0.23565240223577355
IGLV8-61	-0.16922108586136986
IGLV9-49	-0.5331027447544242
IGSF1	-0.40026024685467476
IGSF10	0.17336207904614653
IGSF21	-0.4336705200198203
IGSF23	-1.2482403254507695
IGSF3	-0.03186669364392358
IGSF6	0.022426175349650634
IGSF8	-0.2658011456748355
IGSF9	0.22286953255525432
IK	0.04126167823527638
IKBIP	0.11540949561006109
IKBKB	-0.14225209806797068
IKBKE	-0.15922307347340237
IKBKG	0.11558596827728351
IKZF1	-0.2283959404611231
IKZF2	0.20405322606479714
IKZF3	-0.40851388763982754
IKZF4	0.078445949897187
IKZF5	-0.0072914327211393015
IL10RB	0.08778511171126269
IL13RA1	0.0219827723047743
IL16	-0.08331725261170675
IL17B	0.14498849955659665
IL17RA	0.12169034441957294
IL17RB	0.2805855058967204
IL17RC	0.07650733116579378
IL18	-0.27706927680187476
IL18BP	0.26558346562217494
IL1R1	-0.08239900215372487
IL1RAP	0.11037711103623238
IL1RL1	0.13156723912686275
IL1RN	0.1737057070449346
IL22RA2	0.027775622427565594
IL27RA	0.25558132066241246
IL32	-0.10626639186852316
IL33	0.06707827295255342
IL4I1	-0.18377992336652937
IL6R	0.14574373842252797
IL6ST	-0.22755314051107334
IL7R	-0.17949716899399348
ILF2	0.04707032047898352
ILF3	0.018611996081663307
ILK	0.20089319122950045
ILKAP	-0.05231290939153155
ILRUN	0.13537407708787796
ILVBL	-0.10341113892982179
IMMP1L	-0.039319560617034455
IMMP2L	-0.14365398412170194
IMMT	0.017834379633278274
IMP3	-0.08531302110109351
IMP4	-0.047266186831731005
IMPA1	-0.04156745232220871
IMPA2	-0.4301053386013116
IMPACT	0.05059459178851
IMPAD1	0.01490705128559
IMPDH1	0.054800329736330866
IMPDH2	0.03250169812296022
IMPG1	-0.2879434777518899
INA	0.0851071370913914
INAFM2	-0.4251667693424812
INAVA	0.11356243670570265
INCENP	-0.3577229236718189
INF2	-0.19757573193637157
ING1	-0.11463373084349371
ING2	0.15823559076393678
ING3	0.024245916832885683
ING4	0.08866971492012254
ING5	-0.07619530265201746
INHBA	0.03476886269460877
INHBB	-0.009863773059336722
INHBC	-0.2363672125162779
INHBE	0.38201753452001164
INIP	0.1324897882748708
INMT	0.04598748299082889
INO80	0.06685501857330323
INO80C	0.07674476972686506
INO80D	0.03792138606119089
INO80E	0.04246562997994374
INPP1	0.03799858051704064
INPP4A	0.03862674958550727
INPP4B	0.12144608721306227
INPP5A	-0.04138771253366258
INPP5B	-0.16619619325439317
INPP5D	-0.052998711327550296
INPP5E	0.06006045195591092
INPP5F	-0.04753643613559788
INPP5J	-0.29134159655550107
INPP5K	-0.01563435242865907
INPPL1	-0.1260021736553263
INSIG2	-0.21574746932863498
INSM1	-0.42575760390723083
INSR	-0.4860545385102988
INTS1	0.026539712376891345
INTS10	0.09286062474564716
INTS11	0.1307309737010378
INTS12	0.06443557738722205
INTS13	-0.0648683946491957
INTS14	0.02228684402492931
INTS2	0.04124479431236239
INTS3	0.012691394918093124
INTS4	0.0625596461336606
INTS5	0.0984321333090179
INTS6	0.08752042664880122
INTS6L	-0.18041370873720552
INTS7	0.03985018244733496
INTS8	0.047829255685751804
INTS9	0.09808015781954538
INTU	0.08435642412700695
INVS	0.012621343621132652
IP6K1	0.12035349733840306
IP6K2	0.0023063357981119026
IPMK	-0.03132697232107162
IPO11	-0.11258195580357189
IPO13	0.0016808507529653127
IPO4	-0.13191471377888675
IPO5	-0.0691349295575634
IPO7	-0.10853879984972536
IPO8	-0.28235712495865783
IPO9	-0.24346804563641555
IPP	0.21095450205113764
IPPK	-0.20290026775560221
IQCB1	-0.06151542588711667
IQCE	0.09019207359798642
IQCG	0.16813446242232466
IQCJ-SCHIP1	-0.15777958350785326
IQGAP1	0.0604726174748329
IQGAP2	-0.14231828953564118
IQGAP3	-0.14908065366376277
IQSEC1	0.14209045343900328
IQSEC2	-0.0210803599765903
IRAK1	-0.03758622204090756
IRAK2	-0.18944889357909211
IRAK3	0.04065310717242099
IRAK4	0.11717523337638269
IREB2	-0.007457621449539431
IRF1	-0.037000802699960644
IRF2	0.03782658380604431
IRF2BP1	-0.08619845410408544
IRF2BP2	0.06121197045525939
IRF2BPL	-0.06250614660520881
IRF3	-0.04633533883694696
IRF4	-0.4997283289861443
IRF5	0.02064050466174905
IRF6	-0.09181547769749088
IRF7	-0.1490571180866418
IRF8	-0.05022938920350839
IRF9	-0.09550545763909213
IRGQ	0.09138973044325382
IRS1	-0.22833087474646163
IRS2	-0.3909053773167095
IRS4	-0.6058804961454918
IRX2	-0.6024185792426628
IRX3	-0.21482813896795783
IRX4	0.05754526050112041
IRX5	-0.105301058100153
ISCA1	-0.1130951217221785
ISCA2	0.11660486938653847
ISCU	0.22763888411539668
ISG15	-0.49846891101943314
ISG20	-0.3851404390898132
ISG20L2	-0.06461074709142167
ISLR	0.1680286340280901
ISOC1	-0.20863641338715055
ISOC2	0.1260840924733202
IST1	0.00432766809572982
ISYNA1	-0.19653248687895086
ITCH	0.026449249931509655
ITFG1	-0.06971877851454167
ITFG2	0.07900899342692824
ITGA1	0.1170403675806746
ITGA10	0.35131644141340956
ITGA11	-0.2047390750821556
ITGA2	-0.06332310826504539
ITGA2B	-0.43666416912516937
ITGA3	-0.20573764628330338
ITGA4	-0.0013432510692936717
ITGA5	-0.05381009902983891
ITGA6	-0.2590442645504325
ITGA7	0.18671185677191104
ITGA9	-0.17742653759446547
ITGAE	-0.4317374976156465
ITGAL	-0.42103063878996494
ITGAM	-0.18308058671953376
ITGAV	0.017707334826834398
ITGAX	-0.037417121441873036
ITGB1	-0.00821947080067531
ITGB1BP1	0.18786102408189365
ITGB2	-0.21797864991921045
ITGB3	-0.016993392242699912
ITGB3BP	0.024607321047504627
ITGB4	-0.09085621631653851
ITGB5	-0.047645821097631824
ITGB6	-0.5647287363838522
ITGB7	-0.10961838564966264
ITGB8	-0.6092952466763677
ITGBL1	0.08971178852565487
ITIH1	0.24400394296653616
ITIH2	0.2100923449604224
ITIH3	0.19193169326863924
ITIH4	-0.05146989332682317
ITIH5	0.31901761323573297
ITK	0.21636758484442709
ITLN1	0.19509718336025372
ITM2B	-0.08787325650810374
ITM2C	0.367930627492985
ITPA	0.035690531874855935
ITPK1	-0.13609809115377658
ITPKA	0.2471323210747114
ITPKB	-0.00668095693688997
ITPKC	0.026941741638662364
ITPR1	-0.16884946977495474
ITPR2	-0.5206407357419778
ITPR3	-0.5046276903543152
ITPRID2	-0.35617427147928815
ITPRIP	-0.027655798665342957
ITPRIPL2	0.1139204442618098
ITSN1	0.24767953241563134
ITSN2	0.09284616366213783
IVD	0.1715117645728519
IVL	-0.8488103565726419
IVNS1ABP	-0.20256982385626365
IWS1	-0.006260330364977307
IYD	-0.1576964636718401
JADE1	0.18797575132779798
JADE2	0.02293425299435725
JADE3	0.045016237042315055
JAG1	0.05165376707210001
JAG2	-0.22428831690843154
JAGN1	-0.28039910432952553
JAK1	-0.014000859778850128
JAK2	0.02428609369525958
JAK3	-0.03870003969685598
JAM2	0.14288928767532738
JAM3	0.03148777920563628
JAML	-0.12285423064856005
JARID2	-0.02776397593557789
JCAD	0.15689664148179716
JCHAIN	-0.04745761248095093
JDP2	0.05009711336779432
JKAMP	0.16749439879563432
JMJD1C	-0.05494420087166674
JMJD4	-0.04432321414786422
JMJD6	0.0033634968705698043
JMJD7	0.12559029599086102
JMJD8	0.08382393002201205
JMY	-0.030837104087879652
JOSD1	-0.004086910371988495
JOSD2	0.07087408747133139
JPH1	-0.18781709324134255
JPH2	-0.029788160955288134
JPT1	-0.2068828323129388
JPT2	0.11728771396225568
JRK	-0.03300698543142744
JRKL	-0.2131402733696639
JSRP1	-0.08037706524474508
JTB	0.04645419042309484
JUN	-0.03244289746492157
JUNB	-0.010877878746526903
JUND	0.0737052785006469
JUP	-0.0796489014528774
KALRN	-0.11574359779571886
KANK1	0.04912641661272943
KANK2	0.2929320440591958
KANK3	0.08838504183597706
KANK4	0.1748618290557573
KANSL1	0.10300045611963071
KANSL2	0.08608010540535815
KANSL3	0.023948593903764248
KARS1	-0.05504751603782054
KAT14	-0.007782213902713053
KAT2A	-0.009757197603910583
KAT2B	0.0996194260538239
KAT5	0.1121177492977381
KAT6A	0.037751216567922796
KAT6B	0.10951488471753379
KAT7	-0.03441809525318362
KAT8	0.06045224596476828
KATNA1	-0.050972383222980255
KATNAL1	0.14487565896711985
KATNAL2	0.36054641159016754
KATNB1	0.06698765987845334
KATNBL1	0.019559639817389396
KAZN	-0.019601803921958094
KBTBD11	0.09395447725608363
KBTBD2	0.06465687304545753
KBTBD4	0.02329043061643077
KBTBD6	0.09886903174038153
KBTBD7	0.13921762938222138
KBTBD8	-0.20109521792698537
KCMF1	0.057944928684435126
KCNAB1	-0.20637717378323472
KCNAB2	-0.1455471451207906
KCNE4	-0.6992966530030422
KCNJ11	-0.6415251074503505
KCNJ3	0.20684671583770253
KCNK1	-0.015369989728466038
KCNK6	0.18132369138873905
KCNMA1	-0.030470627412643836
KCNN3	0.06719267084113056
KCNN4	-0.34091814632652095
KCNQ5	-0.11847146701220268
KCTD1	0.010554979272953346
KCTD10	0.137947021268797
KCTD12	0.17012598492055275
KCTD14	-0.7375902804896413
KCTD15	0.07033483792960027
KCTD17	0.10560210555009775
KCTD18	0.15880005713290046
KCTD2	0.21860476454158118
KCTD20	0.09106828547802692
KCTD21	0.18669645869197993
KCTD3	-0.008026817773824746
KCTD4	-0.3345428071805028
KCTD5	0.03688434199316504
KCTD6	-0.32178534892446464
KCTD7	0.24179328093600816
KCTD9	-0.04104776509385033
KDELR3	-0.24097113233744238
KDF1	-0.10154969467153308
KDM1A	-0.00731398749575618
KDM1B	-0.07599363634237477
KDM2A	-0.02578364231174035
KDM2B	0.04112611039674263
KDM3A	-0.1755120486212931
KDM3B	0.028631142339072824
KDM4A	-0.10390969157375096
KDM4B	0.00282006502468235
KDM4C	-0.17094122630879394
KDM5A	0.0573067568748904
KDM5B	0.01933656378517057
KDM5C	-0.007324562382052591
KDM6A	0.035461455189842894
KDM6B	0.15440823752088306
KDM8	-0.03337340380975462
KDSR	-0.14238112265223535
KEAP1	-0.09685277973632722
KEL	-0.18519493023138622
KERA	-0.22359886015365404
KHDC4	-0.0324719363409578
KHDRBS1	0.05704578552299111
KHDRBS3	-0.1337558608526841
KHK	-0.06172825146018113
KHNYN	0.04822795960821935
KHSRP	0.048880235028132546
KIAA0040	-0.33941366678534823
KIAA0100	-0.3015276745485167
KIAA0232	0.07435340381637978
KIAA0319L	-0.26918001850336637
KIAA0355	0.06330954139617617
KIAA0408	-0.09045979761381417
KIAA0513	0.01484346119444524
KIAA0556	0.06840466157164826
KIAA0586	0.0971264002858252
KIAA0753	0.04180694420698927
KIAA0825	0.11298521357542057
KIAA0930	0.0904301401895573
KIAA1109	0.018705272903051906
KIAA1143	-0.009143142503585722
KIAA1191	0.06324943230314872
KIAA1210	-0.4461483322435509
KIAA1211L	-0.049450248500036764
KIAA1217	0.1192883603608017
KIAA1324	-0.5010150420370465
KIAA1324L	-0.2208415268455628
KIAA1328	0.04884001441292796
KIAA1522	-0.03582062803028663
KIAA1549	-1.457402578322366
KIAA1549L	-0.8070837524755117
KIAA1671	-0.05749443805059329
KIAA1755	-0.1431359818806648
KIAA1841	-0.03817668097106264
KIAA1958	0.06164947626192685
KIAA2013	-0.06978536874051144
KIDINS220	-0.15931655979630577
KIF11	-0.5135685204976141
KIF12	-0.43526129134754754
KIF13A	0.2126215167553056
KIF13B	-0.12338336398697791
KIF14	-0.2918972779404001
KIF15	-0.2747415058177154
KIF16B	-0.05614116783459622
KIF18A	-0.1228468987543394
KIF18B	-0.10604759554323806
KIF1A	-0.2946824078390762
KIF1B	-0.00425592569558475
KIF1C	0.06751977823285316
KIF20A	-0.2409226194155778
KIF20B	-0.153606052616599
KIF21A	0.038398142132720636
KIF21B	-0.026041535608056776
KIF22	-0.23634240540112117
KIF23	-0.210837991588825
KIF24	0.016914984222378138
KIF26B	0.145117863680424
KIF27	-0.039990267901444554
KIF2A	-0.03377057818840612
KIF2C	-0.470995653894537
KIF3A	0.06073551814054312
KIF3B	0.053342286193736044
KIF3C	0.12595648952884808
KIF4A	-0.19494191549283002
KIF5A	-0.06931304063807175
KIF5B	0.027175645022545325
KIF5C	-0.2110690500022656
KIF7	0.08223359640824413
KIFAP3	0.12709024881074527
KIFBP	0.05023292051481221
KIFC1	-0.46004160464700306
KIFC3	-0.10084431493852364
KIN	-0.17947235475907775
KIRREL1	0.0676788890362765
KIT	-0.32783458597031157
KITLG	0.020635249843190095
KIZ	0.20143017697276733
KLC1	-0.055385556695398463
KLC2	-0.15736756665122442
KLC3	-0.05158521037578012
KLC4	0.0762769302661539
KLF10	0.23455593642652417
KLF12	0.1651754566758994
KLF13	-0.06958130837711174
KLF16	-0.09899806233909025
KLF2	0.4578665106891586
KLF3	0.09150713524670806
KLF4	-0.02129143746382134
KLF5	0.05772444225221918
KLF6	-0.06039428223792598
KLF8	0.27263379519679987
KLHDC10	-0.021334793835212196
KLHDC2	0.06368680910950886
KLHDC3	-0.06277080498885823
KLHDC4	-0.010547405363617202
KLHDC7A	-0.25208239820171485
KLHDC7B	-0.9031885631880385
KLHDC8B	0.17332795716980876
KLHDC9	-0.25435296856036516
KLHL11	0.027944756048704278
KLHL12	0.09591564949773357
KLHL13	-0.0014709576303424399
KLHL14	-0.09907423504909474
KLHL15	0.18080818838768664
KLHL18	-0.08891847516538576
KLHL2	0.18710839617475372
KLHL20	0.1249609755727068
KLHL21	0.13118748970583027
KLHL22	0.013397562774358107
KLHL24	0.11317166174861981
KLHL25	-0.07123848106384756
KLHL26	0.1238494673855488
KLHL29	0.016649945076864014
KLHL3	-0.12380729000966717
KLHL34	-0.14074188630532447
KLHL36	0.00628644092586228
KLHL41	-0.009432400923284234
KLHL42	0.08296816067322865
KLHL5	0.17322678331063202
KLHL6	0.14107877774388555
KLHL7	-0.044329302292151596
KLHL8	0.035133416722704425
KLHL9	0.04932142659783878
KLK10	-0.09382790233006766
KLK11	-0.09044274841113875
KLK12	-0.17507650253256202
KLK13	0.1237630626885089
KLK14	-0.44293890382254375
KLK3	0.4835886344099638
KLK5	-0.6479583647233085
KLK6	-1.1507914868172069
KLK7	-0.03477070840406071
KLK8	-0.09758901283522547
KLKB1	0.24394224918713192
KLRG2	-0.5061496326693629
KMO	-0.22060450950253596
KMT2A	0.03778618542364498
KMT2B	-0.07521152633797712
KMT2C	0.09782960138858243
KMT2D	0.02303067269708947
KMT2E	0.14535104290248668
KMT5A	0.03619513523058515
KMT5B	-0.008956228349326523
KMT5C	-0.10808407882657889
KNG1	0.19972585053429803
KNL1	-0.22392151869201093
KNOP1	-0.04441906710679433
KNSTRN	-0.18350431091940322
KNTC1	-0.08484844664534918
KPNA1	-0.02975828741137576
KPNA2	-0.3978632532333961
KPNA3	0.018505219885543767
KPNA4	-0.026432608959222392
KPNA5	-0.10493268604039052
KPNA6	0.0017681755254912446
KPNB1	-0.01092462323883936
KPTN	0.108854750725909
KRAS	-0.16435833305611425
KRBA1	0.0050561989777691
KRCC1	0.04720916743222148
KREMEN1	-0.028298899178619052
KRI1	0.005845978518664197
KRIT1	0.03678245875187436
KRR1	0.07106155484061105
KRT12	-1.0903794936154458
KRT13	0.08188207678067094
KRT14	-0.4027373295810257
KRT15	-0.6524209612962331
KRT16	-1.0086648521245323
KRT17	-0.7824681836584269
KRT18	-0.1436838050510314
KRT19	-0.0308851065927378
KRT20	-2.9210789953373997
KRT23	-0.7590284268730692
KRT24	0.14563953893673798
KRT27	-0.37697202030401744
KRT3	0.35988173096828646
KRT4	-0.8835279436967483
KRT5	-0.8130510544102343
KRT6A	-1.3211149563858484
KRT6B	-1.5958564683838752
KRT7	-0.15517570940548708
KRT73	0.3070989868698675
KRT74	-0.2770378778447462
KRT75	-0.3600213879023416
KRT76	0.22301715000004663
KRT77	0.10882328263458163
KRT78	0.09309208454206264
KRT79	0.010953765948812588
KRT8	-0.07151782519162708
KRT80	-0.2654489650102576
KRTCAP2	-0.3004020770493252
KRTCAP3	-0.3602266184802385
KRTDAP	0.2207131272940286
KSR1	-0.060869286928795674
KSR2	-0.9103785126419801
KTI12	0.07475941331299651
KTN1	0.01466800321637507
KXD1	0.24520657163111537
KYAT3	0.13249850487312997
KYNU	-0.8081118335926618
L1CAM	-0.39439010581778966
L2HGDH	-0.06821751269835019
L3HYPDH	0.19535110501753294
L3MBTL2	0.08166454683041025
L3MBTL3	-0.11482228186994803
L3MBTL4	-0.06647314836661344
LACC1	0.11180322114034524
LACRT	-1.1400297502705428
LACTB	0.07052729027727977
LACTB2	-0.014799982001179046
LAD1	-0.5179876797089875
LAG3	0.23718860024329302
LAGE3	0.012063931589427312
LAIR1	0.021667003762837922
LAMA1	-0.043320101451143955
LAMA2	0.21143171919377224
LAMA3	-0.005443210375748464
LAMA4	0.20688834102140774
LAMA5	0.12253736541564919
LAMB1	0.2176836256083341
LAMB2	0.23428416695307064
LAMB3	-0.17553706131557334
LAMC1	0.16115319100544312
LAMC2	-0.18807492551759353
LAMC3	-0.08755577145599247
LAMP1	-0.027747469201809594
LAMP2	-0.1331005497644817
LAMP3	-0.2995133797486318
LAMTOR1	0.006466374086297577
LAMTOR2	0.19446414938873602
LAMTOR3	0.23682195942306805
LAMTOR4	0.12489774009320342
LAMTOR5	0.22594151284947017
LANCL1	0.06959713557620972
LANCL2	0.07414145902994562
LAP3	-0.011747642072894138
LAPTM4A	-0.2552572848991925
LAPTM4B	0.2552745005080048
LAPTM5	-0.007665115599536421
LARGE1	0.3710330686755583
LARP1	0.028330361103108714
LARP1B	0.032262553263521454
LARP4	-0.07539876465165207
LARP4B	-0.12369981995635371
LARP6	0.1641372290684444
LARP7	0.08791417057902251
LARS1	0.0006154806795883871
LARS2	-0.00021279062972467955
LAS1L	-0.03714018008604825
LASP1	-0.2846923244228421
LAT	0.010207525171303189
LAT2	0.013449818990043383
LATS1	-0.01670204407614051
LAX1	-0.1566799667280776
LAYN	0.37371771243794605
LBH	0.10599521244261467
LBHD2	-0.031090017199971953
LBP	0.25641324183712655
LBR	-0.21129182675409552
LCA5	0.09658302774730387
LCAT	0.1525229935387742
LCK	-0.24461294746158302
LCLAT1	-0.21363624869229625
LCMT1	0.06631605542479946
LCMT2	0.046406492109817066
LCN10	0.3311627523037064
LCN2	-0.6189361207307762
LCOR	-0.07933057585690761
LCORL	0.08128526685633375
LCP1	-0.1426835819701857
LCP2	-0.09238436375767733
LDAH	-0.0602760521883674
LDB1	0.042901443393159155
LDB2	0.6026082328610265
LDB3	0.17579646710590424
LDHA	0.045779725915387814
LDHAL6B	0.05779083337704449
LDHB	-0.47091314275066054
LDHC	0.08044592308707088
LDHD	-0.02655815142746576
LDLR	-0.444146221987225
LDLRAD3	-0.3974711387480525
LDLRAP1	0.015263205784716405
LECT2	0.2550276456857894
LEF1	-0.1652410991534019
LEMD2	-0.13842423970104534
LEMD3	-0.08884701331837874
LENG1	-0.06348915654719178
LENG8	0.048438059525963695
LENG9	0.060394588412187034
LEO1	-0.020769007087434233
LETM1	-0.11533952195802044
LETMD1	0.016455850522921978
LFNG	-0.2687606063068948
LGALS1	0.2044894011642775
LGALS12	0.04814220141139813
LGALS2	-0.12118238052420338
LGALS3	0.08723731145804692
LGALS3BP	-0.022723132062253626
LGALS8	0.016523350142751525
LGALS9	-0.112212845408596
LGALSL	0.08549973897968499
LGI2	0.02502799853268023
LGMN	0.06648521164473209
LGR6	-0.35136194238056717
LHFPL2	-0.06279520862865695
LHPP	0.06484666166078412
LIAS	0.1157433671071928
LIF	-0.01831160642495
LIG1	-0.284703852839975
LIG3	-0.060241875119817934
LIG4	-0.0017744062455449239
LILRA6	0.2733437403543988
LILRB1	-0.1805698671797744
LILRB2	-0.14711803933105116
LILRB4	-0.23829000991230842
LILRB5	0.2335433959416804
LIMA1	0.3170525038581431
LIMCH1	-0.01773686413314124
LIMD1	0.14202505004053378
LIMD2	-0.2021652516558916
LIME1	-0.7135832698808464
LIMK1	0.068536239686523
LIMK2	-0.021736859069358516
LIMS1	0.15430641406110013
LIMS2	0.12915535673727163
LIN28A	-1.1475345860404182
LIN28B	-0.8801480500230188
LIN37	-0.0672973366074423
LIN52	0.09439099544984941
LIN54	-0.02121881057912134
LIN7A	-0.025433134434926785
LIN7B	0.14542886457797088
LIN7C	0.08747593822561939
LIN9	0.0018703277251326256
LINGO1	-0.1164641618615061
LINS1	-0.09244616121162075
LIPA	-0.02224496494729067
LIPE	0.09587706635458204
LIPF	0.17917835628621503
LIPG	0.19155269672760866
LIPH	-0.7172390306568328
LIPT1	0.11116208599014143
LIPT2	0.16030988982641503
LIX1L	0.2091905289145366
LLGL1	0.13210520401324288
LLGL2	-0.29849574872277174
LLPH	0.0754531487926613
LMAN1	-0.2626843829534842
LMAN2	-0.0985511415395095
LMAN2L	-0.24736793878800967
LMBR1	-0.3956301889809559
LMBRD1	-0.4084100055155986
LMBRD2	-0.1743389498327481
LMCD1	0.1620221023249755
LMF1	-0.08087155623530862
LMF2	-0.28720031436136395
LMLN	-0.1797302856492493
LMNA	0.10907802598514316
LMNB1	-0.010477093390726111
LMNB2	0.19348496368864687
LMO3	0.1327596180172037
LMO4	-0.03401245209053272
LMO7	-0.023521110586338878
LMOD1	0.2012368207845867
LMTK2	-0.06729643856679957
LMX1B	0.20547159602437226
LNPEP	-0.12034309906099239
LNPK	-0.1498328847839936
LNX1	0.00451960848699251
LNX2	0.04917341911767359
LONP1	0.00363473377181478
LONP2	0.025788425335250054
LONRF2	0.13758573546326502
LOX	0.12185631362978633
LOXL1	0.19946046049648203
LOXL2	-0.019635682074120808
LOXL3	0.16587073334816793
LOXL4	-0.247904971262642
LPA	-0.3393417872492428
LPAR1	-0.04353357082882603
LPAR2	-0.15409272489557324
LPCAT1	-0.33507977841186687
LPCAT2	0.0014085384496631548
LPCAT3	-0.36526212120822166
LPCAT4	0.10037129564286129
LPGAT1	-0.27905008086446337
LPIN1	-0.3302745392857851
LPIN2	0.16420533626163092
LPIN3	0.09755552889066266
LPL	-0.17768878110658548
LPO	-0.637406790386505
LPP	0.12581470842497922
LPXN	-0.06321495602415084
LRATD1	0.20203420785787074
LRATD2	-0.25933198415915015
LRBA	0.00992536441310321
LRCH1	0.1127410772178834
LRCH2	0.29748738972913813
LRCH3	0.1597395768720098
LRCH4	-0.025642314684926504
LRFN3	-0.27480387154891606
LRFN4	0.06730326446974821
LRG1	0.21365165918326667
LRIF1	0.09115356046459588
LRIG1	-0.06032983040585549
LRIG2	0.042030640503371686
LRIG3	0.6775084789799983
LRMDA	0.08641093312599324
LRMP	-0.08248281153328385
LRP1	0.252689510831118
LRP10	-0.10970476308764532
LRP11	-0.18142792878582625
LRP1B	-0.13653595788747097
LRP2	-1.217929139752684
LRP3	-0.10483270008979684
LRP5	-0.34036590255673005
LRP6	0.10324152834189881
LRP8	-0.2110151736516901
LRPAP1	0.1391793370155483
LRPPRC	-0.06598627237723065
LRR1	0.015132164167074968
LRRC1	0.07465718182062275
LRRC14	0.007548499340405357
LRRC15	-0.07177336188870953
LRRC17	0.29071447153491725
LRRC20	0.05076060801008708
LRRC25	-0.008963947420197016
LRRC26	-0.015366811718291018
LRRC31	-0.12770726688034806
LRRC32	0.23720260035642937
LRRC40	-0.02026692265308938
LRRC41	-0.10774679668473297
LRRC42	-0.10010531134447831
LRRC45	0.07397542872240948
LRRC46	0.10579857552533056
LRRC47	0.1057332185852502
LRRC49	0.23372361028157584
LRRC58	0.19524906285170474
LRRC59	-0.21857662020548574
LRRC75A	0.2749812578881219
LRRC8A	0.03936415820288808
LRRC8B	-0.03435098664428793
LRRC8C	-0.23249487987598627
LRRC8D	-0.1760215843009938
LRRC8E	-0.015385472473592898
LRRCC1	0.04439183714830719
LRRFIP1	0.08941216291802512
LRRFIP2	-0.009099863047911327
LRRK1	0.11578651934051187
LRRK2	0.15170752731504678
LRRN1	-0.3811932012093493
LRSAM1	0.09426867226966706
LRWD1	-0.08403587660728817
LSAMP	-0.13324852635125062
LSG1	0.09413408815952096
LSM1	-0.018056504512443894
LSM10	0.08677167080733739
LSM11	-0.0943442785293449
LSM12	0.0707931579149843
LSM14A	-0.052923417804073836
LSM14B	-0.20371199535089168
LSM2	0.0580635188776526
LSM3	0.056130932059005545
LSM4	0.03673057471036856
LSM5	0.1605145156580079
LSM6	0.09689207125630972
LSM7	0.14681775650416995
LSM8	0.11165383669159112
LSP1	-0.06445345372495481
LSR	-0.28035699064038866
LSS	-0.24068529923202675
LTA4H	0.09324277604756048
LTB4R2	0.21972207905716168
LTBP1	0.05257788072730385
LTBP2	0.1832878924286767
LTBP3	0.05753225723777433
LTBP4	0.10802078755197542
LTBR	-0.183737093724595
LTC4S	-0.0806991456930728
LTF	0.36756685885178086
LTN1	-0.04073185962639769
LTO1	0.16844760022008032
LTV1	-0.17497353766425405
LUC7L	0.18006396131304925
LUC7L2	-0.014758120938964225
LUC7L3	0.06328782392361987
LUM	0.2715813758361669
LURAP1L	0.2250479817150648
LUZP1	0.12710514675356066
LXN	0.10209788716407076
LY6D	-1.3205253149160043
LY6E	-0.149056698138347
LY6H	0.24927964620462006
LY75	-0.01616388838270666
LY86	0.2878424785513687
LY9	-0.43877624836320805
LY96	0.060254135482292526
LYAR	-0.23458686628723058
LYN	-0.20716641357782706
LYNX1	-0.18780776058077464
LYPD3	-0.5306468501096973
LYPD6B	0.22811967088788698
LYPLA1	-0.0012413674083830983
LYPLA2	0.02050697063171114
LYPLAL1	0.005534272483277647
LYRM1	-0.121214602084315
LYRM2	-0.1392258117705012
LYRM4	0.08846871498117892
LYRM7	0.10781141887967216
LYSMD1	-0.019184913114365543
LYSMD2	-0.13244956301993227
LYSMD3	0.030202719610354478
LYST	0.08534895089820083
LYVE1	0.17522244503397388
LYZ	0.28328148227037175
LZIC	0.09248226521777525
LZTFL1	-0.02274115321033321
LZTR1	0.03519960801486732
LZTS1	0.018430241984880524
LZTS2	-0.023155244409739595
LZTS3	-0.4278857749218794
M6PR	-0.11374809506937567
MAB21L4	-0.36640762173149355
MACC1	-0.1997843108433841
MACF1	-0.1812710085419269
MACIR	0.12397870681319922
MACO1	-0.01769837220513537
MACROD1	-0.026769872917235205
MACROD2	-0.02843593466321437
MACROH2A1	0.0866162093397147
MACROH2A2	0.184771219632065
MAD1L1	0.03098811687736358
MAD2L1	-0.17670637163931602
MAD2L1BP	0.10759300232934876
MAD2L2	-0.09872246902594028
MADD	-0.03927983182482464
MAEA	0.03333121362170388
MAEL	-0.48031236812703426
MAF	0.19977885682759577
MAF1	0.11118036387405184
MAFB	0.0262148855188169
MAFF	-0.04940802291469559
MAFG	0.061330393616866985
MAFK	-0.19617291386730074
MAGEA1	0.027009363204637538
MAGEA10	-0.6047522978572282
MAGEA4	-1.7285022482583443
MAGEB1	-0.03597220941392365
MAGEB2	0.47989337616575867
MAGEB4	-0.28820990298051363
MAGEC1	-0.5509700198972141
MAGED1	-0.13958588382354975
MAGED2	-0.13825205520961248
MAGEE1	-0.30621395722955214
MAGEH1	0.14465325528462358
MAGI1	-0.11230817539523841
MAGI2	-0.40813680840304656
MAGI3	-0.05442931654683392
MAGOH	-0.6545607659723629
MAGT1	-0.2586108937520599
MAIP1	-0.10555773167078897
MAK16	0.013408540844345396
MAL2	-0.12070112136672684
MALSU1	-0.06451400534960072
MALT1	-0.0448154307033235
MAMDC2	0.0008026523275077579
MAML1	0.07665806323769786
MAML2	-0.04158416847150903
MAML3	-0.07542952795019886
MAMLD1	-0.12233969755854446
MAN1A1	0.027979694634996832
MAN1A2	-0.008421297647863923
MAN1B1	-0.025760718416492523
MAN1C1	-0.050112597608357845
MAN2A1	-0.09719871605171804
MAN2A2	-0.004163884421362951
MAN2B1	0.10520996842044283
MAN2B2	0.010536589491380255
MAN2C1	0.045128968723997076
MANBA	-0.3281003902867745
MANBAL	-0.11356620190176336
MANEA	-0.17355110224353254
MANEAL	-0.14383886324658235
MANF	-0.007290585572427233
MANSC1	-0.11297032109704475
MAOA	-0.4530249873815677
MAOB	-0.17602270394962005
MAP10	-0.15792613295431224
MAP11	-0.07184667792393284
MAP1A	0.23668056734574705
MAP1B	-0.14297133419386654
MAP1LC3A	0.21609264284901641
MAP1S	0.05731460723511361
MAP2	-0.24088979611348726
MAP2K1	0.03944385762999758
MAP2K2	0.02693934700648626
MAP2K3	-0.0736122501558576
MAP2K4	-0.11402034902338798
MAP2K5	0.07556194400225635
MAP2K6	0.21437812854624738
MAP2K7	-0.02300474460940194
MAP3K1	0.06898594146840153
MAP3K11	0.16438314585030156
MAP3K12	-0.4238515779980787
MAP3K2	0.08875859051246948
MAP3K20	0.037623982900619524
MAP3K3	0.10172823997465841
MAP3K4	-0.016262596869275114
MAP3K5	-0.07944649696764827
MAP3K6	-0.01590206960972651
MAP3K7	0.017370354258009257
MAP3K8	0.05361997240250105
MAP3K9	-0.09240526122787607
MAP4	0.06164152083757113
MAP4K1	-0.33692168657307064
MAP4K2	0.05520570700980798
MAP4K3	0.06057340449969928
MAP4K4	0.10376213434656378
MAP4K5	0.17243199336916604
MAP6	-0.042496283157108294
MAP7	-0.15849926369761747
MAP7D1	0.04907188274621532
MAP7D2	0.040962469766466114
MAP7D3	-0.009281866796790439
MAP9	0.01725335887326196
MAPK1	0.11467456528523101
MAPK10	0.46507564986903915
MAPK11	0.15726170177896392
MAPK12	0.10128366473499284
MAPK13	0.07149164351379511
MAPK14	0.1338595030883596
MAPK1IP1L	0.19348875542906185
MAPK3	0.14718041248047697
MAPK7	0.031523551941898376
MAPK8	-0.03534998132747802
MAPK8IP1	-0.7921587517991533
MAPK8IP2	-0.06299580800645188
MAPK8IP3	-0.17399973867275875
MAPK9	0.026334941913184196
MAPKAP1	0.09994969476505489
MAPKAPK2	0.020938253774954063
MAPKAPK3	0.01838440598839952
MAPKAPK5	0.06235111432251017
MAPKBP1	0.10500026752624336
MAPRE1	0.1261496536812352
MAPRE2	0.02554654439940407
MAPRE3	0.22725458344531546
MAPT	-0.2622591280414355
MARCHF5	0.05933909472280874
MARCHF6	-0.2297040175818026
MARCHF7	-0.06212366599233832
MARCKS	0.04304284009809933
MARCKSL1	-0.3832173887713175
MARCO	-0.07953847020024973
MARF1	0.06922017565885596
MARK1	0.00286983508227312
MARK2	-0.01621599416351316
MARK3	0.019989671101228623
MARK4	0.003831990041081923
MARS1	-0.07491480512597981
MARS2	-0.17092690313202397
MARVELD1	-0.3723188496735208
MARVELD2	-0.05172608486833141
MARVELD3	-0.1394616059616638
MASP1	0.09258096393780235
MASP2	0.09019913892949916
MAST2	0.07493850357217369
MAST3	-0.009393975285288292
MAST4	-0.023522972356364136
MASTL	-0.29139055925125845
MAT1A	-1.2375353030933702
MAT2A	0.08623046863322159
MAT2B	0.09714875815274837
MATK	0.20820434107671915
MATN2	0.1891001747320118
MATN3	0.060903151936923194
MATN4	0.1748985298497665
MAU2	0.017023744116688277
MAVS	-0.0969872556653435
MAX	-0.008356817683729645
MAZ	0.021631195117127078
MB21D2	0.03513675409852368
MBD1	-0.016793383383006955
MBD2	0.035987283101903245
MBD3	-0.12090751971759062
MBD4	-0.11204047480229917
MBD5	0.30880109732039074
MBD6	0.14980476341258964
MBIP	-0.0647073331785819
MBL2	0.003988980328061942
MBLAC1	0.04770890168279962
MBLAC2	-0.06880801219596222
MBNL1	0.12991420762216954
MBNL2	-0.04479753628815786
MBNL3	-0.015509590531802786
MBOAT1	-0.5488563918457334
MBOAT2	-0.6941109373030088
MBOAT7	-0.5265136677710096
MBP	-0.21628601005118497
MBTD1	0.0023206835027718142
MBTPS1	-0.18070681979393122
MBTPS2	-0.10861361106754686
MCAM	0.06755844910636988
MCAT	-0.09329473922273834
MCC	0.08773901088292746
MCCC1	0.064029502406866
MCCC2	-0.5193734003645609
MCEE	0.1115521612474204
MCF2L	0.019014436351486808
MCFD2	0.14322040291324
MCL1	-0.08379980116987085
MCM10	-0.4323848087789992
MCM2	-0.34733679319194977
MCM3	-0.4594968805309314
MCM3AP	0.04085584988300184
MCM4	-0.34678337879735466
MCM5	-0.4142257853898528
MCM6	-0.3827896774987565
MCM7	-0.4242483156699919
MCM9	-0.13790234339315965
MCMBP	-0.09499983184792882
MCOLN1	0.06387958105154112
MCRIP1	0.16436947103057875
MCRIP2	0.030509450932765247
MCRS1	0.13291938627923017
MCTS1	0.12440017122255398
MCTS2P	0.015063445386219954
MCU	0.060827209628033785
MCUB	-0.07324435707016619
MCUR1	-0.058532994024609764
MDC1	-0.28468246710925627
MDFIC	0.1054822583683599
MDH1	0.12446026813825739
MDH2	0.11790221671481049
MDK	-0.019376019996091287
MDM1	0.11172573715659162
MDM2	0.3506293411762442
MDM4	0.08800448785293824
MDN1	-0.2068498837293582
MDP1	0.11182863552989986
ME1	-0.14108348823850037
ME2	-0.06016108654309349
ME3	0.06693482665344774
MEA1	-0.0002600038900624213
MEAF6	0.03686382768164975
MEAK7	-0.23499340883193653
MECOM	0.28360720537103035
MECP2	0.111557152637765
MECR	0.15039419256865827
MED1	-0.10108998364301058
MED10	0.0911473935893845
MED11	0.0062257156317215845
MED13	-0.037982525873744066
MED13L	-0.02160856778967357
MED14	-0.0225844671935711
MED15	0.029025892430048827
MED16	-0.02224306849758051
MED17	-0.023043717880659287
MED18	0.06465627679628128
MED19	0.04512065536463794
MED20	0.07039550318685883
MED21	0.05043091428500901
MED22	0.07488133812774578
MED23	-0.06454992241727098
MED24	-0.08112425276535262
MED25	0.04033175147173296
MED26	-0.03343952396126504
MED27	0.003368343693036735
MED28	-0.052652731181936474
MED29	0.05214297059547235
MED30	-0.07234673706345518
MED31	0.005021259441964077
MED4	0.07922675378439692
MED6	-0.012626815056375307
MED7	0.0519764669589442
MED8	0.02092757346729357
MED9	0.02753757993734851
MEF2A	0.061770135411162386
MEF2C	0.15339532559025848
MEF2D	0.04720898146695518
MEFV	-0.12269435577445975
MEGF10	-0.5967130113990571
MEGF6	0.03862187362634373
MEGF8	0.03228766850489162
MEGF9	-0.2335132959528572
MEIS1	0.018516492079811542
MELK	-0.23531730211572288
MELTF	-0.265604581011079
MEMO1	-0.04143362690941643
MEN1	-0.07814477664397401
MEOX2	0.1346042484540355
MEPCE	-0.04047096760375979
MERTK	0.10185081468284096
MESD	0.11676810584362585
MEST	0.024642073019997213
MET	-0.4480096235273834
METAP1	0.02978876038411471
METAP1D	0.08895963958596909
METAP2	-0.01236686001529641
METRN	0.13579857138294926
METRNL	-0.08027044098405511
METTL1	-0.03982931220727082
METTL14	0.07203035474016062
METTL15	-0.00028509542337218363
METTL16	0.019496793877546992
METTL17	0.0334605298990418
METTL18	-0.003605245245648092
METTL21A	-0.017835784492534756
METTL22	-0.44830997700167075
METTL25	0.14016075724162214
METTL26	0.15267284678414228
METTL2A	-0.10732064352385606
METTL2B	-0.05728814926604464
METTL3	0.06809581233203943
METTL4	0.10927085366968114
METTL5	0.04739676916612723
METTL6	0.0818732715549686
METTL7A	-0.2798726391995139
METTL7B	0.16148725826334243
METTL8	-0.05735358149088299
METTL9	0.10729518249103975
MEX3A	-0.23597226565257046
MEX3B	0.10638949622104299
MEX3C	0.09532967490580724
MEX3D	0.09270317046639676
MFAP1	0.021990163314523414
MFAP2	0.05520257004345552
MFAP3	0.01993626962672934
MFAP3L	-0.08309528115510645
MFAP4	0.08917249660805737
MFAP5	0.01678593157759778
MFF	-0.05829708977657333
MFGE8	-0.18181829458033505
MFHAS1	-0.08241594484210779
MFN1	-0.08433702500741447
MFN2	-0.03073473638431068
MFSD1	0.08641462425494595
MFSD10	0.13688004985350943
MFSD11	-0.12083871454825079
MFSD13A	-0.48887103429823675
MFSD3	0.00819537509856616
MFSD4B	-0.20095325004701436
MFSD5	0.09088819368553835
MFSD6	-0.24015443488865174
MFSD8	0.17733362462567293
MFSD9	0.3309282738706827
MGA	-0.0007224069354734297
MGAM2	-0.24738312219035663
MGARP	0.13375492008013268
MGAT1	-0.007843294752600372
MGAT2	0.01736650591392319
MGAT4A	-0.17504331864850364
MGAT4B	0.0916423130462487
MGAT5	0.04359955852802244
MGLL	0.10333279337342205
MGME1	-0.012341375166123214
MGMT	0.1286487144133588
MGP	-0.6832191353700559
MGRN1	-0.020358488487392634
MGST1	-0.4899703695672102
MGST2	-0.30412511817413446
MGST3	-0.5306933451217191
MIA2	-0.12430216820957085
MIA3	-0.1992195072320584
MIB1	0.10868085883278411
MIB2	0.060364430644987976
MICAL1	-0.07299673379055349
MICAL2	-0.12323604692459256
MICAL3	-0.1035411000528903
MICALL1	-0.21772515135144488
MICALL2	0.11177861458778082
MICOS10	-0.20007171452379957
MICOS13	0.15053142740794812
MICU1	0.1159893612931242
MICU2	0.042183813118107594
MID1	-0.17515110315284943
MID1IP1	-0.060536712090573985
MID2	0.13464904186908022
MIDEAS	0.004354486216996634
MIDN	0.019795797780798097
MIEF1	-0.06385799368639766
MIEF2	0.16173338417292804
MIEN1	-0.9121252845828565
MIER1	-0.06700374292516287
MIER2	0.0717631505258538
MIER3	0.05692731524709771
MIF	0.0766380163449476
MIF4GD	0.0021949921205752787
MIGA1	-0.246967175018451
MIGA2	0.08305692072182413
MILR1	0.16944630406419314
MINDY1	-0.0479994577418843
MINDY2	0.11041117096002218
MINDY3	0.034125694502634474
MINDY4	-0.33494722055238846
MINK1	0.06398828469970397
MINPP1	0.16355367286276845
MIOS	0.10612928420015777
MIPEP	0.0037089496728910376
MIPOL1	-0.5820978420408593
MIS12	0.036035941719074316
MIS18A	-0.2566911499981046
MIS18BP1	-0.06591851893870171
MISP	0.09241387545698032
MISP3	-0.04315026086780449
MITD1	-0.00993759648926229
MITF	0.11885108001463252
MKI67	-0.5513526537618816
MKKS	0.1040293478298544
MKLN1	0.011850823960624979
MKNK1	0.0477797066062422
MKNK2	0.06060381659458258
MKRN1	-0.020959827139293452
MKRN2	0.042854519532461666
MKRN2OS	0.002061700264007982
MKRN3	-0.12137809896000107
MKS1	-0.019263048236645375
MKX	-0.045610196994566365
MLEC	-0.2442984688321097
MLF1	-0.0449691816448059
MLF2	-0.13332146277248924
MLH1	0.03473938007483923
MLH3	-0.22995404703141986
MLKL	-0.1840985571820113
MLLT1	-0.06155084523823007
MLLT10	-0.07341258517572591
MLLT11	-0.09880646465429344
MLLT3	-0.04121416887005935
MLLT6	-0.31794917830704605
MLPH	0.06960217530657609
MLST8	0.0994492321909739
MLX	-0.0012286900099862663
MLXIP	0.017657353974003698
MLYCD	-0.04888330082671288
MMAA	0.0790340006235013
MMAB	0.07583551604781036
MMACHC	-0.2563810685330683
MMADHC	-0.02995761477143688
MME	0.06313936447353186
MMGT1	-0.17430262103361827
MMP1	-0.5245547054867927
MMP10	-0.5829919128164818
MMP11	-0.0736003144237074
MMP12	-1.0508985296560205
MMP13	-0.22373420729155669
MMP14	0.1276342824427843
MMP15	0.07189365154111371
MMP19	0.091373076842995
MMP2	0.314774388664798
MMP23B	0.17197424834165886
MMP24OS	-0.001043788507054444
MMP28	0.24339358887779206
MMP3	0.042984819389282336
MMP7	-1.2824351793017463
MMP8	-0.6164698808178812
MMP9	-0.41787336942836006
MMRN1	0.05645844156745028
MMRN2	0.15148967644164202
MMS19	-0.05471042741343446
MMS22L	-0.2343333363991107
MMUT	0.040889489810084
MNAT1	0.0752499135900031
MND1	-0.004066880659127747
MNDA	0.0030647578920230956
MNT	0.09012269316406929
MNX1	0.02556909464984969
MOAP1	0.2179759634649283
MOB1A	-0.050453313081927575
MOB2	0.06574153245702874
MOB3A	-0.15003514369531246
MOB3B	-0.00064122105561637
MOB3C	0.12392453825161809
MOB4	0.17664479343965667
MOCOS	-0.04268227786312906
MOCS1	0.11747917647533868
MOCS2	0.15502268382448747
MOCS3	0.09506530160804871
MOGAT2	0.1049714776523949
MOGS	-0.13465539151956207
MON1A	-0.0008484124193977038
MON1B	0.03647811297717851
MON2	-0.02253063675633271
MORC2	-0.2894939275576931
MORC3	0.025310736284144042
MORC4	-0.15858147207034357
MORF4L1	-0.03423595641183752
MORF4L2	-0.08745164530798633
MOSPD1	-0.20455477513913323
MOSPD2	-0.115525170015367
MOSPD3	0.7299536687789399
MOV10	-0.017632305337254905
MOXD1	0.07386497841307715
MPC1	-0.14161199874868302
MPC2	0.0629467213736703
MPDU1	-0.20857647466682394
MPDZ	0.07495163234964153
MPEG1	0.06504605522997764
MPG	0.09278130447985689
MPHOSPH10	-0.08490147430525141
MPHOSPH6	-0.03425803417529494
MPHOSPH8	0.05553051123305508
MPHOSPH9	-0.0434851103347782
MPI	0.1624899864432301
MPLKIP	-0.01670755744731167
MPND	0.1506216765011672
MPO	-0.5522187032682915
MPP1	0.044819055313723766
MPP2	-0.2829396425853865
MPP3	0.41023036678451064
MPP5	0.05640663111972799
MPP6	-0.011379391132777528
MPP7	0.12172290255323404
MPPE1	-0.33314534776699745
MPPED2	0.008125490058505491
MPRIP	0.22920260401446413
MPST	-0.003450722110194704
MPV17	0.158599521619891
MPV17L	-0.4575925375812453
MPZ	-0.2731223784962573
MPZL1	-0.23223385417807307
MPZL3	0.1614952113754562
MR1	0.12063403402140693
MRAS	0.05865032797823133
MRC1	-0.024989898341409855
MRC2	0.14510142232346013
MRE11	0.1578791714927803
MREG	0.0051929764209504015
MRFAP1	0.05252314646763523
MRGBP	-0.08976847183680547
MRGPRF	0.06080513856590919
MRI1	0.008693568903250792
MRM1	-0.129626247869858
MRM2	0.15161136828817767
MRM3	-0.0008216763812392003
MRNIP	-0.03326130264316518
MROH1	0.0045656572986843
MRPL1	0.05963814496902842
MRPL10	-0.029702333455446706
MRPL11	0.016268613498226614
MRPL12	0.14729013242638445
MRPL13	0.05040038626034615
MRPL14	0.027943027779450347
MRPL15	-0.002360394333109639
MRPL16	0.07717003325940652
MRPL17	0.04609475556880582
MRPL18	-0.05450389923233345
MRPL19	0.06448894925022586
MRPL2	-0.026418049712518155
MRPL20	0.016186042824724467
MRPL21	0.02181191494013035
MRPL22	0.027899430868021824
MRPL23	0.07260026550289922
MRPL24	0.031615374454229794
MRPL27	-0.02807596132617718
MRPL28	0.06517781590049054
MRPL3	-0.004394058715448068
MRPL32	0.024481891578901127
MRPL33	0.020891340218469168
MRPL34	-0.02883072421970212
MRPL35	-0.023852973801595567
MRPL37	0.02966880455430143
MRPL38	0.007956011565347865
MRPL39	-0.016890575717965817
MRPL4	0.06485444292829357
MRPL40	0.06735996305040715
MRPL41	0.09412936402784666
MRPL42	0.08382677597775512
MRPL43	-0.017583522639050386
MRPL44	0.045764089923636675
MRPL45	-0.025974822240812045
MRPL46	0.124307464386753
MRPL47	0.0384072899647947
MRPL48	0.07149124006980401
MRPL49	0.04723992788282416
MRPL50	0.05640863878756264
MRPL51	-0.06399051621011509
MRPL52	0.14906572377179828
MRPL53	-0.03216014608177886
MRPL54	0.023366283990078784
MRPL55	0.05803828810622491
MRPL57	0.005312597242333794
MRPL58	0.03645898926746227
MRPL9	-0.025366617279566128
MRPS10	0.13037398618449458
MRPS11	0.0406390116945019
MRPS12	-0.00672192802925764
MRPS14	-0.029084060313778082
MRPS15	-0.0023662722514927736
MRPS16	0.03547932354265626
MRPS18A	-0.05707168195590029
MRPS18B	0.0666162123494658
MRPS18C	-0.018906469193090913
MRPS2	-0.027091670703878634
MRPS21	0.014550774235367214
MRPS22	0.06000365827602394
MRPS23	0.028543945058270737
MRPS24	0.02325414957644867
MRPS25	0.019092975351114205
MRPS26	0.0792695701551267
MRPS27	-0.030466636302850958
MRPS28	0.018342576918222164
MRPS30	-0.11062840227664239
MRPS31	0.043560891346619
MRPS33	0.03972180834218619
MRPS34	0.04612044612148125
MRPS35	0.026991941545126963
MRPS36	0.217866196691336
MRPS5	-0.04451036857351198
MRPS6	0.013700127028268838
MRPS7	0.026432034808614446
MRPS9	-0.012575430428558576
MRRF	-0.029307307044046382
MRS2	-0.013692691576521199
MRTFA	0.03757061495427649
MRTFB	0.14280417586880745
MRTO4	-0.006850250689723225
MRVI1	0.1488311416506427
MS4A1	-0.5514678176660617
MS4A6A	-0.1294229521123853
MSANTD2	0.16273957875379708
MSANTD3	-0.11203764895977386
MSANTD4	0.22090472917987647
MSH2	-0.11046037370071105
MSH3	0.08451478366733767
MSH6	-0.19660584583542118
MSI1	-0.5466219498962808
MSI2	-0.08900088884595192
MSL1	-0.058900704674094584
MSL2	0.002666934552490119
MSL3	-0.00588957938590795
MSLN	-0.31347873227234757
MSMB	0.026563592617896425
MSMO1	-0.5442767809135542
MSN	0.10028574416097058
MSR1	-0.10753474222620696
MSRA	0.043835867621059066
MSRB1	0.34148232546646895
MSRB2	0.10040504579995613
MSRB3	0.23650090154728431
MST1	0.1429458713373523
MST1R	-0.15766818096958346
MSTO1	-0.09024587727817845
MSX2	0.2843682858175729
MT-ATP6	-0.05783359234177965
MT-ATP8	0.0939209024484775
MT-CO1	-0.10157888136691184
MT-CO2	-0.06511529276615136
MT-CO3	-0.04673601448722664
MT-CYB	-0.7800100812288306
MT-ND1	-0.2936780556207559
MT-ND2	-0.22577922627575475
MT-ND4	0.1360895157805615
MT-ND5	-0.19696834782479655
MT1A	-0.2621646891161191
MT1E	-0.5793596655175435
MT1F	-0.23350927898785656
MT1G	-0.3696129602338427
MT1H	-0.10729691792365337
MT1M	-0.24772112297928306
MT1X	-0.10186135263828433
MT2A	-0.7133587751949833
MT3	-0.09105447857954019
MTA1	-0.03643422037455579
MTA2	-0.0536162495655752
MTA3	-0.014506385573614722
MTAP	-0.001891781851416141
MTARC1	0.08342760424003615
MTARC2	-0.16273542264060836
MTBP	-0.17578233893502748
MTCH1	-0.14282316305922294
MTCH2	-0.06903713725361982
MTCL1	-0.167218518457652
MTDH	-0.148813457915832
MTERF1	0.13125457424213138
MTERF2	-0.13201350273620172
MTERF3	-0.1397245363303412
MTERF4	-0.07949685234436288
MTF1	-0.07404274523150534
MTF2	-0.19836277791609547
MTFMT	0.10151838123096368
MTFP1	0.018493449614007673
MTFR1	0.016698259138742344
MTFR1L	0.1249067467589775
MTG1	0.006910568747670709
MTG2	0.02721180975621884
MTHFD1	-0.01798173557458682
MTHFD1L	-0.499955818496419
MTHFD2	-0.260321827852934
MTHFD2L	-0.02193880167191864
MTHFR	-0.041131510611954525
MTHFS	-0.07908116388519915
MTHFSD	0.015054547368275273
MTIF2	0.04242007602858777
MTIF3	0.0777111531965815
MTM1	0.021095900507702936
MTMR1	0.00784654768077786
MTMR10	0.07405724535602687
MTMR11	-0.053638959589001445
MTMR12	-0.001010662334127943
MTMR14	0.01080716896078826
MTMR2	-0.0010604027876119915
MTMR3	0.0638310163775806
MTMR4	0.1296015693173782
MTMR6	0.04015179029402205
MTMR7	0.03855514892420686
MTMR9	0.008614024915651441
MTO1	0.007931030327576138
MTOR	-0.03277240495748046
MTPAP	-0.2319328583812421
MTPN	0.0753120827141025
MTR	0.1738228086395317
MTRES1	-0.08187164794464508
MTREX	0.04230419182304246
MTRF1	0.13010875117236864
MTRF1L	-0.07801990157817684
MTRR	-0.12416169886986239
MTSS1	0.13220452694360674
MTSS2	0.1036165914886773
MTURN	0.22225311666587544
MTUS1	-0.05184047493128929
MTUS2	0.1260514942020574
MTX1	-0.0019255423611532763
MTX2	0.10122482034419633
MTX3	0.019203794176871014
MUC1	-0.29505668137189645
MUC13	-0.669645480285098
MUC15	-0.46673432136738136
MUC16	-0.2022037403102832
MUC2	-2.491895766571152
MUC4	-0.7326682601585439
MUC5AC	-0.7512126450290495
MUC5B	-1.6030037604357084
MUC6	-0.6734484954175173
MUCL1	-2.0978057085256054
MUL1	0.045517340764295255
MUS81	0.22493922797323407
MUTYH	-0.3333134280277452
MVB12A	0.15276582178115206
MVB12B	0.10246553763434108
MVD	-0.3413649524161926
MVK	-0.1235191163092632
MVP	0.19845476895942227
MX1	-0.5681053675147503
MX2	-0.06390751212694923
MXD4	0.34118754140276053
MXRA5	0.15021834513456156
MXRA7	0.10698895587365875
MXRA8	-0.05940848938578114
MYADM	-0.08873439394022498
MYB	0.1531027690553337
MYBBP1A	-0.233964905627424
MYBL1	0.1859551084520632
MYBL2	-0.037369545014563244
MYBPC1	-0.12438395337752972
MYBPC2	-0.011149927310878383
MYC	-0.14172507806093648
MYCBP2	0.020890339073325492
MYCT1	0.33119480909581345
MYD88	0.08578335544394378
MYDGF	0.046025045275165155
MYEF2	0.07976135320662436
MYH1	-0.13398096013579774
MYH10	-0.13252992214885673
MYH11	-0.02008199740907557
MYH13	0.5783829107485463
MYH14	-0.03729699194028058
MYH15	-0.21014340828174838
MYH2	0.10774074999631722
MYH3	0.04957508992957216
MYH4	-0.3796483198124321
MYH7	0.24111381437992208
MYH8	-0.5513512016661402
MYH9	0.012977391885062417
MYL1	0.29853250531883724
MYL12A	0.2996042267584844
MYL12B	-0.018600591393587607
MYL2	-0.0069295568356224635
MYL3	0.20436444126558584
MYL4	0.10809282837410628
MYL6	0.07400564651715946
MYL6B	0.14907082874293742
MYL9	0.1682120531287694
MYLK	0.06735193880400736
MYLK2	-0.042114112147841
MYLPF	0.22338557010724003
MYNN	0.032602389616847915
MYO10	-0.07282939195333782
MYO18A	-0.11721675202189985
MYO19	-0.09629200533472826
MYO1B	0.09711672338441701
MYO1C	0.23425472805893488
MYO1D	0.19479607182850245
MYO1E	0.13733330904416974
MYO1F	-0.04643617702232916
MYO1G	-0.17621775822530594
MYO3B	0.020084796019972373
MYO5A	0.025901423864707063
MYO5B	-0.034113775632977905
MYO5C	-0.10572885295069412
MYO6	-0.1707885724247955
MYO9A	0.10062775672919244
MYO9B	-0.0061326151976430765
MYOC	-0.008231129303116091
MYOF	-0.03974245111725949
MYOM1	0.07400083143532399
MYOM2	-0.09036938423361818
MYOM3	0.1156071028875445
MYORG	-0.13535376511293506
MYOT	0.13493380416264245
MYOZ1	0.4934966052076266
MYOZ2	0.40858122216690873
MYOZ3	0.4138627337845886
MYPOP	-0.03420992316295113
MYRIP	0.07035022916386247
MYSM1	-0.04176504483217869
MYT1	-0.33571611525935374
MZB1	-0.6358729567295853
MZT1	0.09441372844363727
MZT2A	0.05770351136458984
MZT2B	0.07016631415655894
N4BP1	-0.011466449230049136
N4BP2	0.11827188281491274
N4BP2L1	-0.12061271289949715
N4BP2L2	-0.02561853715856799
N6AMT1	-0.0010018696921747505
NAA10	-0.08016030968021326
NAA11	0.07129102551017574
NAA15	-0.20483312873973247
NAA16	0.029564525193258362
NAA20	-0.021039991736948593
NAA25	-0.004815794973684007
NAA30	-0.02182012462176175
NAA35	-0.011300405259955681
NAA38	0.0007693825874213189
NAA40	-0.10711125265526888
NAA50	0.001018086258167017
NAA80	0.06029988487488325
NAAA	-0.03338069797235477
NAALADL2	-0.10335055545254335
NAB1	-0.01790324813921984
NAB2	-0.021287172911154784
NABP1	-0.09280378435484771
NABP2	0.0762202065958828
NACA	0.07430015935881684
NACAD	-0.02201834338418962
NACC1	0.019647582583797174
NACC2	0.2131622511064819
NADK	-0.013756038423661465
NADK2	0.10518155336914425
NADSYN1	-0.06316599227033137
NAE1	-0.009524269833068644
NAF1	-0.13576673898733915
NAGA	0.16617212047222907
NAGK	0.12280154701678114
NAGLU	0.10962915556217823
NAGPA	-0.04730054068084044
NAIF1	0.2291772070496645
NAIP	-0.03854730468232148
NAMPT	-0.48204369326152374
NANOS1	-0.0016468735958756753
NANP	0.08311329573700377
NANS	0.03324339037179058
NAP1L1	0.002938029513831708
NAP1L4	0.0673023525022245
NAP1L5	-0.06706471643770939
NAPA	0.03496242665661242
NAPB	-0.7635137978172679
NAPEPLD	0.02555072636522837
NAPG	0.15664208168456994
NAPRT	-0.0361327428777134
NARF	-0.2017787691958013
NARS1	0.008822251859541552
NARS2	-0.15173707588366803
NASP	-0.38548615853039436
NAT1	-0.6476192135156573
NAT10	-0.21641829906594623
NAT14	-0.07855114810945096
NAT9	-0.06426902329004491
NATD1	0.09667594706737148
NAV1	-0.15546323786563576
NAV2	-0.2271328113126323
NAV3	-0.17146267099296963
NAXD	0.10489350107775053
NAXE	0.006277064303006341
NBAS	0.02795738365515632
NBDY	0.07045694726213014
NBEA	-0.025449144937208956
NBEAL1	0.07957588204406463
NBEAL2	-0.13891059509477088
NBL1	-0.6025104816595892
NBN	0.11448126111093515
NBR1	-0.004473454892764295
NCALD	-0.2452062819082741
NCAM1	-0.3542759526181989
NCAM2	-0.9342988556547667
NCAN	-0.8995513535090467
NCAPD2	-0.3395230356055414
NCAPD3	-0.15121079807931892
NCAPG	-0.35978942434956807
NCAPG2	-0.12864082344031402
NCAPH	-0.355394743687345
NCAPH2	-0.14409464750023915
NCBP1	-0.1082678501276213
NCBP2	0.02032606092300071
NCBP2AS2	-0.07222252326949175
NCBP3	0.03700267179231531
NCCRP1	-0.7020957591592776
NCDN	-0.027019583052769747
NCEH1	-0.31503964584883565
NCF1	-0.1682560930905872
NCF2	-0.0031291415557461733
NCF4	-0.03479374996964957
NCK1	0.001034477574830106
NCK2	0.04419877198525768
NCKAP1	-0.01713035526140061
NCKAP1L	-0.128526433496166
NCKAP5	0.006052252499163302
NCKAP5L	0.0774572745354476
NCKIPSD	0.13316865898982755
NCL	-0.09066005778947783
NCLN	-0.17352439388439223
NCOA1	0.09416011888091802
NCOA2	-0.013087896862202797
NCOA3	0.03780720479868194
NCOA4	0.046630224747939764
NCOA5	0.03617997336870715
NCOA6	0.0668249617836878
NCOA7	0.06713462891067579
NCOR1	0.06570496305479168
NCOR2	0.08971831986919554
NCS1	0.22958836362761126
NCSTN	-0.11332600291308559
NDC1	-0.12980812105353579
NDC80	-0.2829031557934236
NDE1	0.10918250570574983
NDEL1	-0.03727030879841564
NDFIP1	-0.1926228036583204
NDN	0.20429815717723088
NDNF	-0.09640417384280298
NDOR1	0.05202460861724845
NDP	0.07854510260307901
NDRG1	-0.14850577111734964
NDRG2	-0.12697013005833213
NDRG3	0.09829807654687173
NDRG4	0.045149438729140456
NDST1	0.11050113982728149
NDUFA1	-0.019210836942118448
NDUFA10	0.07881288223576988
NDUFA11	-0.11058434010615059
NDUFA12	0.1402233102645738
NDUFA13	0.11939597471311103
NDUFA2	0.20234824185338063
NDUFA3	0.12535749772744964
NDUFA4	0.22340695874981975
NDUFA4L2	-0.8406964657605513
NDUFA5	0.09466212910141181
NDUFA6	0.09655314588731301
NDUFA8	0.10059744763150746
NDUFA9	-0.030962988059457075
NDUFAB1	-0.022564692285456545
NDUFAF1	-0.004527678244425459
NDUFAF2	0.05787696127401887
NDUFAF3	-0.012566729137347465
NDUFAF4	-0.07800551979020653
NDUFAF5	0.04099988730072468
NDUFAF6	0.010105066882918123
NDUFAF7	0.034089832823436694
NDUFAF8	-0.06645349649481602
NDUFB1	-0.01944583036068792
NDUFB10	-0.02411945832470508
NDUFB11	-0.14765378585270383
NDUFB2	-0.33380137900132567
NDUFB3	-0.09712296667779796
NDUFB4	0.03775969219937281
NDUFB5	-0.20208760356324973
NDUFB6	-0.17008410685648911
NDUFB7	-0.08838920400888384
NDUFB8	-0.34375782203752436
NDUFB9	0.038571676766157026
NDUFC1	0.011334498372885804
NDUFC2	-0.1167238991632189
NDUFS1	0.11113508250549486
NDUFS2	0.05112640051109274
NDUFS3	0.099877809888131
NDUFS4	0.10254041098029631
NDUFS5	0.1512352482949666
NDUFS6	0.16229487416060806
NDUFS7	0.07128699520747261
NDUFS8	0.11907039882751391
NDUFV1	0.09799913170886398
NDUFV2	0.08037664255581234
NDUFV3	-0.001239907368510984
NEB	-0.12487172878455866
NEBL	0.045032788168402504
NECAB3	-0.4374276587092041
NECAP1	-0.0799234665829971
NECAP2	0.08934456080155329
NECTIN1	0.06337379240202523
NECTIN2	-0.14585024737650443
NECTIN4	-0.13757625009106889
NEDD1	-0.012408339118870515
NEDD4	0.10919371672576972
NEDD4L	-0.15074016766607912
NEDD9	-0.07346493649293251
NEFH	-0.11689409118173089
NEFL	-0.028465206717672942
NEFM	0.10223613778118334
NEGR1	0.023282609602286897
NEIL1	0.06497011483062565
NEIL2	0.04516735016149909
NEIL3	0.08992747174976401
NEK1	0.08897775006544606
NEK10	0.06048048789310556
NEK11	0.015091528097904927
NEK2	-0.1980000224273173
NEK3	-0.07447372568817912
NEK4	0.02889109779149379
NEK6	0.10442265533423978
NEK7	0.0780906642185819
NEK8	-0.08649950728750255
NEK9	0.10028059531859768
NELFA	0.04555745735324912
NELFB	-0.000394561105835578
NELFCD	-0.025856295708400978
NELFE	-0.006050051950982294
NELL2	0.14952150286240595
NEMF	0.028818624796016934
NEMP1	-0.18223273690185593
NENF	0.09008643006593431
NEO1	0.09137979225388548
NEPRO	-0.03672015177006571
NES	-0.23268610858490035
NET1	-0.18729575626263895
NEU1	-0.1282054454611803
NEU3	-0.012122879166451384
NEURL1B	0.04831457389203564
NEURL4	-0.03436286453762705
NEXN	0.250036108739323
NF1	-0.027346219588540777
NF2	0.03353962215666684
NFAM1	0.04605577638050207
NFASC	-0.21360644537652718
NFAT5	-0.11485391478306006
NFATC1	0.10654014676377344
NFATC2	0.001568698546329017
NFATC2IP	0.03692165006794923
NFATC3	-0.0015319110686853321
NFATC4	0.12354914209683443
NFE2L1	-0.03612636612530906
NFIA	0.17835544740559683
NFIB	-0.13871273470100576
NFIC	0.1741584559593079
NFIL3	0.1861285652318987
NFIX	-0.23261106196822823
NFKB1	0.11153655159745668
NFKB2	-0.01516563101521573
NFKBIA	0.1472760375682789
NFKBIB	0.0657746337161278
NFKBIE	0.060408350606024896
NFKBIL1	0.01157960390960966
NFKBIZ	0.13270812171563762
NFRKB	0.031550571583405684
NFS1	0.17736767066375592
NFU1	-0.0110330152033562
NFX1	0.05306542358757582
NFXL1	-0.13448318621093946
NFYA	0.02977726138029979
NFYB	0.07332175256058804
NFYC	0.10126751025418557
NGDN	-0.10344234538808905
NGEF	0.03603541800746335
NGFR	0.09674431028000718
NGLY1	-0.05226018993532122
NGRN	-0.05080740937270534
NHEJ1	-0.0425060365601162
NHLRC1	-0.1503673452658454
NHLRC2	0.036934310176249596
NHLRC3	0.2175702970451283
NHP2	0.08145931331093337
NHS	0.0037516703133100293
NHSL1	-0.13366102620821252
NHSL2	-0.006832643244159442
NIBAN2	0.09442440702393817
NID1	0.16081238810420828
NID2	0.23538257960188602
NIF3L1	0.13297942754572034
NIFK	-0.13296100563109903
NIN	0.12647483882856037
NINJ1	-0.06609075451669533
NINJ2	0.16634395139022828
NIP7	-0.2406069754451714
NIPA2	-0.12657555753229133
NIPAL2	-0.31263411720397016
NIPAL3	-0.2017990213836054
NIPBL	-0.025015340405566633
NIPSNAP1	0.012487820383658033
NIPSNAP2	0.23867841098882536
NIPSNAP3A	-0.3503403480837264
NISCH	0.1316916071932841
NIT1	0.004847143624402861
NIT2	0.1479649178001523
NKAP	0.08162687991412199
NKAPD1	0.14645085017419746
NKD2	0.08627047373343366
NKIRAS1	0.109214280498108
NKIRAS2	0.1348572280439413
NKRF	-0.16951387920858707
NKTR	0.04969963534594157
NKX2-5	-0.6589791709360799
NKX3-1	-0.7099056980695657
NLE1	-0.08800836339532125
NLK	-0.10236334635189692
NLN	-0.016629846002512494
NLRC3	0.0907797827075214
NLRC4	0.03328820818379441
NLRC5	-0.059100277308616
NLRP1	0.07450257950575967
NLRP12	-0.7295278267721823
NLRP13	0.32898707038936337
NLRP2	-0.7538769768892131
NLRX1	0.10879824800366222
NMD3	0.0703255935632292
NME1	-0.1839604849604477
NME1-NME2	-0.02655700214738488
NME3	0.1371461803530778
NME4	-0.0220022888920397
NME5	0.027162872027320262
NME6	0.052810309029830194
NME7	0.06394375121494633
NMI	0.021612584971961724
NMNAT1	0.09487233396545136
NMNAT3	-0.09602578825229457
NMRAL1	0.11099681967537833
NMRK1	-0.03878291385721866
NMT1	0.06351446813165218
NMT2	0.08401432273354459
NNMT	0.20467724688403877
NNT	-0.18947316511133394
NOA1	-0.03500282979359426
NOB1	-0.1235052842468658
NOC2L	-0.166594868359919
NOC3L	-0.1335866156426846
NOC4L	-0.07053736113502751
NOCT	-0.21001648904988457
NOD1	0.1341951798133465
NOD2	0.746492680485705
NOL10	-0.1279335168477047
NOL11	-0.09501588939052752
NOL3	-0.1911491981421527
NOL4	-0.16031337012619318
NOL4L	-0.08940324863688431
NOL6	-0.09646741790611557
NOL7	-0.09124156592011445
NOL8	-0.15626997524046615
NOL9	-0.026166943381983998
NOLC1	-0.25360700294650584
NOM1	-0.24247293726265085
NOMO1	0.3231850506686538
NOMO2	0.14307770679010545
NOMO3	-0.20820766040989547
NONO	0.0680017014559624
NOP10	0.08156649688837447
NOP14	-0.14701727700085598
NOP16	-0.05765408979625519
NOP2	-0.2547541504962574
NOP53	-0.031111180392969118
NOP56	-0.051666959901925935
NOP58	-0.05013067080646394
NOP9	-0.15081779039581988
NOS1AP	-0.05331306830959193
NOS2	0.06788964151404642
NOS3	0.029917673496605346
NOSIP	-0.039076890201744874
NOSTRIN	-0.09662408033852188
NOTCH1	-0.07851292003575594
NOTCH2	0.07079004467307115
NOTCH3	0.1108366114140118
NOVA1	-0.9051546186549366
NOVA2	0.04858059086982891
NOXA1	0.09120689788893088
NPAT	-0.0601804822229397
NPC1	-0.16359113920848145
NPC2	0.07990444634306826
NPDC1	-0.2091034395214706
NPEPL1	0.0908359221670203
NPEPPS	-0.044127320718580165
NPHP1	0.028621618882733735
NPHP3	0.16278888524460555
NPHP4	0.10314975459142417
NPL	-0.14701765347103546
NPLOC4	0.06830334777598779
NPM1	-0.009291071647101745
NPM3	-0.15073151632335424
NPNT	0.03242312185408025
NPR1	0.07614387519014443
NPR2	0.07216500630049971
NPR3	-0.22847237589067326
NPRL2	-0.011960991920300756
NPRL3	-0.03980603316408349
NPTN	0.10236362535021826
NPTXR	-0.013023578278071213
NPY	-2.6898345342452536
NPY1R	-1.2104200594513834
NR1D1	0.07007194910025127
NR1D2	-0.5006590856116375
NR1H2	0.06736486042696832
NR2C1	-0.18864412268107245
NR2C2	0.056712991640111454
NR2C2AP	0.011309000480920872
NR2F1	-0.18933030515889016
NR2F2	-0.01135542768437503
NR2F6	-0.0526653438306397
NR3C1	0.09726321872410182
NR4A1	-0.24528772637960472
NR4A2	-0.37623727679712005
NR4A3	-0.6599776371916022
NRAP	0.1316076059005642
NRAS	-0.08706156194359949
NRBF2	0.019466780128798433
NRBP1	0.05197240449361473
NRBP2	0.10070793676104373
NRCAM	-0.32069893197117416
NRDC	-0.08511183686096935
NRDE2	0.10318219862589473
NRF1	0.12254736555122037
NRG1	-0.31094212137488597
NRGN	-0.1156286361639296
NRIP1	-0.06331493161107105
NRIP2	0.11581402336986457
NRIP3	-0.052657633261006254
NRK	-0.28812955703482324
NRM	-0.14675786830326487
NRP1	0.16729700103153178
NRP2	0.07449470877159214
NRSN2	0.2516896450732453
NRXN1	0.35769286998951344
NSA2	-0.028810598458480996
NSD1	0.08061799330963026
NSD2	-0.12117065202812327
NSD3	-0.1293233495004067
NSDHL	-0.3904025302397862
NSF	0.1105746304538755
NSFL1C	0.08792937846122584
NSG2	-0.5820750647023107
NSL1	0.02268825573023392
NSMAF	0.016690917655765247
NSMCE1	0.06305693081248975
NSMCE2	-0.04973000139036898
NSMCE3	-0.04414059920756941
NSMCE4A	0.049142360836054166
NSRP1	0.026279766571605023
NSUN2	-0.10858168498156928
NSUN3	0.18838653774771075
NSUN4	0.016472477487671
NSUN5	-0.012160552257483914
NSUN6	0.050024069606308785
NT5C	0.0008716274155418091
NT5C2	-0.2519313821295164
NT5C3A	0.05434299819837918
NT5C3B	-0.054161357823780065
NT5DC1	-0.21506329440193994
NT5DC2	-0.29648323410937394
NT5DC3	-0.11959925796601922
NT5E	-0.07938493505015387
NTAN1	0.11649612769350881
NTHL1	0.05494547635026592
NTM	-0.0956070555785935
NTMT1	0.08533581793209777
NTN1	-0.17465767555743916
NTN4	-0.1910404677064399
NTPCR	0.12956907560416653
NTRK2	-0.09731147143656216
NTS	0.2926374950609745
NUAK1	0.12270393053960404
NUAK2	0.07578785260082022
NUB1	-0.05406530067777027
NUBP1	0.09658236377761753
NUBP2	0.13831523698746295
NUBPL	0.15162097278847853
NUCB1	0.19664542694376763
NUCB2	-0.18755794885822752
NUCKS1	-0.27229922113863125
NUDC	0.019301818511451074
NUDCD1	-0.15970650689668986
NUDCD2	0.1861034384396838
NUDCD3	0.08934882490909679
NUDT1	0.052833106649128325
NUDT10	-0.3002564271947552
NUDT11	0.1379572748731448
NUDT12	0.03438914562974915
NUDT14	-0.057688475523058
NUDT15	-0.010576345542329335
NUDT16	0.17418284293730224
NUDT16L1	0.11529783706992802
NUDT18	0.1712134804283707
NUDT19	-0.014464902854026462
NUDT2	0.08933435652666688
NUDT21	0.042752454293127094
NUDT22	0.05672848165637134
NUDT3	0.040431786941898196
NUDT4	0.13101943601201427
NUDT5	-0.201289626893292
NUDT6	0.10951197727665374
NUDT7	0.006811160174279962
NUDT8	-0.10735058819825838
NUDT9	-0.05213307303284154
NUF2	-0.18436463545467063
NUFIP1	0.07199766758957793
NUFIP2	-0.08730474857354409
NUMA1	-0.03592823271485912
NUMB	0.07809632337265171
NUMBL	0.1266264515463078
NUP107	0.02361640421285749
NUP133	0.06193667920028645
NUP153	-0.06967554434097067
NUP155	0.02472633518744516
NUP160	-0.0367844775979016
NUP188	0.011535172469113064
NUP205	-0.057651276057981704
NUP210	-0.24515911888755682
NUP214	0.018779565385049324
NUP35	0.14966460250456493
NUP37	0.09962985777045574
NUP42	0.07427721316242497
NUP43	0.14182964256805164
NUP50	-0.05479197948586645
NUP54	0.012995125127769569
NUP58	0.047116748127692176
NUP62	0.09680921879189697
NUP85	0.009910939325862955
NUP88	0.09382769357180365
NUP93	-0.006357056173634135
NUP98	0.0695703123893523
NUPR1	0.15981682705896283
NUS1	-0.02472179678110642
NUTF2	0.10160582181690003
NVL	0.015370298294993034
NXF1	-0.025649488863194847
NXN	0.062012616448807734
NXT1	-0.011762545223820808
NXT2	0.015642048341035775
NYAP1	-0.29905122562920994
NYNRIN	0.03969544786585466
OAF	0.053238665655658934
OARD1	0.05965939800654141
OAS1	-0.3491640399297715
OAS2	-0.3858955117908245
OAS3	-0.21117735577059094
OASL	-0.3725331422116689
OAT	-0.43964126245277413
OBI1	-0.06225879669171164
OBP2B	-0.4223512137281844
OBSCN	0.028345087203561548
OBSL1	0.03694572307081856
OCIAD1	0.06055450721686384
OCIAD2	-0.04467933319028816
OCLN	0.0015963599644983617
OCRL	-0.10509412072400792
OCSTAMP	-0.1697819899228925
ODF2	0.11986481098205104
ODF2L	0.03376597263444481
ODF3B	0.023291158493126574
ODR4	-0.09396809504685422
OFD1	0.0847041914932376
OGA	-0.07734941640004678
OGDH	0.1202177837821985
OGDHL	-0.01674964243487409
OGFOD1	-0.07509567030476916
OGFOD2	0.06141396578589564
OGFOD3	0.07664261475765599
OGFR	-0.09757670648648542
OGFRL1	-0.09964986329789838
OGG1	0.0585505560170283
OGN	0.32887748239054915
OGT	-0.01568174765234076
OIP5	-0.15953530023666573
OLA1	-0.029306585325958423
OLAH	-1.6945571115359819
OLFM1	-0.04891215624737555
OLFM2	0.35875194992486215
OLFM3	0.29430008263748775
OLFM4	-0.24288440298423453
OLFML1	0.3646607864980247
OLFML2A	0.03130728836204355
OLFML2B	0.05017487813748289
OLFML3	0.3538959780561939
OLR1	0.05341428750688415
OMA1	-0.3140931934358733
OMD	-0.06805547026092995
OPA1	0.12803760567372713
OPA3	0.018349829913685056
OPHN1	-0.032418808546571753
OPLAH	0.00027904279437507284
OPTN	0.02619772719271296
OR4C16	-0.2291882682042612
ORAI1	-0.18058994096060843
ORAI2	0.2511566962986471
ORC1	-0.03567954630149828
ORC2	-0.056061045445570556
ORC3	-0.058646925709652464
ORC4	-0.06372029633474341
ORC5	-0.0991885105737289
ORC6	-0.24290232112635302
ORM1	0.21069063899633633
ORM2	0.10461001254986613
ORMDL1	0.10499436384691307
ORMDL2	-0.2096240640622682
ORMDL3	-0.11895490937297026
OS9	-0.0059240865699194956
OSBP	-0.0044759103206750694
OSBP2	-0.17963330298878688
OSBPL10	-0.1042670085925188
OSBPL11	0.02873522974430287
OSBPL1A	-0.06921707799450161
OSBPL2	0.06386063543344633
OSBPL3	-0.09855522591576182
OSBPL5	0.04602980764868292
OSBPL6	0.02410966876344034
OSBPL7	0.12198173064715334
OSBPL8	-0.2346969355461077
OSBPL9	0.060879258946489045
OSCAR	0.14936043581888647
OSCP1	-0.10189292298476005
OSGEP	0.05183236518471901
OSGEPL1	-0.0031295213657944743
OSMR	-0.026634319359335024
OSTC	-0.13725919887318838
OSTF1	0.10035123636490084
OSTM1	0.07400897297846498
OTC	-0.770546240897005
OTUB1	0.043947347806671644
OTUB2	0.07373737628645216
OTUD1	0.014433085486292185
OTUD3	0.15312360730919572
OTUD4	-0.009835470681853309
OTUD5	-0.0031147657606105383
OTUD6B	-0.2270129114722792
OTUD7B	-0.03520800388285039
OTULIN	-0.04889787264626477
OTULINL	-0.2615309939722259
OTX1	-0.001301704005833848
OVCA2	0.08958530596035885
OVOL2	0.21135940546998544
OXA1L	-0.14779166318491477
OXCT1	-0.06576690328950008
OXLD1	0.10506617959600462
OXNAD1	-0.07052901793444377
OXR1	0.029207091580193634
OXSM	0.011331331947641132
OXSR1	0.08946013335951264
P2RX1	-0.24939484250476518
P2RX4	-0.05719289998962296
P2RX7	-0.03981913296509276
P2RY2	-0.2097169261942433
P2RY4	-0.03861602084998772
P3H1	0.19188928950060458
P3H2	-0.08186395657486756
P3H3	0.1542147452949294
P3H4	0.1712904971349971
P4HA1	0.12010022687252153
P4HA2	0.1507949265783246
P4HA3	0.2308217993161108
P4HB	0.07587884930369881
P4HTM	0.04181691264621534
PA2G4	0.037033208506823456
PAAF1	-0.03894288700917059
PABPC1	-0.02012507087448867
PABPC1L	-0.0014899174423490535
PABPC3	0.016417218026909097
PABPC4	-0.13140130565092178
PABPC5	0.14961430179573654
PABPN1	0.08292486339549043
PACC1	-0.23557719287352796
PACRG	0.2354767041280823
PACRGL	-0.09937018133567577
PACS1	0.11670790147945453
PACS2	0.11384327068743971
PACSIN1	-0.1969783278808812
PACSIN2	-0.13239207498747874
PACSIN3	0.08197941757437377
PADI2	-0.4473856999248049
PADI3	0.009946514592112266
PADI4	-0.4029377745648084
PAF1	0.02973484168735041
PAFAH1B1	0.05883038157132603
PAFAH1B2	0.15362622124794356
PAFAH1B3	-0.07407628927629162
PAFAH2	-0.02330364480978986
PAG1	-0.02975939607017608
PAGE2	-2.69682737568745
PAGE2B	0.441848073634322
PAGE4	-0.05932473317118436
PAGE5	-2.3838028990024256
PAGR1	-0.27644979443926054
PAICS	-0.1722122436639708
PAIP1	-0.06407037346437505
PAIP2	-0.07991520089424498
PAIP2B	-0.1818880044797453
PAK1	-0.21334435837893295
PAK1IP1	-0.13651992534215296
PAK2	0.15719809245002025
PAK3	-0.29117943757044173
PAK4	-0.0616066188597344
PAK6	0.032978534951652705
PALB2	0.018221319020192084
PALD1	0.03169320059737046
PALLD	0.22233037910041986
PALM	0.20659442256983596
PALM2AKAP2	-0.09983730871722685
PALM3	-0.04282190815464837
PALMD	0.2079995309838374
PAM	-0.013434040718909301
PAMR1	0.13347208200703875
PAN2	0.06004288859983831
PAN3	0.06159077905752852
PANK1	-0.10831427610901656
PANK2	0.062148582718315026
PANK3	0.014934239951159611
PANK4	0.0032773613364049936
PANX1	-0.04797213974649139
PAOX	0.2944625913769148
PAPLN	0.0016328283572519808
PAPOLA	0.028249851364070544
PAPOLG	-0.1528536734924053
PAPPA	0.09733905935901177
PAPSS1	-0.21521323409983495
PAPSS2	-0.2567325381571095
PAQR3	0.14660234531330119
PAQR4	0.07335364626761098
PAQR7	-0.1620396886345965
PARD3	-0.06538669540976905
PARD3B	0.12035050648267998
PARD6B	0.08588646542352407
PARD6G	0.1665347895051923
PARG	0.00047841587435826227
PARK7	0.034082881277033295
PARL	-0.28406323838848024
PARM1	-0.17340173552584304
PARN	0.06210055231536771
PARP1	-0.07461914511633339
PARP10	0.0675827316730313
PARP12	-0.04588174623193808
PARP14	-0.05954621854744957
PARP16	0.025225721191418415
PARP2	-0.12179526986066946
PARP3	-0.023011983795363733
PARP4	0.0967053843379233
PARP8	-0.11603556791875747
PARP9	0.05124771305042941
PARS2	0.010289827945253904
PARVA	0.2920895389432978
PARVB	-0.08039228858068981
PARVG	-0.07002058710816783
PASK	0.020264813478537036
PATJ	0.10372929603706282
PATL1	-0.11855179214712663
PATZ1	-0.0379999152094328
PAWR	0.1742626063953523
PAX9	-0.06601029390985325
PAXBP1	-0.019575477174356593
PAXX	0.12420531819399017
PBDC1	0.030630842730076324
PBK	-0.38389682276516623
PBLD	-0.18625839616691664
PBRM1	0.045563938262521475
PBX1	0.05352259850931418
PBX2	0.021039197949090038
PBX3	0.19419188736705806
PBXIP1	-0.06731822313588509
PC	-0.03689178598276399
PCBD1	-0.15676956073464865
PCBD2	0.20871016764998984
PCBP1	0.10495663065915295
PCBP2	0.06936140974465133
PCBP3	0.14509573053191716
PCBP4	-0.2486757090966698
PCCA	0.23033518026993605
PCCB	0.214047441689857
PCDH1	-0.04531640673662807
PCDH10	-0.18001572830599422
PCDH12	0.16210860665909266
PCDH18	-0.03418161195878611
PCDH19	-0.3758237364781465
PCDH7	0.1365501030456846
PCDH9	-0.3483739553152798
PCDHA9	0.49179162019743927
PCDHAC2	0.6000137420283949
PCDHB12	0.2847884946098507
PCDHB16	0.479380099378659
PCDHB2	-0.15792180069810868
PCDHB3	0.2043421616262151
PCDHB4	-0.24269592450671063
PCDHB8	0.18780150546110796
PCDHGA10	0.04560443636598066
PCDHGA5	0.4530386728347171
PCDHGB5	0.06708595974244247
PCDHGB6	-0.6055813974574722
PCDHGB7	0.1619975472276174
PCDHGC3	0.23900303200858453
PCDHGC5	-0.06186285351351373
PCED1B	-0.9418179644074094
PCF11	-0.015575300726805352
PCGF1	0.030172532920598627
PCGF2	-0.1283557264675892
PCGF3	0.03245955946225365
PCGF5	-0.061937410269202076
PCGF6	-0.06308854052805657
PCID2	-0.11101092067447027
PCIF1	0.08839999331560833
PCK1	0.1016927620889092
PCK2	0.004889548783214792
PCLAF	-0.2006589536359611
PCLO	-0.1448352430945512
PCM1	-0.027144280157656908
PCMT1	0.075318064918374
PCMTD1	0.052408430481133195
PCMTD2	-0.050788673568387566
PCNA	-0.15073053374248246
PCNP	-0.003460100130265431
PCNT	0.02438312324710168
PCNX1	-0.42010970187952523
PCNX3	-0.0024545735543064495
PCOLCE	0.20800621266592856
PCOLCE2	0.13865206247426087
PCP2	-0.2257065019081459
PCP4	-0.7206257922125978
PCP4L1	-0.5038504960065531
PCSK1	-3.361750677700094
PCSK1N	-0.5144483523146164
PCSK5	0.44803366032124003
PCSK6	-0.04448602516895761
PCSK7	-0.1259894888888553
PCSK9	0.019514042230925455
PCTP	0.044393097019668204
PCYOX1	0.05517464889042856
PCYOX1L	0.10202966867273311
PCYT1A	0.15207823778657925
PCYT1B	0.09814047636560197
PCYT2	-0.08677908238431442
PDAP1	-0.061294640809954615
PDCD10	0.06454192899184008
PDCD11	-0.09990712090229437
PDCD1LG2	0.06542974008818003
PDCD2	-0.1504300767989477
PDCD2L	-0.15952946379737476
PDCD4	0.06493408779983056
PDCD5	0.03754710446624543
PDCD6	0.08529937349215189
PDCD6IP	0.12735650060704273
PDCD7	-0.05463691226178469
PDCL	0.06992248247820498
PDCL3	0.04040896700456997
PDE12	-0.02186436340420883
PDE1A	0.12812841795039986
PDE1B	0.23783842835876357
PDE1C	-0.10082484476437781
PDE2A	0.13852165956186369
PDE3A	0.1605511405562794
PDE3B	0.1700454614117266
PDE4A	0.11243727857717012
PDE4B	-0.2454882690178657
PDE4D	-0.13170634301540574
PDE4DIP	0.12115493641638864
PDE5A	-0.19525590611887012
PDE6D	0.17158901786203273
PDE7A	0.05832859738187028
PDE8A	0.18190791377096716
PDF	0.06496295463161772
PDGFC	0.08961438134699051
PDGFD	-0.06007010984230732
PDGFRA	0.20888178792242762
PDGFRB	0.0928858204131231
PDGFRL	0.1649025454056101
PDHA1	0.07565949651628401
PDHB	0.11402443191013134
PDHX	0.04896751733088678
PDIA3	0.11637118429000992
PDIA4	-0.024594720450490826
PDIA5	0.09100710287147251
PDIA6	-0.057234529122908384
PDK1	-0.19957791928016277
PDK2	0.12430961111561345
PDK3	-0.1418436362988853
PDK4	0.11464220008474926
PDLIM1	0.03466456751757718
PDLIM2	0.1699045978835727
PDLIM3	0.09272986149629148
PDLIM4	0.33352536817406175
PDLIM5	0.12544660255218432
PDLIM7	0.1430230313865799
PDP1	0.03632313044705526
PDP2	0.03837585382157016
PDPK1	0.15877332653609955
PDPR	0.036146915941522195
PDRG1	0.05124454458065131
PDS5A	-0.07081331423008486
PDS5B	-0.04630409767844412
PDSS1	-0.004366577804317373
PDSS2	-0.11891882222383643
PDXDC1	0.024091645793507865
PDXK	0.045579438281350804
PDXP	-0.051356433553642944
PDZD11	0.1526436339655497
PDZD2	0.22931916328039392
PDZD8	0.011032106314488033
PDZK1	-1.4371303798199122
PDZK1IP1	-0.227754237653242
PDZRN3	0.0502313316447669
PEA15	0.1934506434520067
PEAK1	0.1594269321427042
PEAK3	-0.11106054217307815
PEAR1	0.018430072091373262
PEBP1	0.11417736313595128
PEBP4	0.2744801961022425
PECAM1	-0.00847302973280506
PECR	0.19845508774457343
PEF1	0.13442938431069607
PEG10	-0.1313253372880716
PEG3	-0.7365210632516224
PELI1	0.13600417861111858
PELO	0.06507122023493395
PELP1	-0.019624274205220615
PEMT	0.1533576735247184
PEPD	0.06040581991340588
PER1	-0.24155934984203853
PER2	0.0193800152629926
PER3	0.1545789010099945
PES1	-0.12455178479084594
PET100	0.06006143736425251
PET117	0.08724977691513125
PEX1	0.003776752514813353
PEX10	0.005721873221471441
PEX11A	-0.2863559563826783
PEX11B	-0.15000059072792027
PEX11G	-0.221685923569515
PEX12	-0.1519722035983655
PEX13	-0.13830394569293603
PEX14	0.03151755675207113
PEX16	-0.16713786812870168
PEX19	0.12777415046410567
PEX2	-0.2239618334834539
PEX26	-0.04631204361430363
PEX3	-0.0805782140189173
PEX5	0.08355597401812176
PEX5L	-0.09531713491204741
PEX6	0.07705880051796399
PEX7	-0.0033553712953633408
PF4	-0.5594578045681153
PFAS	0.0038182454866166893
PFDN1	0.1890675678331455
PFDN2	0.07565114381580429
PFDN4	0.06761461175615757
PFDN5	0.0924809982274617
PFDN6	0.09700177220252115
PFKFB2	-0.15854961988309135
PFKFB3	-0.17935693399664387
PFKFB4	0.06687681001615431
PFKL	-0.03131600118701883
PFKM	0.11315294879072013
PFKP	-0.1585952321892421
PFN1	0.03568223902351697
PFN2	-0.04463143177896711
PGAM1	0.12380018440916629
PGAM2	0.15591114099496295
PGAM5	-0.07315565398771184
PGAP1	0.07450302282892096
PGAP6	0.1336849287373596
PGBD2	-0.02514775827599358
PGC	-0.270288538907586
PGD	-0.020762441092461614
PGGHG	0.015149801694985143
PGGT1B	0.05775107879292918
PGK1	0.03472704396255466
PGK2	0.08797982298252194
PGLS	0.14532192475303418
PGLYRP1	-0.3160654010128958
PGLYRP2	0.2689824762708355
PGM1	0.1599501015165785
PGM2	0.0905203154418075
PGM2L1	-0.025001760599195677
PGM3	0.07673865078320752
PGM5	0.08353868625602345
PGP	0.03670523005599691
PGPEP1	0.11382190579286089
PGR	-0.9586782796963931
PGRMC1	-0.38003704194531096
PGRMC2	-0.1905247284535534
PGS1	0.03511468332416534
PHACTR1	-0.4254273228226495
PHACTR2	-0.12289945829454041
PHACTR4	0.033983283870867353
PHAX	0.10164191955267299
PHB	0.042821208564259194
PHB2	0.06252532158400115
PHC1	0.02621790883875974
PHC2	-0.02635722046478506
PHC3	0.06677457988344433
PHETA1	0.04122135784880854
PHETA2	0.06590902304150958
PHF1	0.03561684654525621
PHF10	-0.055902094716046236
PHF11	0.02704482108827122
PHF12	0.0012526561205419284
PHF13	0.10444080614745843
PHF14	0.06968684351107868
PHF2	0.09108014138304199
PHF20	0.15071503388513108
PHF20L1	-0.02635673296436636
PHF21A	0.04942991801104668
PHF21B	0.10589496260298947
PHF23	0.03974247147743881
PHF3	-0.06040944035092366
PHF5A	0.07854027613859316
PHF6	-0.18579926038266237
PHF8	-0.0005635410407638375
PHGDH	-0.23529487293567541
PHIP	0.033666506685314346
PHKA1	-0.14855955095625362
PHKA2	0.02599878145676726
PHKB	-0.09428248302175035
PHKG1	-0.024977272859075583
PHKG2	-0.008878414152455605
PHLDA1	-0.25144479131931163
PHLDA2	-0.19648492085440594
PHLDA3	0.3239405613928632
PHLDB1	0.23799530600465602
PHLDB2	0.20757967240393072
PHLDB3	-0.06799485275440276
PHLPP1	0.10079164692417208
PHLPP2	0.027729926571293362
PHOSPHO2	0.011230432233874765
PHPT1	0.07140416638342373
PHRF1	0.07932255695245871
PHYH	-0.0405824119175513
PHYHD1	-0.1949023909924783
PHYHIPL	-0.013207117678543767
PHYKPL	0.2096227663717265
PI15	-0.4852646087797119
PI16	0.10562273846824155
PI3	-0.46818851514235504
PI4K2A	0.042115546181410224
PI4K2B	-0.018128252620922325
PI4KA	-0.014054290802604896
PI4KB	-0.04463753584220598
PIAS1	0.023175586125017134
PIAS2	-0.002536741814225252
PIAS3	0.030474251154767984
PIAS4	0.05075963674011774
PIBF1	0.13358680550217983
PICALM	0.15466081942915366
PICK1	-0.1057990632898047
PID1	0.15151306310727364
PIEZO1	-0.1996937624982209
PIGA	0.022016457122417066
PIGB	0.14753240949394986
PIGBOS1	0.20731496717687214
PIGG	0.05046995533539267
PIGH	-0.15510049944218096
PIGK	0.007512487856601524
PIGM	-0.06587298890230642
PIGN	-0.1053127768401545
PIGO	-0.25275008008173216
PIGQ	0.010204620067129966
PIGR	-0.5088863554933241
PIGS	-0.05426589691017014
PIGT	-0.027103930901699158
PIGU	-0.20469504335480693
PIGX	0.027959636998067694
PIH1D1	0.015242963035579038
PIK3AP1	-0.119997066684018
PIK3C2A	-0.003291830395980355
PIK3C2B	0.08714053899205254
PIK3C2G	-0.1956104342146041
PIK3C3	0.04650594289795151
PIK3CA	0.11504271065080474
PIK3CB	0.050106017966534466
PIK3CD	-0.07498523936692436
PIK3CG	-0.024051830296460963
PIK3IP1	-0.03919274966260389
PIK3R1	0.1426990199685676
PIK3R4	0.04879786579622092
PIK3R5	-0.051715005430832406
PIK3R6	-0.004827909795357854
PIKFYVE	0.012989754560553735
PILRA	-0.011977622252727471
PIM3	0.25452110856404175
PIMREG	-0.23605871032100723
PIN1	0.05719331658463389
PIN4	0.11952468505455727
PINX1	-0.07489175932001757
PIP	-1.4710074988701614
PIP4K2A	0.0911160639751607
PIP4K2B	-0.2371231341014841
PIP4K2C	0.08296086256980928
PIP4P1	-0.08791812231687146
PIP4P2	-0.1335713361469466
PIP5K1A	0.013550352863436643
PIP5K1C	0.17121328923070323
PIPOX	0.11344563487099446
PIR	-0.001838658135952187
PISD	-0.050358468507681664
PITHD1	-0.18920063877082427
PITPNA	0.034055014749576173
PITPNB	-0.05920437870986106
PITPNC1	-0.04684716062650551
PITPNM1	-0.08404675855920019
PITPNM2	0.0734758934379034
PITPNM3	-0.1350413722484305
PITRM1	0.048115118140916735
PITX1	-0.08207984245503042
PJA1	-0.026840306876763975
PJA2	0.010916090911802456
PJVK	0.23029263974160585
PKD1	0.04031458391183307
PKD2	-0.07368227645110004
PKIA	0.0021748931536809124
PKIB	-0.2829656487728549
PKIG	0.1166570228066135
PKLR	-0.08012246173044701
PKM	0.14082118996885562
PKMYT1	-0.0981936245429651
PKN1	0.04312678226037647
PKN2	0.013356998546989018
PKN3	-0.062258106940529245
PKNOX1	0.10596859879593445
PKP1	-0.9599161610805425
PKP2	-0.5571647149834575
PKP3	-0.027407578054141624
PKP4	-0.007539044420571628
PLA1A	-0.18521859053826173
PLA2G10	0.04169334977054184
PLA2G12A	-0.15070636406784388
PLA2G15	0.10189845638351969
PLA2G1B	0.22946614866470405
PLA2G2A	-0.02640647909444027
PLA2G3	0.24804046128200063
PLA2G4A	-0.4731096012544711
PLA2G4C	-0.1193775452180974
PLA2G4F	0.00013498534842959486
PLA2G6	-0.08280294589622628
PLA2G7	0.004163461061018836
PLA2R1	-0.031076696087531275
PLAA	-0.08471053047291477
PLAAT3	-0.256141369419673
PLAAT4	-0.12046804911033959
PLAC9	0.22126454686036823
PLAGL2	0.023058091320375063
PLAT	-1.2155953046095043
PLAU	0.059393523343644006
PLAUR	-0.07498558310263803
PLBD1	-0.058629506970476086
PLBD2	0.10707136393090977
PLCB1	-0.13725584849728278
PLCB2	0.05488226413714514
PLCB3	0.03931738993716394
PLCB4	-0.17377448681008545
PLCD1	0.12696582734281847
PLCD3	0.16882769621251725
PLCD4	-0.03706799996478338
PLCE1	-0.2241903922250401
PLCG1	-0.008197108709776302
PLCG2	-0.2962519955472942
PLCH1	-0.09090643573061286
PLCH2	0.21894721725221622
PLCL1	-0.1755929427289935
PLCL2	0.08381914334790963
PLCXD3	0.35751014955784477
PLD1	0.006270151699460769
PLD2	0.04909933497026486
PLD3	-0.011929128422050184
PLD4	0.16623223770073636
PLEC	0.0786559200682504
PLEK	-0.13661792302584885
PLEK2	0.007240104016062787
PLEKHA1	-0.05360852089096113
PLEKHA2	0.10781473449149814
PLEKHA3	0.09422927117729074
PLEKHA4	-0.1556452694900301
PLEKHA5	0.15111582387921985
PLEKHA6	-0.14886942735684983
PLEKHA7	-0.06722338381949555
PLEKHA8	0.1587020436705524
PLEKHB1	0.06346928532363094
PLEKHB2	-0.03576577955505833
PLEKHD1	-0.5737606445314718
PLEKHF1	0.09025479925693602
PLEKHF2	0.010869640666541613
PLEKHG1	-0.13373379809224062
PLEKHG2	0.044277564564975336
PLEKHG3	-0.037663804774418
PLEKHG4	0.043175342686677
PLEKHG4B	0.05098075801041446
PLEKHG5	0.015714640592239704
PLEKHG6	-0.09819806227473649
PLEKHH2	0.12614879665352774
PLEKHH3	0.08899284999745483
PLEKHJ1	0.08707940697163963
PLEKHM1	0.10588568303705337
PLEKHM2	0.1227833160656786
PLEKHM3	-0.1834098819295802
PLEKHN1	0.10530847208172744
PLEKHO1	-0.012463957325604014
PLEKHO2	0.04104312431004686
PLEKHS1	-0.48337794121198563
PLG	0.041054648458363374
PLGRKT	-0.14841768124620458
PLIN1	0.2401339224927206
PLIN2	-0.6382531112105241
PLIN3	0.10808264825094938
PLIN4	0.0926396890961918
PLIN5	0.06671390843519376
PLK1	-0.3408419587936464
PLOD1	0.06750531438711249
PLOD2	-0.1440886717775296
PLOD3	-0.1695065612461626
PLP2	0.08983811545332898
PLPBP	-0.16723992589414038
PLPP2	-0.3056773741176606
PLPP3	-0.14303016428051052
PLPP6	-0.18516966362829024
PLRG1	-0.10116792849554912
PLS1	-0.038506623022744435
PLS3	0.22348137402009272
PLSCR1	-0.43065204311038485
PLSCR3	0.05055561563337818
PLSCR4	-0.01330630073802297
PLTP	0.16210639731437837
PLVAP	0.09552266497909301
PLXDC1	0.16930059179656354
PLXDC2	0.16851653153656088
PLXNA1	0.13164745560235858
PLXNA2	0.00453145782641684
PLXNA3	0.07636874302181695
PLXNA4	-0.33995108636947435
PLXNB1	0.18181971044664635
PLXNB2	0.05248050484579636
PLXNB3	-0.22314112287252108
PLXNC1	0.09780258948681819
PLXND1	0.03455227391419058
PM20D2	-0.9343889921126518
PMAIP1	-0.08272589345527948
PMF1	0.14266812620113
PMFBP1	-0.40870861913422907
PML	-0.018403044443942917
PMM1	0.007619294968012724
PMM2	0.07378481754159694
PMP2	-0.641523431992038
PMPCA	0.08201007946832206
PMPCB	0.08549020116155859
PMS1	-0.04283278907161048
PMS2	0.08773062322004677
PMVK	0.028124136723983284
PNISR	0.0076590926436814755
PNKD	0.005184165139198171
PNKP	0.035173818180329164
PNMA1	0.05260042583402935
PNMA2	0.42375616182323306
PNMA8A	-0.39836277110989826
PNMA8B	-0.06595013324120913
PNMT	-1.949410456714464
PNN	0.014931310751771676
PNO1	-0.11783540560799821
PNP	0.025854681076122432
PNPLA2	-0.164485908048281
PNPLA4	0.12449164051798434
PNPLA6	-0.04028346562972018
PNPLA7	-0.005860165597500355
PNPLA8	0.00503983054886703
PNPO	0.15796580794636483
PNPT1	-0.068457083414593
PNRC1	-0.20886864784593762
PNRC2	-0.2408360485986396
POC1A	0.015444146565339878
POC1B	0.00410580609706912
POC5	0.08344525555754245
PODN	0.3618684083675525
PODNL1	-0.038905972695893354
PODXL	-0.5407595041965774
PODXL2	-0.004244268497473058
POF1B	-0.11876229802088645
POFUT1	0.187553849378169
POFUT2	0.07653441154054619
POGK	-0.0001317061043479839
POGLUT1	-0.019684156459472746
POGLUT2	0.24290291940263842
POGLUT3	0.28607991851603387
POGZ	-0.025100281770999544
POLA1	-0.12814694114595682
POLA2	-0.052001124166997315
POLB	-0.20791197363193703
POLD1	-0.1702976728497596
POLD2	-0.15932015301067892
POLD3	-0.23958057259367038
POLD4	0.10925098102175568
POLDIP2	0.06090086142188156
POLDIP3	-0.05358553573466196
POLE	-0.09386447626436834
POLE2	-0.04692899084868074
POLE3	0.011502644505775095
POLE4	-0.08230451931095217
POLG	0.08822546442456769
POLG2	0.010959705598086344
POLH	0.02435025120932721
POLI	0.01723354980114067
POLK	0.08547249251964928
POLL	0.05133586539569279
POLM	0.1679369360197569
POLR1A	-0.04886639569325624
POLR1B	-0.08008380100636003
POLR1C	0.11317708595628062
POLR1D	-0.09346033733451264
POLR1E	-0.2939850315366819
POLR2A	0.018734850711300766
POLR2B	0.027773603076372666
POLR2C	0.13494960330037978
POLR2D	0.11315662803073678
POLR2E	0.0756504421185511
POLR2F	0.07640318381758959
POLR2G	0.05043851950444278
POLR2H	-0.09694493248379388
POLR2I	0.1039762096584873
POLR2K	0.1272160290081885
POLR2L	0.21567614253530998
POLR2M	0.12055355749966079
POLR3A	0.05065341631883413
POLR3B	0.07816511723991937
POLR3C	-0.018634061106780564
POLR3D	0.07275915781896458
POLR3E	0.043778142828379885
POLR3F	0.05052379397818285
POLR3G	-0.684767188005944
POLR3GL	0.1896261519563467
POLR3H	0.05338699738301855
POLR3K	0.09413212199288168
POLRMT	-0.12427086307869217
POM121	0.05770107952226411
POM121C	0.019663761014925285
POMGNT1	-0.08618253982137247
POMGNT2	0.07787560961981299
POMK	-0.022698398728092428
POMP	0.13891668877642616
POMT1	-0.0696468310785292
POMT2	-0.9390704006684647
PON1	0.1355815982484394
PON2	0.03425335137347929
PON3	-0.15455409445765156
POP1	-0.17890629231913735
POP4	0.029777601259366904
POP5	-0.14877183259357807
POP7	0.09163153488320575
POR	-0.3539645634341291
PORCN	-0.17786649342676775
POSTN	0.08821903601090142
POT1	0.029530697020113905
POTEF	0.018280538926713774
POTEI	0.20813053135427495
POTEJ	-0.07626955666496826
POU2AF1	-0.26640747789496544
POU2F1	0.13138221595205835
POU2F2	-0.3013277517918116
POU2F3	0.0017018307375522568
POU3F4	0.6729283689980257
PPA1	-0.062489114591933514
PPA2	0.09797732978581664
PPARD	-0.03270499252367287
PPARG	0.14234377367877826
PPAT	-0.15709668201608196
PPBP	-0.42203905900912275
PPCDC	0.11178293426615937
PPCS	0.03516648501958386
PPDPF	0.10152092980049687
PPFIA1	-0.13197351869077423
PPFIA3	-0.2470029872565398
PPFIA4	-2.9874307784028176
PPFIBP1	0.1485735113516764
PPFIBP2	0.023910948948103083
PPHLN1	-0.017466220827714096
PPIB	0.17312265023226203
PPIC	0.288562982814053
PPID	0.014910814555875618
PPIE	-0.09240477743710329
PPIF	0.01684440489737682
PPIG	0.10611458352066094
PPIH	0.0668569796184002
PPIL1	0.07047352432128662
PPIL2	0.0401083247873224
PPIL3	0.1316514734056753
PPIL4	0.05622147274127798
PPIP5K1	-0.0895974532922601
PPIP5K2	0.042221554695526464
PPL	0.04123083314764742
PPM1A	0.08495393626631476
PPM1B	-0.14160008511895583
PPM1D	0.008504871665010683
PPM1E	-0.2656306061658693
PPM1F	0.13888831774391264
PPM1G	-0.15335120975875327
PPM1H	-0.05635539905019016
PPM1J	-0.01591420159912893
PPM1K	0.1003312405419905
PPM1L	-0.15907157772391223
PPM1M	0.009750435768214771
PPME1	0.04906952506678053
PPOX	0.10084455005595316
PPP1CA	0.060235236197264896
PPP1CB	0.020515654143256512
PPP1CC	0.10255918029372069
PPP1R10	-0.11844167211814849
PPP1R11	0.040017586906881064
PPP1R12A	0.16066651255838593
PPP1R12B	0.14534962261219064
PPP1R12C	0.14421120050064928
PPP1R13B	0.023897259585382358
PPP1R13L	0.1328861986839449
PPP1R14A	-0.08392974368469197
PPP1R14B	-0.04488452523736086
PPP1R14C	-1.6240816624255832
PPP1R15B	0.11080222441242427
PPP1R16A	0.026219334384549597
PPP1R16B	-0.22629494807513773
PPP1R1A	-0.7745985430914821
PPP1R1B	-0.7498141090229105
PPP1R2	-0.018464963286561442
PPP1R21	0.13567243775401394
PPP1R35	0.09534073208987337
PPP1R37	0.010014326280291641
PPP1R3B	0.1858293179795396
PPP1R3D	-0.8369285835351477
PPP1R3E	0.13933169673975065
PPP1R3G	0.0219078964079209
PPP1R42	-0.17404690586683813
PPP1R7	0.1010647500897992
PPP1R8	0.03640881302033705
PPP1R9A	-0.11241899712149817
PPP1R9B	0.03583452824554101
PPP2CB	0.08031126939781785
PPP2R1A	0.07658538296063355
PPP2R1B	-0.01809553638124939
PPP2R2A	0.023643614205507646
PPP2R2B	0.21321459540015475
PPP2R2D	0.13377339909471786
PPP2R3B	-0.07157576913290775
PPP2R3C	0.0610859678277933
PPP2R5A	-0.0192649409834722
PPP2R5B	0.09378940219021814
PPP2R5C	-0.049973035304653024
PPP2R5D	-0.0017266231366299678
PPP2R5E	-0.005263442263839124
PPP3CA	-0.03206764096835002
PPP3CB	0.05143198649111014
PPP3CC	0.06407702208402455
PPP3R1	0.06273066910532776
PPP4C	0.0025564537646758367
PPP4R1	0.06884085290845121
PPP4R2	0.003062679812032343
PPP4R3A	-0.10909399172894041
PPP4R3B	-0.008706380156194626
PPP5C	-0.009240526831185036
PPP6C	0.03721291572882102
PPP6R1	-0.04096570347288164
PPP6R2	-0.06219427021538948
PPP6R3	-0.012770798762538504
PPRC1	-0.1726653772997908
PPT1	-0.06448010232539403
PPT2	-0.0955294026885376
PPTC7	0.1424205613879863
PPWD1	0.0623193929465522
PQBP1	0.04860482204206917
PRADC1	0.10438360420123871
PRAF2	-0.16048310594092285
PRAG1	-0.05321591814149684
PRAM1	0.09121812605782154
PRAME	0.1790190645547689
PRC1	-0.2931265719975684
PRCC	0.026936389316734477
PRCP	0.03738137076924275
PRDM1	-0.016792837243229997
PRDM10	0.0584387935559505
PRDM11	-0.4914865212571957
PRDM15	0.041997927027951576
PRDM16	0.3812470640701928
PRDM2	0.007292168037736246
PRDM4	0.2502675776065928
PRDX2	-0.03455841752531441
PRDX3	0.18082481764959724
PRDX4	-0.1243919311521644
PRDX5	0.1907189666483653
PRDX6	0.16843958855405106
PREB	-0.150171876602176
PRELID1	0.06698197428014652
PRELID3B	0.10930409553892417
PRELP	-0.09300133932338994
PREP	-0.05700393587506625
PREPL	0.1278617789864107
PREX1	-0.4049056187880069
PREX2	0.10773222700774276
PRF1	-0.21552920699408062
PRG2	-0.21808924340581015
PRG3	-0.19896317050529433
PRG4	0.024079125777898724
PRICKLE1	-0.2543793754615038
PRICKLE2	0.2217605922353858
PRICKLE3	0.1329293009828234
PRIM1	-0.07615666508755581
PRIM2	-0.10172326191283787
PRIMPOL	0.08390124641170793
PRKAA1	0.019437169074286942
PRKAA2	-0.24372714761306824
PRKAB1	0.08916168692048743
PRKAB2	-0.012884776022758615
PRKACA	-0.0829212327950728
PRKACB	-0.2804490948913507
PRKAG1	0.08574791701685669
PRKAG2	-0.02035432970270179
PRKAR1A	0.03863263468221234
PRKAR1B	-0.12437136897454515
PRKAR2A	0.229748108096409
PRKAR2B	0.08737661726692991
PRKCA	-0.012834699410014139
PRKCB	-0.27233334133856957
PRKCD	-0.0635822742760972
PRKCE	-0.1210939987821007
PRKCH	-0.035190762926383456
PRKCI	-0.009117180099629252
PRKCQ	-0.2048602256702612
PRKCSH	-0.06382718364550755
PRKCZ	0.18475306399146518
PRKD1	0.1661979100630866
PRKD2	0.0011311631847661374
PRKD3	0.13449297180135744
PRKDC	-0.13271053629249252
PRKG1	0.1718392700884852
PRKG2	0.1477698713069433
PRKN	-0.05662172175561153
PRKRA	0.10895263760265195
PRKRIP1	0.046576541005148187
PRKX	-0.2585282712372514
PRLR	-0.11787593650778838
PRMT1	0.00031895625535582894
PRMT2	0.04931266236920351
PRMT3	-0.02198361978437191
PRMT5	0.040578034970867094
PRMT6	-0.18345333625127225
PRMT7	0.026899396373256224
PRMT9	0.001963814642831352
PRNP	-0.10782403545949037
PROC	0.26306003270924094
PROCR	0.0684960695921557
PRODH	-0.8184477190422861
PROM1	-0.6105158161212607
PROM2	-0.31779971686188624
PROS1	0.12224063249166406
PROSER1	-0.06514488887802727
PROSER2	-0.009070086361539609
PROSER3	0.01408206198178874
PROX2	0.10218298756812239
PROZ	0.1164077004062527
PRPF18	-0.13352951395627954
PRPF19	0.019504683550042756
PRPF3	-0.07322457493727796
PRPF31	0.03990074283295186
PRPF38A	0.05642869505872028
PRPF38B	-0.07689775262088006
PRPF39	0.031897648959688496
PRPF4	-0.008402418926376498
PRPF40A	0.01633152623795553
PRPF40B	0.09581601838072373
PRPF4B	-0.01587827099248429
PRPF6	0.027482361075264805
PRPF8	-0.0017019459008693616
PRPH	0.06864542585086753
PRPS1	0.045577568305184
PRPS2	-0.09820135557652421
PRPSAP1	0.06582389360884733
PRPSAP2	0.08413804008853276
PRR11	-0.014125048980980992
PRR12	0.04934894908106813
PRR14	0.1500502141912161
PRR14L	-0.14135079028567077
PRR15	-0.15989411987779434
PRR15L	0.07225097436748484
PRR3	-0.0777128702505081
PRR36	0.034145925434632574
PRR5	0.1265599373682491
PRR5-ARHGAP8	0.2432768636989131
PRR5L	0.022517968815726874
PRRC1	0.0591493210584737
PRRC2A	-0.10241966458296403
PRRC2B	0.06149451435753406
PRRC2C	-0.07455430979940658
PRRG1	-0.30996378936231395
PRRT3	-0.4532029785918983
PRRX1	0.1615384388174519
PRRX2	0.18084235717945774
PRSS1	0.35584971690337586
PRSS2	-0.9530685018083567
PRSS22	0.3737926655375503
PRSS23	-0.9758547854864368
PRSS56	0.05160806110092153
PRSS57	-0.11084139505880053
PRSS8	0.004737832944694986
PRTFDC1	-0.377189079429467
PRTN3	-0.9349675876508954
PRUNE1	-0.10179087609935777
PRUNE2	-0.014779106574909662
PRXL2A	-0.2334924351597394
PRXL2B	0.06130676152396575
PRXL2C	0.08511210026436089
PSAP	-0.09885113361393749
PSAT1	-0.7980368371543882
PSCA	-1.7561451241026393
PSD3	0.13152032059894392
PSD4	0.011056738073499162
PSEN1	-0.015586913489872956
PSEN2	-0.20092544992431627
PSIP1	-0.36273322682677644
PSMA1	0.12054085889959865
PSMA3	0.1311946714659875
PSMA4	0.10250934704455616
PSMA5	0.10888749892513516
PSMA6	0.09448591455987909
PSMA7	0.09619575205780251
PSMA8	0.14872912646297465
PSMB1	0.09935611151394497
PSMB10	-0.10325568786373651
PSMB2	0.034193718638579895
PSMB3	0.07606656153892288
PSMB4	0.08476557745402857
PSMB5	0.13940127935757474
PSMB6	0.20544212745094015
PSMB7	0.15536929913374564
PSMB8	-0.008348043823048101
PSMB9	-0.07347206785409455
PSMC1	0.048100518086226174
PSMC2	0.08407091982748938
PSMC3	0.10765406844839376
PSMC3IP	-0.28614028918558887
PSMC4	0.07028764179107583
PSMC5	0.09341940579549757
PSMC6	0.09292304717945399
PSMD1	0.035565777658614905
PSMD10	0.058988809625518
PSMD11	0.10131591865280143
PSMD12	0.1306457782977759
PSMD13	0.04962785991099139
PSMD14	0.09981657818685008
PSMD2	0.05776461502875918
PSMD3	0.00472088051824926
PSMD4	0.06261998513341283
PSMD5	0.08378906385109275
PSMD6	0.028687946620102878
PSMD7	0.08728987840802915
PSMD8	0.06902929078000142
PSMD9	0.09202813090999484
PSME1	-0.014221211350037066
PSME2	-0.17817308181189162
PSME3	-0.05505244891773131
PSME3IP1	0.03286240235016891
PSME4	-0.21430733608037045
PSMF1	0.0255598920158846
PSMG1	-0.05678702450451212
PSMG2	-0.14384144949057998
PSMG3	0.05113784000429433
PSMG4	0.07541852082917444
PSPC1	0.05605221506299429
PSPH	0.01062128414145036
PSRC1	-0.26485004768366593
PSTK	-0.07878597796120701
PSTPIP1	-0.026603420667431266
PSTPIP2	0.018508123260847498
PTAFR	0.04752323498185973
PTAR1	0.06783887073905603
PTBP1	0.018619814930861622
PTBP2	-0.45484257202338796
PTBP3	-0.027260461365429478
PTCD2	-0.0029497764690766815
PTCD3	-2.2186082890840453e-05
PTDSS1	-0.3231405823389224
PTDSS2	-0.1128948175157074
PTEN	-0.016661237871854695
PTER	0.14427192909851172
PTGES	-0.48355457270185553
PTGES2	0.13582733109043943
PTGES3	-0.01905558496966009
PTGFRN	0.07137084868137578
PTGIS	0.032400624899995734
PTGR1	-0.013183834672723549
PTGR2	-0.04379568082158869
PTGS1	0.1322464081825636
PTHLH	-0.8028990882348737
PTK2	0.05092651315424668
PTK2B	-0.0558462580510124
PTK6	-0.19266059887273812
PTK7	-0.05222291470055396
PTMA	-0.25945632323672285
PTMS	-0.09193628536441523
PTN	-0.43548749858899427
PTOV1	-0.18099321944879243
PTP4A1	-0.06686953730023859
PTP4A2	-0.005502615858318904
PTP4A3	0.011857179766131765
PTPA	0.11115524767616058
PTPDC1	0.08611188373395962
PTPMT1	0.04893756290669771
PTPN1	-0.08236981461421422
PTPN11	0.09651360840352119
PTPN12	-0.016711062950811595
PTPN13	0.17892117157930443
PTPN14	0.058332269049426344
PTPN18	0.024486347710418244
PTPN2	-0.12972268564790568
PTPN21	0.056477349009274036
PTPN22	-0.1501333906589437
PTPN23	0.10558672938176272
PTPN3	0.06718836896665437
PTPN4	-0.2646103689704482
PTPN6	-0.11005493312704573
PTPN7	-0.14574276510410655
PTPN9	0.10752926589884382
PTPRA	0.026075888689938154
PTPRB	-0.06043093163905766
PTPRC	-0.4021777551650132
PTPRCAP	-0.4619041240892159
PTPRD	0.08471886774731867
PTPRE	-0.051853497924739145
PTPRF	-0.20706277156274666
PTPRG	0.11779949512816401
PTPRJ	-0.018378897835489738
PTPRK	-0.11392888308188986
PTPRM	0.11872985566594707
PTPRN2	-0.5276629071229024
PTPRO	-0.13574259597972826
PTPRS	0.14495701862851007
PTPRT	-0.3046789771119567
PTPRU	0.14316429794578056
PTPRZ1	-0.09460642511612605
PTRH1	-0.016264088064684046
PTRH2	-0.41644036396836626
PTRHD1	-0.020333987308600143
PTS	-0.23209071396039604
PTTG1	-0.05501570430155667
PTTG1IP	-0.30220312479746525
PTX3	-0.278092494002653
PUDP	0.1037740472788844
PUF60	0.07510619336400026
PUM1	0.05473784275476312
PUM2	0.05577442165280644
PUM3	-0.21866838820968937
PURA	0.07436624028556338
PURB	0.09584866457312202
PUS1	-0.154750486348469
PUS10	-0.1167908101878723
PUS3	-0.09719605034558398
PUS7	-0.21396509628808857
PUS7L	0.09095307935206165
PUSL1	-0.014161048839447687
PVALB	-1.715196143639778
PVR	-0.20201065241658256
PWP1	0.10707261824961023
PWP2	-0.1339743803884339
PWWP2A	0.0977976878851301
PWWP2B	0.018433014372133627
PWWP3A	0.09089432499343708
PWWP3B	-0.05937954050654781
PXDC1	0.12217938693461505
PXDN	0.0938217107385988
PXDNL	-0.07209074460105569
PXK	0.0971067055867536
PXMP2	-0.06276901986020889
PXMP4	-0.8183754673757164
PXN	0.21421604053782417
PXYLP1	-0.1476853582266422
PYCARD	0.04981741426156461
PYCR1	-0.10658135498134058
PYCR2	-0.09018586518983795
PYCR3	-0.033148091366808075
PYDC1	-0.4743884019307938
PYGB	-0.001660827163910028
PYGL	0.11301405571508027
PYGM	0.1396842962013558
PYGO1	0.12477391140227212
PYGO2	-0.0005783616144725556
PYHIN1	-0.46851127256183744
PYM1	0.06970401874360377
PYROXD1	-5.650516495236957e-05
PYROXD2	0.11438127345461169
PYURF	0.10845496427576862
PZP	0.1313350655547474
QARS1	0.019989499343534334
QDPR	-0.454108811837024
QKI	0.05002890200879939
QPCT	-0.09471066427934005
QPCTL	0.037929919212988494
QPRT	-0.44505011299987274
QRICH1	0.06809510082280212
QRSL1	0.03700454306811807
QSER1	-0.16990410265366407
QSOX1	-0.1568559050796381
QSOX2	0.030228774388099566
QTRT1	0.018776857571861427
QTRT2	-0.01622032448716837
R3HCC1	0.10162700725190632
R3HCC1L	0.07028448750282124
R3HDM1	0.04074437179747292
R3HDM2	0.06328365815121373
R3HDM4	0.041477803510353795
RAB10	-0.28193931777285286
RAB11A	-0.08085261736303373
RAB11B	-0.02736653238416764
RAB11FIP1	-0.18274126154523174
RAB11FIP2	0.12419308866216738
RAB11FIP3	0.2867659828563447
RAB11FIP4	0.07001530330967753
RAB11FIP5	0.22802274763586539
RAB12	-0.13853927905275398
RAB14	-0.07948870892921889
RAB15	-0.3426880843421092
RAB17	-0.2391854497687831
RAB18	-0.14460147564028958
RAB19	-0.018812083130878676
RAB1A	-0.013207268169797004
RAB1B	-0.17250440081308938
RAB20	0.06500781553457458
RAB21	-0.0965240455287244
RAB22A	-0.02147924334801843
RAB23	0.24525383041563487
RAB24	-0.05288006253651645
RAB25	-0.10144422042540313
RAB27A	-0.23722923322261025
RAB27B	-0.040579423361535305
RAB28	0.06636829626565088
RAB29	-0.29393365175164377
RAB2A	-0.14014500834888466
RAB2B	-0.12337499654187312
RAB30	-0.3696420094488033
RAB31	-0.09906328000485587
RAB32	-0.10256289115651285
RAB33B	-0.03621683540004028
RAB34	-0.174177720912013
RAB35	-0.08280893308497639
RAB36	0.12748036218038727
RAB37	0.01756623755327169
RAB38	-0.05141748426677495
RAB39A	-0.4875134200499822
RAB3A	-0.8357852893490207
RAB3B	-0.3421467332004866
RAB3C	0.07353438821554903
RAB3D	-0.3202851833627882
RAB3GAP1	0.0162653596102853
RAB3GAP2	0.044083588038621
RAB3IL1	0.18357816495706203
RAB3IP	-0.05898135536320481
RAB40C	0.1872349673095357
RAB42	0.08664297385330855
RAB43	-0.2742712236360383
RAB44	0.15094317440552985
RAB4A	-0.16136497237788205
RAB5A	-0.17496394268567173
RAB5B	-0.028125681509695966
RAB5C	-0.07529419874770937
RAB5IF	-0.17436583503892322
RAB6A	-0.18279018768092214
RAB6B	-0.14492089328906133
RAB7A	-0.04564076391685745
RAB7B	-0.08171689227749468
RAB8A	-0.18291549308137078
RAB8B	-0.02196374723927974
RAB9A	-0.09196353161866355
RABAC1	-0.08493559679830653
RABEP1	0.07185153311440828
RABEP2	0.027358488658286717
RABEPK	0.12659685733359183
RABGAP1	-0.037978253675515106
RABGAP1L	0.03816128216412018
RABGEF1	0.14960103483144493
RABGGTA	-0.0077167369350910064
RABGGTB	-0.0618428139242404
RABIF	0.10878073848304837
RABL2B	0.024045218441038685
RABL3	0.12173242165509635
RABL6	0.12278720903189821
RAC1	0.09789800969787521
RAC2	-0.3773878509668904
RAC3	-0.05065214558019804
RACGAP1	-0.21236143625689152
RACK1	0.044011704725811285
RAD1	0.008709388565875997
RAD17	0.08759248765372026
RAD18	-0.10694333914566201
RAD21	0.012069804146506158
RAD23A	0.004115726859032165
RAD23B	0.14838380999905
RAD50	0.17062387407048263
RAD51	-0.0324338210391204
RAD51AP1	-0.4314417681826477
RAD51B	-0.8809389875248375
RAD51C	-0.061703742029735054
RAD51D	0.10198939769084348
RAD52	-0.08330752220257942
RAD54B	-0.24425294512398388
RAD54L2	-0.12182297449373891
RAD9A	-0.010161411564375555
RADIL	-0.04432736074592469
RADX	0.20252921768179988
RAE1	0.1074245380776766
RAF1	0.04134893165586817
RAI1	0.061759933096265485
RAI14	0.19605689300454543
RAI2	-0.1993862675071867
RALA	0.21438780908386867
RALB	0.11828284540433032
RALBP1	0.016971186456554932
RALGAPA1	0.06036472688350969
RALGAPA2	-0.18722366495456555
RALGAPB	-0.024487213187519785
RALGPS1	0.0071359157908137405
RALGPS2	-0.04476306835407229
RALY	-0.047638367035380824
RAMAC	0.0023627476896628252
RAMP2	0.04539226596284607
RAMP3	-0.24829084115243205
RAN	0.03029053343838939
RANBP1	-0.0771455048611962
RANBP10	0.0005580778362990202
RANBP17	0.046534256372812166
RANBP2	0.04699644207399345
RANBP3	-0.14290052778421902
RANBP6	-0.04275053841066523
RANBP9	0.037238995433419575
RANGAP1	0.07262406296609569
RANGRF	0.1583807137771096
RAP1A	0.13784252400693475
RAP1B	0.19283406089429533
RAP1GAP	-0.19861239874733982
RAP1GAP2	-0.3264650639652267
RAP1GDS1	-0.24125090062149823
RAP2A	-0.04457760866738347
RAP2B	-0.12060287853723572
RAP2C	-0.08282059642852602
RAPGEF1	0.06880733104435421
RAPGEF2	0.10737797657145265
RAPGEF4	0.034491795318110974
RAPGEF5	0.02246344095552999
RAPGEF6	-0.11597581596120854
RAPGEFL1	-0.00694580267096967
RAPH1	0.14909537066447776
RARA	-0.1398731389584924
RARG	0.2512317055403326
RARRES1	-0.7360465971889774
RARRES2	0.2627603274243988
RARS1	0.023043330462279243
RARS2	-0.0444667337338025
RASA1	0.01269167151403039
RASA2	-0.0386382946335182
RASA3	0.21289203955742764
RASA4	0.18636804831485776
RASAL1	-0.40106514654374337
RASAL2	-0.06366876553747502
RASAL3	-0.18830378762678635
RASEF	-0.25565780878952005
RASGRF2	0.19312024268824501
RASGRP1	-0.04544295767708206
RASGRP2	-0.04634129040167778
RASGRP3	0.07708248279956464
RASGRP4	0.13343852774961285
RASIP1	0.12652954149278628
RASL12	0.12695044282399337
RASSF1	0.09559381549972912
RASSF10	0.1933788803159011
RASSF2	-0.08338741906463554
RASSF3	0.0177323731698813
RASSF4	-0.3689418685811887
RASSF5	-0.0695455165777723
RASSF6	-0.2179648983798046
RASSF7	0.047129430074928536
RASSF8	0.1470764986829476
RAVER1	-0.01879168069859105
RAVER2	-0.1280454805439213
RB1	0.017698236333721695
RB1CC1	-0.07317967407666259
RBAK	0.04092414045448045
RBBP4	-0.04475139539373707
RBBP5	-0.0022165449980207086
RBBP6	-0.0060441984078742905
RBBP7	-0.25180010255911967
RBBP8	-0.4023030610704694
RBBP8NL	0.06308839462555582
RBBP9	0.06531578115926351
RBCK1	0.09146773325326407
RBFA	0.08489715117447716
RBFOX2	0.07653431863476001
RBIS	-0.06342443167154244
RBKS	-0.09700081591693888
RBL1	-0.1921182035838207
RBL2	0.026377101771071665
RBM10	-0.0250634827702072
RBM11	0.24928163926398206
RBM12	0.03715943752391482
RBM12B	-0.01874871825516422
RBM14	0.06885466462675538
RBM15	-0.03583836036678889
RBM15B	0.08647577344223834
RBM17	-0.03556453123326264
RBM18	0.030597634839999444
RBM19	-0.00535190769528171
RBM20	0.09845004614863662
RBM22	0.02405241912913425
RBM23	-0.005493748512853003
RBM25	0.025131385751286928
RBM26	0.029205766303650904
RBM27	0.16875991784838837
RBM28	-0.2707399604347476
RBM3	0.16670239437341294
RBM33	0.010531364809782673
RBM34	-0.14936770813798717
RBM38	-0.0531374564878373
RBM39	0.07009972986035962
RBM4	0.046615474634787546
RBM41	0.02162914884533862
RBM42	-0.027353768080310203
RBM43	-0.157192666940281
RBM45	0.09039605797790529
RBM47	0.10849716176339186
RBM48	-0.2693689702263846
RBM4B	0.055064651817190224
RBM5	0.0621845574974742
RBM6	0.018536578606290988
RBM7	0.04216385540049217
RBM8A	-0.0956351132635227
RBMS1	0.02851354340847223
RBMS2	0.1837703929038348
RBMS3	0.1949755826843429
RBMX	0.07189794072232658
RBMX2	-0.11565312647161718
RBP1	-0.4447361574409072
RBP2	-0.006637425406811559
RBP5	-1.374439739634063
RBP7	0.21809843886040525
RBPJ	-0.0031886884259755277
RBPMS	0.11674821852700212
RBPMS2	0.06097502645369168
RBSN	0.12480305504179512
RBX1	0.059404585093371765
RC3H1	0.07036025512507393
RC3H2	0.056880317632446165
RCAN1	-0.004054104952718518
RCAN3	-0.07688466108712788
RCBTB1	0.07039223307075382
RCBTB2	0.17607366072781439
RCC1	0.0039392010256875665
RCC1L	-0.03270060631403382
RCC2	-0.06538523290366172
RCCD1	0.07300177907614724
RCE1	-0.039653063860932036
RCHY1	0.06293049122287542
RCL1	-0.08172556856279911
RCN1	-0.00042117536952801515
RCN2	-0.05733425631359168
RCN3	0.09158988193245321
RCOR1	-0.08721179394914458
RCOR2	-0.22139050220735434
RCOR3	0.037882206614892056
RCSD1	-0.26399722994479546
RDH10	-0.7979505002179259
RDH11	-0.20332263064880607
RDH12	-0.08766347745155656
RDH13	0.07420553421600928
RDH14	-0.006388642757208629
RDH16	-0.5806400967560297
RDH5	0.09948546872026931
RDX	-0.07011650345397769
RECK	0.07233425281154737
RECQL	0.04639737030677674
RECQL4	-0.22266270556591294
RECQL5	-0.07689227656153008
REEP1	-0.5317115432091377
REEP2	0.005626960352579147
REEP3	-0.22661905400230964
REEP4	-0.07580581269737863
REEP5	-0.06367464434587333
REEP6	-0.4750054893956168
REG3A	0.5111474668069089
REL	0.10400561904956263
RELA	0.07528076329993816
RELCH	0.05506058903257305
RELL1	-0.30834312839203903
REM1	-0.1395260274699588
REM2	0.05566012309955859
RENBP	0.10127053897200966
REP15	-0.07377435661653564
REPIN1	-0.08300206505374064
REPS1	-0.05983489298433042
REPS2	0.03667824623681071
RER1	-0.18151678188276144
RERE	0.041277201657699436
RERG	-0.22743236633395014
RESF1	0.06395497866990496
REST	0.08778193729979122
RET	-0.0544761993325924
RETN	-0.8246359037146611
RETREG1	0.001385836539919083
RETREG2	-0.17533911678357939
RETREG3	-0.09569226702064881
RETSAT	-0.1642548337132439
REV1	0.1468718770198567
REX1BD	0.1299357702351358
REXO1	-0.12939485188529254
REXO2	0.13056550593328708
REXO4	-0.13546881163496138
RFC1	-0.05578118653127717
RFC2	-0.12045141672239623
RFC3	-0.14447817925822903
RFC4	-0.0942024980889542
RFC5	-0.07676970457395882
RFESD	0.014956271309603864
RFFL	0.09913247409752124
RFK	-0.006253206007063028
RFLNA	0.12193779363775192
RFLNB	0.2130897197014825
RFNG	0.6189425137665854
RFT1	-0.24557313943224912
RFTN1	-0.12212019250501172
RFTN2	0.21676510038885866
RFWD3	0.05249970273079718
RFX1	0.028323546114915388
RFX2	-0.14490294850935825
RFX3	-0.16216391656810902
RFX5	-0.08093892368047051
RFX7	0.10673264912488278
RFXANK	0.005614980171174011
RFXAP	0.040613395039137856
RGCC	0.21731132071039738
RGL1	0.09907291678562657
RGL2	0.11618949506611287
RGL3	-0.0758104561636479
RGMB	-0.28596476028802265
RGN	-0.22287840387593327
RGP1	0.17617118006234023
RGS1	-0.09054731391846715
RGS10	-0.04790788255813183
RGS12	-0.0326106290763839
RGS14	0.04558761376362952
RGS18	0.20384690814962347
RGS19	-0.04072078942393986
RGS2	0.26060399610928897
RGS3	-0.09396624031513312
RGS7	-1.0291307977624236
RHAG	-0.4683567785478928
RHBDD1	-0.08434158557672156
RHBDD2	-0.21734659925756006
RHBDD3	-0.09983031371022477
RHBDF1	0.08470158538790784
RHBDF2	-0.22213947649818166
RHBDL2	-0.679595507834792
RHEB	-0.02567436028358827
RHEX	0.09310401025063086
RHOA	0.038187095319930364
RHOB	-0.16211625935429907
RHOBTB3	-0.006150329934619947
RHOC	0.0845987932071175
RHOD	-0.02048687892709289
RHOF	-0.1584942841200494
RHOG	0.06598542522439388
RHOH	-0.1833185944978517
RHOQ	0.08869725486292879
RHOT1	0.01858610449541942
RHOT2	-0.004358034489930773
RHPN1	0.09711744211335116
RHPN2	-0.20454405862239966
RIBC2	-0.008132761476815631
RIC1	0.08741709904612804
RIC8A	0.08967545861985471
RIC8B	-0.004156229800479139
RICTOR	0.010094734761164403
RIDA	-0.092980759054754
RIF1	-0.2750386906597875
RILP	-0.006391943284906887
RILPL1	0.08818333583603533
RILPL2	-0.11767068515023382
RIMKLB	0.1409075738040233
RIMS2	-0.2286798177036129
RIMS3	0.0751576826370508
RIMS4	-0.2526027915405997
RIN1	-0.0665063681565421
RIN2	0.057562839998283266
RIN3	0.07825580337223315
RING1	-0.009311848386882815
RINL	-0.035697623820436064
RINT1	0.018321488425151244
RIOK1	-0.3035102658751576
RIOK2	-0.08766283226898253
RIOK3	0.06680759364265043
RIOX1	0.04615453556844429
RIOX2	-0.24828303081457648
RIPK1	0.08540606753282987
RIPK2	-0.0803101085511635
RIPK3	0.048465534734603466
RIPK4	0.15053991847970316
RIPOR1	0.12666418412142022
RIPOR2	-0.16590324771429366
RIPOR3	-0.500230121682538
RIPPLY3	-0.3347239729840439
RIT1	-0.009387634518610355
RITA1	0.061609562279832275
RLF	-0.011687795636220244
RLIM	-0.19889633040965293
RMC1	0.008195358343435544
RMDN1	0.06425532993020155
RMDN2	0.11079588149317843
RMDN3	0.06066104282393425
RMI1	0.0033175317734546184
RMI2	-0.02103758930085675
RMND1	-0.8272541908497999
RMND5A	0.028961900364908644
RMND5B	-0.008370034360993373
RNASE1	0.18631258757787883
RNASE2	0.05353204833668812
RNASE3	-0.24566420291595392
RNASE4	0.08334759344947429
RNASE6	0.23480420905729815
RNASEH2A	0.07208164878951351
RNASEH2B	0.008995884926864761
RNASEH2C	0.07920659401619545
RNASEK	0.0989505667931887
RNASEL	0.1214561303422137
RNASET2	0.00988979543105728
RND3	0.08379127130943154
RNF10	0.010098349484525926
RNF11	-0.07938923938798936
RNF111	0.03750718263771091
RNF113A	0.049972026699570904
RNF114	-0.08716565235762275
RNF115	0.005229580125803324
RNF121	0.11699335642025144
RNF123	0.01648384577006823
RNF126	0.03280448942149761
RNF13	0.021815311772698465
RNF130	-0.013217721239604074
RNF135	0.14108904000105227
RNF138	-0.06004493989014392
RNF139	-0.12240058546507093
RNF14	0.048435880603591386
RNF141	0.08836604439625972
RNF146	-0.012590424000119782
RNF149	-0.040831606497878425
RNF166	0.026992481355620157
RNF167	-0.16741597798240448
RNF168	0.0205212939009094
RNF169	0.04915369892117738
RNF17	0.1312519123654905
RNF170	-0.003727653275227283
RNF181	0.04084866937126108
RNF185	-0.23604808158485113
RNF187	0.04949477505122779
RNF19A	0.14229111529449057
RNF2	0.07498374149858478
RNF20	0.046109137136047806
RNF213	-0.1876575960789495
RNF214	0.06653152502531157
RNF216	0.15748444061646438
RNF220	0.004579114078367752
RNF24	-0.09258624472536425
RNF25	0.03773086614762455
RNF34	0.03439836325059886
RNF39	-0.22988768521634917
RNF4	-0.33480597344752994
RNF40	0.01934014072712742
RNF41	0.05333643692128831
RNF5	-0.23957474777745347
RNF6	0.11396041631118692
RNF7	0.14945099655579952
RNF8	-0.17597640915066393
RNFT1	-0.214132577716871
RNFT2	-0.26101018613141225
RNGTT	-0.19519925438198982
RNH1	0.232412429093511
RNLS	0.050018463842825156
RNMT	0.049168217390636926
RNPC3	0.05971544099205062
RNPEP	-0.10366084718828716
RNPEPL1	0.02131705933884831
RNPS1	0.06643232949220845
RO60	0.010754295158815097
ROBO1	-0.11818540162378177
ROBO2	-0.40918663874997563
ROBO4	0.1432154337416378
ROCK2	0.04880378646116412
ROGDI	0.004835877764787
ROMO1	0.28940412167570173
ROR1	-0.24853574946909163
ROR2	0.08839277883284069
RORA	0.05439652473312684
RORC	0.25730328059409047
RP2	-0.012696505713808648
RP9	0.02257738016635713
RPA1	-0.017572785991870177
RPA2	0.10687667940056755
RPA3	0.09181851760022042
RPAIN	-0.06717478630114115
RPAP1	0.005382179857262415
RPAP2	-0.09406606397139328
RPAP3	-0.0036454766698330587
RPE	0.16339639699026165
RPF1	-0.012367364260231994
RPF2	-0.09346764795224516
RPGR	-0.015461388163606316
RPGRIP1L	0.07302146762947892
RPH3AL	-0.14079325074820126
RPIA	-0.24420657373731203
RPL10	0.003499305636019301
RPL10A	-0.020742733222398613
RPL10L	0.4012669991309128
RPL11	0.05953905674422444
RPL12	0.08680479738517022
RPL13	0.0621055441603211
RPL13A	0.018512494108176014
RPL14	0.03421593997041583
RPL15	-0.06372664203479772
RPL18	-0.11186019865815666
RPL18A	-0.016046667593975883
RPL19	0.009733352292922604
RPL21	-0.0066001665945414345
RPL22	0.0063796576913510705
RPL22L1	-0.4580517851718646
RPL23	0.07172446995418369
RPL23A	0.10090091670588208
RPL24	-0.115607157204618
RPL26	0.027481053006955136
RPL26L1	0.15206712534284605
RPL27	-0.06761521048406038
RPL27A	0.05264878728337408
RPL28	0.015178616154120306
RPL29	0.05727646642937856
RPL3	-0.08050541989752702
RPL30	0.006426073260442422
RPL31	0.020161947319756734
RPL32	0.0302891534715215
RPL34	-0.01735936656022119
RPL35	-0.0533001674981044
RPL35A	-0.007068781828646564
RPL36	0.06354759536251109
RPL36AL	-0.030445547574515786
RPL37	-0.3923158685075663
RPL37A	0.06578279299912637
RPL38	0.13659392795981873
RPL39	0.163862360561982
RPL39L	0.09636351543672284
RPL3L	-0.1400189353520993
RPL4	-0.02845946992198023
RPL5	-0.007875504810247236
RPL6	0.0893337578160498
RPL7	-0.03797180300263747
RPL7A	-0.04819512767261713
RPL7L1	-0.1402533921779181
RPL8	-0.08508134091382047
RPL9	0.08007486037321243
RPLP0	0.03094109903292619
RPLP1	0.04569294385576583
RPLP2	0.02678049409862382
RPN1	-0.19367621481823605
RPN2	-0.28329812346653327
RPP14	0.08564089406008435
RPP21	0.005951281082207771
RPP25	-0.017539874232273434
RPP25L	-0.007095739599666473
RPP30	0.01597301283713115
RPP38	0.034299630192833774
RPP40	0.029316502131223388
RPRD1A	-0.09833749781099144
RPRD1B	0.08234221613152926
RPRD2	-0.026912993940282348
RPS10	0.12827097145292754
RPS11	0.10493869366078101
RPS12	0.06136610805861764
RPS13	0.09012582003942882
RPS14	0.04870291423172901
RPS15	0.004812239488352077
RPS15A	0.14037427495760113
RPS16	0.004303029959299209
RPS18	0.04873233441736602
RPS19	0.04750525215557033
RPS19BP1	0.07861999290182098
RPS2	0.024310446858578416
RPS20	0.021000767230109574
RPS21	0.12891619075028515
RPS23	0.026168893436246066
RPS24	-0.018947163464993366
RPS25	0.0009865128625961006
RPS26	0.03996583211981175
RPS27	0.06971868251174129
RPS27L	0.17769851115818014
RPS28	0.044348688602298125
RPS29	0.009242393657352466
RPS3	0.06653397460425836
RPS3A	-0.018959084776362545
RPS4X	0.00285119011651247
RPS5	0.05494025487818632
RPS6	-0.08194826730406746
RPS6KA1	-0.026950496432103677
RPS6KA3	-0.1399321696078175
RPS6KA4	-0.026441867671309183
RPS6KA5	0.02654290520772662
RPS6KA6	0.1634719639493003
RPS6KB1	-0.016487400271511632
RPS6KB2	-0.05688070990806082
RPS6KC1	0.08933336482549947
RPS7	0.020913061037795444
RPS8	-0.027055643661135775
RPS9	0.07178134294655081
RPSA	0.049444927568725205
RPTOR	0.0028427375424548984
RPUSD1	0.08586417866037976
RPUSD2	-0.018663747282708698
RPUSD3	-0.019261743207781734
RPUSD4	-0.15070416950374899
RRAD	-0.0494243121573561
RRAGA	-0.02721563399319038
RRAGB	0.16854660685909906
RRAGC	0.11501032361227814
RRAGD	0.012932485639034041
RRAS	0.023079355704773263
RRAS2	0.06467889826547335
RRBP1	-0.01769395360734194
RREB1	0.06372488631371453
RRM1	-0.15657205997356627
RRM2	-0.2941174029695084
RRM2B	-0.21319844940290977
RRN3	-0.0019409945935109363
RRNAD1	-0.05826144098680075
RRP1	-0.3057376371442082
RRP12	-0.13441712274898876
RRP15	-0.2093879010942601
RRP1B	-0.2473227121728776
RRP36	-0.11390793296583723
RRP7A	-0.07169039315346026
RRP8	0.030822979723044597
RRP9	-0.08352603786116575
RRS1	0.010249352898178188
RSAD1	0.01689077215507062
RSAD2	-0.4861219988966603
RSBN1	-0.001029441853752644
RSBN1L	-0.03967244481036758
RSF1	-0.14484223344337366
RSL1D1	-0.23162056803110076
RSL24D1	0.0019961935057182245
RSPH1	-0.062216979544786
RSPH4A	-0.37646731765853403
RSPRY1	0.042094488930629836
RSRC1	0.08371867352847673
RSRC2	0.08856658867554756
RSRP1	0.05554064538772607
RSU1	0.1495885219504416
RTBDN	-0.27951675074763216
RTCA	0.034307830698427466
RTCB	0.08131306360304436
RTEL1	0.08861586064380234
RTF1	0.04183428124344246
RTF2	-0.012416829651019867
RTKN	-0.04595517211181743
RTL10	-0.28120176833096977
RTL8A	0.04077949456961605
RTL8C	0.12714978536146462
RTN1	-0.40615088783807707
RTN2	-0.07085764314806298
RTN3	-0.1784264927488941
RTN4	-0.00706521786178449
RTN4IP1	0.0031594282596394407
RTN4RL1	-0.08374989225710294
RTN4RL2	0.007198764079298314
RTP4	-0.1338697458188065
RTRAF	0.13086500135143098
RTTN	0.053264040901126464
RUBCN	-0.005701773572672764
RUBCNL	0.1968110315370275
RUFY1	0.10650722094184673
RUFY2	0.07937762207761168
RUFY3	-0.10874352802446552
RUNDC1	0.09037789421844522
RUNDC3A	-0.2808250933923482
RUNX1	0.13847892740565015
RUNX1T1	0.18352771168069637
RUNX2	0.11713979299784683
RUNX3	-0.018965977274518764
RUSC1	0.022014560813595097
RUSC2	-0.28304234384772187
RUVBL1	0.046197235181594465
RUVBL2	0.02328311473775102
RWDD1	0.10189466167299344
RWDD2A	-0.15480787574653299
RWDD2B	0.09812867125573632
RWDD3	-0.22126831416859538
RWDD4	0.15097833439822494
RXRA	0.12045799856386807
RXRB	-0.12323247831032802
RXYLT1	-0.10837233050339634
RYBP	-0.0467328484822076
S100A1	-0.9035513020589399
S100A10	0.3915055640928813
S100A11	0.17414755485804534
S100A12	-1.0964106196457983
S100A13	0.010573166195456452
S100A14	-0.5879760314536071
S100A16	-0.1173877396752907
S100A2	-1.8806476887052934
S100A3	0.18500286193274107
S100A4	0.20861826542212114
S100A6	-0.10049709842376231
S100A7	-1.8861155085166903
S100A7A	-2.3216412372337167
S100A8	-1.742518645183388
S100A9	-1.285161489475069
S100B	-0.5820982132532464
S100G	-0.6288217690573106
S100P	-0.7243452451879655
S100PBP	-0.030622679244874718
S1PR2	-0.172083806668887
S1PR3	0.17683325452355447
SAA1	0.1483332558104422
SAA2	0.032381857203558795
SAAL1	-0.23041540988308284
SAC3D1	-0.08039104525171936
SACM1L	-0.21104074304334475
SACS	-0.0602371769991592
SAE1	0.010601280914414701
SAFB	-0.02010056861449172
SAFB2	0.027847448235402084
SAG	-0.014922697801694085
SALL2	0.02812743322061806
SAMD1	-0.12890539836901027
SAMD11	0.39771396250939617
SAMD12	0.10543979824250016
SAMD13	0.15925509072428845
SAMD4A	0.11247971437342486
SAMD4B	0.048082272298692885
SAMD8	0.22596780170947994
SAMD9	-0.08670256727147674
SAMD9L	-0.16197714342511205
SAMHD1	0.015018450896970847
SAMM50	-0.033401240760031925
SAMSN1	-0.05078206593476864
SAP130	0.009966274157211075
SAP18	0.05011223015236865
SAP30	-0.09215551380049547
SAP30BP	0.0022729256820603894
SAP30L	0.16056437231492993
SAPCD2	-0.19738830232839888
SAR1A	0.03662429016121038
SAR1B	-0.08090643189514779
SARAF	-0.27222148340002583
SARDH	-0.030148933440386827
SARM1	-0.11681959496310768
SARNP	0.06719811735839443
SARS1	0.07342135405964356
SARS2	0.09819343824682747
SART1	0.060655311051402094
SART3	0.08604017345375325
SASH1	0.12337525486220358
SASH3	-0.027190132427389102
SASS6	-0.15279312478151752
SAT1	0.015437304460139245
SAT2	0.013608765759844488
SATB1	-0.20331065733802767
SATB2	0.22612948174904268
SAV1	0.10332507357028575
SAYSD1	-0.130830091385171
SBDS	0.03397502531653984
SBF1	0.008636480861742513
SBF2	0.17197460216330995
SBK1	0.2909879310618724
SBNO1	-0.018598584654046846
SBNO2	0.011138352305170685
SBSN	-0.19679372668630535
SBSPON	0.1928980026951539
SC5D	-0.26761195283861916
SCAF1	-0.08177709899635133
SCAF11	-0.036720315242043
SCAF4	-0.07647482155146612
SCAF8	0.023995932773360096
SCAI	-0.041083235775460025
SCAMP1	-0.16320980472577062
SCAMP2	-0.048209881925139086
SCAMP3	-0.08871271679650583
SCAMP4	0.0034638562245206117
SCAMP5	-0.16622931808262287
SCAND1	-0.03951514225593922
SCAP	-0.011394077507331346
SCAPER	-0.007892855797434706
SCARA3	-0.05092994496861536
SCARB1	-0.1462637564292919
SCARB2	-0.3585994970775559
SCARF1	0.09709578373427163
SCARF2	0.24664661827658563
SCCPDH	0.1110819200772859
SCD	-0.48299479522306754
SCD5	-0.5922510449142742
SCEL	-0.2652265917358516
SCFD1	0.10072685768469469
SCFD2	0.07030925711764269
SCG2	-0.9360980240753296
SCG3	-0.9684686083607943
SCG5	-0.22341986941052916
SCGB1A1	0.09203594274210403
SCGB1D2	-0.6167768875372275
SCGB2A1	0.1721941026183913
SCGB2A2	-0.3801366713177696
SCGB3A1	0.37059766873882083
SCGN	-2.96595246239702
SCIMP	0.36340074718154725
SCIN	-0.6279495711922038
SCLT1	0.054458114579494676
SCLY	0.09153857032832136
SCMH1	0.03308134307566846
SCML2	-0.413305117556483
SCN8A	-0.31915759040231606
SCN9A	-0.017657991288377417
SCNM1	-0.08538021171738386
SCO1	0.1235359766135069
SCO2	0.05279823519913052
SCOC	0.11491998818844706
SCP2	-0.04303857195564831
SCPEP1	0.05245297302360896
SCRG1	0.04651143709384087
SCRIB	-0.06822409063871504
SCRN1	0.13724916901625583
SCRN2	0.06570136210960698
SCRN3	-0.039654948864860984
SCUBE1	-0.2713956363626373
SCUBE2	-0.46235061531185195
SCUBE3	-0.5774038876771534
SCYL1	0.06359044928598934
SCYL2	0.018115906696152706
SCYL3	0.04375283863676316
SDAD1	-0.08335107700112054
SDC1	-0.12680134267497323
SDC2	-0.6488979999785691
SDC3	-0.3804969865175174
SDC4	-0.42387805862309236
SDCBP	0.06962628001787863
SDCBP2	-0.022718822285611395
SDCCAG8	0.10769978036919525
SDE2	-0.045837951723219916
SDF2	0.04181186065414977
SDF2L1	-0.09806136354373862
SDF4	0.18309489159823755
SDHA	0.056210234939428005
SDHAF1	-0.31751053026963305
SDHAF2	-0.3492444627650819
SDHAF3	0.00641896145721077
SDHAF4	0.07490569419633353
SDHB	0.17872793521666352
SDHC	-0.13119880425867692
SDHD	-0.10975622347123348
SDK1	0.05677794523620605
SDK2	0.2356983835854436
SDR16C5	-0.7296358472011093
SDR39U1	0.11173702674113173
SDS	0.03519178442269677
SDSL	0.06769648383244053
SEC11A	-0.14519541911609934
SEC11C	-0.7419469296556507
SEC13	0.17623173581416296
SEC14L1	0.020781477989512354
SEC14L2	-0.43449590563495377
SEC14L3	-0.655995235940809
SEC14L4	-0.2440065537513476
SEC16A	0.14381608314812233
SEC16B	-0.0023135335421322623
SEC22A	-0.14848440818583697
SEC22B	-0.12218103143446157
SEC23A	0.1613619944031619
SEC23B	0.012948258079244823
SEC23IP	0.1079104355427134
SEC24A	0.006325795075785123
SEC24B	0.1272097732502111
SEC24C	-0.001603010550976336
SEC24D	0.12477287158476713
SEC31A	0.1247784273555439
SEC61A1	-0.38929576944665456
SEC61A2	-0.12344262809074102
SEC61B	-0.1621148054543049
SEC61G	0.04746236760794709
SEC62	-0.39430534251159877
SEC63	-0.4057045500279344
SECISBP2	-0.06328324521844664
SECISBP2L	0.03273902656286509
SECTM1	-0.303310102947707
SEH1L	0.07426573759693866
SEL1L	-0.14928309355450153
SEL1L3	0.31538856107056645
SELENBP1	0.10477888298727933
SELENOF	0.05164897088466702
SELENOH	0.015862811278598343
SELENOI	-0.2654448220931904
SELENOK	-0.4046105673569258
SELENOM	-0.06717933325636594
SELENON	0.06063026593617238
SELENOO	-0.06695344595322439
SELENOP	0.033045181699705495
SELENOS	-0.2587594282152814
SELENOT	-0.021420600550952074
SELENOW	-0.1230361296306306
SELL	0.22563024893162265
SELP	0.0724111043092428
SELPLG	-0.20875787878716956
SEMA3B	-0.26110162152195926
SEMA3C	-0.10826910528598432
SEMA3F	0.019838119613883265
SEMA3G	0.1696510263949449
SEMA4A	-0.2019029014341598
SEMA4B	-7.86222460611441e-05
SEMA4C	-0.22794604828181164
SEMA4D	-0.05939060155528608
SEMA5A	-0.040927721285100915
SEMA6B	0.4653348411055864
SEMA6D	-0.03021411982926736
SEMA7A	0.03245304198666332
SEMG2	-0.11826585581465032
SENP1	0.010684733793304702
SENP2	0.05830085285760234
SENP3	0.04556351471654985
SENP5	-0.09450612572628359
SENP6	0.0315588468845327
SENP7	0.006151184447681146
SENP8	0.2514303721863964
SEPHS1	-0.018019250334582182
SEPHS2	0.15096152277189745
SEPSECS	0.07480747577382196
SEPTIN1	-0.35636028398888797
SEPTIN10	0.11567459168994532
SEPTIN11	0.1905157113707645
SEPTIN2	0.23114448363602236
SEPTIN3	-0.5995369952293146
SEPTIN4	0.190489647452182
SEPTIN5	0.12060017282859903
SEPTIN6	-0.015653208667409046
SEPTIN7	0.22832155926460374
SEPTIN8	0.2052008701485093
SEPTIN9	0.11820569840398143
SERAC1	-0.021076957255463213
SERBP1	-0.17440948917589338
SERF2	-0.02758887274464783
SERGEF	-0.06062352680482164
SERHL2	0.08834541410967844
SERINC1	-0.2561890007881118
SERINC3	-0.24448571659197427
SERINC5	-0.13314419354861506
SERPINA1	0.2661869461743116
SERPINA10	0.19740494410202203
SERPINA11	-0.11802852553908849
SERPINA3	0.29344149438083633
SERPINA4	0.20426064440715663
SERPINA5	0.3034255183968355
SERPINA6	0.1291130007313015
SERPINA7	0.3050654235044661
SERPINB1	0.10331798026154004
SERPINB10	-0.32635129804702956
SERPINB13	0.36102645737624606
SERPINB2	-0.21247962454837221
SERPINB3	-0.8816073492136844
SERPINB4	-2.206950860017411
SERPINB5	-0.5657347469189347
SERPINB6	0.1573672050192947
SERPINB7	-0.22132859200304367
SERPINB8	-0.023732141692509146
SERPINB9	-0.04410574563011593
SERPIND1	0.21824955041544314
SERPINE1	-0.1803505231396052
SERPINE2	0.17074108565165957
SERPINF1	0.27791539462013404
SERPINF2	0.1132297861311784
SERPING1	0.21739961473137726
SERPINH1	0.15067921286458485
SERPINI1	-0.688432835364825
SERTAD4	-0.011752967324206054
SESN1	0.05641656593205724
SESN2	-0.008697733058081525
SESN3	-0.1398452956855447
SESTD1	0.050717647307845226
SET	-0.02004117012558737
SETD1A	0.02568519485891585
SETD1B	0.08988847586060444
SETD2	0.07725260610242657
SETD3	0.048053722702317
SETD5	-0.00834974036730074
SETD6	-0.01834210270557257
SETD7	0.136025445818996
SETD9	0.16377395481327284
SETDB1	-0.018088639810301288
SETDB2	0.08795231260785386
SETMAR	0.13544099383089403
SETX	0.02127208715397444
SEZ6L	-0.08784673375159713
SEZ6L2	-0.1680223266279448
SF1	0.04788113924398729
SF3A1	0.019564925654336207
SF3A2	0.01959428394226137
SF3A3	0.06757915373448853
SF3B1	-0.01263166333189858
SF3B2	0.013146719240197058
SF3B3	0.03611880901982545
SF3B4	-0.15213845691544137
SF3B5	0.07608686270427967
SF3B6	0.02466854934323237
SFI1	0.17821738142416166
SFMBT1	0.031689587605315594
SFMBT2	-0.18697979110711316
SFN	-0.13728946815038867
SFPQ	0.05125186300159612
SFR1	0.13889236173276132
SFRP1	-0.37499561205719445
SFRP2	0.26585765272355744
SFRP4	0.28268649502142296
SFSWAP	0.008218404315964989
SFT2D2	-0.25071266264084535
SFT2D3	-0.15771899815750956
SFXN1	0.03820105468672352
SFXN2	-0.1219500495986452
SFXN3	0.21985286347197075
SFXN4	0.041468602219730144
SFXN5	-0.2150285611478857
SGCB	0.14588980013603603
SGCD	0.2350738645679371
SGCE	0.1114490555220442
SGCG	0.4321502278459608
SGF29	0.06821478775924206
SGIP1	-0.01744465967059483
SGMS1	-0.16453688312926573
SGO1	-0.1442129104012917
SGO2	-0.06397399635909551
SGPL1	-0.22940601842685382
SGPP1	-0.5094827113628178
SGSH	0.040189175264981
SGSM2	-0.06807336592660107
SGSM3	-0.028147427943270742
SGTA	0.10466454774864431
SGTB	0.07301471246888269
SH2B1	0.0956894650796869
SH2B2	0.05699655276422533
SH2B3	-0.19382934237696148
SH2D1A	-0.591012706017068
SH2D2A	-0.7127618346458675
SH2D3A	0.077507532878073
SH2D3C	0.09984579110983205
SH2D4A	0.06306186264467328
SH3BGRL	-0.027998363346124933
SH3BGRL2	0.1894525921055461
SH3BGRL3	0.07262787108738777
SH3BP1	-0.025062753063046728
SH3BP2	-0.010745789221314084
SH3BP4	0.0020672206473228982
SH3BP5	0.06469221738564457
SH3BP5L	0.08652116708747215
SH3D19	0.2067038891665618
SH3D21	-0.1692302538700048
SH3GL1	0.1830436734207055
SH3GL2	0.16345860017428038
SH3GLB1	0.08413920184488077
SH3GLB2	0.09696213543070087
SH3KBP1	-0.028411970434300216
SH3PXD2A	0.20176350155329814
SH3PXD2B	0.07683910744180977
SH3RF3	0.04190829656120698
SH3TC1	0.02607824126531355
SH3YL1	-0.10491517953347085
SHANK1	0.031332231329630034
SHANK2	-0.178551125570646
SHANK3	0.11044221272595678
SHARPIN	0.10408581584610843
SHB	-0.07736823350742306
SHBG	0.13048794836110744
SHC1	0.09707491297024617
SHC4	0.022269505017593616
SHCBP1	-0.13408038274409506
SHE	0.1793964992957502
SHF	0.3730435851964202
SHFL	0.08088167756102393
SHISA2	-0.6860690148362707
SHISA4	0.10024881372810945
SHISA5	0.21058107654131675
SHKBP1	0.0005054243096012101
SHLD2	-0.23113785681546517
SHMT1	-0.006758414902801491
SHMT2	-0.1358924716839809
SHOC2	0.09395342800876705
SHPRH	-0.10155520035677057
SHQ1	-0.0819445877768743
SHROOM1	-0.36983891863232543
SHROOM2	-0.0020024131681779522
SHROOM3	0.029641900021740497
SHROOM4	0.07019128468999725
SHTN1	0.14377530452422604
SIAE	-0.05811687814963307
SIAH1	0.09101029180968823
SIAH2	-0.12850727614803148
SIDT1	-0.3635367507047036
SIDT2	-0.04573922031750932
SIGIRR	-0.3311842714576585
SIGLEC1	-0.12779005978706692
SIGLEC10	-0.01854156458069056
SIGLEC14	0.32082882011301805
SIGLEC7	-0.13534192228918585
SIGLEC9	0.04803428482269467
SIK2	0.15694404428411346
SIK3	-0.013657492528098558
SIKE1	0.08668694377014852
SIL1	0.05737900058600687
SIMC1	-0.054047451158281135
SIN3A	0.011783430878942625
SIN3B	-0.0007638728402490358
SINHCAF	-0.1716562051274373
SIPA1	0.09017374570229464
SIPA1L1	0.03981085129669992
SIPA1L2	0.03307686004542987
SIPA1L3	-0.053783580776169515
SIRPA	-0.04097802765921443
SIRT1	-0.04799807558998026
SIRT2	0.0925776212125804
SIRT3	0.24033159772593038
SIRT5	0.03303345638280675
SIRT6	-0.018675990859613023
SIRT7	0.1468416164364328
SIVA1	-0.14866067053758414
SIX1	-0.18474000216784958
SIX4	-0.022205326302014328
SIX5	0.0035068530361943573
SKA1	-0.4489879460103481
SKA2	-0.3506450563984309
SKA3	-0.2644702291571104
SKAP1	-0.19181633253143815
SKAP2	0.048738613640093575
SKI	-0.018166472384439913
SKIL	-0.0007479531458542965
SKIV2L	0.08706279763978841
SKP1	0.027326585698158823
SKP2	-0.24776351852198886
SLA	0.10261704558808837
SLA2	0.05657655986694721
SLAIN2	0.07091189712245516
SLAMF1	-0.4071777896142681
SLAMF6	-0.19089974800749943
SLAMF7	-0.13543107381551067
SLBP	-0.1817303669004673
SLC10A7	-0.017479935772753308
SLC11A2	-0.23479941072803356
SLC12A4	-0.013837484643790532
SLC12A5	0.3575027668791897
SLC12A6	0.11890516598168688
SLC12A7	-0.33908818314253253
SLC12A8	-0.11451718449552573
SLC12A9	-0.07807449008844713
SLC13A2	-0.5847493470879748
SLC15A1	-0.10495034538424619
SLC15A2	-0.3282184358354243
SLC15A3	0.2298926341132601
SLC15A4	-0.2241177965298462
SLC16A1	-0.7722909619296097
SLC16A10	0.08948765195041375
SLC16A2	-0.21369564577546818
SLC16A3	-0.2518631305379877
SLC16A6	0.015253025180891555
SLC16A7	-0.22994677364158456
SLC17A5	-0.1768471220571275
SLC19A1	-0.05555530608206993
SLC1A1	-0.5179551558680302
SLC1A2	-0.18340566497612265
SLC1A3	0.17695510223913402
SLC1A4	-0.6708610707919043
SLC1A5	-0.44253631466672516
SLC20A1	-0.13715065363074075
SLC20A2	-0.15110046406142885
SLC22A17	-0.02582846460295407
SLC22A18	-0.34966292923851583
SLC22A23	-0.0822828734283636
SLC22A5	0.14427931681333295
SLC23A2	0.053037641309948036
SLC25A1	-0.3192225023117494
SLC25A10	0.020121212629856444
SLC25A11	-0.2507452030716202
SLC25A12	-0.019445460283648686
SLC25A13	-0.0763069309592943
SLC25A14	-0.062414259182407505
SLC25A15	0.05813112946343679
SLC25A16	-0.0069980166015710665
SLC25A17	0.016304440653625463
SLC25A18	-0.12719522361579472
SLC25A19	-0.31722638437551254
SLC25A20	0.008084549102346017
SLC25A21	0.02575562778870122
SLC25A22	-0.06984281659369174
SLC25A23	-0.09317560708224804
SLC25A24	0.15469377715525567
SLC25A25	-0.011642533746805128
SLC25A26	-0.11932343616999219
SLC25A28	-0.13090791881478125
SLC25A29	0.042415436333058665
SLC25A3	-0.3325254059516354
SLC25A30	0.12769331786664395
SLC25A32	-0.03941926590740863
SLC25A33	0.4398927024077981
SLC25A35	-0.20688973245686526
SLC25A36	-0.13799476107713282
SLC25A37	-0.04220851664721437
SLC25A4	-0.09428916849188695
SLC25A40	-0.11361621961181356
SLC25A42	0.07243618639971672
SLC25A46	-0.05294171568040262
SLC25A48	-0.18968506003797003
SLC25A5	-0.13303396549439128
SLC25A51	0.026763598422091306
SLC25A6	-0.050112984291448726
SLC26A11	0.5455649903326005
SLC26A2	-0.2373229202691256
SLC26A6	-0.5388363050611105
SLC27A1	-0.10592952061414707
SLC27A2	-1.0646177779395956
SLC27A3	-0.16721500211911788
SLC27A4	-0.1394464742537842
SLC27A6	-0.1827601254001241
SLC28A3	-0.29817278848946493
SLC29A1	0.003977809475184557
SLC29A3	-0.21176160059005156
SLC2A1	-0.6689034864855401
SLC2A10	-0.4419384685870824
SLC2A13	0.02591471665270717
SLC2A3	0.3729539964509456
SLC2A4	0.10209957157159444
SLC2A4RG	0.20970417060388868
SLC2A5	-0.18345236272003973
SLC2A6	-0.19319451805036536
SLC30A1	-0.21911760253499324
SLC30A5	-0.130673398250579
SLC30A6	-0.14171291834006183
SLC30A7	0.08731909560863471
SLC30A8	0.12202425440122866
SLC30A9	-0.19475450578789122
SLC31A1	-0.049560612655970004
SLC33A1	-0.3170340066199202
SLC34A2	-1.1224692236089027
SLC34A3	0.19752550335589092
SLC35A1	0.15603894659775897
SLC35A2	-0.25974566226153684
SLC35A3	0.05101553143256865
SLC35A4	0.18068052525984868
SLC35A5	-0.14148399794452793
SLC35B1	-0.16485859475647846
SLC35B2	-0.23096845936240484
SLC35B3	-0.19604110311227885
SLC35C1	0.11549835664430042
SLC35C2	0.20164591086787453
SLC35D1	0.01605692693328109
SLC35E1	-0.1456104257437154
SLC35E2B	0.0623702697170927
SLC35F2	0.40062466550213394
SLC35F5	-0.12928872443418982
SLC35F6	-0.23413639936420694
SLC36A1	0.198546464136939
SLC37A1	-0.3921859181399707
SLC37A2	-1.0130286481100796
SLC37A4	-0.27449577870434894
SLC38A1	-0.5664593694454751
SLC38A10	-0.05666759072192562
SLC38A2	-0.5250221961150814
SLC38A9	-0.031551333090000355
SLC39A10	0.039538673070524055
SLC39A11	-0.40163060837850395
SLC39A14	-0.15516304013156912
SLC39A6	-0.36322568485885043
SLC39A7	-0.5259130778966181
SLC39A8	0.14399976951751725
SLC39A9	-0.237118223403451
SLC3A2	-0.38641750965667754
SLC40A1	0.011812554152141885
SLC41A1	0.006424182727970518
SLC41A3	-0.03712536990669868
SLC43A1	-0.06596896825889598
SLC43A2	-0.18592325680980437
SLC43A3	-0.6243581542641117
SLC44A1	-0.11461997262929557
SLC44A2	-0.2277826268112868
SLC44A3	0.21611887050585565
SLC44A4	-0.14997585256481827
SLC45A1	0.3951551724616591
SLC46A1	-0.18344330901122774
SLC46A3	-0.012345857648845993
SLC49A3	0.10312223334367765
SLC49A4	0.030735469646938185
SLC4A1	-0.4251416027756534
SLC4A10	0.11793097032073518
SLC4A11	-0.413747292599389
SLC4A1AP	-0.10132782200058799
SLC4A2	-0.13698512449800404
SLC4A4	0.5490531267281469
SLC4A5	0.2514429040511601
SLC4A7	-0.3109403491758478
SLC52A2	-0.8434353505216414
SLC52A3	0.23872179305773322
SLC5A1	0.0997718906669256
SLC5A3	-0.17812790290868108
SLC5A6	-0.193421002247522
SLC5A8	-1.6280813715087454
SLC66A1	-0.41387703163694667
SLC66A2	0.19061370600183203
SLC66A3	0.3339732677424081
SLC6A20	0.2734092287192347
SLC6A4	0.016661375685037783
SLC6A6	-0.2168962023709291
SLC6A9	-0.12149287475987514
SLC7A1	-0.5854522989740651
SLC7A11	-1.3727141261260538
SLC7A2	-1.1172201543792681
SLC7A5	-0.7611925865800622
SLC7A6	-0.13339888658543053
SLC7A6OS	0.015433668730580052
SLC7A7	-0.4239131535442766
SLC7A8	-0.2934007692367704
SLC8A1	0.07930851806053951
SLC8A2	-0.27772656072204427
SLC8B1	-0.0758712505170287
SLC9A1	-0.060544077541212715
SLC9A2	0.29904954586200105
SLC9A3R1	-0.12683105293563557
SLC9A3R2	0.08743065863721533
SLC9A6	0.022977982754898818
SLC9A7	-0.256541655399829
SLC9A8	-0.15081962972040586
SLC9A9	0.10281325883198811
SLCO1B3-SLCO1B7	-0.19587668610476605
SLCO2A1	-0.008466690212525663
SLCO2B1	0.08785092953187856
SLCO3A1	-0.8882524324685894
SLCO4C1	0.019651599773551354
SLF1	0.012241936573470724
SLF2	0.054059865663315776
SLFN11	0.010456938096886859
SLFN13	0.15080344876042595
SLFN5	-0.20588711098003998
SLIRP	0.043714505247478996
SLIT1	-0.025587862926350624
SLIT2	0.1547193529085984
SLIT3	0.11120583520382965
SLITRK4	0.06722750837527514
SLITRK6	-0.3623141646151815
SLK	0.11170787539561289
SLMAP	-0.0375014795622004
SLPI	-0.7470086197238999
SLTM	0.04517365529455475
SLU7	0.04579940117314152
SLURP1	0.4124968971010077
SLX4	0.1042943432484833
SLX4IP	0.06681499129270563
SMAD1	0.034176381128762756
SMAD2	0.04713472037144584
SMAD3	0.11481773256777927
SMAD4	-0.03683561298572968
SMAD5	0.11872091929714301
SMAP1	0.03226381126214406
SMAP2	0.09423343865381995
SMARCA1	-0.2537608949228698
SMARCA2	0.05748383930885481
SMARCA4	-0.0820201116632937
SMARCA5	-0.044885463804700265
SMARCAD1	0.02935773386092322
SMARCAL1	0.06019441938454051
SMARCB1	0.06733552583339986
SMARCC1	-0.2325517252829421
SMARCC2	0.09047585043604478
SMARCD1	-0.00796141748237389
SMARCD2	0.06300402838038366
SMARCD3	0.022501773953056414
SMARCE1	0.0012091873434734168
SMC1A	0.015173925790726628
SMC1B	-0.14419162104414696
SMC2	-0.3170058182790676
SMC3	-0.010950669195306517
SMC4	-0.2968829739115435
SMC5	-0.03223756509908782
SMC6	-0.06145528317254545
SMCHD1	-0.1232905825164643
SMCO3	-0.004301043426243822
SMCO4	-1.1067723155472216
SMCR8	-0.038955724355759
SMDT1	0.18855256083537064
SMG1	-0.010561825470265518
SMG5	0.022879804050656816
SMG6	0.11160230620503953
SMG7	-0.017919928894929882
SMG8	0.046117440154016975
SMIM1	-0.2695225845081257
SMIM12	-0.00374196340148103
SMIM13	-0.03378823746641757
SMIM15	-0.8573709596034433
SMIM19	0.053589347695805145
SMIM20	0.34626524947608317
SMIM22	0.13301934327352427
SMIM26	-0.11518923307239426
SMIM29	-0.07686566147261154
SMIM8	0.06511172931421072
SMNDC1	-0.006480330220998809
SMO	0.08413325290745277
SMOC1	-0.6917748486666291
SMOC2	-0.37414972454147133
SMPD1	0.09579557971831676
SMPD2	-0.16400431830416728
SMPD3	-0.7025937170208234
SMPD4	-0.1369784495734656
SMPDL3A	-0.20261494238944522
SMPDL3B	-0.3395548307673977
SMS	-0.05670415261347728
SMTN	0.05525415425009683
SMTNL1	-0.04383367853607645
SMTNL2	0.049734499574094926
SMU1	0.062486801388541124
SMUG1	0.08950486502020993
SMURF1	0.11641186996896735
SMURF2	-0.048132732885548535
SMYD1	0.28864805708443875
SMYD2	0.04142932288606005
SMYD3	0.026182237899220695
SMYD4	0.10277413114227585
SMYD5	0.17099064548154885
SNAI1	-0.27338046409670635
SNAI2	0.3109333973885686
SNAP23	0.03157419234701564
SNAP25	-0.3271495433115561
SNAP29	0.04068235101509288
SNAP47	0.041575753708680274
SNAP91	0.020766574442628638
SNAPC1	0.020962693979676317
SNAPC2	0.053681513636650635
SNAPC3	-0.011838839022185965
SNAPC4	-0.03320233836732811
SNAPC5	0.0025401727388043582
SNAPIN	0.17671241704815088
SNCA	-0.19322611935074008
SNCAIP	0.0866267763054438
SNCG	-0.49953279291377584
SND1	-0.06139100617372861
SNED1	0.10047159095620728
SNF8	0.0669649681028126
SNIP1	-0.06428003255500059
SNPH	-0.26576498558680406
SNRK	0.03632625304411263
SNRNP200	0.016896879007383347
SNRNP25	0.06382972921584695
SNRNP27	0.10211783894060744
SNRNP35	0.015364611564415043
SNRNP40	0.02953449274988529
SNRNP48	0.03280283008827389
SNRNP70	0.0005626098992834727
SNRPA	0.01613164262270672
SNRPA1	0.058827485835664106
SNRPB	0.19769249948254952
SNRPB2	0.03242844868946193
SNRPC	0.058809943520792274
SNRPD1	0.0436831853078381
SNRPD2	0.060409657085045865
SNRPD3	0.08474325479483724
SNRPE	0.19953548094039064
SNRPF	0.10217277866645702
SNRPG	0.06043748636792401
SNRPN	0.21877045356459313
SNTA1	0.22141578359518377
SNTB1	0.07467360008297419
SNTB2	0.22563703667415425
SNUPN	0.08153961367532148
SNW1	0.01733932702604335
SNX1	0.2971861565141012
SNX10	0.10927204897305565
SNX11	0.038122250596131835
SNX12	0.2083104848135875
SNX13	-0.005502452659971624
SNX14	0.04070553980621838
SNX15	0.1287542504248549
SNX16	0.055540106635049824
SNX17	0.14535180071510112
SNX18	0.23368266400177617
SNX19	0.022639680363022663
SNX2	0.21578741784286493
SNX20	-0.0743315920852119
SNX21	0.23265849181944986
SNX24	-0.0662767930414283
SNX25	-0.014032304974023191
SNX27	0.010861853281742384
SNX29	0.15482299887534268
SNX3	0.19218975208647038
SNX30	0.12024895306661065
SNX32	0.0031756782343403955
SNX33	0.20573733890235957
SNX4	0.1590130375966332
SNX5	0.2465735598805061
SNX6	0.24110436237063482
SNX7	0.09569813806431426
SNX8	0.16433449105423215
SNX9	0.22305178360592137
SOAT1	-0.3548336151981246
SOCS2	-0.010016258932790123
SOCS6	-0.01353887165798362
SOD2	-0.005078314062028966
SOD3	0.15687450908552591
SOGA1	0.022898985169504726
SON	0.05142183897468655
SORBS1	0.24618570148160224
SORBS2	-0.13160752313546098
SORBS3	0.17091751713341452
SORCS2	0.34092213875536537
SORD	-0.20675081185487443
SORL1	-0.15281413427717302
SORT1	0.03111840239477104
SOS1	0.06409681664239741
SOS2	0.022737180455838057
SOSTDC1	-0.04624891050291424
SOWAHA	0.1216078078643461
SOWAHB	0.2568555378806643
SOWAHC	0.07298602716457125
SOWAHD	0.1978297958336217
SOX1	-0.3333609693323556
SOX10	-1.510651183354013
SOX12	0.14224771767068312
SOX13	-0.05778704576726135
SOX15	-0.07491964916249749
SOX2	0.051386775737729096
SOX4	-0.34383225559492914
SOX6	-0.4236784127599531
SOX9	-0.31280967364107326
SP1	0.021206345668787208
SP100	-0.03925924092208888
SP110	-0.26310626439508766
SP140	-0.14791638638919302
SP140L	0.022043335705593137
SP2	0.058620157795512995
SP3	0.05320880270264183
SP4	0.054087389373346895
SP6	-0.16729106457032827
SPA17	-0.16439787439767173
SPAG1	-0.2832373729259352
SPAG5	-0.25506732356051387
SPAG7	0.009039905980738894
SPAG9	-0.0827330028577915
SPANXB1	-0.739177420444852
SPARC	0.23697264150162312
SPART	0.09661710547879565
SPAST	-0.006169333372060493
SPATA18	-0.3566582355460639
SPATA2	0.0936253125415547
SPATA20	-0.1566583048221588
SPATA2L	0.16756557945502237
SPATA33	0.004356848665221236
SPATA5	0.07715238306405325
SPATA5L1	0.11756347056820715
SPATA6	-0.013624901985544113
SPATS2	0.02303851767901577
SPATS2L	0.11175471110442103
SPC24	-0.10917369543319211
SPC25	-0.10113517526832183
SPCS1	-0.35372808994160465
SPCS2	-0.41302197205618185
SPCS3	-0.22213084963495788
SPDEF	0.15200971635038485
SPDL1	-0.08580853787938025
SPECC1	-0.013656566526080383
SPECC1L	0.08852355090468578
SPEG	-0.15164983231981566
SPEN	0.03284964134391899
SPESP1	0.1636325339574558
SPG11	0.034880487619350475
SPG21	0.035987394162916075
SPG7	-0.0786681819914321
SPHK1	0.13969232996581127
SPHK2	0.024437533554280577
SPI1	0.12896147492945786
SPIDR	0.03656500341846325
SPIN1	0.04630912287181843
SPIN3	0.0421195928972935
SPIN4	0.20193571971198665
SPINDOC	-0.04003213230360636
SPINK1	-0.6074390046931946
SPINK5	-0.018499302239947113
SPINK8	0.25425676847239487
SPINT1	-0.15599352137315847
SPINT2	-0.507054531134532
SPIRE1	0.06057620602359748
SPIRE2	0.298640012230754
SPN	-0.22943911980965837
SPNS1	-0.13550653380372069
SPOCD1	0.04925499322270177
SPOCK1	0.3315303105885121
SPOCK2	-0.15892028400532254
SPON1	0.164057544670559
SPON2	0.14612973063170998
SPOP	0.062417283327732775
SPOPL	-0.3412241620914349
SPOUT1	0.009376162269045807
SPP1	-0.11248301405255035
SPP2	-0.00019490539766664483
SPPL2A	0.029474209408522967
SPPL2B	0.003869742013668187
SPR	0.023525814946218304
SPRED1	-0.13973701517795512
SPRED2	-0.07569208982243225
SPRR1A	0.006200989210034535
SPRR1B	-0.4745045082762367
SPRR2D	-1.384623395394132
SPRR3	-0.05569233671055507
SPRTN	-0.007818927650006913
SPRY1	-0.001962479779838766
SPRY4	-0.09178328699091054
SPRYD3	0.13137505243017245
SPRYD4	-0.010181232205582091
SPRYD7	-0.16029811805880456
SPSB2	0.10765919890670972
SPSB3	0.298507323879992
SPSB4	0.11251754043832207
SPTA1	-0.39172836049678494
SPTAN1	0.0953281641586301
SPTB	-0.3684550795561137
SPTBN1	0.13037889605069886
SPTBN2	-0.15862217266998613
SPTBN4	0.08365025882250876
SPTLC1	-0.16597949732028283
SPTLC2	-0.19914141720786915
SPTLC3	-0.13797056699894128
SPTY2D1	-0.01307336210904353
SQLE	-0.22933144590115262
SQOR	0.1039172745596133
SQSTM1	-0.14114843323897475
SRA1	0.11692458174156073
SRARP	-0.08450565784869646
SRBD1	0.02167901961707841
SRC	0.011942069947291856
SRCAP	0.10419257058622122
SRCIN1	-0.3783522202859402
SRD5A1	-0.40599762874672507
SRD5A3	-0.3843270434036583
SREBF1	-0.14954679385687797
SREBF2	-0.02188160697330943
SREK1	0.06822258532494274
SREK1IP1	-0.04065265008619079
SRF	-0.0575278174165188
SRFBP1	0.021901994274163172
SRGAP1	0.09643231718636969
SRGAP2	-0.034214601293037994
SRGAP3	-0.03360399885283627
SRGN	-0.1946603947430532
SRI	0.1276118552694978
SRL	0.39050774519080633
SRM	-0.01481794839256878
SRP14	0.11336584492762292
SRP19	0.004787796148178813
SRP54	0.044441201128275765
SRP68	0.02924587097196607
SRP72	0.031113844506865718
SRP9	0.15443006531151227
SRPK1	-0.3486287186780537
SRPK2	-0.07932726878157936
SRPRA	-0.11765550508966172
SRPRB	-0.24448649973003356
SRPX	0.1666047218684099
SRPX2	-0.17910118685798437
SRR	-0.057725825573790246
SRRD	0.03284509344475239
SRRM1	0.08151014897962838
SRRM2	-0.02014839460661122
SRRM3	-1.1277905609247512
SRRT	0.06320337975742518
SRSF1	-0.1007053353992724
SRSF10	0.020828107209698743
SRSF11	0.08012493977862079
SRSF12	-0.36085002708849245
SRSF2	0.0403538037486193
SRSF3	0.07242953853983991
SRSF4	0.09247912696256222
SRSF5	-0.0010252262934820067
SRSF6	-0.5290156938220818
SRSF7	0.07581372767203476
SRSF8	0.12318964905357177
SRSF9	-0.03188268106654135
SRXN1	0.013908074641630463
SS18	0.0007047691402917167
SS18L1	-0.05027081613701512
SS18L2	-0.12321563523117263
SSB	0.055426099248457206
SSBP1	0.12732209712878273
SSBP2	-0.018234911070321047
SSBP3	-0.04181856746578205
SSBP4	0.1398271304392953
SSC5D	0.2992303519383519
SSH1	0.13008670556927626
SSH2	-0.021076940652587695
SSH3	0.012001465525244726
SSNA1	-0.055025143516758135
SSPN	-0.174325884649301
SSR1	-0.4325565942835219
SSR2	-0.2014122571331356
SSR3	-0.682691596040133
SSR4	-0.14382154191316232
SSRP1	-0.13644103392264384
SSU72	0.06401375919089602
SSX2IP	-0.07329764106264136
ST13	0.04794502073181306
ST14	-0.09358101039170563
ST3GAL1	-0.17866834310138913
ST3GAL4	-0.011341682920122054
ST6GAL1	-0.2687136673406094
ST6GALNAC2	0.03605669233146358
ST6GALNAC5	-0.224691749077369
ST7	-0.38221895404107187
ST8SIA4	-0.5123895602725028
ST8SIA6	0.15695420611659472
STAB1	0.20360597544141612
STAB2	0.3732712050579643
STAC2	-0.2765900674299022
STAC3	0.7558075503131159
STAG1	-0.03332367451630347
STAG2	-0.06721690153877091
STAG3	0.13027530559543976
STAM	0.12591323944998223
STAM2	0.17061398176765508
STAMBP	0.15215229867459001
STAMBPL1	-0.03166684057961433
STAP1	-0.12691351243640447
STAP2	-0.27165671862513463
STARD10	-0.0851437039596199
STARD13	0.11469357780373102
STARD3	-0.7351941801439317
STARD5	0.0028823934643114058
STARD7	-0.04933722583660227
STAT1	-0.42046229536682134
STAT2	0.036935264209930097
STAT3	-0.1618707525615175
STAT4	-0.18155842289964852
STAT5A	-0.0257933239719641
STAT5B	0.02124533387958394
STAT6	0.15182696826720132
STATH	-1.7460405370529948
STAU1	0.00696074492523735
STAU2	0.005844745304248278
STBD1	-0.14696546902825602
STC1	-0.2761222178292684
STC2	-0.6409541690553748
STEAP2	-0.1413936066675454
STEAP3	-0.29953818930207987
STEAP4	-0.7262387816265061
STIL	-0.0242146863682855
STIM1	-0.2072823095449685
STIM2	-0.04689763750173892
STING1	-0.01072385724701519
STIP1	-0.0010596304544421287
STK10	-0.08343180748333623
STK11	0.11497878677748119
STK11IP	0.051371507912250536
STK16	-0.04449344705557756
STK17A	0.07645603674793477
STK17B	-0.014218140110443755
STK19	0.07783728823345548
STK24	0.08736574797210395
STK25	0.0719215997566387
STK26	-0.07659829127727136
STK3	-0.003380833577139697
STK32C	-0.15834926238517788
STK35	0.06854622639460395
STK36	-0.05995116355367003
STK38	-0.06746374399692101
STK38L	-0.05819486565089704
STK39	0.048019874540408125
STK4	-0.03583473411890381
STMN1	-0.27406378713759594
STMN3	-0.4402123972515586
STMND1	-0.12594704654628686
STN1	0.02561711466064942
STOM	-0.07925533503360072
STOML1	0.024959858888248476
STOML2	-0.06844763954841326
STON1	-0.06083168623981017
STON2	0.12249770485509615
STRA6	-0.1046999078795281
STRADA	0.04592021251428946
STRADB	-0.4456865350642456
STRAP	0.06385665466364188
STRBP	0.03336988889907744
STRIP1	0.06726901830494825
STRIP2	0.0821195632722258
STRN	0.05673797761931354
STRN3	0.175652942024767
STRN4	0.07503796888291703
STT3A	-0.39799169612300744
STT3B	-0.45338655742109424
STUB1	0.07413587585727655
STX10	-0.027912509515829242
STX11	-0.005289420044302773
STX12	-0.023458742083349193
STX16	-0.010129530220939209
STX17	0.02556610730544051
STX18	-0.18332092020191126
STX1A	-0.8605441561777241
STX2	0.048404672978625385
STX3	-0.07086493766305324
STX4	-0.024767751372301916
STX5	-0.12986521102649462
STX6	-0.08626210003725276
STX7	-0.003692588466819302
STX8	0.023397144027299532
STXBP1	0.021614069978120654
STXBP2	0.03632791983264383
STXBP3	0.1431888042201166
STXBP4	0.05766202465774484
STXBP5	0.07766259350756322
STXBP6	-0.04643328152017201
STYX	-0.06204404918327633
SUB1	-0.13338591422559887
SUCLA2	0.18324468222952106
SUCLG1	0.16133341344038143
SUCLG2	0.10642668280100409
SUCO	-0.008566466662475847
SUDS3	0.04910878673240049
SUFU	0.1492199681302111
SUGCT	0.17075634450902477
SUGP1	0.07177840197421048
SUGP2	-0.061276700639208315
SUGT1	0.018557476368536996
SULF1	-0.32490510296549147
SULF2	-0.07450107132579475
SULT1A1	-0.037668996708692504
SULT1A2	-0.5105880552919757
SULT1B1	-0.09614581977484882
SULT1C2	-0.3126024514160335
SULT1C3	-0.29334587601996276
SULT1C4	0.27241884859861365
SULT1E1	-0.6314356574638342
SULT2B1	-0.19306187929040064
SUMF1	0.0774838736002117
SUMF2	0.08469569240337549
SUMO2	-0.11149877222026916
SUMO3	0.08357921028749793
SUN1	-0.07333892010272791
SUN2	-0.07785138871245678
SUOX	0.26113311388205673
SUPT16H	-0.16694611313659458
SUPT20H	0.056549543750225695
SUPT3H	0.09371262781957057
SUPT4H1	0.04791478434296437
SUPT5H	-0.08917433299137656
SUPT6H	-0.07864137413633188
SUPT7L	0.12783243828961588
SUPV3L1	-0.07548054355747524
SURF1	-0.04217511495588511
SURF2	-0.003198049324819152
SURF4	-0.17257817074861137
SURF6	-0.07436986882618513
SUSD2	-0.10669445872287753
SUSD3	-0.2469472236718815
SUSD5	0.02338566995339164
SUV39H1	-0.15738394957440072
SUV39H2	-0.1841245148314421
SUZ12	-0.06536642144106963
SVBP	0.02791214117177887
SVEP1	0.2698380367605573
SVIL	0.11751976700834632
SVIP	-0.17212178228340314
SWAP70	0.1347051042545857
SWI5	0.08273903826325224
SWSAP1	0.1485988089546595
SWT1	-0.014720580257908011
SYAP1	0.0857172362674703
SYBU	-0.18853869726155636
SYDE1	0.154892629568522
SYDE2	0.16220742242743214
SYF2	0.05606676629562202
SYK	-0.031928837265107646
SYN1	-0.7034829621820382
SYN2	-0.3096997096421852
SYNC	0.15630835749938043
SYNCRIP	-0.028779957593314975
SYNE1	0.12558599822670047
SYNE2	-0.1172395227833043
SYNE3	0.08955123619819716
SYNGR1	-0.21040038591541155
SYNGR2	-0.14374869802931656
SYNGR3	0.18169718626601217
SYNJ1	-0.0987398292802446
SYNJ2	-0.01408340696762167
SYNJ2BP	-0.15496360461044212
SYNM	-0.14901518650694356
SYNPO	0.06278828325770647
SYNPO2	0.2441401629385993
SYNPO2L	-0.02520619960698056
SYNRG	0.005649910611097653
SYP	-2.361746063502739
SYPL1	0.026594866902662773
SYPL2	0.04213726245767013
SYS1	-0.22936892261530417
SYT1	-0.4154052796010639
SYT13	0.08170469748586129
SYT17	-0.016207367110190773
SYT7	-0.6279670464718166
SYTL1	-0.0609260846139037
SYTL2	0.034687987613676086
SYTL3	0.030237830274055355
SYTL4	0.03405574068875694
SYTL5	-0.17765896327468944
SYVN1	-0.26612754585121223
SZRD1	0.00965019752908347
SZT2	-0.011974595984575842
TAB1	0.0980985804275214
TAB2	0.06822769698420927
TAB3	0.12621212461398557
TACC1	0.1369519056074644
TACC2	-0.05002131137056054
TACC3	-0.2671764572508444
TACO1	0.004899758704841162
TACR1	-0.3431213736241414
TACSTD2	-0.30323377491289705
TADA1	0.09565111961789796
TADA2A	0.03335567073042611
TADA2B	0.11717200927886395
TADA3	0.08336461171396792
TAF1	0.09007753394028484
TAF10	0.08486188492896574
TAF11	0.15229169615365024
TAF12	0.06590192919411209
TAF13	0.21697886260329408
TAF15	-0.018758620676571525
TAF1A	0.03610169472371538
TAF1B	-0.22117453261502007
TAF1C	-0.17850244299163798
TAF2	-0.10363982720169673
TAF3	0.08211502132797932
TAF4	0.08813377361461505
TAF5	0.03535809846981053
TAF5L	-0.004033435294964249
TAF6	0.048609262286095856
TAF6L	-0.03459535796825719
TAF7	0.11102276652226095
TAF8	0.07526422259037702
TAF9	0.07259056135974618
TAF9B	0.13471314279679802
TAGAP	-0.10157049140985208
TAGLN	0.025046369938593216
TAGLN2	0.0513642270632495
TALDO1	0.14622039998979375
TAMM41	-0.06117852979078009
TANC1	-0.0349505873241327
TANC2	-0.02215548959678415
TANGO2	0.13127577083292508
TANGO6	0.006097129673669599
TANK	-0.0688966289284032
TAOK1	-0.07621074878464285
TAOK2	0.023917163949812803
TAOK3	0.09934118104623124
TAP1	-0.5297535258788564
TAP2	-0.4967336386834269
TAPBP	-0.4749531550150756
TAPBPL	-0.24133780734577215
TAPT1	-0.4882324596459675
TARBP1	-0.04640096035303998
TARBP2	0.0336516054862912
TARDBP	-0.07952537399311765
TARS1	0.03062524293329716
TARS2	-0.01207527067681724
TARS3	0.13753225438464511
TASOR	0.01784568211378712
TASOR2	-0.03718624303683882
TASP1	0.13711687386189553
TAT	-1.8933531345122816
TATDN1	0.011912257445064967
TATDN2	-0.18490533540254894
TATDN3	0.059146687078900584
TAX1BP1	-0.10293879217301694
TAX1BP3	0.17515878582828392
TAZ	0.10358399672681351
TBC1D1	-0.04295197118914018
TBC1D10A	-0.04692120718061332
TBC1D10B	0.01644620990346013
TBC1D10C	0.013535037812822281
TBC1D12	0.05250780399137511
TBC1D13	0.19676639545348706
TBC1D14	-0.091368998976467
TBC1D15	0.059474569751973405
TBC1D16	0.06345085098374881
TBC1D17	0.05632762953512227
TBC1D2	0.06778698299757835
TBC1D20	0.016213268462205832
TBC1D22A	0.05101556498550863
TBC1D22B	-0.058299477853545056
TBC1D23	0.06929554858832532
TBC1D24	-0.13958649735905837
TBC1D25	-0.015822218280963085
TBC1D2B	0.12036397806091159
TBC1D30	0.07932620473486196
TBC1D31	0.126851749994489
TBC1D32	0.20074054639705885
TBC1D4	-0.0717085717582222
TBC1D5	0.051935702229236824
TBC1D7	0.06650350209687872
TBC1D8	0.08456296017634557
TBC1D8B	0.03081629925543794
TBC1D9	-0.12895679431634832
TBC1D9B	0.06744188759083869
TBCA	0.1508718818714243
TBCB	-0.08985425091979238
TBCC	0.022907157159067992
TBCCD1	-0.35614531288562734
TBCD	-0.036490259015206306
TBCEL	0.217711218071571
TBCK	0.0995020477014883
TBK1	0.08965110634243345
TBKBP1	0.06207519455260169
TBL1X	0.05667447729780051
TBL1XR1	0.02465379951289748
TBL1Y	-0.2857677688546527
TBL2	-0.13720445177939666
TBL3	-0.04478597016557728
TBP	-0.08181640812100355
TBPL1	-0.017596299526214665
TBRG1	0.18840656979754833
TBRG4	-0.003925532070031323
TBX1	-0.9801806990685726
TBX15	-0.41922330438550404
TBX2	0.17594517957305733
TBX21	0.1048742369561051
TBX3	-0.22558582471556932
TBXAS1	-0.09418852034827907
TC2N	-0.40524860237663063
TCAF1	-0.10750314881823186
TCAF2	-0.16618152090924454
TCAIM	-0.20669302319301508
TCAP	0.8354737732261945
TCEA1	-0.07080513948541878
TCEA2	-0.05146644186328331
TCEA3	-0.04246002274240013
TCEAL1	-0.19154425957879795
TCEAL2	-0.011398425707346505
TCEAL3	-0.7852466572879777
TCEAL4	-0.17397375405398918
TCEAL5	0.2742323469667891
TCEAL8	-0.13252255171892457
TCEANC	-0.08190603516347217
TCEANC2	0.18245218922662865
TCERG1	0.05867299339934107
TCF12	0.1533609429160503
TCF19	-0.268728346832134
TCF20	-0.13120911436456595
TCF25	-0.0783539404303788
TCF3	-0.07210000642572822
TCF4	0.1487730649224659
TCF7	-0.0956826669075852
TCF7L1	-0.10950698983115714
TCF7L2	-0.21012691727195687
TCHP	0.09837794113328613
TCIM	-0.2744905457020579
TCIRG1	-0.14742231096497704
TCL1A	-0.395603905175971
TCN1	-1.2243658935020783
TCN2	-0.0698748425401412
TCOF1	-0.030379425120408143
TCP1	0.008838422023202952
TCP11L1	-0.025400277983937514
TCP11L2	0.09503905862326434
TCTN1	-0.07415467403482978
TCTN3	0.08438818237947565
TDG	-0.035553611022688614
TDP1	-0.03760863838833828
TDP2	-0.16252600672036266
TDRD1	-0.10724611453694877
TDRD12	0.2517202376167127
TDRD3	0.1283697339770704
TDRD7	0.015674324592982458
TDRKH	-0.06310547111808162
TDRP	0.048789705992863475
TEAD1	-0.008401278874012874
TEAD2	-0.20731488773616746
TEAD3	0.042865238958579965
TEAD4	-0.06497848925231153
TEC	0.08532550346568968
TECPR1	-0.03087675717723215
TECPR2	0.11579841390964063
TECR	-0.2783586273198999
TEDC1	0.11222513669646084
TEDC2	0.1586878850443334
TEF	-0.03961952728501039
TEFM	0.10140302051996386
TELO2	-0.013741120930973239
TENM2	-0.10268452133452755
TENM3	0.10591511879306736
TENM4	-0.04217268935211038
TENT2	0.11736033734172224
TENT4A	0.21240089553402797
TENT4B	-0.03623847058860008
TENT5A	0.01190795626405361
TENT5C	-0.17798894464561954
TEP1	0.018851544652317642
TEPSIN	0.11378897390538256
TERF1	-0.02904305732819168
TERF2	-0.13766563812272636
TERF2IP	-0.15153710661740227
TES	-0.0008885689688611365
TESC	0.029766890020735737
TESK1	-0.0019242123350942109
TESK2	0.09744812819458737
TESMIN	0.03458068305690887
TET1	-0.6454044577571807
TET3	0.06183366174234273
TEX10	-0.08246786516761873
TEX13C	0.08751344360281976
TEX2	-0.06409428626766456
TEX264	-0.233593742925418
TEX30	-0.02353982613426453
TEX9	0.060183130520870876
TFAM	0.1215569418664657
TFAP2A	-0.21517067067489037
TFAP2B	-0.3426301314017479
TFAP2C	-0.07540524617282429
TFAP2D	-0.2170301220475661
TFAP2E	-0.0997663070157806
TFAP4	-0.04993629108415831
TFB1M	-0.07186393354942666
TFB2M	-0.07993479598255604
TFCP2	0.03523710401590563
TFCP2L1	0.4765893103317964
TFDP1	-0.10539254206327442
TFDP2	0.1377256183355584
TFE3	0.10990459993632662
TFEB	0.04837779191455027
TFF1	-1.3548487438919192
TFF2	0.36411010776019026
TFF3	-0.7679953150694736
TFG	0.11095817379282735
TFIP11	-0.03168935070028667
TFPI	-0.2722108914385437
TFPI2	-0.7162604102431605
TFPT	0.06255567554270236
TFRC	-0.4500244571182286
TG	-2.1460250034085604
TGDS	0.15668598236948839
TGFB1	0.11186646459969296
TGFB1I1	0.14357862566442847
TGFB2	-0.20969960747389038
TGFB3	0.09751866593092728
TGFBI	0.11355942882743264
TGFBR1	-0.22898286429495585
TGFBR2	0.250023587524117
TGFBR3	-0.35344504263048293
TGFBRAP1	0.08837148234725234
TGIF1	0.08306400667714442
TGIF2LX	-0.008793021124679612
TGM1	-0.3398763189232952
TGM2	-0.210811796647274
TGOLN2	-0.31175239531140164
TGS1	-0.01937468989101987
THADA	-0.00916928078981094
THAP11	0.04973231986163995
THAP12	0.038091307074722636
THAP4	-0.012776995560141557
THAP7	-0.24099856580261836
THAP9	0.08170331858989321
THBD	-0.2555717429919646
THBS1	-0.6326980105519908
THBS2	-0.11479107332367988
THBS3	0.19497719425142535
THBS4	0.2659212196931655
THEM4	-0.14330962167589334
THEM6	-0.18452516727324308
THEMIS	0.08782914065985281
THEMIS2	-0.09352214208096399
THG1L	0.043488001265426846
THNSL1	-0.0934328217152931
THNSL2	0.021582705892626564
THOC1	0.04294401458109576
THOC2	-0.013757160081194542
THOC3	0.055407913769705885
THOC5	0.04780746838851613
THOC6	0.06475767328089788
THOC7	0.08410374785090013
THOP1	0.014137768740098977
THRA	-0.19503339348954363
THRAP3	0.04241084059671607
THRSP	0.17401443308303755
THSD4	-0.0471330851541083
THSD7A	0.08103526004822825
THTPA	0.053298490381227026
THUMPD1	0.11287092086095285
THUMPD2	0.02143628087398497
THUMPD3	0.0045839275045373995
THY1	-0.046070405572734785
THYN1	0.09297066500771223
TIA1	-0.09709102542479897
TIAL1	0.03087048909324963
TIAM1	-0.041899972615379255
TICAM1	0.018821683898423203
TICAM2	0.02627380983704697
TIE1	-0.04508306109984872
TIFA	-0.19948175437241034
TIGAR	-0.021273799621187806
TIGD1	0.1572045704312366
TIGD2	-0.03577208393025799
TIGD5	0.06410822303733887
TIMELESS	-0.0930649423829415
TIMM10	0.13509866464611875
TIMM13	0.03279383296160887
TIMM17A	-0.15483067342209011
TIMM17B	0.11817113436135429
TIMM21	-0.11359588120028263
TIMM22	0.02887292838999045
TIMM23	-0.06801207861373726
TIMM29	-0.05104302913261094
TIMM44	-0.027138073411681063
TIMM50	0.0011821510505143351
TIMM8A	-0.039085919536631764
TIMM8B	0.03618642536004657
TIMM9	0.11722557311389419
TIMMDC1	0.028864576907182027
TIMP1	-0.14050478449655657
TIMP2	0.33621525301689204
TIMP3	-0.2579423646749177
TIMP4	0.13970475454349796
TINAGL1	-0.07242512543015778
TINCR	-0.38285180921395945
TINF2	0.04105327045225238
TIPIN	-0.1504746161024375
TIPRL	0.04472789662650101
TIRAP	0.09662283172107244
TJAP1	0.05107689366364809
TJP1	0.07138624911690528
TJP3	0.160877223603773
TK1	-0.22016247075266548
TK2	0.1307867310551103
TKFC	0.002247283226928687
TKT	0.004507663223918712
TLCD1	-0.2033425066951633
TLCD4	-0.6043112109672926
TLE1	-0.034945690354319936
TLE2	0.06078000382159843
TLE3	-0.0671341557284677
TLE4	0.013699278040153473
TLE5	0.04009031333775681
TLK1	0.04983990451804843
TLK2	-0.049738746820520895
TLN1	0.15906267462823465
TLN2	0.35403744411733484
TLNRD1	-1.9771124472711676e-05
TLR1	-0.09988124225943196
TLR2	-0.08536277208947407
TLR3	0.05169618536386977
TLR5	-0.05834132653423829
TLR7	0.03801616783182027
TLR8	-0.030760522494315268
TLX1	-0.23176809050004188
TM2D1	-0.1704023533781971
TM2D2	-0.015357891982288763
TM2D3	0.011003252324830015
TM4SF18	-0.21617714888374806
TM6SF1	-0.031548154106650905
TM7SF2	-0.3984157108657982
TM7SF3	-0.21842883663516233
TM9SF2	-0.29052761608058475
TM9SF3	-0.2004863922464999
TM9SF4	-0.07680682319977095
TMA16	-0.07046348438534622
TMA7	-0.39395049895422574
TMBIM1	0.39265018498369386
TMBIM6	-0.1988361322138701
TMC4	-0.21614424514499575
TMC5	-0.1804003151649347
TMC6	0.03241585879725761
TMCC1	0.03961389964290518
TMCC3	-0.04335799132410756
TMCO1	-0.22481040178073997
TMCO3	-0.2530059791845609
TMCO4	0.02579993927157176
TMCO6	-0.057976348250948107
TMED1	-0.003717553396192841
TMED10	0.0161789865789288
TMED2	-0.13776155058103257
TMED3	0.12722503931174955
TMED4	-0.030696781007495844
TMED5	-0.14825334825603775
TMED7	0.019743298558346112
TMED8	0.013239216817876098
TMED9	0.015303388674627882
TMEM101	-0.4874738207834959
TMEM102	-0.045192072651715876
TMEM104	0.24947977672876576
TMEM106B	-0.24644046373775197
TMEM109	-0.16476131710648545
TMEM11	0.0038064858922695066
TMEM115	-0.0822631675148422
TMEM119	0.056324094960945814
TMEM120A	-0.09812316221209016
TMEM120B	-0.012209523518611931
TMEM126A	0.04475438119607489
TMEM126B	-0.2387267285190422
TMEM127	-0.04224488867101428
TMEM128	0.020149737924505473
TMEM129	0.2630764890206958
TMEM131	-0.052190890030214376
TMEM131L	-0.10911652527898141
TMEM132A	-0.10598001790198452
TMEM132C	-0.33736150762606165
TMEM134	-0.31250543990317325
TMEM135	0.009784478569027755
TMEM141	0.027952343935435664
TMEM143	-0.15142991558657393
TMEM147	-0.25518939908782023
TMEM14C	0.10476794824737468
TMEM150C	-0.4657295335263072
TMEM154	-0.062421685104574465
TMEM159	-0.21443798279652881
TMEM160	-0.08639725840253121
TMEM161A	-0.43638863156651553
TMEM163	0.5176750655393221
TMEM165	-0.12980286583386658
TMEM167A	-0.36245274205791134
TMEM167B	-0.3639674065547762
TMEM168	-0.14174479991531186
TMEM17	-0.9388560644500856
TMEM175	0.12689333272123182
TMEM176A	-0.04207966097188276
TMEM176B	0.058079899645751
TMEM177	-0.04339635273929332
TMEM179B	-0.30104319090163045
TMEM181	-0.4605187650709883
TMEM184A	0.1584084478838097
TMEM184B	-0.12352320055194355
TMEM184C	0.03481129146723383
TMEM185B	-0.2253749413393873
TMEM186	-0.1250949388874698
TMEM189	0.052422326366937
TMEM19	-0.3035834448092771
TMEM192	-0.16247510838589108
TMEM198	0.1249878055565592
TMEM199	-0.29423704366726255
TMEM201	-0.29936410413763426
TMEM205	-0.24472976422378423
TMEM209	-0.10354883174912288
TMEM212	-1.1064418905239268
TMEM219	-0.023563865165495912
TMEM222	-0.23663010307934584
TMEM223	0.027450840123808717
TMEM230	-0.24625670885766304
TMEM231	0.058450088898212904
TMEM237	-0.08555560050360711
TMEM238	-0.23986720604719736
TMEM245	-0.21054913883612514
TMEM248	-0.04920865249236783
TMEM25	0.1618425523891709
TMEM254	0.2853517769336804
TMEM258	-0.3301452047171338
TMEM259	-0.12790479786688014
TMEM26	-1.2852171233616616
TMEM260	0.1374682595776875
TMEM263	0.16295410859000015
TMEM267	-0.04414608680796839
TMEM30A	-0.36299627444658356
TMEM30B	-0.17606643824507273
TMEM33	-0.37809610307123265
TMEM38A	-0.32624873965679235
TMEM38B	-0.15538174839581664
TMEM39A	-0.7413507428332657
TMEM40	-0.2935469006697815
TMEM41A	-0.2535085970017903
TMEM41B	-0.4046269950717907
TMEM43	-0.11422785088724652
TMEM45A	-0.18859525314406866
TMEM50A	0.4934148598385235
TMEM51	-0.3669690818306446
TMEM53	-0.047226572291192426
TMEM59	-0.4767400931111858
TMEM62	0.03494048835906227
TMEM63A	-0.20281420287571095
TMEM63B	-0.24112477298521995
TMEM63C	-0.22009722300547185
TMEM65	0.028804161312853793
TMEM68	-0.10463550482228001
TMEM70	-0.044965776156178805
TMEM79	0.05710392578517709
TMEM86A	-0.17930900977357922
TMEM87A	-0.24355590514407766
TMEM87B	-0.24453487715780042
TMEM9	-0.29506429848155236
TMEM94	-0.014715066179938674
TMEM97	-0.00616773420319916
TMEM9B	-0.08092305853890025
TMF1	-0.006465283743246175
TMLHE	0.10943713994721804
TMOD1	-0.13589477721458465
TMOD2	0.12213416773632346
TMOD3	0.16290605143202797
TMOD4	0.05437011994086838
TMPO	-0.215112078223072
TMPPE	0.04660709927839157
TMPRSS11E	-1.005060171617199
TMPRSS13	0.0467997520832899
TMPRSS2	0.14886436699328875
TMPRSS4	-0.004081057163306312
TMSB10	0.04988403052337276
TMSB4X	0.11805230020220492
TMTC3	-0.09589992564108485
TMTC4	0.1429598714151954
TMUB1	-0.2115440937137265
TMUB2	-0.08502123458237953
TMX1	-0.21561876242937217
TMX2	-0.3689871215513314
TMX3	-0.22827983881010638
TMX4	-0.1279472026225612
TNC	-0.08470892451289558
TNFAIP1	0.1239731628252585
TNFAIP2	-0.043495756318094436
TNFAIP3	-0.060962343445144285
TNFAIP6	0.09973953697788929
TNFAIP8	-0.10847236953828343
TNFAIP8L1	0.14853448348014986
TNFAIP8L2	-0.012369037426765317
TNFAIP8L3	-0.05006415813701537
TNFRSF10A	0.026605239541430237
TNFRSF10B	-0.14050774595870408
TNFRSF10C	-0.6196394215071912
TNFRSF11A	0.05359419358154849
TNFRSF11B	-0.3224230932439447
TNFRSF12A	-0.11002325439528704
TNFRSF14	0.09988551705246707
TNFRSF17	-0.005757538880480695
TNFRSF18	-0.57368386800227
TNFRSF1A	0.002877901944223993
TNFRSF1B	-0.11727420206927874
TNFRSF21	-0.16975171827019153
TNFRSF6B	0.02889762830067788
TNFSF10	-0.2556663354187627
TNFSF12	0.251435437792642
TNFSF13B	-0.25618670204777416
TNFSF4	0.022826959630517507
TNIK	-0.08162985462178085
TNIP1	0.14728569240845601
TNIP2	0.04854900533150186
TNK1	-0.025771784017962318
TNK2	0.11815345491393003
TNKS	0.04775014276660983
TNKS1BP1	0.039892451721797784
TNKS2	-0.47682635166864173
TNMD	0.42001257355716604
TNN	-0.2913781206275772
TNNC1	0.02279466420423759
TNNC2	0.2405510300950091
TNNI1	0.25393006411226793
TNNI2	0.32682859105863926
TNNT1	0.25858200043088075
TNNT3	0.28441013473234733
TNPO1	0.005962630062317231
TNPO2	-0.11495273002670103
TNPO3	-0.15986462079233732
TNR	-0.3419993561985244
TNRC18	0.03215843257829576
TNRC6A	0.030125580309359634
TNRC6B	0.0013136107615494552
TNRC6C	0.06265068886975911
TNS1	0.2842981309981454
TNS2	0.10106471596069255
TNS3	0.09759054340616302
TNS4	-0.2609860648757447
TNXB	0.050811130760116896
TOB1	0.051359518435830864
TOB2	0.03856971265868481
TOE1	-0.1448703435320482
TOGARAM1	0.11115455413891162
TOLLIP	0.23816823444404633
TOM1	0.07379157683947568
TOM1L1	-0.062312691756677197
TOM1L2	0.03504372160346847
TOMM20	-0.03242102420679771
TOMM22	-0.004629480763380656
TOMM34	-0.04726539533094254
TOMM40	-0.023310999821152478
TOMM5	-0.04663466917343584
TOMM6	0.05778931374335272
TOMM7	-0.05303189206744641
TOMM70	-0.01667857184242294
TONSL	-0.20952959846549746
TOP1	-0.06240522208518229
TOP1MT	0.05469265849650995
TOP2A	-0.484879563035264
TOP2B	-0.005142133010668459
TOP3A	-0.0709401432784098
TOP3B	0.10746566514988132
TOPBP1	-0.0032969004569842753
TOPORS	-0.016678758710735764
TOR1A	0.09611499981150473
TOR1AIP1	0.061702178785040473
TOR1AIP2	-0.014639752774488812
TOR1B	0.09933721128752637
TOR2A	0.18352645227014364
TOR3A	0.044616349479802864
TOR4A	0.1318685608774075
TOX3	-0.07381047193062784
TOX4	-0.02419288782786566
TP53	-1.3037913669256085
TP53BP1	0.03962728228783163
TP53BP2	-0.024849894594897393
TP53I11	-0.4472572293963317
TP53I3	0.0451169590427547
TP53INP2	0.135898245550079
TP53RK	0.12228072334802675
TP63	-0.014218647468268841
TPBG	-0.19598587523984534
TPCN1	-0.040372579110540485
TPD52	-0.38733092291610305
TPD52L1	-0.2670338711576008
TPD52L2	0.08763843615917999
TPGS1	0.20135624412330166
TPGS2	-0.817214427947488
TPH1	-0.33018964334813816
TPI1	0.0836629096084458
TPK1	0.1806932544146136
TPM1	0.12395150553044942
TPM2	0.1254396507661255
TPM3	0.11523901736936182
TPM4	0.09542436306691826
TPMT	0.041130623030866786
TPP1	0.18788256035027473
TPP2	0.04000322168250037
TPPP	-0.3437533361172811
TPPP3	-0.35285038561550763
TPR	0.00951873528733671
TPRA1	0.09202322188194145
TPRG1	-0.5904739864736825
TPRG1L	0.14646117942444192
TPRKB	0.0932211201307922
TPRN	0.0452603186129501
TPSAB1	0.33211760034127025
TPSB2	-0.02306249594744969
TPST1	0.18294207569539722
TPST2	0.055563566772089956
TPT1	0.1215228058615665
TPX2	-0.5730684669692394
TRA2A	0.07832978712700012
TRA2B	0.11954028085304458
TRABD	-0.07286328357445981
TRAC	-0.34302351741593995
TRADD	-0.016690359150103973
TRAF1	-0.23084083346869022
TRAF2	0.13675857017020832
TRAF3	0.09003086826760764
TRAF3IP1	-0.026125677934818015
TRAF3IP2	0.00017788436785792783
TRAF3IP3	-0.2743050984805677
TRAF4	-0.2897283178897432
TRAF5	0.022115457722897247
TRAF6	0.07543227662179675
TRAF7	0.09941865101426117
TRAFD1	0.029980984627972163
TRAJ34	-0.5062601481917195
TRAJ61	-0.6975550417489913
TRAK1	-0.0709281773032675
TRAK2	-0.23825778441374368
TRAM1	-0.28196790844464203
TRAM2	-0.2793237671638096
TRANK1	0.054162225830385324
TRAP1	-0.03182187639700729
TRAPPC1	0.11021853224850986
TRAPPC10	0.009505978525005787
TRAPPC11	0.10826084112244416
TRAPPC12	0.08407972636435446
TRAPPC13	0.05694338975151858
TRAPPC2L	0.12317892574565192
TRAPPC3	0.00757358790001561
TRAPPC4	0.11870327430148819
TRAPPC5	0.16348305766381976
TRAPPC6A	0.08079441289755707
TRAPPC6B	0.08513688254946672
TRAPPC8	0.09833583774150867
TRAPPC9	-0.003165824125741068
TRARG1	0.15352989515743865
TRAT1	-0.05286334423010075
TRDMT1	-0.05010715062837079
TRDN	0.3064011009874754
TREM1	0.04973706611395734
TREM2	0.0012585208512732038
TREML1	-0.09243951764290159
TRERF1	0.02846423960465927
TREX1	0.0172559633791316
TREX2	0.3308498320379343
TRH	0.3674079540004538
TRIAP1	0.15617496875701065
TRIB1	-0.5960242500294335
TRIL	0.26944838136603266
TRIM11	0.034577563362514496
TRIM13	0.1778441751483708
TRIM14	0.02563893828553887
TRIM16	-0.01025079669608786
TRIM2	-0.23071789845816326
TRIM21	0.12679263475990155
TRIM22	-0.20212716210721027
TRIM24	-0.09532260322307451
TRIM25	0.039045850694183315
TRIM26	-0.015243542370853902
TRIM27	-0.23931841968945733
TRIM28	0.07558088472874047
TRIM29	-0.8151093068098199
TRIM3	0.06163032486862008
TRIM32	0.13462623272410923
TRIM33	-0.061516621232119206
TRIM36	-0.4068457396693894
TRIM37	0.03773408268098244
TRIM38	0.02059127362977975
TRIM4	0.10217875837228618
TRIM41	0.08840141409396907
TRIM44	0.0038417119001401545
TRIM45	-0.004903524130376979
TRIM46	0.07647814668781194
TRIM47	0.04249410132641174
TRIM5	0.17698150565666992
TRIM56	0.06399111749842135
TRIM62	0.16255483766623513
TRIM65	0.02625104769166242
TRIM68	0.13560728330396188
TRIM72	-0.21288921553102114
TRIM8	0.22034682689931628
TRIM9	-0.17730354471626697
TRIO	0.06537642196664706
TRIOBP	0.2296284789278218
TRIP10	0.06133502484598807
TRIP11	0.09596955236296978
TRIP12	-0.024197018484553467
TRIP13	-0.37375806072901696
TRIP4	0.09481280770566514
TRIP6	0.11212739543347183
TRIR	-0.15050288298538916
TRIT1	-0.1267024881554697
TRMO	-0.03126093562293608
TRMT1	-0.14054895843564097
TRMT10A	-0.034714445542714856
TRMT10C	-0.007865064111047815
TRMT11	-0.0714438219939737
TRMT112	0.10916592825740778
TRMT12	0.05548223662939833
TRMT13	-0.03447178024804387
TRMT1L	-0.07784856761524495
TRMT2A	-0.10455934702655512
TRMT2B	0.008374280195440065
TRMT44	0.12010704500127645
TRMT5	-0.06252775099784813
TRMT6	-0.16872863127429838
TRMT61A	-0.13502358866936603
TRMT61B	-0.050516152316230745
TRMU	-0.11121651868239013
TRNAU1AP	0.07488395436239159
TRNT1	-0.07614178217489354
TRO	-0.03239547103268059
TRPA1	-0.5467115395724953
TRPC4AP	0.10365259920601844
TRPM4	-0.08344831436037126
TRPM7	0.10136545409909736
TRPS1	-0.01797038041414112
TRPT1	-0.022649657158979153
TRPV1	-0.11086248031449664
TRPV2	0.031652731901361975
TRPV4	-0.0426239136867661
TRRAP	-0.02363108111729062
TRUB1	0.06117153943723963
TRUB2	-0.0006842965071918172
TSC1	0.09004171942185657
TSC2	0.12291662820076965
TSC22D1	0.11658133088323908
TSC22D2	0.05253062057522939
TSC22D3	0.12700572990245718
TSC22D4	0.0037690203726583604
TSEN15	-0.010567304349255124
TSEN2	-0.1946825090922027
TSEN34	-0.0007501009420671778
TSEN54	0.023892182168708587
TSFM	0.09074712659272421
TSG101	0.07725290894722292
TSHZ1	0.005703645289223402
TSHZ3	0.09042775888252308
TSKU	-0.07879277783654004
TSN	-0.09056345792422249
TSNARE1	0.0530825030415194
TSNAX	0.05569277616227808
TSPAN1	-1.0867498689647448
TSPAN13	-0.2890288380849917
TSPAN14	-0.2526851702916133
TSPAN15	-0.4741763217014672
TSPAN2	0.14184810967335437
TSPAN3	-0.5207497348560235
TSPAN31	-0.1388310493640219
TSPAN33	-0.35286021200928275
TSPAN4	0.11220901741180533
TSPAN6	-0.5927448479280617
TSPAN8	-2.0046232900111747
TSPAN9	-0.08872637362835079
TSPO	0.06431579629779449
TSPOAP1	0.0003592236858658282
TSPYL1	0.06519717777372591
TSPYL2	0.02074737398880444
TSPYL4	0.025349913261063506
TSPYL5	-0.35148234888938745
TSR1	-0.13006424175768316
TSR2	0.11580976684185984
TSR3	0.12421663829192653
TSSC4	0.11533116655846598
TST	-0.18891303418890004
TSTA3	0.150945112600251
TSTD1	0.12171002307533563
TSTD2	0.06729682866057551
TTBK2	0.02304208466449431
TTC1	0.12328287602662513
TTC12	0.10028279378468419
TTC13	0.014460249712346496
TTC14	0.0908630253555831
TTC17	-0.008564235718854007
TTC19	-0.09859205485174627
TTC21B	0.09497078204861253
TTC22	0.12679812377055555
TTC25	-0.23152042110135795
TTC26	-0.00039296242712794083
TTC27	-0.044353712157672476
TTC28	0.13123482171194034
TTC3	-0.06976399457514404
TTC30A	-0.022286691384255874
TTC30B	0.1887817957741369
TTC31	0.04930938122471851
TTC33	-0.009668526852095738
TTC36	-0.057127378613065716
TTC37	0.06858256282195185
TTC38	0.08379988602947108
TTC39A	-0.26652627102625814
TTC39B	-0.21058562920065427
TTC39C	-0.08490955758950136
TTC4	-0.09380502040561822
TTC5	0.009725445540688327
TTC7A	0.0806929386015014
TTC7B	0.19250704854411538
TTC8	0.10360351169513393
TTC9	-0.22781384096991886
TTC9C	0.07560377296785248
TTF1	0.06853131081981623
TTF2	-0.03724030345981788
TTI1	-0.01076409938024625
TTI2	-0.03828684092961865
TTK	-0.4506988769266904
TTL	0.015138516638447896
TTLL1	0.11716574495951271
TTLL11	-0.6960183433058624
TTLL12	-0.035588016087260144
TTLL4	-0.5963497104150335
TTLL5	-0.16376516079408532
TTN	-0.40362913686336555
TTPA	-0.33206781022954956
TTPAL	0.05990156151765902
TTR	0.11023614091122269
TTYH3	-0.2505087426775816
TUB	-0.022940569152357426
TUBA1C	0.08476826885616973
TUBA3E	0.6464325090051695
TUBA4A	-0.10636216507444018
TUBA8	0.11955211113251707
TUBB	0.07955866548724266
TUBB1	-0.08036889922677304
TUBB2A	0.15454584324306708
TUBB2B	-0.9818308960575344
TUBB4A	0.06087901780937344
TUBB4B	0.1802837654879248
TUBB6	0.22524054090139956
TUBB8	-0.12035208434021882
TUBB8B	0.14702502933512562
TUBD1	-0.023019861730126934
TUBE1	-0.01358896522709685
TUBG1	0.00902865155645216
TUBG2	0.21348768539543883
TUBGCP2	-0.02636534856753414
TUBGCP3	-0.045530242306536906
TUBGCP4	0.022982345568856033
TUBGCP5	-0.047848759753851056
TUBGCP6	-0.024596177779983464
TUFM	0.10462775229548527
TUFT1	-0.09120962472153593
TULP3	0.0766768292656046
TULP4	0.07291778366364277
TUSC1	0.023931274163831045
TUSC2	0.020715494751801344
TUSC3	-0.5217510135322723
TUT1	0.03155194869541056
TUT4	-0.11138519077843512
TUT7	-0.09635938373081032
TWF1	0.1271240075382316
TWF2	0.02455723781939767
TWISTNB	0.009685495493275909
TWNK	-0.016921252692412736
TWSG1	-0.011884748552230207
TXLNA	-0.027309002517377223
TXLNB	-0.017750661475274043
TXLNG	-0.08173354216388873
TXN2	0.05072757879226231
TXNDC11	-0.05183006987655148
TXNDC12	0.03620873129137081
TXNDC15	-0.01714827452268608
TXNDC16	-0.046695406895992164
TXNDC17	0.06558913840679637
TXNDC5	-0.058746605586719625
TXNDC9	0.04562834033402652
TXNIP	0.1209612588273572
TXNL1	0.09725535695890386
TXNL4A	0.08152492085759633
TXNL4B	0.02654454454194166
TXNRD1	-0.048618726452655636
TXNRD2	-0.15588197129330084
TXNRD3	0.030284393477764127
TYK2	0.044322971406153044
TYMP	-0.09798034522206578
TYMS	-0.2593129318660736
TYROBP	-0.39224806991653693
TYSND1	0.1870601181148892
TYW1	-0.07150444353564467
TYW3	-0.13825751963940114
TYW5	0.02974383557738136
U2AF1L4	-0.21677272730870456
U2AF2	0.0014284178208825438
U2SURP	0.04720988144686444
UACA	0.2063236127433825
UAP1	-0.14654406920442042
UAP1L1	0.17805883116361088
UBA1	0.003352251866115097
UBA2	0.008524734369427023
UBA3	-0.0007535307906856303
UBA5	0.048453084660359025
UBA52	-0.0220355423483376
UBA6	-0.10618549084239959
UBA7	-0.006627213540351562
UBAC1	0.06200432272386536
UBAC2	-0.11400490461626234
UBALD1	0.23067448150914416
UBALD2	-0.03440801244789071
UBAP1	0.11736578038579992
UBAP1L	0.39428653132418034
UBAP2	-0.11350406120631362
UBAP2L	0.00879808205470134
UBASH3A	0.14885627643555566
UBASH3B	-0.28106851721247494
UBD	0.2831482137194321
UBE2A	0.07736717432927165
UBE2B	0.16823107492352207
UBE2D1	0.40927272294864636
UBE2D2	-0.07652787257029559
UBE2D3	-0.37406055839477226
UBE2D4	0.05593158429982914
UBE2E2	-0.5786288179488714
UBE2E3	-0.2587498697981854
UBE2F	0.16156092874807726
UBE2G1	-0.12091110924982473
UBE2G2	0.01321881256822266
UBE2H	-0.07796041051976133
UBE2J1	-0.3495214947782432
UBE2J2	0.022370589772284788
UBE2K	0.09191502604068091
UBE2L3	-0.04636108648799464
UBE2L6	-0.23781860451290981
UBE2M	-0.0043992500059779616
UBE2N	0.10391117896991986
UBE2O	-0.007875499328143576
UBE2Q1	-0.11839975221919019
UBE2Q2	0.146153428569324
UBE2R2	0.08689785441132258
UBE2S	-0.4636419441052162
UBE2T	-0.6664633539404576
UBE2V1	0.007170849965277171
UBE2V2	0.06421313004015872
UBE2W	-0.05892605861773248
UBE2Z	0.04216787826407398
UBE3A	-0.02997288145337862
UBE3B	0.011246022635422293
UBE3C	-0.07508612501223766
UBE3D	0.09430031789024085
UBE4A	0.0686592849910781
UBE4B	0.014715380472868134
UBFD1	0.08830586636750937
UBIAD1	-0.014361420720998552
UBL4A	0.152553622019159
UBL5	0.13461327931670297
UBL7	0.04809947530019798
UBLCP1	0.20978097447553168
UBN1	0.03617018864730426
UBN2	-0.10951193515421309
UBOX5	0.049130684501736965
UBP1	0.11624582396005323
UBQLN1	0.05430069223722711
UBQLN2	-0.04905965925583189
UBQLN4	0.026823575926766097
UBR1	0.0551538714489439
UBR2	-0.04288732808668172
UBR3	0.08282603361767116
UBR5	0.01078033483303642
UBR7	-0.02466585332851068
UBTD1	0.2278160856317868
UBTD2	0.04511629547131335
UBTF	0.00870908594601083
UBXN1	-0.04684490440672562
UBXN10	0.15218267538061347
UBXN11	0.033482094549935226
UBXN2A	0.12403696751232474
UBXN2B	0.07758520347714182
UBXN4	-0.102857092199784
UBXN6	0.08545254575676609
UBXN7	0.020033801740567014
UBXN8	0.2433167792408888
UCHL1	-0.44076517347883026
UCHL3	0.08842848060791653
UCHL5	-0.0020425730894739758
UCK1	0.10281781470575169
UCK2	-0.1817559313272774
UCKL1	0.027082243702068354
UCP1	-0.16279376545850965
UEVLD	0.004673054731544113
UFC1	0.08273842288567224
UFD1	0.054255575673934686
UFL1	0.03586959241304655
UFM1	0.09290057394765938
UFSP1	-0.044248521862911616
UFSP2	0.12440602839064852
UGCG	-0.3349007887760891
UGDH	-0.4093779439694778
UGGT1	0.01650034460141825
UGGT2	0.0771834883301814
UGP2	0.02239087761509495
UGT1A6	-0.305599791170323
UGT1A7	-0.12710634952514255
UGT2B11	0.3028385765731514
UGT2B17	-0.5208887759823249
UGT2B28	0.12642131891818842
UGT8	-0.502170323117884
UHMK1	0.04953576602598986
UHRF1	-0.34848721703514585
UHRF1BP1	0.01408142151463565
UHRF1BP1L	0.07616406818933541
UHRF2	-0.02012091557988427
UIMC1	-0.05856322854739915
ULBP1	-0.48242829536377485
ULBP2	-0.6550336934155272
ULBP3	0.0025163608059042275
ULK1	0.035158108179823344
ULK3	-0.08833815401608547
ULK4	0.004720632320898588
UMAD1	0.2239669048610935
UMPS	0.04235937368213172
UNC119	-0.01854501145416876
UNC119B	-0.009470108157227486
UNC13B	-0.36002843567930043
UNC13D	-0.18180164433868384
UNC45A	-0.022209525300766586
UNC5B	0.15993249907301532
UNC93B1	-0.3461817590999594
UNG	-0.07465102075696706
UNK	0.041866884702873364
UNKL	0.13841093375483382
UPF1	0.023816003519495865
UPF2	-0.07937781166430113
UPF3A	-0.17999993774860457
UPF3B	-0.02591073489855944
UPP1	-0.15353746769184085
UPRT	0.034045391097123456
UQCC1	0.007472890638560159
UQCC2	0.08888786276217431
UQCC3	0.07086062405057447
UQCR10	-0.09901429896847347
UQCRB	0.2264670603722827
UQCRC1	0.18908272507188073
UQCRC2	0.1797541511725278
UQCRFS1	0.1627912257169264
UQCRH	0.19017378196837598
UQCRQ	0.015454547551442488
URB1	-0.1222034364311071
URB2	-0.13687160923483077
URGCP	0.07886878007752784
URI1	0.07215954089450705
URM1	-0.09024491336805696
UROD	0.12694930269159244
UROS	0.07459008740354278
USB1	-0.033900023941694
USE1	-0.09792956785875973
USF1	0.04340485698542906
USF2	0.006544355271785207
USHBP1	0.16467868895274584
USO1	-0.038455825151226364
USP1	-0.28340434490914745
USP10	-0.09691623011609707
USP11	0.018108150453194582
USP12	0.035313459951721526
USP13	-0.11724682992895907
USP14	0.10234513184384753
USP15	0.09779623390446446
USP16	0.037738680930711865
USP18	-0.1780612030626294
USP19	0.04420064131461032
USP20	0.0367069317492259
USP21	-0.16206820280343948
USP22	-0.13850629815267723
USP24	-0.054484569232219116
USP25	0.020892299779884382
USP27X	0.28841564302921974
USP28	-0.09200580304155537
USP29	-0.6187615979770982
USP3	0.038270040285386386
USP30	-0.03009911410775956
USP31	-0.10130793455351039
USP32	-0.07532113747627456
USP33	-0.10154292178687285
USP34	-0.024294683390095884
USP35	0.19340105899482296
USP36	-0.10369688654725095
USP37	-0.17918172981511837
USP38	0.08144515909035732
USP39	-0.053421132588582054
USP4	0.06196709263623745
USP40	0.07311868232917362
USP41	-0.2892478811404935
USP42	-0.011815020041696656
USP43	-0.04081194042874969
USP45	-0.03577720574154597
USP46	-0.011838815895316657
USP47	0.0755071273736263
USP48	-0.03055883887453703
USP5	0.10852274938699225
USP53	0.03720077478247852
USP54	-0.0694242115470054
USP6NL	0.05017834034740076
USP8	0.10328354124103711
USP9X	0.033868671797325334
UTP11	-0.15713025745560572
UTP14A	-0.04011655145383486
UTP15	-0.07350023709283349
UTP18	-0.08184620939041665
UTP20	-0.1355721491353954
UTP23	-0.06819007173427494
UTP25	-0.07662968837066941
UTP3	-0.13358191477176362
UTP4	-0.08155020540992908
UTP6	-0.13458660963142677
UTRN	0.19092919507394157
UVRAG	0.058336807949025626
UVSSA	0.04525601338841412
UXS1	-0.04856444745313837
UXT	-0.08515065679128142
VAC14	-0.06353925176978592
VAMP3	0.018762666640405712
VAMP4	-0.19417032817239033
VAMP5	-0.07620859650779899
VAMP7	-0.13476240558717123
VAMP8	-0.22828272318193044
VANGL1	-0.357143916302757
VANGL2	-0.09658884014597646
VAPA	-0.3132070793630284
VAPB	-0.07544391180046262
VARS1	-0.09112489508873267
VARS2	-0.05349324279082168
VASH1	0.03157770103604296
VASN	0.17791227267213827
VASP	0.06317043538391687
VAT1	0.24008873671025555
VAT1L	0.2167735737009373
VAV1	-0.033642096231432106
VAV2	0.07600273040630157
VAV3	-0.04083838215126079
VAX2	-0.6932461861313897
VBP1	0.05750339985707953
VCAM1	-0.2707306417905606
VCAN	0.23017033777983187
VCL	0.1851820799139503
VCP	0.05856524927187934
VCPIP1	0.05890998439478423
VCPKMT	0.11439628155781278
VDAC1	0.012388231017840923
VDAC2	-0.048338969756105854
VDAC3	-0.06958506800842379
VDR	0.034780850579281264
VEGFA	-0.249068966263561
VEGFB	-0.21784614039304273
VEGFC	-0.03138900786669829
VEPH1	0.3793464568055569
VEZF1	0.08361659015633194
VEZT	-0.12841911589430666
VGF	-0.2917618631625132
VGLL1	-0.6624430761553164
VGLL4	0.016838206384445442
VHL	0.20726132031875544
VIL1	-0.14125960582848052
VILL	-0.0606275583916247
VIM	0.2659022038542673
VIPAS39	0.09030521742266018
VIPR1	-0.01531941859467878
VIPR2	-0.13713692494347285
VIRMA	-0.029963645270786543
VIT	-0.09017622477693621
VKORC1	-0.8621162306915977
VKORC1L1	-0.18921906862826177
VLDLR	0.019327281253106676
VMA21	-0.2645368501269978
VMAC	0.12417792434490948
VMP1	-0.5032685182029084
VNN1	0.14927205059628967
VNN2	0.01864958183876908
VOPP1	-0.054600863837067415
VPS11	0.19562912178497527
VPS13A	-0.017815894053359926
VPS13B	0.05620049176835806
VPS13C	0.06306241580431049
VPS13D	0.04302264301256997
VPS16	0.1420531780532137
VPS18	0.11504764167401049
VPS25	0.16051877696533623
VPS26A	0.07164197636541303
VPS26B	0.1835602965635097
VPS26C	0.16286307375833076
VPS28	0.05465886287388955
VPS29	0.13564484175988767
VPS33A	0.14818359351511035
VPS33B	0.12486419277088245
VPS35	0.04033083416242533
VPS35L	0.12768004107541842
VPS36	0.14030003572730365
VPS37A	0.08405131939270483
VPS37B	0.06841107578950201
VPS37C	0.12584090532975623
VPS37D	-0.05246940791387544
VPS39	0.22734549221480194
VPS41	0.17559273175762158
VPS45	0.08311342780066866
VPS4A	0.0321567002555625
VPS4B	0.0820939791437425
VPS50	-0.0248479842287459
VPS51	0.01436798016013796
VPS52	0.020720457516404167
VPS53	0.06231558988033825
VPS54	0.052475097369907076
VPS72	0.00109266254872864
VPS8	0.08402957552925017
VPS9D1	0.06796511704574115
VRK1	-0.13421966753858072
VRK2	-0.20913590266486892
VRK3	-0.07382778358681819
VSIG10	-0.2588477813458656
VSIG4	0.1422738245195454
VSIR	-0.12081811706659451
VSNL1	-0.8013529493246772
VSTM2A	0.3180392461153527
VSTM2L	-0.6530488448290832
VTA1	0.01892381032905277
VTCN1	-0.581112202991056
VTI1A	-0.006253612595894964
VTI1B	-0.08050532701065904
VTN	-0.07708116271074772
VWA1	0.1437438761866261
VWA2	-0.06107217019350131
VWA3B	-0.3976737841223006
VWA5A	0.03158048121162338
VWA5B2	-0.08430295529199938
VWA8	-0.034297473129267786
VWF	0.21090776436189174
WAC	0.05394627894182591
WAPL	-0.015783559533581126
WARS1	-0.48607406553371746
WARS2	0.062168579671766366
WAS	-0.06374872327430836
WASF1	-0.153436027407011
WASF2	0.11928087933925724
WASF3	0.10931745172204899
WASHC1	0.17674738918882227
WASHC2A	0.1009732331814206
WASHC2C	0.10737743627356267
WASHC3	0.1996520474538599
WASHC4	0.011985563410704003
WASHC5	0.05564216469303318
WASL	0.07521302498991389
WBP11	0.031054179570174867
WBP1L	-0.07973212946380492
WBP2	-0.08967774568712628
WBP4	0.030850323912826383
WDCP	0.027238703294163003
WDFY1	0.13573216443323233
WDFY2	0.12812560587826738
WDFY3	0.06535919856243311
WDFY4	-0.066570233330836
WDHD1	-0.15759792410615958
WDR1	0.09783845400837166
WDR11	0.07346263433413469
WDR12	-0.07336911036961524
WDR13	0.10330366965437321
WDR17	-0.13338736941649287
WDR18	-0.03770097376618864
WDR19	0.03767282409124917
WDR20	0.0660533636611298
WDR24	0.042298497440810934
WDR25	0.10433947620163586
WDR26	0.06749323246939198
WDR31	0.04720742973844505
WDR33	-0.036961163797602836
WDR34	0.09116184114701475
WDR35	0.048576831307741486
WDR36	-0.10217235299396776
WDR37	0.07588351518193903
WDR4	-0.060147965125821656
WDR41	0.08615801592013739
WDR43	-0.11755830925375577
WDR44	0.06291100375663916
WDR45	0.11514151612900747
WDR45B	0.041031195108050866
WDR46	-0.16117790720950964
WDR47	0.05335876555078656
WDR48	0.06707836217754704
WDR5	0.04980580953271385
WDR53	0.04258971922782351
WDR54	-0.06789088851716585
WDR55	0.07984104430774508
WDR59	0.048422829634343856
WDR5B	-0.03529077972330796
WDR6	0.04054035108623211
WDR60	-0.08247356280157092
WDR61	0.1661543628708131
WDR62	-0.08756271778903013
WDR7	0.033918361010691456
WDR70	0.012505825660319658
WDR73	0.09733542750914381
WDR74	-0.07633504079146292
WDR75	-0.1439452287864782
WDR76	-0.3098435723550885
WDR77	0.083581522426595
WDR78	-1.0271998434622613
WDR81	0.09077073974544803
WDR82	0.07959470159104853
WDR83	-0.034540506807449134
WDR83OS	0.12298750236264588
WDR89	-0.09549144153877265
WDR90	-0.19336056298882198
WDR91	0.05575193359541686
WDR92	-0.018208553861637
WDSUB1	-0.0037992362163059568
WDTC1	0.054702587142447356
WDYHV1	0.011972147708664949
WEE1	-0.046378934659330184
WFDC2	-1.4638244452325608
WFS1	-0.18632943226528553
WHAMM	0.09222710011718505
WHRN	0.006837028834166148
WIF1	0.10709445849124322
WIPF1	0.08474010516704311
WIPF2	-0.0667112097324285
WIPF3	-0.2439828649146989
WIPI1	-0.0157004584982694
WIPI2	0.1233556144873802
WIZ	-0.044055221832401514
WLS	-0.5397150746662636
WNK1	0.08990549813580984
WNK2	-0.16900378619144263
WNK3	-0.41828926123062615
WNK4	-0.24482044658414281
WNT11	0.18693391201897924
WNT2	0.07105867178511893
WNT4	0.060753344642144214
WNT5A	0.01964776460696882
WNT5B	-0.041810673768605255
WNT6	-0.254620343862225
WNT7B	-0.12391671931789361
WNT8B	-0.8678114818739893
WRAP53	0.039535185398563044
WRAP73	-0.07397418432988445
WRN	0.00848145171931236
WRNIP1	-0.07936398487132834
WSB1	-0.2233050175217688
WSB2	-0.09997307210969986
WT1	-0.7677727170011437
WTAP	-0.01740872684103678
WTIP	0.2693106312359532
WWC1	0.059210940524886624
WWC2	0.12358423970289678
WWC3	0.0059160649518581465
WWOX	-0.16938419822475304
WWP1	-0.15344967997550718
WWP2	-0.17731390672238945
WWTR1	0.0459369084600727
XAB2	0.013939113429440653
XAF1	-0.34697551778447
XAGE2	-4.741568383981001
XAGE3	0.4201464945351425
XBP1	0.0472259031101423
XDH	-0.814010014472716
XIAP	0.09280509763638634
XIRP1	-0.41185400864871724
XPA	0.07240612220562781
XPC	0.1124659584918426
XPNPEP1	0.05203223600069151
XPNPEP3	-0.04856320606894471
XPO1	-0.018694608763937026
XPO4	-0.08404846174770952
XPO5	-0.3710332545205084
XPO6	-0.03604835395227113
XPO7	-0.12527913832339266
XPOT	-0.04938740361737004
XPR1	-0.25445137735772505
XRCC1	0.03685347206087641
XRCC3	-0.0669932958420052
XRCC4	-0.014005413974516046
XRCC5	0.06237611075694005
XRCC6	0.044182045942296355
XRN1	-0.01799727103891513
XRN2	0.07671957906970306
XXYLT1	0.014974802675499888
XYLB	0.015513496634365964
XYLT1	0.27781846156602796
XYLT2	0.09640661333448008
YAE1	0.12589516103623666
YAF2	-0.04959760307638916
YAP1	0.14180411396093362
YARS1	-0.042997792348550945
YARS2	-0.11119743838596818
YBEY	-0.1472449510077567
YBX1	-0.1843076359081941
YBX2	-0.2042503147465169
YBX3	-0.19601307272958834
YDJC	0.008290777267639271
YEATS2	0.021121617921462388
YEATS4	0.051939647584433146
YES1	-0.11472179752479761
YIF1A	-0.10768007330727869
YIF1B	0.033198167363270414
YIPF1	-0.28109018481740833
YIPF2	-0.09604863665596142
YIPF3	-0.07313327442002304
YIPF4	-0.1906686499955974
YIPF5	-0.08542830071102259
YIPF6	-0.029882873474235794
YJU2	-0.0015001177122151432
YKT6	0.013858809484670331
YLPM1	0.04507272365708204
YME1L1	-0.0542534560043606
YOD1	-0.14633761312274096
YPEL2	0.20883876287139103
YPEL3	0.27583107199376045
YPEL5	0.09255842464820674
YRDC	-0.0658999872004351
YTHDC1	0.037886947098595414
YTHDC2	0.06845310483755895
YTHDF1	-0.008025653166619406
YTHDF2	-0.00430842829785405
YTHDF3	-0.016714026425674433
YWHAB	0.14642496434348118
YWHAE	0.019971891527433172
YWHAG	0.12733633098309838
YWHAH	0.012549635815329196
YWHAQ	-0.03036643520608351
YWHAZ	-0.01628666894430353
YY1	-0.0005497743312652403
YY1AP1	-0.059970585171285506
ZADH2	-0.02790906868277432
ZAP70	-0.37844635897142
ZBED1	0.04186824102584907
ZBED3	0.3736570484485888
ZBED4	-0.05293718575175177
ZBED5	0.007636590078927696
ZBED6	0.08259641581397521
ZBED8	-0.029946286594764615
ZBP1	-0.2777480420650065
ZBTB1	-0.007977201891165464
ZBTB10	-0.2280696521352823
ZBTB11	0.038859008081793434
ZBTB12	-0.23708867447841797
ZBTB14	0.0739345948184642
ZBTB16	-0.041806070119230654
ZBTB17	-0.013436200386390595
ZBTB18	-0.40804624742860796
ZBTB2	0.040387890913063274
ZBTB20	0.034147507835331936
ZBTB21	0.1041830612853829
ZBTB22	0.3537782033530146
ZBTB24	-0.2037615576645173
ZBTB25	0.13288023442834884
ZBTB3	0.11046753418113534
ZBTB33	-0.024521877896589217
ZBTB34	-0.0727889347916495
ZBTB37	0.034601685508507174
ZBTB38	0.028557604114229918
ZBTB39	0.327678488822297
ZBTB4	0.10991710996562531
ZBTB40	0.005766366310062665
ZBTB41	-0.04291951964611762
ZBTB42	-0.004915293803405163
ZBTB43	0.08846889912164535
ZBTB44	0.22820083690657533
ZBTB45	0.23789478536713204
ZBTB46	0.20790672391282428
ZBTB47	0.1427041494125536
ZBTB48	0.07405639988386348
ZBTB5	-0.04572890260583051
ZBTB7A	0.09063756806865797
ZBTB7B	0.05768358240145233
ZBTB7C	0.2635936051004357
ZBTB8A	-0.007008874033791912
ZBTB8OS	-0.1152487657100707
ZBTB9	0.12366337020944584
ZC2HC1A	0.11470569772164296
ZC3H10	0.02881746239027727
ZC3H12A	0.0810910859577092
ZC3H12C	-0.18417839700902405
ZC3H12D	-0.12405454709630703
ZC3H13	0.004272317964325367
ZC3H14	0.09336781583547449
ZC3H15	-0.05088943597990436
ZC3H18	-0.09725013288778328
ZC3H3	0.08330672733439926
ZC3H4	0.00895728662447226
ZC3H6	0.10875049880666054
ZC3H7A	0.05402151618013207
ZC3H7B	0.027367397346893085
ZC3H8	-0.2728681542042217
ZC3HAV1	0.019834750419674307
ZC3HAV1L	-0.0745938267857511
ZC3HC1	0.008973149112414092
ZCCHC10	-0.058885938255549775
ZCCHC14	0.08405948931392082
ZCCHC17	0.000193828116675121
ZCCHC2	-0.19321154996068302
ZCCHC24	0.2554353555809534
ZCCHC3	-0.05992271431111007
ZCCHC4	0.20886146694996555
ZCCHC7	-0.0022154607686459826
ZCCHC8	0.10158468400087983
ZCCHC9	-0.04239654981621932
ZCRB1	0.09684877098024103
ZDHHC1	0.2922087262482549
ZDHHC13	-0.20841530318391221
ZDHHC14	0.05231816673668099
ZDHHC17	0.020127515858138878
ZDHHC18	-0.03497309950665972
ZDHHC20	-0.10152722509499412
ZDHHC21	-0.2807891603438293
ZDHHC24	0.13762636425016694
ZDHHC3	-0.3029225630972796
ZDHHC4	-0.11673899362728513
ZDHHC5	-0.0667950056507749
ZDHHC6	-0.021813342519003243
ZDHHC7	-0.29428945435523524
ZDHHC8	0.11575451230719835
ZDHHC9	0.08000539582939581
ZEB1	0.1205628094512825
ZEB2	0.14434780938400138
ZER1	0.13178038911167533
ZFAND1	-0.04946287681724826
ZFAND2B	0.10128596323325212
ZFAND3	0.05415787104072933
ZFAND5	-0.19286329668202384
ZFAND6	-0.1999268383942976
ZFAT	-0.07590352833260994
ZFC3H1	0.0294732798566244
ZFHX3	-0.010500259865107608
ZFHX4	0.07460169109929993
ZFP1	-0.038161411570968085
ZFP28	1.013155202061851
ZFP3	-0.09252550531888382
ZFP36	0.05819096905312193
ZFP36L1	0.10981135706781231
ZFP36L2	-0.0560986873150533
ZFP37	-0.08957557667487759
ZFP62	-0.0323796903728919
ZFP64	0.11740107019803503
ZFP90	0.026015252438662984
ZFP91	0.0341954985700017
ZFP92	-0.5272867313586378
ZFPL1	-0.09345897434452155
ZFPM1	0.09128520820355845
ZFR	0.016288013264489365
ZFX	0.11564205181603526
ZFYVE1	0.07963836986056094
ZFYVE16	0.13077152238572154
ZFYVE19	0.07451071454429936
ZFYVE21	0.16766199027954798
ZFYVE26	0.002986652009084878
ZFYVE27	-0.11374595669325416
ZFYVE28	0.1566446934308452
ZFYVE9	0.07951505339184095
ZG16B	0.04635538353198854
ZGPAT	-0.05313679415334249
ZGRF1	0.3963881371566611
ZHX1	0.08112801852576013
ZHX2	-0.13236642816957556
ZHX3	0.15627458298371977
ZKSCAN1	0.011497804143797197
ZKSCAN3	-0.06849627664435687
ZKSCAN4	0.04915882499833657
ZKSCAN8	0.008931814497621815
ZMAT2	0.05114099617371437
ZMAT3	0.11136919996308237
ZMAT5	-0.01949025569655305
ZMIZ1	0.025027179104871067
ZMIZ2	0.042757531686032024
ZMPSTE24	-0.3454378936913294
ZMYM1	-0.027871603545040813
ZMYM2	-0.044756843227844456
ZMYM3	0.020152368054965564
ZMYM4	-0.059115706314084804
ZMYM6	-0.12228081548814984
ZMYND10	-0.17657199654288647
ZMYND11	0.0676690916085434
ZMYND8	0.1062141147987532
ZNF100	-0.5091807461277629
ZNF101	-0.19503142258162498
ZNF106	-0.042282413439579614
ZNF12	0.08986201395110172
ZNF121	-0.12107765999611608
ZNF131	0.053031684156799486
ZNF132	0.30600792610013805
ZNF134	0.19530859468791917
ZNF135	0.14875274055231458
ZNF136	-0.10979323960731335
ZNF140	-0.046913179740691646
ZNF142	-0.3525278648244985
ZNF143	0.07609500471602715
ZNF146	-0.10482182288464514
ZNF148	0.0798414808971657
ZNF16	0.28702001735407734
ZNF174	0.032643468775763296
ZNF184	-0.04692968198265035
ZNF185	0.0973078464258137
ZNF189	-0.014589628123683696
ZNF195	0.09453311310119261
ZNF20	0.0673525678222262
ZNF200	0.0067795048383612055
ZNF205	0.12715909092266386
ZNF207	0.14048480271655706
ZNF212	0.27660004087274004
ZNF213	0.07019971482468357
ZNF217	-0.16719865855410276
ZNF219	0.10086006921339319
ZNF22	-0.013032771541080734
ZNF226	0.49559869426411485
ZNF227	-0.2717662082043546
ZNF235	0.21270077552451205
ZNF239	-0.3723714924913839
ZNF24	-0.07242220428562618
ZNF248	0.38166673665024575
ZNF25	-0.027028770908906097
ZNF250	0.003038311970852803
ZNF260	0.3749041975153258
ZNF263	-0.04963373832660167
ZNF264	-0.2015756579311212
ZNF267	0.26010418500482757
ZNF273	0.2967749221482059
ZNF274	0.06696716440512773
ZNF275	0.09184360221735233
ZNF276	-0.16017099681996072
ZNF277	-0.06047388547376542
ZNF280C	-0.2694963642973214
ZNF280D	-0.010080452032322995
ZNF281	-0.0024292426170404724
ZNF282	0.010890261942499535
ZNF292	-0.11258300331470394
ZNF296	0.24870321210014446
ZNF3	-0.15142620629410075
ZNF302	0.10938302405537925
ZNF316	0.04733031744893168
ZNF317	0.46633202385107175
ZNF318	0.023860952098505805
ZNF319	-0.08780075344578364
ZNF32	0.10233954947624113
ZNF320	0.44236878724723994
ZNF324	0.1010106107522617
ZNF326	-0.07010201370297153
ZNF329	0.41448883957214555
ZNF330	0.08860357016313003
ZNF331	0.16907237419317056
ZNF333	-0.18852626460097
ZNF335	0.07995640673972204
ZNF33A	0.06410106181786901
ZNF341	0.06877209175027943
ZNF346	0.09278095282934729
ZNF35	-0.02415951967279728
ZNF350	0.0457122663702485
ZNF354A	-0.10133070066203942
ZNF358	0.0730297222605536
ZNF362	0.08939268356048302
ZNF367	-0.1956259174727375
ZNF384	-0.1481386176858237
ZNF385A	0.12120929322400187
ZNF385B	-0.5839091735844946
ZNF391	0.48739995286615123
ZNF394	-0.03448693948332959
ZNF395	0.3086545119963553
ZNF397	0.033952970001907445
ZNF407	-0.009588084731166902
ZNF408	0.09474662730331218
ZNF410	0.002021776908435413
ZNF414	0.06007957336623093
ZNF417	0.19168658145762407
ZNF418	-0.4601028861905334
ZNF420	-0.23046364621217563
ZNF423	0.012231726717305769
ZNF426	0.1144806713351123
ZNF428	0.050023162818536804
ZNF430	-0.017946148649230054
ZNF431	-0.4211803858603318
ZNF432	0.218350283200186
ZNF436	0.142206446999932
ZNF440	0.03777363653354282
ZNF444	-0.12668302188726877
ZNF446	0.05506150966717627
ZNF451	-0.03002900995980795
ZNF460	0.016900028966396974
ZNF462	-0.11929195999890041
ZNF467	0.003096509722222862
ZNF48	-0.09736829582771378
ZNF484	0.3328248791501336
ZNF486	0.10077054536184882
ZNF490	0.1654589790025076
ZNF496	0.010424750955486672
ZNF500	-0.3461856805370509
ZNF501	0.2535667522920715
ZNF503	-0.17840740463583415
ZNF506	-0.2173467527125439
ZNF507	0.08596981554996219
ZNF511	0.13311365044137524
ZNF512	-0.08092946767694542
ZNF512B	-0.0619356577226533
ZNF513	-0.04810830762867013
ZNF516	-0.037526177464595634
ZNF518A	-0.017254682632094287
ZNF518B	-0.0362935246182019
ZNF521	-0.3253113787524029
ZNF524	0.10421647330145234
ZNF525	-0.05801293016221365
ZNF526	0.015307457872678398
ZNF532	-0.08496900687638487
ZNF543	0.11456799624921743
ZNF544	-0.09085955353201047
ZNF548	0.3659542107883986
ZNF549	0.11157725903861149
ZNF551	-0.004802309907084634
ZNF552	0.07672806975227786
ZNF561	0.2121740022498404
ZNF562	0.15956263533007764
ZNF566	-0.13305764035784406
ZNF567	-0.047618130016330085
ZNF568	-0.07139358151529862
ZNF570	0.21460833517483024
ZNF574	-0.07046237450227189
ZNF576	0.07144305124521111
ZNF579	0.022896563411212156
ZNF580	-0.024326833600049724
ZNF581	-0.02527650655843061
ZNF584	0.27592881949999093
ZNF587	0.02437375186593549
ZNF587B	-0.014797565139335944
ZNF592	2.1056167163635564e-05
ZNF593	-0.10076041837180938
ZNF597	0.042873166024495646
ZNF598	0.06986262714814018
ZNF606	0.06728515081556452
ZNF608	0.232513852204697
ZNF609	0.06538421478506962
ZNF611	-0.06082540663944158
ZNF613	0.19857547281466736
ZNF618	-0.011790992384637988
ZNF622	0.026721874392489298
ZNF623	0.004181876389200312
ZNF625	-0.03260738901744631
ZNF627	0.09387401733634704
ZNF628	-0.19115736903549774
ZNF629	0.004989264421450201
ZNF638	0.056641299298966885
ZNF639	0.009556809900789887
ZNF641	-0.0896934754357801
ZNF644	-0.01408233413423332
ZNF646	0.08026540214868305
ZNF649	-0.05524876031715209
ZNF652	-0.06583386013910797
ZNF654	0.005174367922215595
ZNF655	0.0495786080227969
ZNF664	-0.023354683485564465
ZNF668	0.007842516171706393
ZNF669	0.06971483696862357
ZNF672	0.07094649422512056
ZNF675	0.1419162805330938
ZNF687	0.03346108817592608
ZNF688	0.1443034329130679
ZNF691	-0.10603385666126286
ZNF692	-0.14856286390751627
ZNF696	0.09228202980180455
ZNF7	0.04123325436286773
ZNF703	-0.7288739960751123
ZNF704	0.16903360063168726
ZNF706	-0.11781035415291896
ZNF71	0.3386339531843303
ZNF710	0.0023787418150416073
ZNF714	-0.07861176735405451
ZNF716	-0.02029518591434254
ZNF737	0.21647042850755938
ZNF738	-0.11586531068819106
ZNF74	-0.3940248142955163
ZNF740	-0.013966670973889705
ZNF746	0.016296316210242523
ZNF750	0.05348930823799236
ZNF75A	-0.15707890640637245
ZNF76	0.09118426540306146
ZNF761	0.21658800173346116
ZNF768	0.061637618255328874
ZNF770	-0.3980251704884008
ZNF771	0.23029906672756262
ZNF773	0.2232693162166619
ZNF776	-0.025768878976201393
ZNF777	0.04584966397763601
ZNF784	0.08993298734955069
ZNF787	0.10506455392826908
ZNF8	0.03855408109881964
ZNF800	-0.05941572361357572
ZNF805	-0.12648010269716004
ZNF808	0.2741181084178397
ZNF813	-0.02260581929252936
ZNF814	0.25292672488808954
ZNF816	0.27920709606041605
ZNF821	-0.11714164367530167
ZNF823	0.2683693153142963
ZNF827	0.11796338322317013
ZNF829	0.031383117365390234
ZNF830	0.02785246710087108
ZNF837	-0.022639936463052734
ZNF839	0.08243915906547983
ZNF84	0.2626926714376676
ZNF845	0.21276731296185325
ZNF853	0.02741356718745358
ZNF865	0.10373326141431072
ZNF888	-0.11092916891244009
ZNF91	0.27361244653197847
ZNF99	-0.02061015760833662
ZNFX1	0.009844574784231952
ZNHIT1	0.11923219465369783
ZNHIT2	0.041041308726725845
ZNHIT3	0.09662447752381809
ZNHIT6	-0.11519011089822229
ZNRD1	0.1825550712731996
ZNRD2	-0.038834354642315105
ZNRF1	0.09632354933418696
ZNRF2	0.07301730337105639
ZP4	-0.7281588793551563
ZPR1	0.06663333115093906
ZRANB1	0.017999021603651855
ZRANB2	-0.02218703680307854
ZRANB3	-0.5550279631594393
ZRSR2	0.06484793960879998
ZSCAN12	0.046488603782867344
ZSCAN16	-0.08956497563746879
ZSCAN18	0.025115384423894938
ZSCAN21	0.03978641042672848
ZSCAN22	-0.5312872706251035
ZSCAN25	0.13603981752043737
ZSCAN26	0.06352930251161837
ZSCAN29	0.1525385801655048
ZSCAN30	-0.04646336867819301
ZSCAN31	0.027386352833582706
ZSCAN5A	0.19171538120236598
ZSWIM1	-0.17161513386033533
ZSWIM3	0.0638991600569021
ZSWIM6	0.16523461728661104
ZSWIM7	0.01784092673589832
ZSWIM8	0.04288031996358299
ZSWIM9	0.15961426979009374
ZUP1	-0.03939461082440232
ZW10	0.02982413570519782
ZWILCH	-0.06468415287100626
ZWINT	-0.06995068115780612
ZXDC	-0.11443470480220697
ZYG11B	0.023711182533311614
ZYX	0.17752641235331623
ZZEF1	-0.06520107083255766
