reaction_id,subsystem,W_R,n_genes
MAR03905,Glycolysis / Gluconeogenesis,2.844909036816053,9
MAR03907,Glycolysis / Gluconeogenesis,1.0026888723286511,1
MAR04097,Glycolysis / Gluconeogenesis,1.1,1
MAR04099,Glycolysis / Gluconeogenesis,1.1,2
MAR04108,Glycolysis / Gluconeogenesis,1.1,1
MAR04133,Glycolysis / Gluconeogenesis,1.1,1
MAR04281,Glycolysis / Gluconeogenesis,1.1,2
MAR04388,Glycolysis / Gluconeogenesis,1.1,5
MAR04283,Glycolysis / Gluconeogenesis,1.1,4
MAR08357,Glycolysis / Gluconeogenesis,4.517693525858667,5
MAR04379,Glycolysis / Gluconeogenesis,1.225968295105329,3
MAR04301,Glycolysis / Gluconeogenesis,1.225968295105329,3
MAR04355,Glycolysis / Gluconeogenesis,1.6238009471022894,2
MAR04358,Glycolysis / Gluconeogenesis,1.4574155940601092,2
MAR04360,Glycolysis / Gluconeogenesis,1.1,1
MAR04363,Glycolysis / Gluconeogenesis,1.8539740323385159,3
MAR04365,Glycolysis / Gluconeogenesis,1.5492935232712544,4
MAR04368,Glycolysis / Gluconeogenesis,1.1475750105936542,3
MAR04370,Glycolysis / Gluconeogenesis,1.1,2
MAR04371,Glycolysis / Gluconeogenesis,1.5492935232712544,4
MAR04372,Glycolysis / Gluconeogenesis,1.1,2
MAR04373,Glycolysis / Gluconeogenesis,0.9491223012921086,2
MAR04375,Glycolysis / Gluconeogenesis,1.6238009471022894,3
MAR04377,Glycolysis / Gluconeogenesis,2.5237018402090423,2
MAR04381,Glycolysis / Gluconeogenesis,1.1,1
MAR04391,Glycolysis / Gluconeogenesis,1.118793881213298,1
MAR04394,Glycolysis / Gluconeogenesis,1.1438820214137722,5
MAR04396,Glycolysis / Gluconeogenesis,2.047770947570362,2
MAR04521,Glycolysis / Gluconeogenesis,1.9729652364301782,3
MAR06412,Glycolysis / Gluconeogenesis,0.6962953866700962,2
MAR07745,Glycolysis / Gluconeogenesis,1.946044113846941,1
MAR07747,Glycolysis / Gluconeogenesis,0.7766371065364901,1
MAR08360,Glycolysis / Gluconeogenesis,1.1,1
MAR08652,Glycolysis / Gluconeogenesis,1.9729652364301782,3
MAR08757,Glycolysis / Gluconeogenesis,1.1,1
MAR03989,Starch and sucrose metabolism,1.1,4
MAR04122,Starch and sucrose metabolism,1.1,1
MAR04837,Starch and sucrose metabolism,1.1,2
MAR05395,Starch and sucrose metabolism,1.8272073523718428,2
MAR05396,Starch and sucrose metabolism,1.4636036761859215,4
MAR09727,Starch and sucrose metabolism,1.4157279103537275,4
MAR05397,Starch and sucrose metabolism,0.19316746298174833,1
MAR05398,Starch and sucrose metabolism,1.567324544313649,3
MAR05399,Starch and sucrose metabolism,1.1,1
MAR05400,Starch and sucrose metabolism,1.1,1
MAR05401,Starch and sucrose metabolism,1.567324544313649,3
MAR08568,Starch and sucrose metabolism,1.4689853791367304,6
MAR08569,Starch and sucrose metabolism,1.4689853791367304,6
MAR08570,Starch and sucrose metabolism,1.4689853791367304,6
MAR08571,Starch and sucrose metabolism,1.4689853791367304,6
MAR08572,Starch and sucrose metabolism,1.4689853791367304,6
MAR08573,Starch and sucrose metabolism,1.4689853791367304,6
MAR08574,Starch and sucrose metabolism,1.4689853791367304,6
MAR08575,Starch and sucrose metabolism,1.4689853791367304,6
MAR08576,Starch and sucrose metabolism,1.4689853791367304,6
MAR08577,Starch and sucrose metabolism,1.4689853791367304,6
MAR08578,Starch and sucrose metabolism,1.4689853791367304,6
MAR08579,Starch and sucrose metabolism,1.4689853791367304,6
MAR08581,Starch and sucrose metabolism,1.4689853791367304,6
MAR08591,Starch and sucrose metabolism,1.1,2
MAR08592,Starch and sucrose metabolism,1.1,1
MAR08580,Starch and sucrose metabolism,1.4689853791367304,6
MAR08582,Starch and sucrose metabolism,1.4689853791367304,6
MAR08587,Starch and sucrose metabolism,1.1,2
MAR08589,Starch and sucrose metabolism,1.1,1
MAR08583,Starch and sucrose metabolism,1.1,1
MAR08584,Starch and sucrose metabolism,1.1,1
MAR08585,Starch and sucrose metabolism,1.1,1
MAR03944,Galactose metabolism,0.3726619145331713,1
MAR04128,Galactose metabolism,1.1,1
MAR04130,Galactose metabolism,0.7522151279551778,2
MAR04131,Galactose metabolism,0.27722082862093517,1
MAR04132,Galactose metabolism,0.27722082862093517,1
MAR04303,Galactose metabolism,1.1,4
MAR04414,Galactose metabolism,1.1,3
MAR04415,Galactose metabolism,0.883775855920821,4
MAR04416,Galactose metabolism,1.2374843700792317,3
MAR04831,Galactose metabolism,1.1,0
MAR04832,Galactose metabolism,0.883775855920821,4
MAR07674,Galactose metabolism,1.1,3
MAR08761,Galactose metabolism,1.1,1
MAR08762,Galactose metabolism,1.6238009471022894,3
MAR08764,Galactose metabolism,1.1,1
MAR08766,Galactose metabolism,1.8103854511609847,2
MAR08767,Galactose metabolism,0.27722082862093517,1
MAR00454,Fructose and mannose metabolism,1.1,0
MAR04297,Fructose and mannose metabolism,1.1,4
MAR04310,Fructose and mannose metabolism,1.1,1
MAR04315,Fructose and mannose metabolism,1.1,1
MAR04316,Fructose and mannose metabolism,1.8103854511609847,2
MAR04317,Fructose and mannose metabolism,1.1266001189782278,5
MAR04318,Fructose and mannose metabolism,1.1266001189782278,5
MAR04319,Fructose and mannose metabolism,1.1548525267672152,4
MAR04320,Fructose and mannose metabolism,1.1266001189782278,5
MAR04356,Fructose and mannose metabolism,1.6238009471022894,3
MAR04383,Fructose and mannose metabolism,2.07870005623236,1
MAR04385,Fructose and mannose metabolism,0.998504737519073,3
MAR04386,Fructose and mannose metabolism,1.2886784974193,2
MAR04387,Fructose and mannose metabolism,1.2886784974193,1
MAR04399,Fructose and mannose metabolism,1.1,1
MAR04400,Fructose and mannose metabolism,1.1,1
MAR04401,Fructose and mannose metabolism,1.1,2
MAR04402,Fructose and mannose metabolism,1.1,1
MAR04403,Fructose and mannose metabolism,1.1,0
MAR04490,Fructose and mannose metabolism,1.1548525267672152,4
MAR04706,Fructose and mannose metabolism,1.1,5
MAR08768,Fructose and mannose metabolism,1.1,1
MAR04590,Pentose and glucuronate interconversions,0.7315481555150036,1
MAR04591,Pentose and glucuronate interconversions,2.5166602624277954,2
MAR04592,Pentose and glucuronate interconversions,1.8103854511609847,2
MAR04593,Pentose and glucuronate interconversions,1.1,1
MAR04594,Pentose and glucuronate interconversions,1.1,1
MAR04595,Pentose and glucuronate interconversions,0.2889135283638228,1
MAR08341,Pentose and glucuronate interconversions,2.0471806015479794,3
MAR08342,Pentose and glucuronate interconversions,1.1,0
MAR08344,Pentose and glucuronate interconversions,1.0026888723286511,1
MAR08352,Pentose and glucuronate interconversions,3.150142481810136,1
MAR08353,Pentose and glucuronate interconversions,1.1,0
MAR08726,Pentose and glucuronate interconversions,1.1,1
MAR08727,Pentose and glucuronate interconversions,1.1,1
MAR08728,Pentose and glucuronate interconversions,1.1,0
MAR08729,Pentose and glucuronate interconversions,1.1,1
MAR06537,Pentose and glucuronate interconversions,1.0026888723286511,1
MAR01568,Pyruvate metabolism,1.1,4
MAR03853,Pyruvate metabolism,1.7971768618714814,2
MAR03854,Pyruvate metabolism,1.8103854511609847,2
MAR03855,Pyruvate metabolism,1.8103854511609847,2
MAR03857,Pyruvate metabolism,1.2518375930893604,2
MAR03859,Pyruvate metabolism,1.1,2
MAR04087,Pyruvate metabolism,1.1,2
MAR04089,Pyruvate metabolism,1.1,2
MAR04091,Pyruvate metabolism,1.1,2
MAR04093,Pyruvate metabolism,1.5175365145798996,1
MAR04095,Pyruvate metabolism,1.5175365145798996,1
MAR04101,Pyruvate metabolism,1.3383499960106753,1
MAR04103,Pyruvate metabolism,0.15954182570922903,1
MAR04143,Pyruvate metabolism,1.1,1
MAR04193,Pyruvate metabolism,1.4574155940601092,2
MAR08497,Pyruvate metabolism,2.0471806015479794,3
MAR08498,Pyruvate metabolism,1.1,1
MAR08499,Pyruvate metabolism,1.1,1
MAR08500,Pyruvate metabolism,2.0471806015479794,3
MAR08501,Pyruvate metabolism,1.2510013811257186,1
MAR08502,Pyruvate metabolism,3.0630226664180595,8
MAR08503,Pyruvate metabolism,1.4482636072611972,7
MAR08504,Pyruvate metabolism,4.517693525858667,5
MAR08506,Pyruvate metabolism,4.517693525858667,5
MAR08507,Pyruvate metabolism,2.844909036816053,9
MAR08508,Pyruvate metabolism,2.844909036816053,9
MAR08509,Pyruvate metabolism,2.0471806015479794,3
MAR08511,Pyruvate metabolism,1.2518375930893604,2
MAR08512,Pyruvate metabolism,1.1,1
MAR08514,Pyruvate metabolism,1.1,2
MAR08516,Pyruvate metabolism,0.9823706632276948,1
MAR08517,Pyruvate metabolism,1.1,0
MAR04280,Pyruvate metabolism,1.1,2
MAR00153,Propanoate metabolism,1.1,3
MAR03212,Propanoate metabolism,1.8121485826836659,6
MAR03797,Propanoate metabolism,1.1,3
MAR03800,Propanoate metabolism,1.1,2
MAR04105,Propanoate metabolism,1.1,1
MAR04106,Propanoate metabolism,1.1,1
MAR04107,Propanoate metabolism,1.1,1
MAR04282,Propanoate metabolism,1.0693324286246784,1
MAR04331,Propanoate metabolism,1.1,3
MAR04459,Propanoate metabolism,1.1,3
MAR04460,Propanoate metabolism,1.1,3
MAR04464,Propanoate metabolism,1.1,0
MAR04497,Propanoate metabolism,1.1,1
MAR04741,Propanoate metabolism,0.6047762027333035,1
MAR08078,Propanoate metabolism,1.1,0
MAR09803,Propanoate metabolism,1.1,0
MAR09804,Propanoate metabolism,1.6630227140031923,26
MAR00718,Butanoate metabolism,1.1,1
MAR00719,Butanoate metabolism,1.1,1
MAR01434,Butanoate metabolism,1.1,1
MAR01436,Butanoate metabolism,1.1,1
MAR03163,Butanoate metabolism,1.8121485826836659,6
MAR04461,Butanoate metabolism,1.433809340363223,2
MAR04604,Butanoate metabolism,1.1,1
MAR05351,Butanoate metabolism,1.1,4
MAR07709,Butanoate metabolism,0.4282575540885717,1
MAR04052,Pentose phosphate pathway,1.1,3
MAR04304,Pentose phosphate pathway,1.1,1
MAR04350,Pentose phosphate pathway,1.1,1
MAR04351,Pentose phosphate pathway,1.1,1
MAR04352,Pentose phosphate pathway,1.1,1
MAR04354,Pentose phosphate pathway,1.202299022699795,1
MAR04398,Pentose phosphate pathway,2.016558133325205,1
MAR04404,Pentose phosphate pathway,1.1,3
MAR04473,Pentose phosphate pathway,1.1,1
MAR04474,Pentose phosphate pathway,1.1,1
MAR04476,Pentose phosphate pathway,1.1,1
MAR04477,Pentose phosphate pathway,1.594868874660633,2
MAR04501,Pentose phosphate pathway,1.1,3
MAR04565,Pentose phosphate pathway,1.880579345319881,1
MAR04567,Pentose phosphate pathway,1.225968295105329,3
MAR09799,Pentose phosphate pathway,1.1,1
MAR09800,Pentose phosphate pathway,1.1,1
MAR04623,Pentose phosphate pathway,3.40141140194555,1
MAR04625,Pentose phosphate pathway,1.8696382834094554,1
MAR04710,Pentose phosphate pathway,1.202299022699795,1
MAR04841,Pentose phosphate pathway,1.1,4
MAR08074,Pentose phosphate pathway,1.1,1
MAR08653,Pentose phosphate pathway,3.40141140194555,2
MAR03998,Purine metabolism,3.596595955304824,8
MAR04000,Purine metabolism,2.5684365713466253,18
MAR04002,Purine metabolism,1.7968394394421883,10
MAR04004,Purine metabolism,1.7968394394421883,10
MAR04010,Purine metabolism,1.1,10
MAR04081,Purine metabolism,1.1,10
MAR04082,Purine metabolism,1.1,10
MAR04012,Purine metabolism,1.307691856964896,2
MAR04014,Purine metabolism,1.759563693993609,23
MAR04020,Purine metabolism,2.3611663910052183,1
MAR04022,Purine metabolism,2.5684365713466253,18
MAR04038,Purine metabolism,1.4246944358351805,1
MAR04040,Purine metabolism,0.7673236788576724,2
MAR04042,Purine metabolism,1.1,2
MAR04046,Purine metabolism,1.1,1
MAR04048,Purine metabolism,1.759563693993609,23
MAR04080,Purine metabolism,1.1,3
MAR04085,Purine metabolism,0.42486129343047385,1
MAR04086,Purine metabolism,0.42486129343047385,1
MAR04134,Purine metabolism,3.596595955304824,8
MAR04135,Purine metabolism,2.3611663910052183,1
MAR04168,Purine metabolism,0.5346166737629298,1
MAR04171,Purine metabolism,1.4574155940601092,2
MAR04290,Purine metabolism,5.538392809430797,3
MAR04406,Purine metabolism,1.1,1
MAR04412,Purine metabolism,1.1,2
MAR04417,Purine metabolism,1.1,10
MAR04418,Purine metabolism,1.1,1
MAR04419,Purine metabolism,1.102111282910307,2
MAR04421,Purine metabolism,1.4574155940601092,2
MAR04449,Purine metabolism,1.1,10
MAR04450,Purine metabolism,1.1,10
MAR04451,Purine metabolism,1.1,0
MAR04452,Purine metabolism,1.1,1
MAR04453,Purine metabolism,1.1,1
MAR04480,Purine metabolism,1.722178070930525,14
MAR04481,Purine metabolism,0.7751268162838207,2
MAR04482,Purine metabolism,0.7751268162838207,2
MAR04486,Purine metabolism,1.1548525267672152,4
MAR04487,Purine metabolism,1.1548525267672152,4
MAR04488,Purine metabolism,1.1548525267672152,4
MAR04489,Purine metabolism,1.1548525267672152,4
MAR04492,Purine metabolism,1.1548525267672152,4
MAR04493,Purine metabolism,1.1548525267672152,4
MAR04495,Purine metabolism,1.1548525267672152,4
MAR04496,Purine metabolism,1.1548525267672152,4
MAR04518,Purine metabolism,1.1,1
MAR04519,Purine metabolism,1.1,1
MAR04520,Purine metabolism,1.1,1
MAR04573,Purine metabolism,1.4574155940601092,2
MAR04574,Purine metabolism,0.4148419174560438,1
MAR04600,Purine metabolism,0.23800324166873507,1
MAR04602,Purine metabolism,1.1,10
MAR04603,Purine metabolism,0.4148419174560438,1
MAR04611,Purine metabolism,1.1,5
MAR04612,Purine metabolism,1.1,5
MAR04614,Purine metabolism,1.1,5
MAR04615,Purine metabolism,1.1,5
MAR04617,Purine metabolism,1.1,5
MAR04618,Purine metabolism,1.1,5
MAR04619,Purine metabolism,1.1,5
MAR04621,Purine metabolism,1.1,5
MAR04632,Purine metabolism,1.1,10
MAR04646,Purine metabolism,1.1,1
MAR04648,Purine metabolism,1.1,1
MAR04649,Purine metabolism,1.1,1
MAR04650,Purine metabolism,1.1,1
MAR04651,Purine metabolism,0.4148419174560438,1
MAR04663,Purine metabolism,0.4148419174560438,1
MAR04664,Purine metabolism,1.1,1
MAR04694,Purine metabolism,0.7751268162838207,2
MAR04695,Purine metabolism,0.4148419174560438,1
MAR04705,Purine metabolism,1.1,10
MAR04709,Purine metabolism,0.4148419174560438,1
MAR04799,Purine metabolism,1.1,1
MAR04802,Purine metabolism,1.1,1
MAR04804,Purine metabolism,1.1,1
MAR04808,Purine metabolism,0.1464961732378309,1
MAR04810,Purine metabolism,1.1,1
MAR04812,Purine metabolism,1.1,2
MAR04814,Purine metabolism,1.4246944358351805,1
MAR05301,Purine metabolism,1.2680334490890321,3
MAR05353,Purine metabolism,2.3611663910052183,1
MAR06601,Purine metabolism,1.1,1
MAR06602,Purine metabolism,1.6255752697108505,4
MAR06603,Purine metabolism,1.6255752697108505,4
MAR06605,Purine metabolism,1.1,0
MAR06606,Purine metabolism,1.1,0
MAR06607,Purine metabolism,1.1,0
MAR06609,Purine metabolism,1.1,0
MAR06610,Purine metabolism,1.1,0
MAR06611,Purine metabolism,1.1,0
MAR07144,Purine metabolism,1.5491592400011691,3
MAR08755,Purine metabolism,1.1,1
MAR09797,Purine metabolism,1.1,0
MAR04016,Purine metabolism,1.4350396252617657,6
MAR04018,Purine metabolism,1.4350396252617657,6
MAR04044,Purine metabolism,1.4350396252617657,6
MAR04291,Purine metabolism,1.4350396252617657,6
MAR04420,Purine metabolism,1.4350396252617657,6
MAR04570,Purine metabolism,1.4350396252617657,6
MAR04572,Purine metabolism,1.4350396252617657,6
MAR04006,Pyrimidine metabolism,1.4350396252617657,6
MAR04028,Pyrimidine metabolism,1.4350396252617657,6
MAR04030,Pyrimidine metabolism,1.4350396252617657,6
MAR04670,Pyrimidine metabolism,1.4350396252617657,6
MAR04673,Pyrimidine metabolism,1.4350396252617657,6
MAR04675,Pyrimidine metabolism,1.4350396252617657,6
MAR06614,Pyrimidine metabolism,1.4350396252617657,6
MAR06615,Pyrimidine metabolism,1.4350396252617657,6
MAR06616,Pyrimidine metabolism,1.4350396252617657,6
MAR04635,Pyrimidine metabolism,1.4350396252617657,6
MAR03793,Pyrimidine metabolism,1.1,1
MAR03931,Pyrimidine metabolism,1.1,2
MAR03969,Pyrimidine metabolism,1.2260250868167741,2
MAR03970,Pyrimidine metabolism,1.1,8
MAR04008,Pyrimidine metabolism,1.1,1
MAR04032,Pyrimidine metabolism,1.1,2
MAR04034,Pyrimidine metabolism,1.1,1
MAR04036,Pyrimidine metabolism,0.6158256020661612,1
MAR04050,Pyrimidine metabolism,1.1,1
MAR04056,Pyrimidine metabolism,1.1,10
MAR04059,Pyrimidine metabolism,3.596595955304824,8
MAR04060,Pyrimidine metabolism,3.596595955304824,8
MAR04127,Pyrimidine metabolism,1.1,3
MAR04177,Pyrimidine metabolism,1.1,10
MAR04179,Pyrimidine metabolism,1.1,10
MAR04182,Pyrimidine metabolism,1.1266001189782278,5
MAR04183,Pyrimidine metabolism,5.538392809430797,3
MAR04192,Pyrimidine metabolism,5.538392809430797,3
MAR04194,Pyrimidine metabolism,1.1,2
MAR04210,Pyrimidine metabolism,1.4574155940601092,2
MAR04211,Pyrimidine metabolism,0.5346166737629298,1
MAR04343,Pyrimidine metabolism,0.5145831921886868,1
MAR04345,Pyrimidine metabolism,1.6007624670601628,1
MAR04346,Pyrimidine metabolism,1.6690010905985566,2
MAR04470,Pyrimidine metabolism,1.6007624670601628,1
MAR04471,Pyrimidine metabolism,1.6007624670601628,1
MAR04472,Pyrimidine metabolism,1.6007624670601628,1
MAR04484,Pyrimidine metabolism,1.1,10
MAR04485,Pyrimidine metabolism,1.1,1
MAR04510,Pyrimidine metabolism,1.1,10
MAR04512,Pyrimidine metabolism,1.1,1
MAR04513,Pyrimidine metabolism,1.1,1
MAR04514,Pyrimidine metabolism,1.1,2
MAR04577,Pyrimidine metabolism,0.6158256020661612,1
MAR04579,Pyrimidine metabolism,1.1,2
MAR04580,Pyrimidine metabolism,1.1,3
MAR04608,Pyrimidine metabolism,1.1,1
MAR04575,Pyrimidine metabolism,1.1,1
MAR04637,Pyrimidine metabolism,0.5004441643897447,1
MAR04642,Pyrimidine metabolism,1.1,2
MAR04643,Pyrimidine metabolism,1.1,2
MAR04644,Pyrimidine metabolism,1.1,1
MAR04672,Pyrimidine metabolism,1.1,0
MAR04676,Pyrimidine metabolism,1.2680334490890321,3
MAR04736,Pyrimidine metabolism,1.1,1
MAR04819,Pyrimidine metabolism,1.1,1
MAR05299,Pyrimidine metabolism,1.2680334490890321,3
MAR05352,Pyrimidine metabolism,1.2680334490890321,3
MAR05415,Pyrimidine metabolism,1.1,5
MAR05416,Pyrimidine metabolism,1.1,5
MAR05417,Pyrimidine metabolism,1.1,3
MAR06612,Pyrimidine metabolism,0.5004441643897447,1
MAR06613,Pyrimidine metabolism,0.5004441643897447,1
MAR06621,Pyrimidine metabolism,1.1,5
MAR06622,Pyrimidine metabolism,1.1,5
MAR06623,Pyrimidine metabolism,1.1,1
MAR06624,Pyrimidine metabolism,1.6926379080818448,1
MAR06627,Pyrimidine metabolism,1.4574155940601092,2
MAR07744,Pyrimidine metabolism,1.1,1
MAR08072,Pyrimidine metabolism,1.1,0
MAR08637,Pyrimidine metabolism,1.1,0
MAR03965,Nucleotide metabolism,1.1,1
MAR03966,Nucleotide metabolism,0.5346166737629298,1
MAR03967,Nucleotide metabolism,1.1,1
MAR03968,Nucleotide metabolism,0.5004441643897447,1
MAR03999,Nucleotide metabolism,5.538392809430797,3
MAR04024,Nucleotide metabolism,1.1,1
MAR04026,Nucleotide metabolism,1.1,1
MAR04054,Nucleotide metabolism,1.1,1
MAR04061,Nucleotide metabolism,5.538392809430797,3
MAR04083,Nucleotide metabolism,1.307691856964896,2
MAR04136,Nucleotide metabolism,4.253594890911356,19
MAR04180,Nucleotide metabolism,1.2680334490890321,3
MAR04185,Nucleotide metabolism,1.1,2
MAR04186,Nucleotide metabolism,1.1,2
MAR04342,Nucleotide metabolism,3.596595955304824,8
MAR04344,Nucleotide metabolism,1.1,0
MAR04483,Nucleotide metabolism,1.6926379080818448,1
MAR04507,Nucleotide metabolism,1.4019215858173706,1
MAR04516,Nucleotide metabolism,1.1,1
MAR04601,Nucleotide metabolism,0.23800324166873507,1
MAR04633,Nucleotide metabolism,0.7751268162838207,1
MAR04640,Nucleotide metabolism,0.5004441643897447,1
MAR04641,Nucleotide metabolism,1.1,1
MAR04680,Nucleotide metabolism,1.1,2
MAR04806,Nucleotide metabolism,1.1,1
MAR05394,Nucleotide metabolism,1.1,0
MAR06625,Nucleotide metabolism,1.6926379080818448,1
MAR06626,Nucleotide metabolism,1.1,2
MAR07160,Nucleotide metabolism,1.789775421634899,23
MAR07161,Nucleotide metabolism,0.6410568918958628,37
MAR07162,Nucleotide metabolism,0.6410568918958628,37
MAR07163,Nucleotide metabolism,3.371659652331775,4
MAR07164,Nucleotide metabolism,3.371659652331775,4
MAR07713,Nucleotide metabolism,1.1,8
MAR07716,Nucleotide metabolism,1.1,8
MAR07717,Nucleotide metabolism,1.1,8
MAR07721,Nucleotide metabolism,1.1,8
MAR07725,Nucleotide metabolism,1.1,8
MAR07728,Nucleotide metabolism,1.1,8
MAR07800,Nucleotide metabolism,1.1,1
MAR07801,Nucleotide metabolism,2.490036981487342,1
MAR07802,Nucleotide metabolism,1.1,1
MAR07863,Nucleotide metabolism,1.1,1
MAR07864,Nucleotide metabolism,1.1,1
MAR07865,Nucleotide metabolism,1.1,1
MAR07866,Nucleotide metabolism,1.1,1
MAR07867,Nucleotide metabolism,1.1,1
MAR07868,Nucleotide metabolism,1.1,1
MAR07869,Nucleotide metabolism,1.1,1
MAR07870,Nucleotide metabolism,1.1,1
MAR07871,Nucleotide metabolism,1.1,1
MAR07872,Nucleotide metabolism,1.1,1
MAR07873,Nucleotide metabolism,1.1,1
MAR07874,Nucleotide metabolism,1.1,1
MAR07875,Nucleotide metabolism,1.1,1
MAR07876,Nucleotide metabolism,1.1,1
MAR07878,Nucleotide metabolism,1.4350396252617657,6
MAR07879,Nucleotide metabolism,0.5346166737629298,1
MAR07880,Nucleotide metabolism,0.110614126161853,1
MAR07881,Nucleotide metabolism,1.1,2
MAR07882,Nucleotide metabolism,1.1,2
MAR07883,Nucleotide metabolism,1.3871768216529419,7
MAR07884,Nucleotide metabolism,1.1,2
MAR07885,Nucleotide metabolism,1.1,2
MAR07886,Nucleotide metabolism,1.3871768216529419,7
MAR07887,Nucleotide metabolism,1.1,2
MAR07888,Nucleotide metabolism,1.1,2
MAR07889,Nucleotide metabolism,1.1,2
MAR07890,Nucleotide metabolism,1.3871768216529419,7
MAR07891,Nucleotide metabolism,1.1,2
MAR07892,Nucleotide metabolism,1.1,2
MAR07893,Nucleotide metabolism,1.1,2
MAR07894,Nucleotide metabolism,1.3871768216529419,7
MAR07895,Nucleotide metabolism,1.3871768216529419,7
MAR08083,Nucleotide metabolism,1.759563693993609,23
MAR08085,Nucleotide metabolism,1.759563693993609,23
MAR08087,Nucleotide metabolism,1.759563693993609,23
MAR08443,Nucleotide metabolism,1.5491592400011691,3
MAR08444,Nucleotide metabolism,1.5491592400011691,3
MAR08445,Nucleotide metabolism,1.2680334490890321,3
MAR08446,Nucleotide metabolism,1.1,1
MAR08448,Nucleotide metabolism,1.1,1
MAR08449,Nucleotide metabolism,1.1,1
MAR08450,Nucleotide metabolism,1.1,1
MAR08451,Nucleotide metabolism,1.1,1
MAR08452,Nucleotide metabolism,1.1,1
MAR08453,Nucleotide metabolism,1.1,1
MAR08454,Nucleotide metabolism,1.1,1
MAR08455,Nucleotide metabolism,1.1,1
MAR08456,Nucleotide metabolism,1.1,1
MAR08457,Nucleotide metabolism,1.1,1
MAR08458,Nucleotide metabolism,1.1,1
MAR08459,Nucleotide metabolism,1.1,1
MAR08460,Nucleotide metabolism,1.1,1
MAR08461,Nucleotide metabolism,1.1,1
MAR08462,Nucleotide metabolism,1.1,1
MAR08463,Nucleotide metabolism,1.1,1
MAR08464,Nucleotide metabolism,1.1,1
MAR08465,Nucleotide metabolism,1.1,1
MAR08466,Nucleotide metabolism,1.1,1
MAR08467,Nucleotide metabolism,1.1,1
MAR08468,Nucleotide metabolism,1.1,1
MAR08469,Nucleotide metabolism,1.1,1
MAR08470,Nucleotide metabolism,1.1,1
MAR08471,Nucleotide metabolism,1.1,1
MAR08472,Nucleotide metabolism,1.1,1
MAR08473,Nucleotide metabolism,0.7751268162838207,1
MAR08474,Nucleotide metabolism,3.596595955304824,8
MAR08477,Nucleotide metabolism,1.1,1
MAR08478,Nucleotide metabolism,1.1,1
MAR08479,Nucleotide metabolism,1.1,1
MAR08480,Nucleotide metabolism,1.1,1
MAR08481,Nucleotide metabolism,1.1,0
MAR08482,Nucleotide metabolism,1.1,1
MAR08483,Nucleotide metabolism,1.1,1
MAR08484,Nucleotide metabolism,1.1,0
MAR08485,Nucleotide metabolism,1.1,3
MAR08486,Nucleotide metabolism,0.4148419174560438,1
MAR08487,Nucleotide metabolism,1.1,2
MAR08488,Nucleotide metabolism,0.5346166737629298,1
MAR08489,Nucleotide metabolism,0.5346166737629298,1
MAR08493,Nucleotide metabolism,0.5117392136746386,1
MAR08494,Nucleotide metabolism,0.5117392136746386,1
MAR08495,Nucleotide metabolism,0.5117392136746386,1
MAR03802,"Alanine, aspartate and glutamate metabolism",1.1,2
MAR03804,"Alanine, aspartate and glutamate metabolism",1.1,2
MAR03811,"Alanine, aspartate and glutamate metabolism",1.1,1
MAR03813,"Alanine, aspartate and glutamate metabolism",0.4120345462549344,1
MAR03822,"Alanine, aspartate and glutamate metabolism",1.1,1
MAR03827,"Alanine, aspartate and glutamate metabolism",1.1,1
MAR03829,"Alanine, aspartate and glutamate metabolism",1.1,2
MAR03862,"Alanine, aspartate and glutamate metabolism",1.1,2
MAR03865,"Alanine, aspartate and glutamate metabolism",1.1,1
MAR03870,"Alanine, aspartate and glutamate metabolism",1.1,1
MAR03873,"Alanine, aspartate and glutamate metabolism",3.135369064139794,1
MAR08654,"Alanine, aspartate and glutamate metabolism",3.135369064139794,1
MAR03890,"Alanine, aspartate and glutamate metabolism",1.1,1
MAR03892,"Alanine, aspartate and glutamate metabolism",1.1,1
MAR09802,"Alanine, aspartate and glutamate metabolism",1.1,1
MAR03899,"Alanine, aspartate and glutamate metabolism",1.1,1
MAR03903,"Alanine, aspartate and glutamate metabolism",1.1,1
MAR04109,"Alanine, aspartate and glutamate metabolism",1.1,1
MAR04114,"Alanine, aspartate and glutamate metabolism",1.9018229774046245,1
MAR04115,"Alanine, aspartate and glutamate metabolism",1.9018229774046245,1
MAR04118,"Alanine, aspartate and glutamate metabolism",1.1,1
MAR04172,"Alanine, aspartate and glutamate metabolism",1.1,2
MAR04196,"Alanine, aspartate and glutamate metabolism",1.1,1
MAR04197,"Alanine, aspartate and glutamate metabolism",1.4067414022917746,2
MAR04287,"Alanine, aspartate and glutamate metabolism",0.6574764834799697,1
MAR04690,"Alanine, aspartate and glutamate metabolism",1.1,2
MAR04693,"Alanine, aspartate and glutamate metabolism",1.1,1
MAR06780,"Alanine, aspartate and glutamate metabolism",1.1,2
MAR06968,"Alanine, aspartate and glutamate metabolism",1.1,1
MAR06969,"Alanine, aspartate and glutamate metabolism",1.4186915787059438,2
MAR06970,"Alanine, aspartate and glutamate metabolism",1.1,1
MAR06971,"Alanine, aspartate and glutamate metabolism",1.0150080780441577,1
MAR06972,"Alanine, aspartate and glutamate metabolism",1.0150080780441577,1
MAR07641,"Alanine, aspartate and glutamate metabolism",0.6900144548631363,1
MAR07642,"Alanine, aspartate and glutamate metabolism",1.1,0
MAR08626,"Alanine, aspartate and glutamate metabolism",1.1,1
MAR08628,"Alanine, aspartate and glutamate metabolism",1.4186915787059438,2
MAR03806,Arginine and proline metabolism,1.1,1
MAR03807,Arginine and proline metabolism,1.1,1
MAR03809,Arginine and proline metabolism,1.1,1
MAR03816,Arginine and proline metabolism,1.1,1
MAR03819,Arginine and proline metabolism,1.1,1
MAR03820,Arginine and proline metabolism,1.1,1
MAR03832,Arginine and proline metabolism,1.1,0
MAR03833,Arginine and proline metabolism,1.1,2
MAR03835,Arginine and proline metabolism,1.1,2
MAR03837,Arginine and proline metabolism,1.1,2
MAR03895,Arginine and proline metabolism,1.1,1
MAR03897,Arginine and proline metabolism,1.1,1
MAR03956,Arginine and proline metabolism,1.1,2
MAR03993,Arginine and proline metabolism,1.1,3
MAR04073,Arginine and proline metabolism,1.1,1
MAR04075,Arginine and proline metabolism,1.1,1
MAR04077,Arginine and proline metabolism,1.1,2
MAR04190,Arginine and proline metabolism,1.1,3
MAR04191,Arginine and proline metabolism,1.1,1
MAR04212,Arginine and proline metabolism,1.1,1
MAR04422,Arginine and proline metabolism,1.1,1
MAR04423,Arginine and proline metabolism,2.013439196498511,3
MAR04424,Arginine and proline metabolism,1.1,1
MAR04583,Arginine and proline metabolism,1.8670540639559556,1
MAR04605,Arginine and proline metabolism,4.517693525858667,5
MAR04606,Histidine metabolism,0.6499566309538847,1
MAR04607,Histidine metabolism,1.6946586116237805,2
MAR04776,Arginine and proline metabolism,2.9108015594303214,3
MAR04777,Arginine and proline metabolism,2.9108015594303214,3
MAR04778,Arginine and proline metabolism,1.1,3
MAR04779,Arginine and proline metabolism,1.1,3
MAR04780,Arginine and proline metabolism,1.1,3
MAR04781,Arginine and proline metabolism,1.1,3
MAR04784,Arginine and proline metabolism,1.1,1
MAR04785,Arginine and proline metabolism,1.1,1
MAR04786,Arginine and proline metabolism,1.1,2
MAR04787,Arginine and proline metabolism,1.1,1
MAR05384,Arginine and proline metabolism,1.1,1
MAR06929,Arginine and proline metabolism,0.2879857083625607,2
MAR06930,Arginine and proline metabolism,0.2879857083625607,2
MAR06931,Arginine and proline metabolism,2.013439196498511,3
MAR06932,Arginine and proline metabolism,2.013439196498511,3
MAR06933,Arginine and proline metabolism,2.013439196498511,3
MAR06934,Arginine and proline metabolism,2.013439196498511,3
MAR06935,Arginine and proline metabolism,2.013439196498511,3
MAR06936,Arginine and proline metabolism,2.013439196498511,3
MAR06938,Arginine and proline metabolism,0.2879857083625607,2
MAR06939,Arginine and proline metabolism,0.2879857083625607,2
MAR06940,Arginine and proline metabolism,1.1,0
MAR06941,Arginine and proline metabolism,2.013439196498511,3
MAR06942,Arginine and proline metabolism,2.013439196498511,3
MAR06943,Arginine and proline metabolism,2.013439196498511,3
MAR06944,Arginine and proline metabolism,2.013439196498511,3
MAR06945,Arginine and proline metabolism,2.013439196498511,3
MAR06946,Arginine and proline metabolism,2.013439196498511,3
MAR06947,Arginine and proline metabolism,2.013439196498511,3
MAR06948,Arginine and proline metabolism,2.013439196498511,3
MAR06949,Arginine and proline metabolism,2.013439196498511,3
MAR06950,Arginine and proline metabolism,2.013439196498511,3
MAR06951,Arginine and proline metabolism,2.013439196498511,3
MAR06952,Arginine and proline metabolism,2.013439196498511,3
MAR06953,Arginine and proline metabolism,1.1,3
MAR06954,Arginine and proline metabolism,1.1,3
MAR06955,Arginine and proline metabolism,1.1,0
MAR06956,Arginine and proline metabolism,1.1,0
MAR06957,Arginine and proline metabolism,1.1,0
MAR06958,Arginine and proline metabolism,2.3928893923546237,2
MAR06959,Arginine and proline metabolism,2.3928893923546237,2
MAR06960,Arginine and proline metabolism,1.1,0
MAR06961,Arginine and proline metabolism,2.3928893923546237,2
MAR06962,Arginine and proline metabolism,2.3928893923546237,2
MAR06963,Arginine and proline metabolism,2.3928893923546237,2
MAR06964,Arginine and proline metabolism,2.3928893923546237,2
MAR06965,Arginine and proline metabolism,1.1,1
MAR06966,Arginine and proline metabolism,1.1,1
MAR06967,Arginine and proline metabolism,1.1,1
MAR06973,Arginine and proline metabolism,1.1,3
MAR08096,Arginine and proline metabolism,1.1,1
MAR08097,Arginine and proline metabolism,1.1,1
MAR08098,Arginine and proline metabolism,1.1,1
MAR08416,Arginine and proline metabolism,1.1,1
MAR08425,Arginine and proline metabolism,1.1,1
MAR08426,Arginine and proline metabolism,1.1,1
MAR08427,Arginine and proline metabolism,1.3424477492437317,5
MAR08431,Arginine and proline metabolism,1.1,0
MAR08432,Arginine and proline metabolism,1.1,1
MAR08603,Arginine and proline metabolism,0.2879857083625607,2
MAR08604,Arginine and proline metabolism,1.6480635178991068,5
MAR08605,Arginine and proline metabolism,4.517693525858667,5
MAR08606,Arginine and proline metabolism,1.7850793973738834,2
MAR08607,Arginine and proline metabolism,1.1,0
MAR08608,Arginine and proline metabolism,1.1,1
MAR08609,Arginine and proline metabolism,1.1,2
MAR08610,Arginine and proline metabolism,1.1,1
MAR08611,Arginine and proline metabolism,1.1,2
MAR04285,"Alanine, aspartate and glutamate metabolism",1.1,1
MAR00457,"Glycine, serine and threonine metabolism",1.0306269953333596,1
MAR00460,"Glycine, serine and threonine metabolism",1.0306269953333596,1
MAR03750,"Glycine, serine and threonine metabolism",1.934762607377198,3
MAR03752,"Glycine, serine and threonine metabolism",1.8121485826836659,2
MAR03770,"Glycine, serine and threonine metabolism",1.6442807757983928,2
MAR03771,"Glycine, serine and threonine metabolism",1.934762607377198,3
MAR03772,"Glycine, serine and threonine metabolism",1.934762607377198,3
MAR03782,"Glycine, serine and threonine metabolism",1.934762607377198,3
MAR03784,"Glycine, serine and threonine metabolism",1.8121485826836659,2
MAR03794,"Glycine, serine and threonine metabolism",1.1,1
MAR03839,"Glycine, serine and threonine metabolism",1.1,2
MAR03841,"Glycine, serine and threonine metabolism",1.1,1
MAR03843,"Glycine, serine and threonine metabolism",1.7517969007997398,2
MAR03845,"Glycine, serine and threonine metabolism",1.1,1
MAR03847,"Glycine, serine and threonine metabolism",1.1354672709588705,1
MAR03849,"Glycine, serine and threonine metabolism",1.2907345154372891,2
MAR03852,"Glycine, serine and threonine metabolism",0.8534138586161661,1
MAR03856,"Glycine, serine and threonine metabolism",1.2510013811257186,1
MAR03860,"Glycine, serine and threonine metabolism",1.1,0
MAR03883,"Glycine, serine and threonine metabolism",1.1,3
MAR03901,"Glycine, serine and threonine metabolism",1.1,1
MAR03939,"Glycine, serine and threonine metabolism",2.1573861544765918,3
MAR03974,"Glycine, serine and threonine metabolism",1.1,3
MAR04198,"Glycine, serine and threonine metabolism",1.1,1
MAR04199,"Glycine, serine and threonine metabolism",1.1,1
MAR04200,"Glycine, serine and threonine metabolism",1.1,3
MAR04284,"Glycine, serine and threonine metabolism",1.1,0
MAR04348,"Glycine, serine and threonine metabolism",0.9243648688639786,2
MAR04466,"Glycine, serine and threonine metabolism",0.9756238336900911,1
MAR04467,"Glycine, serine and threonine metabolism",1.1,1
MAR04582,"Glycine, serine and threonine metabolism",1.6447992202996158,1
MAR04584,"Glycine, serine and threonine metabolism",1.3424477492437317,5
MAR04696,"Glycine, serine and threonine metabolism",1.1,1
MAR04697,"Glycine, serine and threonine metabolism",1.91261508360946,1
MAR04698,"Glycine, serine and threonine metabolism",1.91261508360946,1
MAR04699,"Glycine, serine and threonine metabolism",1.1,2
MAR04700,"Glycine, serine and threonine metabolism",2.599483991000585,2
MAR04742,"Glycine, serine and threonine metabolism",2.1573861544765918,3
MAR04788,"Glycine, serine and threonine metabolism",1.1,2
MAR04789,"Glycine, serine and threonine metabolism",1.1,1
MAR04791,"Glycine, serine and threonine metabolism",1.1,1
MAR04792,"Glycine, serine and threonine metabolism",1.1,1
MAR04937,"Glycine, serine and threonine metabolism",1.933428925772067,6
MAR05392,"Glycine, serine and threonine metabolism",1.7445462760916715,1
MAR05393,"Glycine, serine and threonine metabolism",1.1,1
MAR06409,"Glycine, serine and threonine metabolism",0.9400197257488381,1
MAR07702,"Glycine, serine and threonine metabolism",1.2510013811257186,1
MAR07703,"Glycine, serine and threonine metabolism",1.272654272873293,2
MAR08433,"Glycine, serine and threonine metabolism",0.8064829166826296,2
MAR08434,"Glycine, serine and threonine metabolism",0.45469551793523444,2
MAR08439,"Glycine, serine and threonine metabolism",2.599483991000585,1
MAR08440,"Glycine, serine and threonine metabolism",1.91261508360946,1
MAR08441,"Glycine, serine and threonine metabolism",1.1,1
MAR08442,"Glycine, serine and threonine metabolism",1.1,0
MAR09718,"Glycine, serine and threonine metabolism",1.1,0
MAR09486,"Glycine, serine and threonine metabolism",1.1,1
MAR04426,Histidine metabolism,1.1,6
MAR04428,Histidine metabolism,3.462057573339522,2
MAR04429,Histidine metabolism,0.6150339029048325,1
MAR04430,Histidine metabolism,1.6480635178991068,5
MAR04431,Histidine metabolism,1.1,4
MAR04437,Histidine metabolism,1.1,1
MAR04658,Histidine metabolism,1.1,1
MAR04660,Histidine metabolism,1.1,1
MAR04712,Histidine metabolism,1.1,1
MAR05336,Histidine metabolism,1.9256882241809168,14
MAR05337,Histidine metabolism,1.1,5
MAR05338,Histidine metabolism,1.1509453662967597,7
MAR05339,Histidine metabolism,1.9256882241809168,14
MAR05340,Histidine metabolism,1.9256882241809168,14
MAR08783,Histidine metabolism,2.013439196498511,3
MAR08784,Histidine metabolism,4.517693525858667,5
MAR08786,Histidine metabolism,5.372116907323334,3
MAR04241,Lysine metabolism,1.5039579420156206,26
MAR04288,Lysine metabolism,0.90836319187393,1
MAR04596,Lysine metabolism,1.1,1
MAR04597,Lysine metabolism,1.1,1
MAR04599,Lysine metabolism,1.4092906450702976,3
MAR04667,Lysine metabolism,1.452685210421357,2
MAR04668,Lysine metabolism,0.90836319187393,1
MAR04737,Lysine metabolism,1.91261508360946,1
MAR04739,Lysine metabolism,1.91261508360946,1
MAR04740,Lysine metabolism,1.1,0
MAR06415,Lysine metabolism,1.6916012199886725,1
MAR06974,Lysine metabolism,1.1,0
MAR06975,Lysine metabolism,1.5102697848596147,24
MAR06976,Lysine metabolism,1.5102697848596147,24
MAR06977,Lysine metabolism,1.5102697848596147,24
MAR06978,Lysine metabolism,1.1,5
MAR06979,Lysine metabolism,1.432656120585767,1
MAR06980,Lysine metabolism,1.1,1
MAR06981,Lysine metabolism,0.7505011877491494,1
MAR06982,Lysine metabolism,1.1,1
MAR06983,Lysine metabolism,1.1,3
MAR06984,Lysine metabolism,1.1,3
MAR06985,Lysine metabolism,1.1,1
MAR08017,Lysine metabolism,1.1,0
MAR08018,Lysine metabolism,1.1,0
MAR08019,Lysine metabolism,1.1,0
MAR08021,Lysine metabolism,1.4814690308745782,1
MAR08025,Lysine metabolism,1.49385899346523,25
MAR08026,Lysine metabolism,1.49385899346523,25
MAR08027,Lysine metabolism,1.49385899346523,25
MAR08029,Lysine metabolism,1.1,5
MAR03164,Tryptophan metabolism,1.8351170880417969,1
MAR03166,Tryptophan metabolism,1.3318570618604553,3
MAR03885,Tryptophan metabolism,0.8993885206723214,1
MAR04250,Tryptophan metabolism,1.1,0
MAR08091,Tryptophan metabolism,1.1,1
MAR08092,Tryptophan metabolism,1.1,2
MAR08563,Tryptophan metabolism,5.372116907323334,3
MAR08566,Tryptophan metabolism,1.1,4
MAR03935,Tyrosine metabolism,2.1957813506374078,1
MAR04681,Tyrosine metabolism,1.1,1
MAR04682,Tyrosine metabolism,1.6480635178991068,5
MAR04683,Tyrosine metabolism,1.1,4
MAR04685,Tyrosine metabolism,1.1,4
MAR04686,Tyrosine metabolism,1.1,4
MAR04687,Tyrosine metabolism,1.1,4
MAR04702,Tyrosine metabolism,1.1,0
MAR04703,Tyrosine metabolism,2.333536739703893,1
MAR04704,Tyrosine metabolism,2.333536739703893,1
MAR06988,Tyrosine metabolism,1.1,1
MAR07689,Tyrosine metabolism,1.1,4
MAR07701,Tyrosine metabolism,1.1,2
MAR08094,Tyrosine metabolism,1.1,1
MAR08529,Tyrosine metabolism,2.013439196498511,3
MAR08530,Tyrosine metabolism,3.0630226664180595,8
MAR08533,Tyrosine metabolism,1.1,1
MAR08534,Tyrosine metabolism,1.1,4
MAR08535,Tyrosine metabolism,1.1,4
MAR08537,Tyrosine metabolism,1.1,1
MAR08541,Tyrosine metabolism,1.1,1
MAR08542,Tyrosine metabolism,1.1,1
MAR08543,Tyrosine metabolism,1.1,1
MAR08544,Tyrosine metabolism,1.1,1
MAR08630,Tyrosine metabolism,1.1,1
MAR08540,Tyrosine metabolism,1.1,0
MAR03206,"Valine, leucine, and isoleucine metabolism",1.2253390278145715,3
MAR03208,"Valine, leucine, and isoleucine metabolism",2.7065340651381344,2
MAR03213,"Valine, leucine, and isoleucine metabolism",1.4584115093161691,1
MAR03215,"Valine, leucine, and isoleucine metabolism",0.5979262879980174,1
MAR03747,"Valine, leucine, and isoleucine metabolism",1.1,1
MAR03744,"Valine, leucine, and isoleucine metabolism",1.1,1
MAR03757,"Valine, leucine, and isoleucine metabolism",2.8369893809994395,3
MAR03761,"Valine, leucine, and isoleucine metabolism",1.0693324286246784,1
MAR03777,"Valine, leucine, and isoleucine metabolism",1.1,1
MAR03778,"Valine, leucine, and isoleucine metabolism",1.1,1
MAR03795,"Valine, leucine, and isoleucine metabolism",1.0693324286246784,1
MAR04797,"Valine, leucine, and isoleucine metabolism",4.517693525858667,5
MAR06417,"Valine, leucine, and isoleucine metabolism",1.846266573129229,1
MAR06419,"Valine, leucine, and isoleucine metabolism",1.1,3
MAR06420,"Valine, leucine, and isoleucine metabolism",1.846266573129229,1
MAR06421,"Valine, leucine, and isoleucine metabolism",1.1,3
MAR06422,"Valine, leucine, and isoleucine metabolism",1.846266573129229,1
MAR06923,"Valine, leucine, and isoleucine metabolism",1.1,1
MAR03765,"Valine, leucine, and isoleucine metabolism",1.1,1
MAR06924,"Valine, leucine, and isoleucine metabolism",1.1,3
MAR06925,"Valine, leucine, and isoleucine metabolism",1.6630227140031923,26
MAR06926,"Valine, leucine, and isoleucine metabolism",0.9898553467393508,2
MAR06927,"Valine, leucine, and isoleucine metabolism",0.9898553467393508,2
MAR08088,"Valine, leucine, and isoleucine metabolism",1.1,1
MAR08787,"Valine, leucine, and isoleucine metabolism",1.1,1
MAR03743,"Phenylalanine, tyrosine and tryptophan biosynthesis",1.934762607377198,3
MAR04214,"Phenylalanine, tyrosine and tryptophan biosynthesis",1.1,3
MAR04216,"Phenylalanine, tyrosine and tryptophan biosynthesis",1.1,1
MAR04218,"Phenylalanine, tyrosine and tryptophan biosynthesis",1.1,1
MAR04219,"Phenylalanine, tyrosine and tryptophan biosynthesis",1.1,1
MAR04220,"Phenylalanine, tyrosine and tryptophan biosynthesis",1.1,1
MAR04222,"Phenylalanine, tyrosine and tryptophan biosynthesis",1.4067414022917746,2
MAR04224,"Phenylalanine, tyrosine and tryptophan biosynthesis",1.1,1
MAR04225,"Phenylalanine, tyrosine and tryptophan biosynthesis",1.1,1
MAR04227,"Phenylalanine, tyrosine and tryptophan biosynthesis",1.1,1
MAR04231,"Phenylalanine, tyrosine and tryptophan biosynthesis",1.1,1
MAR04232,"Phenylalanine, tyrosine and tryptophan biosynthesis",1.1,0
MAR04233,"Phenylalanine, tyrosine and tryptophan biosynthesis",1.1,0
MAR04235,"Phenylalanine, tyrosine and tryptophan biosynthesis",1.1,0
MAR04243,"Phenylalanine, tyrosine and tryptophan biosynthesis",0.8162690954135968,1
MAR04244,"Phenylalanine, tyrosine and tryptophan biosynthesis",1.3044942681945164,3
MAR04245,"Phenylalanine, tyrosine and tryptophan biosynthesis",1.1,0
MAR04246,"Phenylalanine, tyrosine and tryptophan biosynthesis",1.3044942681945164,3
MAR04248,"Phenylalanine, tyrosine and tryptophan biosynthesis",1.1,0
MAR06707,"Phenylalanine, tyrosine and tryptophan biosynthesis",1.1,1
MAR06708,"Phenylalanine, tyrosine and tryptophan biosynthesis",1.1,0
MAR06709,"Phenylalanine, tyrosine and tryptophan biosynthesis",1.1,0
MAR06711,"Phenylalanine, tyrosine and tryptophan biosynthesis",0.660006417452248,1
MAR06712,"Phenylalanine, tyrosine and tryptophan biosynthesis",1.1,0
MAR06713,"Phenylalanine, tyrosine and tryptophan biosynthesis",1.5567195982492557,3
MAR06714,"Phenylalanine, tyrosine and tryptophan biosynthesis",4.517693525858667,5
MAR06715,"Phenylalanine, tyrosine and tryptophan biosynthesis",1.1,2
MAR06716,"Phenylalanine, tyrosine and tryptophan biosynthesis",1.1,2
MAR06717,"Phenylalanine, tyrosine and tryptophan biosynthesis",1.1,1
MAR06718,"Phenylalanine, tyrosine and tryptophan biosynthesis",1.1,1
MAR06719,"Phenylalanine, tyrosine and tryptophan biosynthesis",1.1,2
MAR06720,"Phenylalanine, tyrosine and tryptophan biosynthesis",1.1,0
MAR06721,"Phenylalanine, tyrosine and tryptophan biosynthesis",1.1,0
MAR06722,"Phenylalanine, tyrosine and tryptophan biosynthesis",1.1,1
MAR06723,"Phenylalanine, tyrosine and tryptophan biosynthesis",1.746859227998256,20
MAR06725,"Phenylalanine, tyrosine and tryptophan biosynthesis",1.1,3
MAR06726,"Phenylalanine, tyrosine and tryptophan biosynthesis",1.1,1
MAR06727,"Phenylalanine, tyrosine and tryptophan biosynthesis",1.0332491839690368,1
MAR06728,"Phenylalanine, tyrosine and tryptophan biosynthesis",1.1,1
MAR06729,"Phenylalanine, tyrosine and tryptophan biosynthesis",1.1,1
MAR06730,"Phenylalanine, tyrosine and tryptophan biosynthesis",1.1,2
MAR06731,"Phenylalanine, tyrosine and tryptophan biosynthesis",1.1,1
MAR06734,"Phenylalanine, tyrosine and tryptophan biosynthesis",1.1,0
MAR06735,"Phenylalanine, tyrosine and tryptophan biosynthesis",1.1,2
MAR06736,"Phenylalanine, tyrosine and tryptophan biosynthesis",1.1,2
MAR06738,"Phenylalanine, tyrosine and tryptophan biosynthesis",1.1,0
MAR06739,"Phenylalanine, tyrosine and tryptophan biosynthesis",1.1,2
MAR06740,"Phenylalanine, tyrosine and tryptophan biosynthesis",1.1,1
MAR06741,"Phenylalanine, tyrosine and tryptophan biosynthesis",1.5121552615858702,1
MAR06742,"Phenylalanine, tyrosine and tryptophan biosynthesis",1.1,0
MAR06743,"Phenylalanine, tyrosine and tryptophan biosynthesis",1.1,1
MAR06744,"Phenylalanine, tyrosine and tryptophan biosynthesis",1.1,0
MAR06745,"Phenylalanine, tyrosine and tryptophan biosynthesis",1.1,2
MAR06746,"Phenylalanine, tyrosine and tryptophan biosynthesis",1.1,2
MAR06747,"Phenylalanine, tyrosine and tryptophan biosynthesis",1.1,2
MAR06748,"Phenylalanine, tyrosine and tryptophan biosynthesis",1.1,4
MAR06749,"Phenylalanine, tyrosine and tryptophan biosynthesis",1.1,4
MAR06750,"Phenylalanine, tyrosine and tryptophan biosynthesis",1.1,2
MAR06751,"Phenylalanine, tyrosine and tryptophan biosynthesis",1.1,2
MAR06752,"Phenylalanine, tyrosine and tryptophan biosynthesis",1.1,2
MAR06753,"Phenylalanine, tyrosine and tryptophan biosynthesis",1.1,4
MAR06754,"Phenylalanine, tyrosine and tryptophan biosynthesis",1.1,4
MAR06755,"Phenylalanine, tyrosine and tryptophan biosynthesis",1.1,2
MAR06756,"Phenylalanine, tyrosine and tryptophan biosynthesis",3.0630226664180595,8
MAR06757,"Phenylalanine, tyrosine and tryptophan biosynthesis",1.1,2
MAR06758,"Phenylalanine, tyrosine and tryptophan biosynthesis",1.6480635178991068,5
MAR06759,"Phenylalanine, tyrosine and tryptophan biosynthesis",1.1,0
MAR06760,"Phenylalanine, tyrosine and tryptophan biosynthesis",1.1,4
MAR06761,"Phenylalanine, tyrosine and tryptophan biosynthesis",1.1,4
MAR06762,"Phenylalanine, tyrosine and tryptophan biosynthesis",1.1,2
MAR06763,"Phenylalanine, tyrosine and tryptophan biosynthesis",1.1,2
MAR06764,"Phenylalanine, tyrosine and tryptophan biosynthesis",1.1,2
MAR06765,"Phenylalanine, tyrosine and tryptophan biosynthesis",1.1,0
MAR06766,"Phenylalanine, tyrosine and tryptophan biosynthesis",1.1,4
MAR06767,"Phenylalanine, tyrosine and tryptophan biosynthesis",1.1,4
MAR06768,"Phenylalanine, tyrosine and tryptophan biosynthesis",1.1,3
MAR06770,"Phenylalanine, tyrosine and tryptophan biosynthesis",1.1,1
MAR06771,"Phenylalanine, tyrosine and tryptophan biosynthesis",1.0332491839690368,1
MAR06772,"Phenylalanine, tyrosine and tryptophan biosynthesis",1.1,1
MAR06774,"Phenylalanine, tyrosine and tryptophan biosynthesis",1.1,1
MAR06776,"Phenylalanine, tyrosine and tryptophan biosynthesis",1.1,1
MAR06778,"Phenylalanine, tyrosine and tryptophan biosynthesis",1.1,1
MAR06782,"Phenylalanine, tyrosine and tryptophan biosynthesis",1.1,0
MAR06783,"Phenylalanine, tyrosine and tryptophan biosynthesis",1.1,0
MAR06784,"Phenylalanine, tyrosine and tryptophan biosynthesis",1.1,0
MAR06785,"Phenylalanine, tyrosine and tryptophan biosynthesis",1.1,0
MAR06786,"Phenylalanine, tyrosine and tryptophan biosynthesis",1.1,0
MAR06787,"Phenylalanine, tyrosine and tryptophan biosynthesis",1.1,1
MAR06788,"Phenylalanine, tyrosine and tryptophan biosynthesis",1.1,3
MAR06789,"Phenylalanine, tyrosine and tryptophan biosynthesis",1.6480635178991068,5
MAR06790,"Phenylalanine, tyrosine and tryptophan biosynthesis",1.1,4
MAR06791,"Phenylalanine, tyrosine and tryptophan biosynthesis",1.1,4
MAR06792,"Phenylalanine, tyrosine and tryptophan biosynthesis",1.1,0
MAR06798,"Phenylalanine, tyrosine and tryptophan biosynthesis",1.368777622308423,20
MAR06799,"Phenylalanine, tyrosine and tryptophan biosynthesis",1.368777622308423,20
MAR06800,"Phenylalanine, tyrosine and tryptophan biosynthesis",1.368777622308423,20
MAR06801,"Phenylalanine, tyrosine and tryptophan biosynthesis",1.368777622308423,20
MAR06802,"Phenylalanine, tyrosine and tryptophan biosynthesis",1.1,0
MAR06803,"Phenylalanine, tyrosine and tryptophan biosynthesis",1.1,1
MAR06806,"Phenylalanine, tyrosine and tryptophan biosynthesis",1.1,0
MAR06807,"Phenylalanine, tyrosine and tryptophan biosynthesis",1.1,0
MAR06808,"Phenylalanine, tyrosine and tryptophan biosynthesis",1.6255752697108505,4
MAR06811,"Phenylalanine, tyrosine and tryptophan biosynthesis",1.746859227998256,20
MAR06813,"Phenylalanine, tyrosine and tryptophan biosynthesis",1.3102301078843404,5
MAR06814,"Phenylalanine, tyrosine and tryptophan biosynthesis",1.0670705964830518,1
MAR06815,"Phenylalanine, tyrosine and tryptophan biosynthesis",1.746859227998256,20
MAR06817,"Phenylalanine, tyrosine and tryptophan biosynthesis",1.0670705964830518,1
MAR06818,"Phenylalanine, tyrosine and tryptophan biosynthesis",1.1,0
MAR06819,"Phenylalanine, tyrosine and tryptophan biosynthesis",1.0670705964830518,1
MAR06820,"Phenylalanine, tyrosine and tryptophan biosynthesis",1.746859227998256,20
MAR06822,"Phenylalanine, tyrosine and tryptophan biosynthesis",1.1,0
MAR06823,"Phenylalanine, tyrosine and tryptophan biosynthesis",1.0670705964830518,1
MAR06824,"Phenylalanine, tyrosine and tryptophan biosynthesis",1.746859227998256,20
MAR06826,"Phenylalanine, tyrosine and tryptophan biosynthesis",2.020970157718757,3
MAR06827,"Phenylalanine, tyrosine and tryptophan biosynthesis",2.020970157718757,3
MAR06828,"Phenylalanine, tyrosine and tryptophan biosynthesis",1.368777622308423,20
MAR06829,"Phenylalanine, tyrosine and tryptophan biosynthesis",1.389668007272218,24
MAR06830,"Phenylalanine, tyrosine and tryptophan biosynthesis",1.368777622308423,20
MAR06831,"Phenylalanine, tyrosine and tryptophan biosynthesis",1.1,1
MAR06834,"Phenylalanine, tyrosine and tryptophan biosynthesis",2.4814552365781357,2
MAR06835,"Phenylalanine, tyrosine and tryptophan biosynthesis",2.4814552365781357,2
MAR06836,"Phenylalanine, tyrosine and tryptophan biosynthesis",1.368777622308423,20
MAR06837,"Phenylalanine, tyrosine and tryptophan biosynthesis",1.368777622308423,20
MAR06838,"Phenylalanine, tyrosine and tryptophan biosynthesis",1.1,2
MAR06839,"Phenylalanine, tyrosine and tryptophan biosynthesis",1.1,1
MAR06840,"Phenylalanine, tyrosine and tryptophan biosynthesis",2.4814552365781357,2
MAR06841,"Phenylalanine, tyrosine and tryptophan biosynthesis",2.4814552365781357,2
MAR06842,"Phenylalanine, tyrosine and tryptophan biosynthesis",1.368777622308423,20
MAR06843,"Phenylalanine, tyrosine and tryptophan biosynthesis",1.368777622308423,20
MAR06844,"Phenylalanine, tyrosine and tryptophan biosynthesis",1.1,2
MAR06845,"Phenylalanine, tyrosine and tryptophan biosynthesis",1.1,1
MAR06848,"Phenylalanine, tyrosine and tryptophan biosynthesis",2.4814552365781357,2
MAR06849,"Phenylalanine, tyrosine and tryptophan biosynthesis",2.4814552365781357,2
MAR06850,"Phenylalanine, tyrosine and tryptophan biosynthesis",1.1,2
MAR06851,"Phenylalanine, tyrosine and tryptophan biosynthesis",1.1,1
MAR06854,"Phenylalanine, tyrosine and tryptophan biosynthesis",2.4814552365781357,2
MAR06855,"Phenylalanine, tyrosine and tryptophan biosynthesis",2.4814552365781357,2
MAR06874,"Phenylalanine, tyrosine and tryptophan biosynthesis",1.1,1
MAR06875,"Phenylalanine, tyrosine and tryptophan biosynthesis",1.1,0
MAR06876,"Phenylalanine, tyrosine and tryptophan biosynthesis",1.1,0
MAR06877,"Phenylalanine, tyrosine and tryptophan biosynthesis",1.1,0
MAR06878,"Phenylalanine, tyrosine and tryptophan biosynthesis",1.1,0
MAR06879,"Phenylalanine, tyrosine and tryptophan biosynthesis",1.1,0
MAR06880,"Phenylalanine, tyrosine and tryptophan biosynthesis",1.1,0
MAR06881,"Phenylalanine, tyrosine and tryptophan biosynthesis",1.1,0
MAR06882,"Phenylalanine, tyrosine and tryptophan biosynthesis",1.1,0
MAR06883,"Phenylalanine, tyrosine and tryptophan biosynthesis",1.746859227998256,20
MAR06885,"Phenylalanine, tyrosine and tryptophan biosynthesis",1.0670705964830518,1
MAR06886,"Phenylalanine, tyrosine and tryptophan biosynthesis",1.746859227998256,20
MAR06888,"Phenylalanine, tyrosine and tryptophan biosynthesis",1.1,1
MAR06889,"Phenylalanine, tyrosine and tryptophan biosynthesis",1.1,2
MAR07628,"Phenylalanine, tyrosine and tryptophan biosynthesis",1.6255752697108505,4
MAR07756,"Phenylalanine, tyrosine and tryptophan biosynthesis",0.8864266484114609,1
MAR08539,"Phenylalanine, tyrosine and tryptophan biosynthesis",1.1,1
MAR08794,"Phenylalanine, tyrosine and tryptophan biosynthesis",1.1,0
MAR08795,"Phenylalanine, tyrosine and tryptophan biosynthesis",1.1,0
MAR08796,"Phenylalanine, tyrosine and tryptophan biosynthesis",3.6042878221315937,1
MAR03875,Cysteine and methionine metabolism,1.2220106642772794,3
MAR03877,Cysteine and methionine metabolism,1.1,2
MAR03879,Cysteine and methionine metabolism,1.1,1
MAR03881,Cysteine and methionine metabolism,1.1,1
MAR03912,Cysteine and methionine metabolism,1.1,2
MAR03917,Cysteine and methionine metabolism,2.2167039813230165,1
MAR03919,Cysteine and methionine metabolism,1.1,1
MAR03920,Cysteine and methionine metabolism,1.5340178409372895,3
MAR03922,Cysteine and methionine metabolism,1.1,1
MAR03928,Cysteine and methionine metabolism,1.1,2
MAR03995,Cysteine and methionine metabolism,1.1,4
MAR03996,Cysteine and methionine metabolism,1.1,0
MAR04072,Cysteine and methionine metabolism,1.1,5
MAR04189,Cysteine and methionine metabolism,3.2799135345677453,1
MAR04302,Cysteine and methionine metabolism,1.1,1
MAR04323,Cysteine and methionine metabolism,1.1,1
MAR05381,Cysteine and methionine metabolism,1.1,1
MAR05385,Cysteine and methionine metabolism,0.20586477144997478,1
MAR05386,Cysteine and methionine metabolism,0.482232689651936,1
MAR05387,Cysteine and methionine metabolism,1.1,1
MAR05388,Cysteine and methionine metabolism,1.1,1
MAR05389,Cysteine and methionine metabolism,1.1,1
MAR05390,Cysteine and methionine metabolism,1.1,1
MAR05391,Cysteine and methionine metabolism,1.1,1
MAR05418,Cysteine and methionine metabolism,1.1,1
MAR05419,Cysteine and methionine metabolism,1.1,1
MAR06515,Cysteine and methionine metabolism,1.1,2
MAR06518,Cysteine and methionine metabolism,1.1,2
MAR06519,Cysteine and methionine metabolism,1.1,4
MAR06520,Cysteine and methionine metabolism,1.1,2
MAR06523,Cysteine and methionine metabolism,1.1,2
MAR08062,Cysteine and methionine metabolism,1.1,1
MAR08066,Cysteine and methionine metabolism,1.1,2
MAR08067,Cysteine and methionine metabolism,1.1,1
MAR08068,Cysteine and methionine metabolism,1.3577991264400304,2
MAR08069,Cysteine and methionine metabolism,1.535738459643616,1
MAR08641,Cysteine and methionine metabolism,1.1,5
MAR08682,Cysteine and methionine metabolism,1.1,0
MAR08683,Cysteine and methionine metabolism,1.1,1
MAR08684,Cysteine and methionine metabolism,1.1,1
MAR08685,Cysteine and methionine metabolism,1.1,0
MAR03868,Glutathione metabolism,1.1,1
MAR03869,Glutathione metabolism,1.1,1
MAR03889,Glutathione metabolism,0.10339800627107537,1
MAR03933,Glutathione metabolism,3.1912272234404284,1
MAR03937,Glutathione metabolism,1.8354828182394318,1
MAR04116,Glutathione metabolism,2.1666188085934515,13
MAR04120,Glutathione metabolism,2.1666188085934515,13
MAR04121,Glutathione metabolism,2.1666188085934515,13
MAR04175,Glutathione metabolism,1.933428925772067,6
MAR04176,Glutathione metabolism,1.933428925772067,6
MAR04324,Glutathione metabolism,0.9421140189795362,2
MAR04326,Glutathione metabolism,1.1,1
MAR04328,Glutathione metabolism,1.1,3
MAR04329,Glutathione metabolism,1.1,3
MAR04708,Glutathione metabolism,1.9985692005469717,2
MAR08769,Glutathione metabolism,1.933428925772067,6
MAR08770,Glutathione metabolism,1.9985692005469717,2
MAR08771,Transport reactions,1.1,2
MAR04078,Beta-alanine metabolism,1.1,1
MAR04079,Beta-alanine metabolism,4.517693525858667,5
MAR04174,Beta-alanine metabolism,1.1,2
MAR04330,Beta-alanine metabolism,1.1,1
MAR04347,Beta-alanine metabolism,1.1,1
MAR04425,Beta-alanine metabolism,0.6499566309538847,1
MAR04427,Beta-alanine metabolism,1.6946586116237805,2
MAR04688,Beta-alanine metabolism,4.517693525858667,5
MAR04689,Beta-alanine metabolism,0.7505011877491494,1
MAR04735,Beta-alanine metabolism,1.8351170880417969,1
MAR07991,Beta-alanine metabolism,1.1,0
MAR07992,Beta-alanine metabolism,2.013439196498511,3
MAR07993,Beta-alanine metabolism,4.517693525858667,5
MAR07128,Metabolism of other amino acids,1.1,2
MAR07129,Metabolism of other amino acids,1.1,2
MAR07130,Metabolism of other amino acids,1.1,0
MAR07131,Metabolism of other amino acids,1.1,3
MAR07132,Metabolism of other amino acids,1.519156866635708,2
MAR07133,Metabolism of other amino acids,1.2146986852593562,1
MAR07134,Metabolism of other amino acids,1.1,1
MAR07135,Metabolism of other amino acids,1.1,1
MAR07136,Metabolism of other amino acids,1.1,2
MAR07137,Metabolism of other amino acids,1.1,1
MAR07138,Metabolism of other amino acids,1.1,5
MAR07139,Metabolism of other amino acids,1.2220106642772794,3
MAR07140,Metabolism of other amino acids,1.1,0
MAR07141,Metabolism of other amino acids,1.2146986852593562,1
MAR07620,Metabolism of other amino acids,1.1,2
MAR07647,Metabolism of other amino acids,1.1,1
MAR08640,Metabolism of other amino acids,1.1,5
MAR08689,Metabolism of other amino acids,1.1,1
MAR08690,Metabolism of other amino acids,1.1,1
MAR03753,"Valine, leucine, and isoleucine metabolism",1.8351170880417969,1
MAR03755,"Valine, leucine, and isoleucine metabolism",0.6047762027333035,1
MAR03759,"Valine, leucine, and isoleucine metabolism",4.660097422769446,6
MAR03763,"Valine, leucine, and isoleucine metabolism",1.0693324286246784,1
MAR03773,"Valine, leucine, and isoleucine metabolism",0.9898553467393508,2
MAR03775,"Valine, leucine, and isoleucine metabolism",0.9823706632276948,1
MAR03785,"Valine, leucine, and isoleucine metabolism",1.8351170880417969,1
MAR03790,"Valine, leucine, and isoleucine metabolism",2.333536739703893,1
MAR03792,"Valine, leucine, and isoleucine metabolism",1.1,2
MAR03796,"Valine, leucine, and isoleucine metabolism",1.1,3
MAR03823,"Valine, leucine, and isoleucine metabolism",2.8369893809994395,2
MAR06416,"Valine, leucine, and isoleucine metabolism",1.1,3
MAR03986,Amino sugar and nucleotide sugar metabolism,1.1,2
MAR03988,Amino sugar and nucleotide sugar metabolism,1.2877092708057705,3
MAR04124,Amino sugar and nucleotide sugar metabolism,1.1,1
MAR04158,Amino sugar and nucleotide sugar metabolism,1.684143789251895,2
MAR04159,Amino sugar and nucleotide sugar metabolism,1.1,1
MAR04299,Amino sugar and nucleotide sugar metabolism,2.4642007878967322,2
MAR04300,Amino sugar and nucleotide sugar metabolism,1.1,2
MAR04494,Amino sugar and nucleotide sugar metabolism,1.1438820214137722,5
MAR04524,Amino sugar and nucleotide sugar metabolism,1.5953993984879755,1
MAR04525,Amino sugar and nucleotide sugar metabolism,1.1,1
MAR04526,Amino sugar and nucleotide sugar metabolism,1.1,1
MAR04527,Amino sugar and nucleotide sugar metabolism,1.3332084305306158,1
MAR04528,Amino sugar and nucleotide sugar metabolism,1.1,1
MAR04529,Amino sugar and nucleotide sugar metabolism,0.5048169357254367,1
MAR04530,Amino sugar and nucleotide sugar metabolism,1.1121010318744957,1
MAR04531,Amino sugar and nucleotide sugar metabolism,1.1,0
MAR04532,Amino sugar and nucleotide sugar metabolism,0.39159978074173185,1
MAR04533,Amino sugar and nucleotide sugar metabolism,1.1,0
MAR04534,Amino sugar and nucleotide sugar metabolism,1.1,0
MAR04536,Amino sugar and nucleotide sugar metabolism,0.39159978074173185,1
MAR04628,Amino sugar and nucleotide sugar metabolism,1.1,1
MAR04629,Amino sugar and nucleotide sugar metabolism,1.1010242786208817,2
MAR04631,Amino sugar and nucleotide sugar metabolism,1.034474646368305,1
MAR07696,Amino sugar and nucleotide sugar metabolism,1.1,0
MAR07697,Amino sugar and nucleotide sugar metabolism,2.008022573647314,1
MAR07698,Amino sugar and nucleotide sugar metabolism,1.1,1
MAR08366,Amino sugar and nucleotide sugar metabolism,1.1,0
MAR08367,Amino sugar and nucleotide sugar metabolism,1.1,0
MAR08368,Amino sugar and nucleotide sugar metabolism,1.1,0
MAR08371,Amino sugar and nucleotide sugar metabolism,0.5048169357254367,1
MAR08372,Amino sugar and nucleotide sugar metabolism,1.1,0
MAR08373,Amino sugar and nucleotide sugar metabolism,1.1,1
MAR08375,Amino sugar and nucleotide sugar metabolism,1.1,4
MAR08376,Amino sugar and nucleotide sugar metabolism,1.1,1
MAR08377,Amino sugar and nucleotide sugar metabolism,0.39159978074173185,1
MAR08672,Amino sugar and nucleotide sugar metabolism,1.1,1
MAR08674,Amino sugar and nucleotide sugar metabolism,1.1,0
MAR08675,Amino sugar and nucleotide sugar metabolism,1.1,0
MAR05130,Aminoacyl-tRNA biosynthesis,1.1,1
MAR05131,Aminoacyl-tRNA biosynthesis,1.1,1
MAR05132,Aminoacyl-tRNA biosynthesis,0.3806070717312955,1
MAR05133,Aminoacyl-tRNA biosynthesis,0.2074317909225114,1
MAR05134,Aminoacyl-tRNA biosynthesis,1.1,1
MAR05135,Aminoacyl-tRNA biosynthesis,1.0342780236321312,1
MAR05136,Aminoacyl-tRNA biosynthesis,0.34341945212068153,1
MAR05137,Aminoacyl-tRNA biosynthesis,1.1,1
MAR05138,Aminoacyl-tRNA biosynthesis,1.205630887065688,1
MAR05139,Aminoacyl-tRNA biosynthesis,1.1,1
MAR05140,Aminoacyl-tRNA biosynthesis,1.1,1
MAR05141,Aminoacyl-tRNA biosynthesis,0.10749493357694868,1
MAR05142,Aminoacyl-tRNA biosynthesis,1.1,1
MAR05143,Aminoacyl-tRNA biosynthesis,1.1,1
MAR05144,Aminoacyl-tRNA biosynthesis,1.3362264964586374,1
MAR05145,Aminoacyl-tRNA biosynthesis,0.21360736057607838,2
MAR05146,Aminoacyl-tRNA biosynthesis,1.1,1
MAR05147,Aminoacyl-tRNA biosynthesis,0.9940787096270045,1
MAR05148,Aminoacyl-tRNA biosynthesis,0.47293479580303943,1
MAR05149,Aminoacyl-tRNA biosynthesis,1.1,1
MAR05150,Aminoacyl-tRNA biosynthesis,1.1,1
MAR07171,O-glycan metabolism,1.1,3
MAR07172,O-glycan metabolism,1.1,1
MAR07174,O-glycan metabolism,1.1,1
MAR07175,O-glycan metabolism,1.1,2
MAR07180,O-glycan metabolism,1.1,3
MAR07181,O-glycan metabolism,1.1,1
MAR07183,O-glycan metabolism,1.1,1
MAR07197,O-glycan metabolism,1.1,0
MAR07436,O-glycan metabolism,1.2109559834749308,19
MAR07438,O-glycan metabolism,1.1,2
MAR07440,O-glycan metabolism,1.1,3
MAR08254,O-glycan metabolism,1.1,1
MAR08255,O-glycan metabolism,1.1,1
MAR08256,O-glycan metabolism,1.1,0
MAR08257,O-glycan metabolism,1.1,1
MAR08258,O-glycan metabolism,1.1,0
MAR08260,O-glycan metabolism,1.1,0
MAR08261,O-glycan metabolism,1.1,0
MAR01532,N-glycan metabolism,1.2329499798291121,2
MAR07254,N-glycan metabolism,1.1,1
MAR07256,N-glycan metabolism,0.9534788502715252,1
MAR07258,N-glycan metabolism,1.1,0
MAR07259,N-glycan metabolism,1.1,0
MAR07260,N-glycan metabolism,1.1,0
MAR07261,N-glycan metabolism,1.1,1
MAR07263,N-glycan metabolism,1.916863627253478,1
MAR07264,N-glycan metabolism,1.1,1
MAR07265,N-glycan metabolism,1.2139123604692856,2
MAR07266,N-glycan metabolism,1.1,1
MAR07267,N-glycan metabolism,1.1,1
MAR07268,N-glycan metabolism,1.1,1
MAR07269,N-glycan metabolism,1.1,1
MAR07270,N-glycan metabolism,1.1,1
MAR07271,N-glycan metabolism,1.1,4
MAR07274,N-glycan metabolism,1.1,1
MAR07275,N-glycan metabolism,1.1,4
MAR07276,N-glycan metabolism,1.1,2
MAR07277,N-glycan metabolism,1.1,1
MAR07278,N-glycan metabolism,1.1,1
MAR07279,N-glycan metabolism,1.1,1
MAR07280,N-glycan metabolism,1.1,1
MAR07281,N-glycan metabolism,1.1,3
MAR07285,N-glycan metabolism,1.1,7
MAR07286,N-glycan metabolism,1.1,1
MAR07287,N-glycan metabolism,1.0281915132410266,1
MAR07288,N-glycan metabolism,1.1,0
MAR07289,N-glycan metabolism,1.1,4
MAR07290,N-glycan metabolism,1.1,0
MAR07291,N-glycan metabolism,1.1,4
MAR07292,N-glycan metabolism,1.1,0
MAR07293,N-glycan metabolism,1.1,4
MAR07294,Transport reactions,1.1,0
MAR07295,Transport reactions,1.1,0
MAR07296,Transport reactions,1.1,0
MAR07297,Transport reactions,1.1,0
MAR07298,Transport reactions,1.1,0
MAR07299,Transport reactions,1.1,0
MAR07300,Transport reactions,1.1,0
MAR07301,N-glycan metabolism,1.1,0
MAR07302,N-glycan metabolism,1.1,0
MAR07303,N-glycan metabolism,1.1,0
MAR07304,N-glycan metabolism,1.1,0
MAR07305,N-glycan metabolism,1.1,0
MAR07306,N-glycan metabolism,1.1,0
MAR07308,N-glycan metabolism,1.1,4
MAR07309,N-glycan metabolism,1.1,4
MAR07310,N-glycan metabolism,1.1,4
MAR07311,N-glycan metabolism,1.1,4
MAR07312,N-glycan metabolism,1.1,4
MAR07313,N-glycan metabolism,1.1,4
MAR07314,N-glycan metabolism,1.1,4
MAR07315,N-glycan metabolism,1.1,4
MAR07316,N-glycan metabolism,1.1,4
MAR07317,N-glycan metabolism,1.1,4
MAR07318,N-glycan metabolism,1.1,4
MAR07319,N-glycan metabolism,1.1,4
MAR07320,N-glycan metabolism,1.1,4
MAR07321,N-glycan metabolism,1.1,4
MAR07322,N-glycan metabolism,1.1,4
MAR07323,N-glycan metabolism,1.1,1
MAR07324,N-glycan metabolism,1.1,2
MAR07325,N-glycan metabolism,0.31147830079021427,1
MAR07326,N-glycan metabolism,1.1,1
MAR07327,N-glycan metabolism,1.138653999439383,3
MAR07328,N-glycan metabolism,0.6309277869947063,1
MAR07329,N-glycan metabolism,1.1,1
MAR07332,N-glycan metabolism,1.1,1
MAR07333,N-glycan metabolism,1.1,4
MAR07334,N-glycan metabolism,1.1,2
MAR07428,N-glycan metabolism,1.381180305239717,3
MAR07429,N-glycan metabolism,1.1,1
MAR07574,N-glycan metabolism,1.1,1
MAR07575,N-glycan metabolism,0.4894551348560894,1
MAR07576,N-glycan metabolism,1.2374843700792317,6
MAR07577,N-glycan metabolism,0.8354198839302335,4
MAR07578,N-glycan metabolism,1.2877092708057705,3
MAR07580,N-glycan metabolism,1.1,2
MAR07582,N-glycan metabolism,1.1,2
MAR07585,N-glycan metabolism,1.1,1
MAR07586,N-glycan metabolism,0.4894551348560894,1
MAR07587,N-glycan metabolism,1.2877092708057705,3
MAR08691,N-glycan metabolism,0.9534788502715252,1
MAR08692,N-glycan metabolism,1.1,0
MAR08693,N-glycan metabolism,1.138653999439383,3
MAR08694,N-glycan metabolism,0.6309277869947063,1
MAR08695,N-glycan metabolism,1.1,0
MAR05151,Protein assembly,1.668327511161522,1
MAR05152,Protein assembly,3.673344512740955,1
MAR05153,Protein assembly,3.34145590071452,1
MAR05154,Protein assembly,0.9735047310433111,1
MAR05155,Protein assembly,1.1,0
MAR05156,Protein assembly,1.1,0
MAR05157,Protein assembly,3.0030093845179895,1
MAR05158,Protein assembly,1.1,1
MAR05159,Protein assembly,3.394753897955953,1
MAR05160,Protein assembly,2.0779712890027375,1
MAR05161,Protein assembly,1.1,0
MAR05162,Protein assembly,0.5999374853264858,1
MAR05163,Protein assembly,2.693356663123053,1
MAR05164,Protein assembly,1.1,1
MAR05165,Protein assembly,0.39499575479559346,1
MAR05166,Protein assembly,0.6578681394742742,1
MAR05167,Protein assembly,1.1,0
MAR05168,Protein assembly,1.1,0
MAR05169,Protein assembly,1.1,0
MAR05170,Protein assembly,1.1,0
MAR05171,Protein assembly,1.1,0
MAR05172,Protein assembly,1.1,0
MAR05174,Protein assembly,1.1,0
MAR07282,Protein modification,1.1,0
MAR07616,Protein modification,1.1,0
MAR07619,Protein modification,2.327752635035245,2
MAR09735,Protein modification,1.1,0
MAR07621,Protein modification,1.1,0
MAR07622,Protein modification,1.1,5
MAR07624,Protein modification,0.9687730986125089,1
MAR07626,Protein modification,0.9687730986125089,1
MAR05258,Protein degradation,1.668327511161522,1
MAR05259,Protein degradation,1.7818372076189726,17
MAR05260,Protein degradation,1.1,0
MAR05261,Protein degradation,1.7818372076189726,17
MAR05262,Protein degradation,1.1,0
MAR05263,Protein degradation,1.7818372076189726,17
MAR05264,Protein degradation,1.1,0
MAR05265,Protein degradation,1.7818372076189726,17
MAR05266,Protein degradation,1.1,0
MAR05267,Protein degradation,1.1,0
MAR05268,Protein degradation,1.1,0
MAR05269,Protein degradation,1.1,0
MAR05270,Protein degradation,1.1,0
MAR05271,Protein degradation,1.1,0
MAR05272,Protein degradation,1.7818372076189726,17
MAR05273,Protein degradation,1.1,0
MAR05274,Protein degradation,1.7818372076189726,17
MAR05275,Protein degradation,1.1,0
MAR05276,Protein degradation,1.7818372076189726,17
MAR05277,Protein degradation,1.1,0
MAR05278,Protein degradation,1.7818372076189726,17
MAR05279,Protein degradation,1.1,0
MAR05280,Protein degradation,1.7818372076189726,17
MAR05281,Protein degradation,1.1,0
MAR05282,Protein degradation,1.7818372076189726,17
MAR05283,Protein degradation,1.1,0
MAR05284,Protein degradation,1.7818372076189726,17
MAR05285,Protein degradation,1.7818372076189726,17
MAR05286,Protein degradation,1.7818372076189726,17
MAR05287,Protein degradation,1.7818372076189726,17
MAR05288,Protein degradation,1.1,2
MAR05290,Protein degradation,1.7818372076189726,17
MAR05291,Protein degradation,1.1,0
MAR09817,Protein degradation,1.1,0
MAR09818,Protein degradation,1.1,0
MAR05407,Miscellaneous,1.6375103578123333,6
MAR03851,Sulfur metabolism,1.1,0
MAR03861,Sulfur metabolism,1.1,1
MAR03866,Sulfur metabolism,1.1,0
MAR03915,Sulfur metabolism,0.6150339029048325,1
MAR04084,Sulfur metabolism,1.1,2
MAR04187,Sulfur metabolism,1.1,2
MAR04188,Sulfur metabolism,1.1,0
MAR04701,Sulfur metabolism,1.8497419955002925,2
MAR04840,Sulfur metabolism,1.1,0
MAR04842,Sulfur metabolism,1.1,4
MAR08662,C5-branched dibasic acid metabolism,2.064616043328752,3
MAR08663,C5-branched dibasic acid metabolism,2.064616043328752,3
MAR08664,C5-branched dibasic acid metabolism,0.9823706632276948,1
MAR08665,C5-branched dibasic acid metabolism,1.1,0
MAR08666,C5-branched dibasic acid metabolism,1.1,1
MAR08667,C5-branched dibasic acid metabolism,2.064616043328752,3
MAR08668,C5-branched dibasic acid metabolism,2.064616043328752,3
MAR08669,C5-branched dibasic acid metabolism,1.1,0
MAR00710,Tricarboxylic acid cycle and glyoxylate/dicarboxylate metabolism,1.1,1
MAR03787,Tricarboxylic acid cycle and glyoxylate/dicarboxylate metabolism,1.1,2
MAR03957,Tricarboxylic acid cycle and glyoxylate/dicarboxylate metabolism,1.1170944738788546,3
MAR03958,Tricarboxylic acid cycle and glyoxylate/dicarboxylate metabolism,1.1,1
MAR04139,Tricarboxylic acid cycle and glyoxylate/dicarboxylate metabolism,1.3577991264400304,2
MAR04141,Tricarboxylic acid cycle and glyoxylate/dicarboxylate metabolism,1.535738459643616,1
MAR04145,Tricarboxylic acid cycle and glyoxylate/dicarboxylate metabolism,0.9247129206459214,1
MAR04147,Tricarboxylic acid cycle and glyoxylate/dicarboxylate metabolism,2.064616043328752,3
MAR04149,Tricarboxylic acid cycle and glyoxylate/dicarboxylate metabolism,1.1,1
MAR04152,Tricarboxylic acid cycle and glyoxylate/dicarboxylate metabolism,2.064616043328752,3
MAR04209,Tricarboxylic acid cycle and glyoxylate/dicarboxylate metabolism,1.331967983802723,2
MAR04408,Tricarboxylic acid cycle and glyoxylate/dicarboxylate metabolism,2.3518606045334023,1
MAR04410,Tricarboxylic acid cycle and glyoxylate/dicarboxylate metabolism,2.3518606045334023,1
MAR04454,Tricarboxylic acid cycle and glyoxylate/dicarboxylate metabolism,2.1675229908775613,1
MAR04458,Tricarboxylic acid cycle and glyoxylate/dicarboxylate metabolism,0.39164370039899576,1
MAR04465,Tricarboxylic acid cycle and glyoxylate/dicarboxylate metabolism,1.2510013811257186,1
MAR04589,Tricarboxylic acid cycle and glyoxylate/dicarboxylate metabolism,0.39164370039899576,1
MAR04652,Tricarboxylic acid cycle and glyoxylate/dicarboxylate metabolism,0.9422463053572194,4
MAR06413,Tricarboxylic acid cycle and glyoxylate/dicarboxylate metabolism,1.331967983802723,2
MAR06414,Tricarboxylic acid cycle and glyoxylate/dicarboxylate metabolism,1.6916012199886725,1
MAR07704,Tricarboxylic acid cycle and glyoxylate/dicarboxylate metabolism,1.272654272873293,2
MAR07706,Tricarboxylic acid cycle and glyoxylate/dicarboxylate metabolism,1.272654272873293,2
MAR08772,Tricarboxylic acid cycle and glyoxylate/dicarboxylate metabolism,1.1,1
MAR08773,Tricarboxylic acid cycle and glyoxylate/dicarboxylate metabolism,1.6238009471022894,3
MAR08774,Tricarboxylic acid cycle and glyoxylate/dicarboxylate metabolism,1.1,0
MAR08775,Tricarboxylic acid cycle and glyoxylate/dicarboxylate metabolism,1.4482636072611972,7
MAR08777,Tricarboxylic acid cycle and glyoxylate/dicarboxylate metabolism,1.1,0
MAR08778,Tricarboxylic acid cycle and glyoxylate/dicarboxylate metabolism,4.517693525858667,5
MAR08779,Tricarboxylic acid cycle and glyoxylate/dicarboxylate metabolism,1.2510013811257186,1
MAR08780,Tricarboxylic acid cycle and glyoxylate/dicarboxylate metabolism,1.1,5
MAR08781,Tricarboxylic acid cycle and glyoxylate/dicarboxylate metabolism,1.1,0
MAR08782,Tricarboxylic acid cycle and glyoxylate/dicarboxylate metabolism,1.2510013811257186,1
MAR03975,Oxidative phosphorylation,1.1965529082754411,4
MAR03977,Oxidative phosphorylation,1.1965529082754411,4
MAR03979,Oxidative phosphorylation,1.1965529082754411,4
MAR06911,Oxidative phosphorylation,1.8218788549930243,8
MAR06912,Oxidative phosphorylation,1.1965529082754411,4
MAR06914,Oxidative phosphorylation,0.8881861726416728,19
MAR06916,Oxidative phosphorylation,0.9815461539651528,21
MAR06918,Oxidative phosphorylation,0.5317369786589159,10
MAR06921,Oxidative phosphorylation,0.6785896756254532,45
MAR03960,ROS detoxification,1.4034394441641538,3
MAR03980,ROS detoxification,1.1,1
MAR03982,ROS detoxification,1.1,1
MAR04767,ROS detoxification,1.1,0
MAR06608,ROS detoxification,1.1,0
MAR08409,ROS detoxification,2.010318332492461,1
MAR08410,ROS detoxification,1.1,1
MAR08413,ROS detoxification,1.1,1
MAR08415,ROS detoxification,1.1,1
MAR00156,Fatty acid activation (cytosolic),1.8209687403725887,6
MAR00165,Fatty acid activation (cytosolic),1.8209687403725887,6
MAR00168,Fatty acid activation (cytosolic),1.8209687403725887,6
MAR00171,Fatty acid activation (cytosolic),1.8209687403725887,6
MAR00174,Fatty acid activation (cytosolic),1.8209687403725887,6
MAR00177,Fatty acid activation (cytosolic),1.8209687403725887,6
MAR00180,Fatty acid activation (cytosolic),1.8209687403725887,6
MAR00184,Fatty acid activation (cytosolic),1.8209687403725887,6
MAR00188,Fatty acid activation (cytosolic),1.1,8
MAR00192,Fatty acid activation (cytosolic),1.1,8
MAR00196,Fatty acid activation (cytosolic),1.1,8
MAR00200,Fatty acid activation (cytosolic),1.1,8
MAR00204,Fatty acid activation (cytosolic),1.1,8
MAR00209,Fatty acid activation (cytosolic),1.1,8
MAR00213,Fatty acid activation (cytosolic),1.1,8
MAR00217,Fatty acid activation (cytosolic),1.1,8
MAR00226,Fatty acid activation (cytosolic),1.1,8
MAR00233,Fatty acid activation (cytosolic),1.1,8
MAR00237,Fatty acid activation (cytosolic),1.1,8
MAR00241,Fatty acid activation (cytosolic),1.1,8
MAR00245,Fatty acid activation (cytosolic),1.1,8
MAR00249,Fatty acid activation (cytosolic),1.1306489999975675,10
MAR00255,Fatty acid activation (cytosolic),1.1,8
MAR00259,Fatty acid activation (cytosolic),1.1,8
MAR00263,Fatty acid activation (cytosolic),1.1,8
MAR00267,Fatty acid activation (cytosolic),1.1,8
MAR00271,Fatty acid activation (cytosolic),1.1,8
MAR00275,Fatty acid activation (cytosolic),1.1,8
MAR00279,Fatty acid activation (cytosolic),1.1,8
MAR00283,Fatty acid activation (cytosolic),1.1,8
MAR00289,Fatty acid activation (cytosolic),1.1,8
MAR00293,Fatty acid activation (cytosolic),1.1,8
MAR00297,Fatty acid activation (cytosolic),1.1,8
MAR00301,Fatty acid activation (cytosolic),1.1,8
MAR00305,Fatty acid activation (cytosolic),1.1,8
MAR00309,Fatty acid activation (cytosolic),1.1,8
MAR00313,Fatty acid activation (cytosolic),1.1,8
MAR00319,Fatty acid activation (cytosolic),1.1,8
MAR00323,Fatty acid activation (cytosolic),1.1,8
MAR00327,Fatty acid activation (cytosolic),1.1,8
MAR00331,Fatty acid activation (cytosolic),1.1,8
MAR00337,Fatty acid activation (cytosolic),1.1,8
MAR00341,Fatty acid activation (cytosolic),1.1,8
MAR00345,Fatty acid activation (cytosolic),1.1,8
MAR00349,Fatty acid activation (cytosolic),1.1,8
MAR00353,Fatty acid activation (cytosolic),1.1,8
MAR00357,Fatty acid activation (cytosolic),1.1,8
MAR00361,Fatty acid activation (cytosolic),1.1,8
MAR00365,Fatty acid activation (cytosolic),1.1,8
MAR00369,Fatty acid activation (cytosolic),1.1,8
MAR00373,Fatty acid activation (cytosolic),1.1,8
MAR00377,Fatty acid activation (cytosolic),1.1,8
MAR00381,Fatty acid activation (cytosolic),1.1,8
MAR00385,Fatty acid activation (cytosolic),1.1,8
MAR00389,Fatty acid activation (cytosolic),1.1,8
MAR00393,Fatty acid activation (cytosolic),1.1,8
MAR00397,Fatty acid activation (cytosolic),1.1,8
MAR00401,Fatty acid activation (cytosolic),1.1,8
MAR00405,Fatty acid activation (cytosolic),1.1,8
MAR00409,Fatty acid activation (cytosolic),1.1,8
MAR00413,Fatty acid activation (cytosolic),1.1,8
MAR00417,Fatty acid activation (cytosolic),1.1,8
MAR00421,Fatty acid activation (cytosolic),1.1,8
MAR00425,Fatty acid activation (cytosolic),1.1,8
MAR00429,Fatty acid activation (cytosolic),1.1,8
MAR00433,Fatty acid activation (cytosolic),1.1,8
MAR00437,Fatty acid activation (cytosolic),1.1,8
MAR02942,Fatty acid activation (endoplasmic reticular),1.1,8
MAR02943,Fatty acid activation (endoplasmic reticular),1.1,8
MAR02944,Fatty acid activation (endoplasmic reticular),1.1,8
MAR02945,Fatty acid activation (endoplasmic reticular),1.1,8
MAR02946,Fatty acid activation (endoplasmic reticular),1.1,8
MAR02947,Fatty acid activation (endoplasmic reticular),1.1,8
MAR02948,Fatty acid activation (endoplasmic reticular),1.1,8
MAR02949,Fatty acid activation (endoplasmic reticular),1.1,8
MAR02951,Fatty acid activation (endoplasmic reticular),1.1,8
MAR02952,Fatty acid activation (endoplasmic reticular),1.1,8
MAR02954,Fatty acid activation (endoplasmic reticular),1.1,8
MAR02955,Fatty acid activation (endoplasmic reticular),1.1,8
MAR02956,Fatty acid activation (endoplasmic reticular),1.1,8
MAR02957,Fatty acid activation (endoplasmic reticular),1.1306489999975675,10
MAR02959,Fatty acid activation (endoplasmic reticular),1.1,8
MAR02961,Fatty acid activation (endoplasmic reticular),1.1,8
MAR02962,Fatty acid activation (endoplasmic reticular),1.1,8
MAR02963,Fatty acid activation (endoplasmic reticular),1.1,8
MAR02964,Fatty acid activation (endoplasmic reticular),1.1,8
MAR02965,Fatty acid activation (endoplasmic reticular),1.1,8
MAR02966,Fatty acid activation (endoplasmic reticular),1.1,8
MAR02967,Fatty acid activation (endoplasmic reticular),1.1,8
MAR02968,Fatty acid activation (endoplasmic reticular),1.1,8
MAR02969,Fatty acid activation (endoplasmic reticular),1.1,8
MAR02970,Fatty acid activation (endoplasmic reticular),1.1,8
MAR02971,Fatty acid activation (endoplasmic reticular),1.1,8
MAR02972,Fatty acid activation (endoplasmic reticular),1.1,8
MAR02973,Fatty acid activation (endoplasmic reticular),1.1,8
MAR02974,Fatty acid activation (endoplasmic reticular),1.1,8
MAR02975,Fatty acid activation (endoplasmic reticular),1.1,8
MAR02976,Fatty acid activation (endoplasmic reticular),1.1,8
MAR02977,Fatty acid activation (endoplasmic reticular),1.1,8
MAR02978,Fatty acid activation (endoplasmic reticular),1.1,8
MAR02979,Fatty acid activation (endoplasmic reticular),1.1,8
MAR02980,Fatty acid activation (endoplasmic reticular),1.1,8
MAR02981,Fatty acid activation (endoplasmic reticular),1.1,8
MAR02982,Fatty acid activation (endoplasmic reticular),1.1,8
MAR02983,Fatty acid activation (endoplasmic reticular),1.1,8
MAR02984,Fatty acid activation (endoplasmic reticular),1.1,8
MAR02985,Fatty acid activation (endoplasmic reticular),1.1,8
MAR02986,Fatty acid activation (endoplasmic reticular),1.1,8
MAR02987,Fatty acid activation (endoplasmic reticular),1.1,8
MAR02988,Fatty acid activation (endoplasmic reticular),1.1,8
MAR02989,Fatty acid activation (endoplasmic reticular),1.1,8
MAR02990,Fatty acid activation (endoplasmic reticular),1.1,8
MAR02991,Fatty acid activation (endoplasmic reticular),1.1,8
MAR02992,Fatty acid activation (endoplasmic reticular),1.1,8
MAR02994,Fatty acid activation (endoplasmic reticular),1.1,8
MAR02996,Fatty acid activation (endoplasmic reticular),1.1,8
MAR02998,Fatty acid activation (endoplasmic reticular),1.1,8
MAR02999,Fatty acid activation (endoplasmic reticular),1.1,8
MAR03000,Fatty acid activation (endoplasmic reticular),1.1,8
MAR03001,Fatty acid activation (endoplasmic reticular),1.1,8
MAR03002,Fatty acid activation (endoplasmic reticular),1.1,8
MAR03003,Fatty acid activation (endoplasmic reticular),1.1,8
MAR02152,Fatty acid biosynthesis (even-chain),1.1,2
MAR02153,Fatty acid biosynthesis (even-chain),1.1,1
MAR02154,Fatty acid biosynthesis (even-chain),1.1,1
MAR02155,Fatty acid biosynthesis (even-chain),2.0444401749518635,3
MAR02156,Fatty acid biosynthesis (even-chain),1.1,2
MAR02157,Fatty acid biosynthesis (even-chain),1.1,1
MAR02158,Fatty acid biosynthesis (even-chain),1.1,1
MAR02159,Fatty acid biosynthesis (even-chain),1.1,1
MAR02160,Fatty acid biosynthesis (even-chain),1.1,2
MAR02161,Fatty acid biosynthesis (even-chain),1.1,1
MAR02162,Fatty acid biosynthesis (even-chain),1.1,1
MAR02163,Fatty acid biosynthesis (even-chain),1.1,1
MAR02164,Fatty acid biosynthesis (even-chain),1.1,2
MAR02165,Fatty acid biosynthesis (even-chain),1.1,1
MAR02166,Fatty acid biosynthesis (even-chain),1.1,1
MAR02167,Fatty acid biosynthesis (even-chain),1.1,1
MAR02168,Fatty acid biosynthesis (even-chain),1.1,2
MAR02169,Fatty acid biosynthesis (even-chain),1.1,1
MAR02170,Fatty acid biosynthesis (even-chain),1.1,1
MAR02171,Fatty acid biosynthesis (even-chain),1.1,1
MAR02173,Fatty acid biosynthesis (even-chain),1.1,2
MAR02174,Fatty acid biosynthesis (even-chain),1.1,1
MAR02175,Fatty acid biosynthesis (even-chain),1.1,1
MAR02176,Fatty acid biosynthesis (even-chain),1.1,1
MAR02178,Fatty acid biosynthesis (even-chain),1.1,2
MAR02179,Fatty acid biosynthesis (even-chain),1.1,1
MAR02180,Fatty acid biosynthesis (even-chain),1.1,1
MAR02181,Fatty acid biosynthesis (even-chain),1.1,1
MAR04295,Fatty acid biosynthesis (even-chain),1.7850937342800068,1
MAR02227,Fatty acid biosynthesis (odd-chain),1.1,1
MAR02228,Fatty acid biosynthesis (odd-chain),1.1,1
MAR02229,Fatty acid biosynthesis (odd-chain),1.1,1
MAR02230,Fatty acid biosynthesis (odd-chain),1.1,1
MAR02231,Fatty acid biosynthesis (odd-chain),1.1,1
MAR02232,Fatty acid biosynthesis (odd-chain),1.1,1
MAR02233,Fatty acid biosynthesis (odd-chain),1.1,1
MAR02234,Fatty acid biosynthesis (odd-chain),1.1,1
MAR02235,Fatty acid biosynthesis (odd-chain),1.1,1
MAR02236,Fatty acid biosynthesis (odd-chain),1.1,1
MAR02237,Fatty acid biosynthesis (odd-chain),1.1,1
MAR02238,Fatty acid biosynthesis (odd-chain),1.1,1
MAR02239,Fatty acid biosynthesis (odd-chain),1.1,1
MAR02240,Fatty acid biosynthesis (odd-chain),1.1,1
MAR02241,Fatty acid biosynthesis (odd-chain),1.1,1
MAR02242,Fatty acid biosynthesis (odd-chain),1.1,1
MAR02243,Fatty acid biosynthesis (odd-chain),1.1,1
MAR02244,Fatty acid biosynthesis (odd-chain),1.1,1
MAR02245,Fatty acid biosynthesis (odd-chain),1.1,1
MAR02246,Fatty acid biosynthesis (odd-chain),1.1,1
MAR02247,Fatty acid biosynthesis (odd-chain),1.1,1
MAR02249,Fatty acid biosynthesis (odd-chain),1.1,1
MAR02250,Fatty acid biosynthesis (odd-chain),1.1,1
MAR02251,Fatty acid biosynthesis (odd-chain),1.1,1
MAR02252,Fatty acid biosynthesis (odd-chain),1.1,1
MAR02254,Fatty acid biosynthesis (odd-chain),1.1,1
MAR02255,Fatty acid biosynthesis (odd-chain),1.1,1
MAR02256,Fatty acid biosynthesis (odd-chain),1.1,1
MAR02257,Fatty acid biosynthesis (odd-chain),1.1,1
MAR02305,Fatty acid biosynthesis (unsaturated),1.1509453662967597,7
MAR02307,Fatty acid biosynthesis (unsaturated),1.1,1
MAR02309,Fatty acid biosynthesis (unsaturated),1.2947201852855994,5
MAR02311,Fatty acid biosynthesis (unsaturated),1.1,2
MAR02315,Fatty acid biosynthesis (unsaturated),1.1509453662967597,7
MAR02317,Fatty acid biosynthesis (unsaturated),1.1,1
MAR02319,Fatty acid biosynthesis (unsaturated),1.2947201852855994,5
MAR02321,Fatty acid biosynthesis (unsaturated),1.1,2
MAR02324,Fatty acid biosynthesis (unsaturated),1.1509453662967597,7
MAR02326,Fatty acid biosynthesis (unsaturated),1.1,1
MAR02328,Fatty acid biosynthesis (unsaturated),1.2947201852855994,5
MAR02330,Fatty acid biosynthesis (unsaturated),1.1,2
MAR02332,Fatty acid biosynthesis (unsaturated),1.1509453662967597,7
MAR02334,Fatty acid biosynthesis (unsaturated),1.1,1
MAR02336,Fatty acid biosynthesis (unsaturated),1.2947201852855994,5
MAR02338,Fatty acid biosynthesis (unsaturated),1.1,2
MAR02342,Fatty acid biosynthesis (unsaturated),1.1509453662967597,7
MAR02343,Fatty acid biosynthesis (unsaturated),1.1,1
MAR02344,Fatty acid biosynthesis (unsaturated),1.2947201852855994,5
MAR02345,Fatty acid biosynthesis (unsaturated),1.1,2
MAR02347,Fatty acid biosynthesis (unsaturated),1.1509453662967597,7
MAR02348,Fatty acid biosynthesis (unsaturated),1.1,1
MAR02349,Fatty acid biosynthesis (unsaturated),1.2947201852855994,5
MAR02350,Fatty acid biosynthesis (unsaturated),1.1,2
MAR02353,Fatty acid biosynthesis (unsaturated),1.1509453662967597,7
MAR02354,Fatty acid biosynthesis (unsaturated),1.1,1
MAR02355,Fatty acid biosynthesis (unsaturated),1.2947201852855994,5
MAR02356,Fatty acid biosynthesis (unsaturated),1.1,2
MAR02361,Fatty acid biosynthesis (unsaturated),1.1509453662967597,7
MAR02362,Fatty acid biosynthesis (unsaturated),1.1,1
MAR02363,Fatty acid biosynthesis (unsaturated),1.2947201852855994,5
MAR02364,Fatty acid biosynthesis (unsaturated),1.1,2
MAR02190,Fatty acid elongation (even-chain),1.1509453662967597,7
MAR02191,Fatty acid elongation (even-chain),1.1,1
MAR02193,Fatty acid elongation (even-chain),1.2947201852855994,5
MAR02194,Fatty acid elongation (even-chain),1.1,2
MAR02201,Fatty acid elongation (even-chain),1.1509453662967597,7
MAR02202,Fatty acid elongation (even-chain),1.1,1
MAR02203,Fatty acid elongation (even-chain),1.2947201852855994,5
MAR02204,Fatty acid elongation (even-chain),1.1,2
MAR02205,Fatty acid elongation (even-chain),1.1509453662967597,7
MAR02208,Fatty acid elongation (even-chain),1.1,1
MAR02209,Fatty acid elongation (even-chain),1.2947201852855994,5
MAR02210,Fatty acid elongation (even-chain),1.1,2
MAR02211,Fatty acid elongation (even-chain),1.1509453662967597,7
MAR02212,Fatty acid elongation (even-chain),1.1,1
MAR02213,Fatty acid elongation (even-chain),1.2947201852855994,5
MAR02214,Fatty acid elongation (even-chain),1.1,2
MAR02215,Fatty acid elongation (even-chain),1.1509453662967597,7
MAR02217,Fatty acid elongation (even-chain),1.1,1
MAR02218,Fatty acid elongation (even-chain),1.2947201852855994,5
MAR02219,Fatty acid elongation (even-chain),1.1,2
MAR02259,Fatty acid elongation (odd-chain),1.1509453662967597,7
MAR02260,Fatty acid elongation (odd-chain),1.1,1
MAR02261,Fatty acid elongation (odd-chain),1.2947201852855994,5
MAR02262,Fatty acid elongation (odd-chain),1.1,2
MAR02263,Fatty acid elongation (odd-chain),1.1509453662967597,7
MAR02264,Fatty acid elongation (odd-chain),1.1,1
MAR02265,Fatty acid elongation (odd-chain),1.2947201852855994,5
MAR02266,Fatty acid elongation (odd-chain),1.1,2
MAR02267,Fatty acid elongation (odd-chain),1.1509453662967597,7
MAR02268,Fatty acid elongation (odd-chain),1.1,1
MAR02269,Fatty acid elongation (odd-chain),1.2947201852855994,5
MAR02270,Fatty acid elongation (odd-chain),1.1,1
MAR02281,Fatty acid desaturation (even-chain),1.1,2
MAR02282,Fatty acid desaturation (even-chain),1.1,2
MAR02284,Fatty acid desaturation (even-chain),1.1,2
MAR02286,Fatty acid desaturation (even-chain),1.1,2
MAR02287,Fatty acid desaturation (even-chain),1.1,2
MAR02292,Fatty acid desaturation (even-chain),1.1,2
MAR02293,Fatty acid desaturation (even-chain),1.1,2
MAR02294,Fatty acid desaturation (even-chain),1.1,2
MAR02295,Fatty acid desaturation (even-chain),1.1,2
MAR02296,Fatty acid desaturation (even-chain),1.1,2
MAR02359,Fatty acid desaturation (even-chain),1.1,3
MAR02365,Fatty acid desaturation (even-chain),1.1,3
MAR02288,Fatty acid desaturation (odd-chain),1.1,2
MAR02289,Fatty acid desaturation (odd-chain),1.1,2
MAR00709,Fatty acid biosynthesis,1.1170272222208708,9
MAR02150,Fatty acid biosynthesis,1.1,1
MAR02151,Fatty acid biosynthesis,1.1,2
MAR02172,Fatty acid biosynthesis,1.1,2
MAR02177,Fatty acid biosynthesis,1.1,2
MAR02182,Fatty acid biosynthesis,1.1,2
MAR02248,Fatty acid biosynthesis,1.1,2
MAR02253,Fatty acid biosynthesis,1.1,2
MAR02258,Fatty acid biosynthesis,1.1,2
MAR02437,Linoleate metabolism,1.1,0
MAR02438,Linoleate metabolism,1.4052064654420697,2
MAR02439,Linoleate metabolism,1.1,0
MAR02440,Linoleate metabolism,1.3417954471048903,2
MAR02441,Linoleate metabolism,2.298300142987705,9
MAR02442,Linoleate metabolism,1.1,0
MAR02443,Linoleate metabolism,1.1,0
MAR02444,Linoleate metabolism,1.1,0
MAR02445,Linoleate metabolism,1.1,0
MAR02446,Linoleate metabolism,1.1,0
MAR02447,Linoleate metabolism,1.1,0
MAR02448,Linoleate metabolism,1.1,0
MAR02449,Linoleate metabolism,1.1,0
MAR02450,Linoleate metabolism,1.1,0
MAR02451,Linoleate metabolism,1.1,0
MAR02452,Linoleate metabolism,1.1,0
MAR02453,Linoleate metabolism,1.1,0
MAR02454,Linoleate metabolism,1.1,0
MAR02455,Linoleate metabolism,1.4051265102918857,28
MAR02456,Linoleate metabolism,1.4051265102918857,28
MAR02457,Linoleate metabolism,1.4051265102918857,28
MAR02458,Linoleate metabolism,1.4051265102918857,28
MAR02459,Linoleate metabolism,1.1,2
MAR02460,Linoleate metabolism,1.1,2
MAR02461,Linoleate metabolism,1.368777622308423,20
MAR02462,Linoleate metabolism,1.368777622308423,20
MAR02463,Linoleate metabolism,1.368777622308423,20
MAR02464,Linoleate metabolism,1.368777622308423,20
MAR02465,Linoleate metabolism,1.1,2
MAR02466,Linoleate metabolism,1.1,2
MAR02467,Linoleate metabolism,1.368777622308423,20
MAR02468,Linoleate metabolism,1.368777622308423,20
MAR02469,Linoleate metabolism,1.368777622308423,20
MAR02470,Linoleate metabolism,1.368777622308423,20
MAR06397,Lipoic acid metabolism,0.9400197257488381,1
MAR06402,Lipoic acid metabolism,2.0521522215459984,1
MAR06403,Lipoic acid metabolism,1.50944935756727,1
MAR06404,Lipoic acid metabolism,0.9400197257488381,1
MAR02472,Omega-3 fatty acid metabolism,1.1,3
MAR02475,Omega-3 fatty acid metabolism,1.1509453662967597,7
MAR02478,Omega-3 fatty acid metabolism,1.1,1
MAR02480,Omega-3 fatty acid metabolism,1.2947201852855994,5
MAR02482,Omega-3 fatty acid metabolism,1.1,2
MAR02484,Omega-3 fatty acid metabolism,1.1,3
MAR02486,Omega-3 fatty acid metabolism,1.1509453662967597,7
MAR02489,Omega-3 fatty acid metabolism,1.1,1
MAR02491,Omega-3 fatty acid metabolism,1.2947201852855994,5
MAR02493,Omega-3 fatty acid metabolism,1.1,2
MAR02495,Omega-3 fatty acid metabolism,1.1,0
MAR02497,Omega-3 fatty acid metabolism,1.1509453662967597,7
MAR02499,Omega-3 fatty acid metabolism,1.1,1
MAR02501,Omega-3 fatty acid metabolism,1.2947201852855994,5
MAR02503,Omega-3 fatty acid metabolism,1.1,2
MAR02505,Omega-3 fatty acid metabolism,1.1,3
MAR02510,Omega-3 fatty acid metabolism,1.1,2
MAR02511,Omega-3 fatty acid metabolism,0.6080824866087469,4
MAR02512,Omega-3 fatty acid metabolism,0.37778898342797185,3
MAR02513,Omega-3 fatty acid metabolism,0.7388944917139859,2
MAR02514,Transport reactions,1.1,0
MAR02515,Omega-3 fatty acid metabolism,1.1509453662967597,7
MAR02516,Omega-3 fatty acid metabolism,1.1,1
MAR02518,Omega-3 fatty acid metabolism,1.2947201852855994,5
MAR02520,Omega-3 fatty acid metabolism,1.1,2
MAR02522,Omega-3 fatty acid metabolism,1.1509453662967597,7
MAR02524,Omega-3 fatty acid metabolism,1.1,1
MAR02526,Omega-3 fatty acid metabolism,1.2947201852855994,5
MAR02528,Omega-3 fatty acid metabolism,1.1,2
MAR02530,Omega-3 fatty acid metabolism,1.1509453662967597,7
MAR02533,Omega-3 fatty acid metabolism,1.1,1
MAR02535,Omega-3 fatty acid metabolism,1.2947201852855994,5
MAR02537,Omega-3 fatty acid metabolism,1.1,2
MAR02540,Omega-3 fatty acid metabolism,1.1509453662967597,7
MAR02541,Omega-3 fatty acid metabolism,1.1,1
MAR02542,Omega-3 fatty acid metabolism,1.2947201852855994,5
MAR02543,Omega-3 fatty acid metabolism,1.1,2
MAR02544,Omega-3 fatty acid metabolism,0.43910183944561654,1
MAR02545,Omega-3 fatty acid metabolism,1.1,0
MAR02546,Omega-3 fatty acid metabolism,1.4936091957297755,3
MAR02548,Omega-3 fatty acid metabolism,1.4936091957297755,3
MAR02549,Omega-3 fatty acid metabolism,1.1,0
MAR02550,Omega-3 fatty acid metabolism,1.1,0
MAR02551,Omega-3 fatty acid metabolism,1.2354514222513557,1
MAR02552,Omega-3 fatty acid metabolism,1.1,1
MAR02553,Omega-3 fatty acid metabolism,1.9543542288172797,5
MAR02555,Omega-3 fatty acid metabolism,1.9543542288172797,5
MAR02556,Omega-3 fatty acid metabolism,1.933428925772067,6
MAR02557,Omega-3 fatty acid metabolism,1.4052064654420697,2
MAR02558,Omega-3 fatty acid metabolism,1.1,0
MAR02559,Omega-3 fatty acid metabolism,1.1,0
MAR02560,Omega-3 fatty acid metabolism,1.1,0
MAR02561,Omega-3 fatty acid metabolism,0.43910183944561654,1
MAR02562,Omega-3 fatty acid metabolism,1.1,2
MAR02563,Omega-3 fatty acid metabolism,1.1,2
MAR02565,Omega-3 fatty acid metabolism,0.43910183944561654,1
MAR02566,Omega-3 fatty acid metabolism,1.4052064654420697,2
MAR02567,Omega-3 fatty acid metabolism,1.1,0
MAR02568,Omega-3 fatty acid metabolism,0.43910183944561654,1
MAR02570,Omega-3 fatty acid metabolism,1.4052064654420697,2
MAR02571,Omega-3 fatty acid metabolism,1.1,0
MAR02572,Omega-3 fatty acid metabolism,0.43910183944561654,1
MAR02573,Omega-3 fatty acid metabolism,1.1,2
MAR02574,Omega-3 fatty acid metabolism,1.1,2
MAR02576,Omega-3 fatty acid metabolism,1.4052064654420697,2
MAR02577,Omega-3 fatty acid metabolism,1.1,0
MAR02578,Omega-3 fatty acid metabolism,0.43910183944561654,1
MAR02579,Omega-3 fatty acid metabolism,1.1,2
MAR02580,Omega-3 fatty acid metabolism,1.1,2
MAR02581,Omega-3 fatty acid metabolism,1.30347097696138,3
MAR02582,Omega-3 fatty acid metabolism,1.30347097696138,3
MAR02583,Omega-3 fatty acid metabolism,1.3180063800638004,3
MAR02584,Omega-3 fatty acid metabolism,1.3180063800638004,3
MAR02586,Omega-3 fatty acid metabolism,0.43910183944561654,1
MAR02587,Omega-3 fatty acid metabolism,1.1,0
MAR02368,Omega-6 fatty acid metabolism,1.1,3
MAR02371,Omega-6 fatty acid metabolism,1.1509453662967597,7
MAR02374,Omega-6 fatty acid metabolism,1.1,0
MAR02376,Omega-6 fatty acid metabolism,1.1,0
MAR02378,Omega-6 fatty acid metabolism,1.1,2
MAR02380,Omega-6 fatty acid metabolism,1.1,3
MAR02383,Omega-6 fatty acid metabolism,1.1509453662967597,7
MAR02387,Omega-6 fatty acid metabolism,1.1,1
MAR02389,Omega-6 fatty acid metabolism,1.2947201852855994,5
MAR02391,Omega-6 fatty acid metabolism,1.1,0
MAR02393,Omega-6 fatty acid metabolism,1.1,0
MAR02395,Omega-6 fatty acid metabolism,1.1509453662967597,7
MAR02397,Omega-6 fatty acid metabolism,1.1,1
MAR02399,Omega-6 fatty acid metabolism,1.2947201852855994,5
MAR02401,Omega-6 fatty acid metabolism,1.1,2
MAR02403,Omega-6 fatty acid metabolism,1.1,0
MAR02408,Omega-6 fatty acid metabolism,1.1,2
MAR02409,Omega-6 fatty acid metabolism,0.6080824866087469,4
MAR02410,Omega-6 fatty acid metabolism,0.37778898342797185,3
MAR02411,Omega-6 fatty acid metabolism,0.7388944917139859,2
MAR02412,Transport reactions,1.1,0
MAR02415,Omega-6 fatty acid metabolism,1.1509453662967597,7
MAR02417,Omega-6 fatty acid metabolism,1.1,1
MAR02419,Omega-6 fatty acid metabolism,1.2947201852855994,5
MAR02421,Omega-6 fatty acid metabolism,1.1,2
MAR02423,Omega-6 fatty acid metabolism,1.1509453662967597,7
MAR02426,Omega-6 fatty acid metabolism,1.1,1
MAR02428,Omega-6 fatty acid metabolism,1.2947201852855994,5
MAR02430,Omega-6 fatty acid metabolism,1.1,2
MAR02433,Omega-6 fatty acid metabolism,1.1509453662967597,7
MAR02434,Omega-6 fatty acid metabolism,1.1,1
MAR02435,Omega-6 fatty acid metabolism,1.2947201852855994,5
MAR02436,Omega-6 fatty acid metabolism,1.1,2
MAR03444,Omega-6 fatty acid metabolism,1.937689478534088,4
MAR03445,Omega-6 fatty acid metabolism,1.9097390890202548,2
MAR03446,Omega-6 fatty acid metabolism,1.0367450684563513,1
MAR03447,Omega-6 fatty acid metabolism,1.9097390890202548,3
MAR03448,Omega-6 fatty acid metabolism,1.937689478534088,4
MAR03449,Omega-6 fatty acid metabolism,2.7813674929074903,1
MAR03450,Omega-6 fatty acid metabolism,1.3318570618604553,3
MAR03452,Omega-6 fatty acid metabolism,1.937689478534088,4
MAR03453,Omega-6 fatty acid metabolism,2.7813674929074903,1
MAR03454,Omega-6 fatty acid metabolism,1.3318570618604553,3
MAR03455,Omega-6 fatty acid metabolism,1.2253390278145715,3
MAR03456,Omega-6 fatty acid metabolism,1.937689478534088,4
MAR03457,Omega-6 fatty acid metabolism,1.0367450684563513,1
MAR03458,Omega-6 fatty acid metabolism,1.9097390890202548,2
MAR03459,Omega-6 fatty acid metabolism,1.1,2
MAR03460,Omega-6 fatty acid metabolism,0.6080824866087469,4
MAR03461,Omega-6 fatty acid metabolism,1.563029339661942,1
MAR03462,Omega-6 fatty acid metabolism,0.6080824866087469,4
MAR03463,Omega-6 fatty acid metabolism,0.6080824866087469,4
MAR03464,Omega-6 fatty acid metabolism,0.37778898342797185,3
MAR03466,Omega-6 fatty acid metabolism,1.1,2
MAR03467,Omega-6 fatty acid metabolism,0.6080824866087469,4
MAR03468,Omega-6 fatty acid metabolism,0.37778898342797185,3
MAR03469,Omega-6 fatty acid metabolism,0.7388944917139859,2
MAR03470,Omega-6 fatty acid metabolism,1.1,2
MAR03471,Omega-6 fatty acid metabolism,1.563029339661942,1
MAR03472,Omega-6 fatty acid metabolism,0.6080824866087469,4
MAR00931,Arachidonic acid metabolism,1.4051265102918857,28
MAR00932,Arachidonic acid metabolism,1.4051265102918857,28
MAR00933,Arachidonic acid metabolism,1.4051265102918857,28
MAR00934,Arachidonic acid metabolism,1.3847847429390934,30
MAR00935,Arachidonic acid metabolism,1.4051265102918857,28
MAR00936,Arachidonic acid metabolism,1.4051265102918857,28
MAR00937,Arachidonic acid metabolism,1.4051265102918857,28
MAR00938,Arachidonic acid metabolism,1.4051265102918857,28
MAR00939,Arachidonic acid metabolism,1.4051265102918857,28
MAR00940,Arachidonic acid metabolism,1.4051265102918857,28
MAR00942,Arachidonic acid metabolism,1.4051265102918857,28
MAR00943,Arachidonic acid metabolism,1.4051265102918857,28
MAR00944,Arachidonic acid metabolism,1.4051265102918857,28
MAR00945,Arachidonic acid metabolism,1.1,2
MAR00946,Arachidonic acid metabolism,1.4051265102918857,28
MAR00947,Arachidonic acid metabolism,1.4051265102918857,28
MAR00948,Arachidonic acid metabolism,1.4051265102918857,28
MAR00949,Arachidonic acid metabolism,1.1,2
MAR00950,Arachidonic acid metabolism,1.4051265102918857,28
MAR00951,Arachidonic acid metabolism,1.4051265102918857,28
MAR00953,Arachidonic acid metabolism,1.1,2
MAR00954,Arachidonic acid metabolism,1.4051265102918857,28
MAR00955,Arachidonic acid metabolism,1.4051265102918857,28
MAR00956,Arachidonic acid metabolism,1.4051265102918857,28
MAR00957,Arachidonic acid metabolism,1.1,2
MAR00958,Arachidonic acid metabolism,0.43910183944561654,1
MAR00959,Arachidonic acid metabolism,0.43910183944561654,1
MAR00960,Arachidonic acid metabolism,2.298300142987705,9
MAR00961,Arachidonic acid metabolism,1.1,1
MAR00963,Arachidonic acid metabolism,2.298300142987705,9
MAR00964,Arachidonic acid metabolism,1.1,1
MAR00967,Arachidonic acid metabolism,1.1,1
MAR00969,Arachidonic acid metabolism,1.9543542288172797,5
MAR00971,Arachidonic acid metabolism,0.43910183944561654,1
MAR00973,Arachidonic acid metabolism,1.4936091957297755,3
MAR00976,Arachidonic acid metabolism,1.1,1
MAR00979,Arachidonic acid metabolism,1.1,0
MAR00980,Arachidonic acid metabolism,1.4936091957297755,3
MAR00981,Arachidonic acid metabolism,1.9543542288172797,5
MAR00983,Arachidonic acid metabolism,1.3417954471048903,2
MAR00985,Arachidonic acid metabolism,1.3417954471048903,2
MAR00986,Arachidonic acid metabolism,1.3417954471048903,2
MAR00987,Arachidonic acid metabolism,1.3417954471048903,2
MAR00988,Arachidonic acid metabolism,2.298300142987705,9
MAR00989,Arachidonic acid metabolism,1.1,0
MAR00990,Arachidonic acid metabolism,1.1,0
MAR00991,Arachidonic acid metabolism,1.4051265102918857,28
MAR00992,Arachidonic acid metabolism,1.4051265102918857,28
MAR00993,Arachidonic acid metabolism,1.4051265102918857,28
MAR00994,Arachidonic acid metabolism,1.4051265102918857,28
MAR00995,Arachidonic acid metabolism,1.4052064654420697,2
MAR00996,Arachidonic acid metabolism,1.4052064654420697,2
MAR00997,Arachidonic acid metabolism,1.4052064654420697,2
MAR00998,Arachidonic acid metabolism,0.43910183944561654,1
MAR00999,Arachidonic acid metabolism,0.43910183944561654,1
MAR01000,Arachidonic acid metabolism,0.43910183944561654,1
MAR01002,Arachidonic acid metabolism,1.1,2
MAR01003,Arachidonic acid metabolism,1.1,2
MAR01004,Arachidonic acid metabolism,1.1,2
MAR01006,Arachidonic acid metabolism,1.1,2
MAR01007,Arachidonic acid metabolism,1.1,2
MAR01008,Arachidonic acid metabolism,1.1,2
MAR01010,Arachidonic acid metabolism,1.1,1
MAR01011,Arachidonic acid metabolism,1.1,1
MAR01013,Arachidonic acid metabolism,0.43910183944561654,1
MAR01014,Arachidonic acid metabolism,0.43910183944561654,1
MAR01015,Arachidonic acid metabolism,0.43910183944561654,1
MAR01016,Arachidonic acid metabolism,0.43910183944561654,1
MAR01017,Arachidonic acid metabolism,0.43910183944561654,1
MAR01018,Arachidonic acid metabolism,0.43910183944561654,1
MAR01020,Arachidonic acid metabolism,1.1,2
MAR01021,Arachidonic acid metabolism,1.1,2
MAR01022,Arachidonic acid metabolism,1.1,2
MAR01023,Arachidonic acid metabolism,1.1,2
MAR01025,Arachidonic acid metabolism,1.1,2
MAR01026,Arachidonic acid metabolism,1.1,2
MAR01027,Arachidonic acid metabolism,1.1,2
MAR01028,Arachidonic acid metabolism,1.1,2
MAR01029,Arachidonic acid metabolism,1.1,1
MAR01030,Arachidonic acid metabolism,1.1,1
MAR01033,Arachidonic acid metabolism,1.1,1
MAR01034,Arachidonic acid metabolism,1.1,1
MAR01037,Arachidonic acid metabolism,1.1,1
MAR01039,Arachidonic acid metabolism,1.1,1
MAR01040,Arachidonic acid metabolism,1.1,0
MAR01041,Arachidonic acid metabolism,1.1,0
MAR01042,Arachidonic acid metabolism,1.1,0
MAR01043,Arachidonic acid metabolism,2.298300142987705,9
MAR01045,Arachidonic acid metabolism,2.298300142987705,9
MAR01048,Arachidonic acid metabolism,2.298300142987705,9
MAR01049,Arachidonic acid metabolism,2.298300142987705,9
MAR01050,Arachidonic acid metabolism,1.7160564076173865,21
MAR01053,Arachidonic acid metabolism,1.7160564076173865,21
MAR01054,Arachidonic acid metabolism,1.7160564076173865,21
MAR01055,Arachidonic acid metabolism,1.1,2
MAR01057,Arachidonic acid metabolism,1.1,2
MAR01058,Arachidonic acid metabolism,1.1,2
MAR01059,Arachidonic acid metabolism,1.9543542288172797,5
MAR01061,Arachidonic acid metabolism,1.9543542288172797,5
MAR01062,Arachidonic acid metabolism,1.1,1
MAR01063,Arachidonic acid metabolism,1.1,1
MAR01064,Arachidonic acid metabolism,1.1,1
MAR01065,Arachidonic acid metabolism,1.8961201329580766,24
MAR01066,Arachidonic acid metabolism,1.8961201329580766,24
MAR01067,Arachidonic acid metabolism,1.8961201329580766,24
MAR01068,Arachidonic acid metabolism,1.8961201329580766,24
MAR01069,Arachidonic acid metabolism,1.8961201329580766,24
MAR01070,Arachidonic acid metabolism,1.8961201329580766,24
MAR01071,Arachidonic acid metabolism,1.9543542288172797,5
MAR01072,Arachidonic acid metabolism,1.9543542288172797,5
MAR01073,Arachidonic acid metabolism,1.1,1
MAR01074,Arachidonic acid metabolism,1.1,3
MAR01075,Arachidonic acid metabolism,0.43910183944561654,1
MAR01077,Arachidonic acid metabolism,0.43910183944561654,1
MAR01079,Arachidonic acid metabolism,1.1,1
MAR03015,Arachidonic acid metabolism,1.1170272222208708,9
MAR01080,Leukotriene metabolism,1.1677257111256778,2
MAR01081,Leukotriene metabolism,1.1,1
MAR01084,Leukotriene metabolism,1.933428925772067,6
MAR01085,Leukotriene metabolism,1.1,3
MAR01087,Leukotriene metabolism,1.1,0
MAR01088,Leukotriene metabolism,1.6834793749122015,57
MAR01091,Leukotriene metabolism,1.6834793749122015,57
MAR01092,Leukotriene metabolism,1.1,0
MAR01093,Leukotriene metabolism,1.1,2
MAR01096,Leukotriene metabolism,1.1,2
MAR01097,Leukotriene metabolism,1.1,1
MAR01098,Leukotriene metabolism,1.6630227140031923,26
MAR01099,Leukotriene metabolism,1.1,1
MAR01100,Leukotriene metabolism,1.4936091957297755,3
MAR01101,Leukotriene metabolism,1.4936091957297755,3
MAR01102,Leukotriene metabolism,1.4936091957297755,3
MAR01103,Leukotriene metabolism,1.4936091957297755,3
MAR01105,Leukotriene metabolism,1.4936091957297755,3
MAR01106,Leukotriene metabolism,1.4936091957297755,3
MAR01107,Leukotriene metabolism,1.9543542288172797,5
MAR01108,Leukotriene metabolism,1.9543542288172797,5
MAR01109,Leukotriene metabolism,1.9543542288172797,5
MAR01110,Leukotriene metabolism,1.9543542288172797,5
MAR01111,Leukotriene metabolism,1.9543542288172797,5
MAR01112,Leukotriene metabolism,1.9543542288172797,5
MAR01113,Leukotriene metabolism,1.1,0
MAR01114,Leukotriene metabolism,1.1,0
MAR01115,Leukotriene metabolism,1.1,0
MAR01116,Leukotriene metabolism,1.4936091957297755,3
MAR01117,Leukotriene metabolism,1.4936091957297755,3
MAR01119,Leukotriene metabolism,1.7160564076173865,21
MAR01120,Leukotriene metabolism,1.7160564076173865,21
MAR01121,Leukotriene metabolism,1.7160564076173865,21
MAR01122,Leukotriene metabolism,1.7160564076173865,21
MAR01123,Leukotriene metabolism,1.4936091957297755,3
MAR01124,Leukotriene metabolism,1.4936091957297755,3
MAR01125,Leukotriene metabolism,1.4936091957297755,3
MAR01126,Leukotriene metabolism,1.9543542288172797,5
MAR01127,Leukotriene metabolism,1.9543542288172797,5
MAR01128,Leukotriene metabolism,1.9543542288172797,5
MAR01129,Leukotriene metabolism,3.0630226664180595,8
MAR01130,Leukotriene metabolism,3.0630226664180595,8
MAR01131,Leukotriene metabolism,3.0630226664180595,8
MAR01132,Leukotriene metabolism,4.517693525858667,5
MAR01133,Leukotriene metabolism,4.517693525858667,5
MAR01134,Leukotriene metabolism,4.517693525858667,5
MAR01136,Leukotriene metabolism,1.1,0
MAR01137,Leukotriene metabolism,1.9543542288172797,5
MAR01138,Leukotriene metabolism,1.9543542288172797,5
MAR01139,Leukotriene metabolism,1.9543542288172797,5
MAR01140,Leukotriene metabolism,1.9543542288172797,5
MAR01142,Leukotriene metabolism,1.1,0
MAR01146,Leukotriene metabolism,1.4936091957297755,3
MAR01147,Leukotriene metabolism,1.4936091957297755,3
MAR01148,Leukotriene metabolism,1.4936091957297755,3
MAR01149,Leukotriene metabolism,1.416427492154548,27
MAR01150,Leukotriene metabolism,1.416427492154548,27
MAR01151,Leukotriene metabolism,1.416427492154548,27
MAR01152,Leukotriene metabolism,1.416427492154548,27
MAR01153,Leukotriene metabolism,1.4051265102918857,28
MAR01154,Leukotriene metabolism,1.4051265102918857,28
MAR01155,Leukotriene metabolism,1.4051265102918857,28
MAR01156,Leukotriene metabolism,1.4051265102918857,28
MAR01157,Leukotriene metabolism,1.1,8
MAR01158,Leukotriene metabolism,1.1,8
MAR01159,Leukotriene metabolism,1.1,8
MAR01160,Leukotriene metabolism,1.1,8
MAR01161,Leukotriene metabolism,1.1,2
MAR01162,Leukotriene metabolism,1.1,2
MAR01163,Leukotriene metabolism,2.7813674929074903,1
MAR01164,Leukotriene metabolism,0.6080824866087469,4
MAR01165,Leukotriene metabolism,1.3318570618604553,3
MAR01166,Leukotriene metabolism,0.37778898342797185,3
MAR01167,Leukotriene metabolism,1.2253390278145715,3
MAR01168,Leukotriene metabolism,0.7388944917139859,2
MAR01170,Leukotriene metabolism,1.1255408333313062,6
MAR01171,Leukotriene metabolism,1.1255408333313062,6
MAR01186,Leukotriene metabolism,1.1,0
MAR01190,Leukotriene metabolism,1.4936091957297755,3
MAR01191,Leukotriene metabolism,1.4936091957297755,3
MAR01192,Leukotriene metabolism,1.4936091957297755,3
MAR01193,Leukotriene metabolism,1.4051265102918857,28
MAR01194,Leukotriene metabolism,1.4051265102918857,28
MAR01195,Leukotriene metabolism,1.4051265102918857,28
MAR01196,Leukotriene metabolism,1.4051265102918857,28
MAR01197,Leukotriene metabolism,1.1,0
MAR01198,Leukotriene metabolism,1.1,0
MAR01199,Leukotriene metabolism,1.1,0
MAR01200,Leukotriene metabolism,1.1,8
MAR01201,Leukotriene metabolism,1.1,8
MAR01202,Leukotriene metabolism,1.1,8
MAR01203,Leukotriene metabolism,1.1,8
MAR01204,Leukotriene metabolism,1.1,2
MAR01205,Leukotriene metabolism,1.1,2
MAR01206,Leukotriene metabolism,2.7813674929074903,1
MAR01207,Leukotriene metabolism,0.6080824866087469,4
MAR01208,Leukotriene metabolism,1.3318570618604553,3
MAR01209,Leukotriene metabolism,0.37778898342797185,3
MAR01210,Leukotriene metabolism,1.2253390278145715,3
MAR01211,Leukotriene metabolism,0.7388944917139859,2
MAR01212,Leukotriene metabolism,1.1255408333313062,6
MAR01213,Leukotriene metabolism,1.1255408333313062,6
MAR01228,Leukotriene metabolism,1.1,3
MAR01229,Leukotriene metabolism,1.1,3
MAR01230,Leukotriene metabolism,1.1,3
MAR01231,Leukotriene metabolism,1.4936091957297755,3
MAR01232,Leukotriene metabolism,1.4936091957297755,3
MAR01233,Leukotriene metabolism,1.4936091957297755,3
MAR01234,Leukotriene metabolism,1.9543542288172797,5
MAR01235,Leukotriene metabolism,1.9543542288172797,5
MAR01236,Leukotriene metabolism,1.9543542288172797,5
MAR01237,Leukotriene metabolism,1.9543542288172797,5
MAR01238,Leukotriene metabolism,1.9543542288172797,5
MAR01239,Leukotriene metabolism,1.9543542288172797,5
MAR01241,Leukotriene metabolism,1.1,0
MAR01244,Leukotriene metabolism,1.4936091957297755,3
MAR01245,Leukotriene metabolism,1.4936091957297755,3
MAR01246,Leukotriene metabolism,1.4936091957297755,3
MAR01247,Leukotriene metabolism,1.1,0
MAR01248,Leukotriene metabolism,1.1,8
MAR01249,Leukotriene metabolism,1.1,8
MAR01250,Leukotriene metabolism,1.1,8
MAR01251,Leukotriene metabolism,1.1,8
MAR01253,Leukotriene metabolism,1.1,2
MAR01254,Leukotriene metabolism,1.1,2
MAR01255,Leukotriene metabolism,2.7813674929074903,1
MAR01256,Leukotriene metabolism,0.6080824866087469,4
MAR01257,Leukotriene metabolism,1.3318570618604553,3
MAR01258,Leukotriene metabolism,0.37778898342797185,3
MAR01259,Leukotriene metabolism,1.2253390278145715,3
MAR01260,Leukotriene metabolism,0.7388944917139859,2
MAR01261,Leukotriene metabolism,1.1255408333313062,6
MAR01262,Leukotriene metabolism,1.1255408333313062,6
MAR01263,Leukotriene metabolism,1.1,8
MAR01264,Leukotriene metabolism,1.1,8
MAR01265,Leukotriene metabolism,1.1,8
MAR01266,Leukotriene metabolism,1.1,8
MAR01270,Leukotriene metabolism,1.1,2
MAR01271,Leukotriene metabolism,1.1,2
MAR01272,Leukotriene metabolism,2.7813674929074903,1
MAR01273,Leukotriene metabolism,0.6080824866087469,4
MAR01274,Leukotriene metabolism,1.3318570618604553,3
MAR01275,Leukotriene metabolism,0.37778898342797185,3
MAR01276,Leukotriene metabolism,1.2253390278145715,3
MAR01277,Leukotriene metabolism,0.7388944917139859,2
MAR01278,Leukotriene metabolism,1.1255408333313062,6
MAR01279,Leukotriene metabolism,1.1255408333313062,6
MAR01280,Leukotriene metabolism,1.4936091957297755,3
MAR01281,Leukotriene metabolism,1.4936091957297755,3
MAR01282,Leukotriene metabolism,1.4936091957297755,3
MAR01285,Leukotriene metabolism,1.1,0
MAR01287,Leukotriene metabolism,1.1,0
MAR01288,Leukotriene metabolism,3.0630226664180595,8
MAR01289,Leukotriene metabolism,4.517693525858667,5
MAR01290,Leukotriene metabolism,1.1,8
MAR01291,Leukotriene metabolism,1.1,2
MAR01292,Leukotriene metabolism,0.6080824866087469,4
MAR01293,Leukotriene metabolism,0.37778898342797185,3
MAR01294,Leukotriene metabolism,0.7388944917139859,2
MAR01295,Leukotriene metabolism,1.1255408333313062,6
MAR01296,Leukotriene metabolism,1.7366729570853883,4
MAR01297,Leukotriene metabolism,1.563029339661942,1
MAR01298,Leukotriene metabolism,0.6080824866087469,4
MAR01299,Leukotriene metabolism,0.6080824866087469,4
MAR01300,Leukotriene metabolism,0.37778898342797185,3
MAR01301,Leukotriene metabolism,0.7388944917139859,2
MAR01302,Leukotriene metabolism,1.1,2
MAR01303,Leukotriene metabolism,1.1,2
MAR01304,Leukotriene metabolism,1.1255408333313062,6
MAR04796,Leukotriene metabolism,1.933428925772067,6
MAR08545,Eicosanoid metabolism,1.1,1
MAR08546,Eicosanoid metabolism,1.4936091957297755,3
MAR08547,Eicosanoid metabolism,1.1,0
MAR08548,Eicosanoid metabolism,1.933428925772067,6
MAR08549,Eicosanoid metabolism,1.1,0
MAR08550,Eicosanoid metabolism,1.1,1
MAR08552,Eicosanoid metabolism,1.1,0
MAR08554,Eicosanoid metabolism,1.1,1
MAR08555,Eicosanoid metabolism,5.371771144086398,1
MAR08556,Eicosanoid metabolism,1.1,1
MAR08557,Eicosanoid metabolism,1.4052064654420697,2
MAR08558,Eicosanoid metabolism,1.4052064654420697,2
MAR08559,Eicosanoid metabolism,1.1335208849430254,2
MAR08560,Eicosanoid metabolism,1.3180063800638004,3
MAR08561,Eicosanoid metabolism,1.1,0
MAR00154,Acyl-CoA hydrolysis,1.1,1
MAR00189,Acyl-CoA hydrolysis,1.1,4
MAR00193,Acyl-CoA hydrolysis,1.1,4
MAR00197,Acyl-CoA hydrolysis,1.1,5
MAR00201,Acyl-CoA hydrolysis,1.1,5
MAR00206,Acyl-CoA hydrolysis,1.1,5
MAR00210,Acyl-CoA hydrolysis,1.1,5
MAR00214,Acyl-CoA hydrolysis,1.1,5
MAR00223,Acyl-CoA hydrolysis,1.1,5
MAR00230,Acyl-CoA hydrolysis,1.1,5
MAR00234,Acyl-CoA hydrolysis,1.1,5
MAR00238,Acyl-CoA hydrolysis,1.1,5
MAR00242,Acyl-CoA hydrolysis,1.1,5
MAR00246,Acyl-CoA hydrolysis,1.1,5
MAR00250,Acyl-CoA hydrolysis,1.1,5
MAR00256,Acyl-CoA hydrolysis,1.1,5
MAR00260,Acyl-CoA hydrolysis,1.1,5
MAR00264,Acyl-CoA hydrolysis,1.1,5
MAR00268,Acyl-CoA hydrolysis,1.1,5
MAR00272,Acyl-CoA hydrolysis,1.1,5
MAR00276,Acyl-CoA hydrolysis,1.1,5
MAR00280,Acyl-CoA hydrolysis,1.1,3
MAR00284,Acyl-CoA hydrolysis,1.1,3
MAR00290,Acyl-CoA hydrolysis,1.1,3
MAR00294,Acyl-CoA hydrolysis,1.1,3
MAR00298,Acyl-CoA hydrolysis,1.1,3
MAR00302,Acyl-CoA hydrolysis,1.1,3
MAR00306,Acyl-CoA hydrolysis,1.1,3
MAR00310,Acyl-CoA hydrolysis,1.1,2
MAR00314,Acyl-CoA hydrolysis,1.1,2
MAR00320,Acyl-CoA hydrolysis,1.1,2
MAR00324,Acyl-CoA hydrolysis,1.1,2
MAR00328,Acyl-CoA hydrolysis,1.1,2
MAR00332,Acyl-CoA hydrolysis,1.1,2
MAR00338,Acyl-CoA hydrolysis,1.1,2
MAR00342,Acyl-CoA hydrolysis,1.1,2
MAR00346,Acyl-CoA hydrolysis,1.1,2
MAR00350,Acyl-CoA hydrolysis,1.1,3
MAR00354,Acyl-CoA hydrolysis,1.1,3
MAR00358,Acyl-CoA hydrolysis,1.1,3
MAR00362,Acyl-CoA hydrolysis,1.1,3
MAR00366,Acyl-CoA hydrolysis,1.1,2
MAR00370,Acyl-CoA hydrolysis,1.1,2
MAR00374,Acyl-CoA hydrolysis,1.1,2
MAR00378,Acyl-CoA hydrolysis,1.1,2
MAR00382,Acyl-CoA hydrolysis,1.1,3
MAR00386,Acyl-CoA hydrolysis,1.1,2
MAR00390,Acyl-CoA hydrolysis,1.1,2
MAR00394,Acyl-CoA hydrolysis,1.1,2
MAR00398,Acyl-CoA hydrolysis,1.1,5
MAR00402,Acyl-CoA hydrolysis,1.1,5
MAR00406,Acyl-CoA hydrolysis,1.1,5
MAR00410,Acyl-CoA hydrolysis,1.1,5
MAR00414,Acyl-CoA hydrolysis,1.1,2
MAR00418,Acyl-CoA hydrolysis,1.1,2
MAR00422,Acyl-CoA hydrolysis,1.1,2
MAR00426,Acyl-CoA hydrolysis,1.1,2
MAR00430,Acyl-CoA hydrolysis,1.1,3
MAR00434,Acyl-CoA hydrolysis,1.1,2
MAR00438,Acyl-CoA hydrolysis,1.1,2
MAR03009,Acyl-CoA hydrolysis,0.28254470083297234,2
MAR03475,Acyl-CoA hydrolysis,0.28254470083297234,2
MAR03476,Acyl-CoA hydrolysis,1.1,0
MAR03477,Acyl-CoA hydrolysis,1.1,0
MAR00159,Carnitine shuttle (cytosolic),1.1,3
MAR02591,Carnitine shuttle (cytosolic),1.1,3
MAR02594,Carnitine shuttle (cytosolic),1.1,3
MAR02599,Carnitine shuttle (cytosolic),1.1,3
MAR02602,Carnitine shuttle (cytosolic),1.1,3
MAR02605,Carnitine shuttle (cytosolic),1.1,3
MAR02608,Carnitine shuttle (cytosolic),1.1,3
MAR02611,Carnitine shuttle (cytosolic),1.1,3
MAR02614,Carnitine shuttle (cytosolic),1.1,3
MAR02620,Carnitine shuttle (cytosolic),1.1,3
MAR02623,Carnitine shuttle (cytosolic),1.1,3
MAR02626,Carnitine shuttle (cytosolic),1.1,3
MAR02633,Carnitine shuttle (cytosolic),1.1,3
MAR02636,Carnitine shuttle (cytosolic),1.1,3
MAR02642,Carnitine shuttle (cytosolic),1.1,3
MAR02648,Carnitine shuttle (cytosolic),1.1,3
MAR02651,Carnitine shuttle (cytosolic),1.1,3
MAR02654,Carnitine shuttle (cytosolic),1.1,3
MAR02657,Carnitine shuttle (cytosolic),1.1,3
MAR02660,Carnitine shuttle (cytosolic),1.1,3
MAR02663,Carnitine shuttle (cytosolic),1.1,3
MAR02666,Carnitine shuttle (cytosolic),1.1,3
MAR02669,Carnitine shuttle (cytosolic),1.1,3
MAR02672,Carnitine shuttle (cytosolic),1.1,3
MAR02675,Carnitine shuttle (cytosolic),1.1,3
MAR02678,Carnitine shuttle (cytosolic),1.1,3
MAR02681,Carnitine shuttle (cytosolic),1.1,3
MAR02684,Carnitine shuttle (cytosolic),1.1,3
MAR02687,Carnitine shuttle (cytosolic),1.1,3
MAR02690,Carnitine shuttle (cytosolic),1.1,3
MAR02693,Carnitine shuttle (cytosolic),1.1,3
MAR02699,Carnitine shuttle (cytosolic),1.1,3
MAR02702,Carnitine shuttle (cytosolic),1.1,3
MAR02705,Carnitine shuttle (cytosolic),1.1,3
MAR02708,Carnitine shuttle (cytosolic),1.1,3
MAR02711,Carnitine shuttle (cytosolic),1.1,3
MAR02714,Carnitine shuttle (cytosolic),1.1,3
MAR02717,Carnitine shuttle (cytosolic),1.1,3
MAR02720,Carnitine shuttle (cytosolic),1.1,3
MAR02726,Carnitine shuttle (cytosolic),1.1,3
MAR02730,Carnitine shuttle (cytosolic),1.1,3
MAR02733,Carnitine shuttle (cytosolic),1.1,3
MAR02736,Carnitine shuttle (cytosolic),1.1,3
MAR02739,Carnitine shuttle (cytosolic),1.1,3
MAR02742,Carnitine shuttle (cytosolic),1.1,3
MAR02746,Carnitine shuttle (cytosolic),1.1,3
MAR02752,Carnitine shuttle (cytosolic),1.1,3
MAR02755,Carnitine shuttle (cytosolic),1.1,3
MAR02759,Carnitine shuttle (cytosolic),1.1,3
MAR02762,Carnitine shuttle (cytosolic),1.1,3
MAR02768,Carnitine shuttle (cytosolic),1.1,3
MAR02771,Carnitine shuttle (cytosolic),1.1,3
MAR02774,Carnitine shuttle (cytosolic),1.1,3
MAR02877,Carnitine shuttle (cytosolic),1.1,3
MAR03032,Carnitine shuttle (cytosolic),1.1,3
MAR03521,Carnitine shuttle (cytosolic),1.1,0
MAR08419,Carnitine shuttle (cytosolic),1.1,0
MAR00160,Carnitine shuttle (mitochondrial),0.19844851435823227,1
MAR00161,Carnitine shuttle (mitochondrial),1.1,2
MAR00162,Carnitine shuttle (mitochondrial),0.19844851435823227,1
MAR00163,Carnitine shuttle (mitochondrial),1.1,1
MAR02592,Carnitine shuttle (mitochondrial),0.6165082974923213,2
MAR02593,Carnitine shuttle (mitochondrial),1.1,2
MAR02596,Carnitine shuttle (mitochondrial),0.6165082974923213,2
MAR02598,Carnitine shuttle (mitochondrial),1.1,2
MAR02600,Carnitine shuttle (mitochondrial),1.1,5
MAR02601,Carnitine shuttle (mitochondrial),1.1,2
MAR02603,Carnitine shuttle (mitochondrial),1.1,5
MAR02604,Carnitine shuttle (mitochondrial),1.1,2
MAR02606,Carnitine shuttle (mitochondrial),1.1,5
MAR02607,Carnitine shuttle (mitochondrial),1.1,2
MAR02609,Carnitine shuttle (mitochondrial),1.1,5
MAR02610,Carnitine shuttle (mitochondrial),1.1,2
MAR02612,Carnitine shuttle (mitochondrial),1.1,5
MAR02613,Carnitine shuttle (mitochondrial),1.1,2
MAR02616,Carnitine shuttle (mitochondrial),1.1,5
MAR02618,Carnitine shuttle (mitochondrial),1.1,2
MAR02621,Carnitine shuttle (mitochondrial),1.1,5
MAR02622,Carnitine shuttle (mitochondrial),1.1,2
MAR02624,Carnitine shuttle (mitochondrial),1.1,5
MAR02625,Carnitine shuttle (mitochondrial),1.1,2
MAR02629,Carnitine shuttle (mitochondrial),1.1,5
MAR02630,Carnitine shuttle (mitochondrial),1.1,2
MAR02634,Carnitine shuttle (mitochondrial),1.1,5
MAR02635,Carnitine shuttle (mitochondrial),1.1,2
MAR02638,Carnitine shuttle (mitochondrial),1.1,5
MAR02640,Carnitine shuttle (mitochondrial),1.1,2
MAR02644,Carnitine shuttle (mitochondrial),1.1,5
MAR02646,Carnitine shuttle (mitochondrial),1.1,2
MAR02649,Carnitine shuttle (mitochondrial),1.1,5
MAR02650,Carnitine shuttle (mitochondrial),1.1,2
MAR02652,Carnitine shuttle (mitochondrial),1.1,5
MAR02653,Carnitine shuttle (mitochondrial),1.1,2
MAR02655,Carnitine shuttle (mitochondrial),1.1,5
MAR02656,Carnitine shuttle (mitochondrial),1.1,2
MAR02658,Carnitine shuttle (mitochondrial),1.1,5
MAR02659,Carnitine shuttle (mitochondrial),1.1,2
MAR02661,Carnitine shuttle (mitochondrial),1.1,5
MAR02662,Carnitine shuttle (mitochondrial),1.1,2
MAR02664,Carnitine shuttle (mitochondrial),1.1,5
MAR02665,Carnitine shuttle (mitochondrial),1.1,2
MAR02667,Carnitine shuttle (mitochondrial),1.1,5
MAR02668,Carnitine shuttle (mitochondrial),1.1,2
MAR02670,Carnitine shuttle (mitochondrial),1.1,5
MAR02671,Carnitine shuttle (mitochondrial),1.1,2
MAR02673,Carnitine shuttle (mitochondrial),1.1,5
MAR02674,Carnitine shuttle (mitochondrial),1.1,2
MAR02676,Carnitine shuttle (mitochondrial),1.1,5
MAR02677,Carnitine shuttle (mitochondrial),1.1,2
MAR02679,Carnitine shuttle (mitochondrial),1.1,5
MAR02680,Carnitine shuttle (mitochondrial),1.1,2
MAR02682,Carnitine shuttle (mitochondrial),1.1,5
MAR02683,Carnitine shuttle (mitochondrial),1.1,2
MAR02685,Carnitine shuttle (mitochondrial),1.1,5
MAR02686,Carnitine shuttle (mitochondrial),1.1,2
MAR02688,Carnitine shuttle (mitochondrial),1.1,5
MAR02689,Carnitine shuttle (mitochondrial),1.1,2
MAR02691,Carnitine shuttle (mitochondrial),1.1,5
MAR02692,Carnitine shuttle (mitochondrial),1.1,2
MAR02695,Carnitine shuttle (mitochondrial),1.1,5
MAR02697,Carnitine shuttle (mitochondrial),1.1,2
MAR02700,Carnitine shuttle (mitochondrial),1.1,5
MAR02701,Carnitine shuttle (mitochondrial),1.1,2
MAR02703,Carnitine shuttle (mitochondrial),1.1,5
MAR02704,Carnitine shuttle (mitochondrial),1.1,2
MAR02706,Carnitine shuttle (mitochondrial),1.1,5
MAR02707,Carnitine shuttle (mitochondrial),1.1,2
MAR02709,Carnitine shuttle (mitochondrial),1.1,5
MAR02710,Carnitine shuttle (mitochondrial),1.1,2
MAR02712,Carnitine shuttle (mitochondrial),1.1,5
MAR02713,Carnitine shuttle (mitochondrial),1.1,2
MAR02715,Carnitine shuttle (mitochondrial),1.1,5
MAR02716,Carnitine shuttle (mitochondrial),1.1,2
MAR02718,Carnitine shuttle (mitochondrial),1.1,5
MAR02719,Carnitine shuttle (mitochondrial),1.1,2
MAR02722,Carnitine shuttle (mitochondrial),1.1,5
MAR02724,Carnitine shuttle (mitochondrial),1.1,2
MAR02727,Carnitine shuttle (mitochondrial),1.1,5
MAR02729,Carnitine shuttle (mitochondrial),1.1,2
MAR02731,Carnitine shuttle (mitochondrial),1.1,5
MAR02732,Carnitine shuttle (mitochondrial),1.1,2
MAR02734,Carnitine shuttle (mitochondrial),1.1,5
MAR02735,Carnitine shuttle (mitochondrial),1.1,2
MAR02737,Carnitine shuttle (mitochondrial),1.1,5
MAR02738,Carnitine shuttle (mitochondrial),1.1,2
MAR02740,Carnitine shuttle (mitochondrial),1.1,5
MAR02741,Carnitine shuttle (mitochondrial),1.1,2
MAR02744,Carnitine shuttle (mitochondrial),1.1,5
MAR02745,Carnitine shuttle (mitochondrial),1.1,2
MAR02748,Carnitine shuttle (mitochondrial),1.1,5
MAR02750,Carnitine shuttle (mitochondrial),1.1,2
MAR02753,Carnitine shuttle (mitochondrial),1.1,5
MAR02754,Carnitine shuttle (mitochondrial),1.1,2
MAR02757,Carnitine shuttle (mitochondrial),1.1,5
MAR02758,Carnitine shuttle (mitochondrial),1.1,2
MAR02760,Carnitine shuttle (mitochondrial),1.1,5
MAR02761,Carnitine shuttle (mitochondrial),1.1,2
MAR02764,Carnitine shuttle (mitochondrial),1.1,5
MAR02766,Carnitine shuttle (mitochondrial),1.1,2
MAR02769,Carnitine shuttle (mitochondrial),1.1,5
MAR02770,Carnitine shuttle (mitochondrial),1.1,2
MAR02772,Carnitine shuttle (mitochondrial),1.1,5
MAR02773,Carnitine shuttle (mitochondrial),1.1,2
MAR02775,Carnitine shuttle (mitochondrial),1.1,5
MAR02776,Carnitine shuttle (mitochondrial),1.1,2
MAR03519,Carnitine shuttle (mitochondrial),1.1,0
MAR03520,Carnitine shuttle (mitochondrial),1.1,0
MAR08417,Carnitine shuttle (mitochondrial),1.1,0
MAR08418,Carnitine shuttle (mitochondrial),1.1,0
MAR03027,Carnitine shuttle (peroxisomal),1.1,0
MAR03028,Carnitine shuttle (peroxisomal),1.1,3
MAR03029,Carnitine shuttle (peroxisomal),1.1,1
MAR03030,Carnitine shuttle (peroxisomal),1.1,1
MAR03033,Carnitine shuttle (peroxisomal),0.6165082974923213,2
MAR03034,Carnitine shuttle (peroxisomal),1.1,1
MAR03035,Carnitine shuttle (peroxisomal),0.6165082974923213,2
MAR03037,Carnitine shuttle (peroxisomal),1.1,1
MAR02778,Carnitine shuttle (endoplasmic reticular),1.8569420648050194,1
MAR02780,Carnitine shuttle (endoplasmic reticular),1.1,1
MAR02783,Carnitine shuttle (endoplasmic reticular),0.6165082974923213,2
MAR02785,Carnitine shuttle (endoplasmic reticular),1.1,1
MAR02787,Carnitine shuttle (endoplasmic reticular),1.8569420648050194,1
MAR02788,Carnitine shuttle (endoplasmic reticular),1.1,1
MAR02789,Carnitine shuttle (endoplasmic reticular),1.8569420648050194,1
MAR02790,Carnitine shuttle (endoplasmic reticular),1.1,1
MAR02791,Carnitine shuttle (endoplasmic reticular),1.8569420648050194,1
MAR02792,Carnitine shuttle (endoplasmic reticular),1.1,1
MAR02793,Carnitine shuttle (endoplasmic reticular),1.8569420648050194,1
MAR02794,Carnitine shuttle (endoplasmic reticular),1.1,1
MAR02795,Carnitine shuttle (endoplasmic reticular),1.8569420648050194,1
MAR02796,Carnitine shuttle (endoplasmic reticular),1.1,1
MAR02797,Carnitine shuttle (endoplasmic reticular),1.8569420648050194,1
MAR02798,Carnitine shuttle (endoplasmic reticular),1.1,1
MAR02799,Carnitine shuttle (endoplasmic reticular),1.8569420648050194,1
MAR02800,Carnitine shuttle (endoplasmic reticular),1.1,1
MAR02801,Carnitine shuttle (endoplasmic reticular),1.8569420648050194,1
MAR02803,Carnitine shuttle (endoplasmic reticular),1.1,1
MAR02805,Carnitine shuttle (endoplasmic reticular),1.8569420648050194,1
MAR02806,Carnitine shuttle (endoplasmic reticular),1.1,1
MAR02807,Carnitine shuttle (endoplasmic reticular),1.8569420648050194,1
MAR02809,Carnitine shuttle (endoplasmic reticular),1.1,1
MAR02811,Carnitine shuttle (endoplasmic reticular),1.8569420648050194,1
MAR02812,Carnitine shuttle (endoplasmic reticular),1.1,1
MAR02813,Carnitine shuttle (endoplasmic reticular),1.8569420648050194,1
MAR02814,Carnitine shuttle (endoplasmic reticular),1.1,1
MAR02815,Carnitine shuttle (endoplasmic reticular),1.8569420648050194,1
MAR02816,Carnitine shuttle (endoplasmic reticular),1.1,1
MAR02817,Carnitine shuttle (endoplasmic reticular),1.8569420648050194,1
MAR02819,Carnitine shuttle (endoplasmic reticular),1.1,1
MAR02821,Carnitine shuttle (endoplasmic reticular),1.8569420648050194,1
MAR02822,Carnitine shuttle (endoplasmic reticular),1.1,1
MAR02823,Carnitine shuttle (endoplasmic reticular),1.8569420648050194,1
MAR02824,Carnitine shuttle (endoplasmic reticular),1.1,1
MAR02825,Carnitine shuttle (endoplasmic reticular),1.8569420648050194,1
MAR02827,Carnitine shuttle (endoplasmic reticular),1.1,1
MAR02829,Carnitine shuttle (endoplasmic reticular),1.8569420648050194,1
MAR02830,Carnitine shuttle (endoplasmic reticular),1.1,1
MAR02831,Carnitine shuttle (endoplasmic reticular),1.8569420648050194,1
MAR02832,Carnitine shuttle (endoplasmic reticular),1.1,1
MAR02833,Carnitine shuttle (endoplasmic reticular),1.8569420648050194,1
MAR02834,Carnitine shuttle (endoplasmic reticular),1.1,1
MAR02835,Carnitine shuttle (endoplasmic reticular),1.8569420648050194,1
MAR02836,Carnitine shuttle (endoplasmic reticular),1.1,1
MAR02837,Carnitine shuttle (endoplasmic reticular),1.8569420648050194,1
MAR02838,Carnitine shuttle (endoplasmic reticular),1.1,1
MAR02839,Carnitine shuttle (endoplasmic reticular),1.8569420648050194,1
MAR02840,Carnitine shuttle (endoplasmic reticular),1.1,1
MAR02841,Carnitine shuttle (endoplasmic reticular),1.8569420648050194,1
MAR02842,Carnitine shuttle (endoplasmic reticular),1.1,1
MAR02843,Carnitine shuttle (endoplasmic reticular),1.8569420648050194,1
MAR02844,Carnitine shuttle (endoplasmic reticular),1.1,1
MAR02845,Carnitine shuttle (endoplasmic reticular),1.8569420648050194,1
MAR02846,Carnitine shuttle (endoplasmic reticular),1.1,1
MAR02847,Carnitine shuttle (endoplasmic reticular),1.8569420648050194,1
MAR02848,Carnitine shuttle (endoplasmic reticular),1.1,1
MAR02849,Carnitine shuttle (endoplasmic reticular),1.8569420648050194,1
MAR02850,Carnitine shuttle (endoplasmic reticular),1.1,1
MAR02851,Carnitine shuttle (endoplasmic reticular),1.8569420648050194,1
MAR02852,Carnitine shuttle (endoplasmic reticular),1.1,1
MAR02853,Carnitine shuttle (endoplasmic reticular),1.8569420648050194,1
MAR02854,Carnitine shuttle (endoplasmic reticular),1.1,1
MAR02855,Carnitine shuttle (endoplasmic reticular),1.8569420648050194,1
MAR02856,Carnitine shuttle (endoplasmic reticular),1.1,1
MAR02857,Carnitine shuttle (endoplasmic reticular),1.8569420648050194,1
MAR02859,Carnitine shuttle (endoplasmic reticular),1.1,1
MAR02861,Carnitine shuttle (endoplasmic reticular),1.8569420648050194,1
MAR02862,Carnitine shuttle (endoplasmic reticular),1.1,1
MAR02863,Carnitine shuttle (endoplasmic reticular),1.8569420648050194,1
MAR02864,Carnitine shuttle (endoplasmic reticular),1.1,1
MAR02865,Carnitine shuttle (endoplasmic reticular),1.8569420648050194,1
MAR02866,Carnitine shuttle (endoplasmic reticular),1.1,1
MAR02867,Carnitine shuttle (endoplasmic reticular),1.8569420648050194,1
MAR02868,Carnitine shuttle (endoplasmic reticular),1.1,1
MAR02869,Carnitine shuttle (endoplasmic reticular),1.8569420648050194,1
MAR02870,Carnitine shuttle (endoplasmic reticular),1.1,1
MAR02871,Carnitine shuttle (endoplasmic reticular),1.8569420648050194,1
MAR02872,Carnitine shuttle (endoplasmic reticular),1.1,1
MAR02873,Carnitine shuttle (endoplasmic reticular),1.8569420648050194,1
MAR02874,Carnitine shuttle (endoplasmic reticular),1.1,1
MAR02875,Carnitine shuttle (endoplasmic reticular),1.8569420648050194,1
MAR02876,Carnitine shuttle (endoplasmic reticular),1.1,1
MAR02878,Carnitine shuttle (endoplasmic reticular),1.8569420648050194,1
MAR02879,Carnitine shuttle (endoplasmic reticular),1.1,1
MAR02880,Carnitine shuttle (endoplasmic reticular),1.8569420648050194,1
MAR02882,Carnitine shuttle (endoplasmic reticular),1.1,1
MAR02884,Carnitine shuttle (endoplasmic reticular),1.8569420648050194,1
MAR02886,Carnitine shuttle (endoplasmic reticular),1.1,1
MAR02888,Carnitine shuttle (endoplasmic reticular),1.8569420648050194,1
MAR02890,Carnitine shuttle (endoplasmic reticular),1.1,1
MAR02892,Carnitine shuttle (endoplasmic reticular),1.8569420648050194,1
MAR02894,Carnitine shuttle (endoplasmic reticular),1.1,1
MAR02896,Carnitine shuttle (endoplasmic reticular),1.8569420648050194,1
MAR02897,Carnitine shuttle (endoplasmic reticular),1.1,1
MAR02898,Carnitine shuttle (endoplasmic reticular),1.8569420648050194,1
MAR02899,Carnitine shuttle (endoplasmic reticular),1.1,1
MAR02900,Carnitine shuttle (endoplasmic reticular),1.8569420648050194,1
MAR02901,Carnitine shuttle (endoplasmic reticular),1.1,1
MAR02902,Carnitine shuttle (endoplasmic reticular),1.8569420648050194,1
MAR02903,Carnitine shuttle (endoplasmic reticular),1.1,1
MAR02904,Carnitine shuttle (endoplasmic reticular),1.8569420648050194,1
MAR02905,Carnitine shuttle (endoplasmic reticular),1.1,1
MAR02906,Carnitine shuttle (endoplasmic reticular),1.1,3
MAR02907,Carnitine shuttle (endoplasmic reticular),1.8569420648050194,1
MAR02908,Carnitine shuttle (endoplasmic reticular),1.1,1
MAR02909,Carnitine shuttle (endoplasmic reticular),1.1,3
MAR02910,Carnitine shuttle (endoplasmic reticular),1.8569420648050194,1
MAR02911,Carnitine shuttle (endoplasmic reticular),1.1,1
MAR02912,Carnitine shuttle (endoplasmic reticular),1.1,3
MAR02913,Carnitine shuttle (endoplasmic reticular),1.8569420648050194,1
MAR02914,Carnitine shuttle (endoplasmic reticular),1.1,1
MAR02915,Carnitine shuttle (endoplasmic reticular),1.1,3
MAR02916,Carnitine shuttle (endoplasmic reticular),1.8569420648050194,1
MAR02917,Carnitine shuttle (endoplasmic reticular),1.1,1
MAR02918,Carnitine shuttle (endoplasmic reticular),1.1,3
MAR02919,Carnitine shuttle (endoplasmic reticular),1.8569420648050194,1
MAR02920,Carnitine shuttle (endoplasmic reticular),1.1,1
MAR02921,Carnitine shuttle (endoplasmic reticular),1.1,3
MAR02922,Carnitine shuttle (endoplasmic reticular),1.8569420648050194,1
MAR02923,Carnitine shuttle (endoplasmic reticular),1.1,1
MAR02924,Carnitine shuttle (endoplasmic reticular),1.1,3
MAR02925,Carnitine shuttle (endoplasmic reticular),1.8569420648050194,1
MAR02926,Carnitine shuttle (endoplasmic reticular),1.1,1
MAR02927,Carnitine shuttle (endoplasmic reticular),1.1,3
MAR02928,Carnitine shuttle (endoplasmic reticular),1.8569420648050194,1
MAR02929,Carnitine shuttle (endoplasmic reticular),1.1,1
MAR02930,Carnitine shuttle (endoplasmic reticular),1.1,3
MAR02931,Carnitine shuttle (endoplasmic reticular),1.8569420648050194,1
MAR02932,Carnitine shuttle (endoplasmic reticular),1.1,1
MAR00001,Acylglycerides metabolism,1.1430535429025466,6
MAR00002,Acylglycerides metabolism,1.1,1
MAR00003,Acylglycerides metabolism,1.4553619519707883,15
MAR00005,Acylglycerides metabolism,1.186107085805093,3
MAR00449,Acylglycerides metabolism,1.1,1
MAR00604,Acylglycerides metabolism,1.7033896051958524,10
MAR00605,Acylglycerides metabolism,1.155655223168051,5
MAR00665,Acylglycerides metabolism,1.4553619519707883,15
MAR00667,Acylglycerides metabolism,1.4553619519707883,15
MAR00668,Acylglycerides metabolism,1.4553619519707883,15
MAR00669,Acylglycerides metabolism,1.4553619519707883,15
MAR00670,Acylglycerides metabolism,1.4553619519707883,15
MAR00671,Acylglycerides metabolism,1.4553619519707883,15
MAR00672,Acylglycerides metabolism,1.4553619519707883,15
MAR00679,Acylglycerides metabolism,1.186107085805093,3
MAR00680,Acylglycerides metabolism,1.186107085805093,3
MAR00681,Acylglycerides metabolism,1.186107085805093,3
MAR00682,Acylglycerides metabolism,1.186107085805093,3
MAR00683,Acylglycerides metabolism,1.186107085805093,3
MAR00684,Acylglycerides metabolism,1.186107085805093,3
MAR07588,Acylglycerides metabolism,1.1,1
MAR03053,Beta oxidation of even-chain fatty acids (peroxisomal),1.1,0
MAR03054,Beta oxidation of even-chain fatty acids (peroxisomal),1.1,0
MAR03055,Beta oxidation of even-chain fatty acids (peroxisomal),1.1,0
MAR03057,Beta oxidation of even-chain fatty acids (peroxisomal),1.1,2
MAR03058,Beta oxidation of even-chain fatty acids (peroxisomal),0.6080824866087469,4
MAR03059,Beta oxidation of even-chain fatty acids (peroxisomal),0.37778898342797185,3
MAR03060,Beta oxidation of even-chain fatty acids (peroxisomal),0.7388944917139859,2
MAR03062,Beta oxidation of even-chain fatty acids (peroxisomal),1.1,2
MAR03063,Beta oxidation of even-chain fatty acids (peroxisomal),0.6080824866087469,4
MAR03064,Beta oxidation of even-chain fatty acids (peroxisomal),0.37778898342797185,3
MAR03065,Beta oxidation of even-chain fatty acids (peroxisomal),0.7388944917139859,2
MAR03066,Beta oxidation of even-chain fatty acids (peroxisomal),1.1,2
MAR03067,Beta oxidation of even-chain fatty acids (peroxisomal),0.6080824866087469,4
MAR03068,Beta oxidation of even-chain fatty acids (peroxisomal),0.37778898342797185,3
MAR03069,Beta oxidation of even-chain fatty acids (peroxisomal),0.7388944917139859,2
MAR03070,Beta oxidation of even-chain fatty acids (peroxisomal),1.1,2
MAR03071,Beta oxidation of even-chain fatty acids (peroxisomal),0.6080824866087469,4
MAR03072,Beta oxidation of even-chain fatty acids (peroxisomal),0.37778898342797185,3
MAR03073,Beta oxidation of even-chain fatty acids (peroxisomal),0.7388944917139859,2
MAR03074,Beta oxidation of even-chain fatty acids (peroxisomal),1.1,2
MAR03075,Beta oxidation of even-chain fatty acids (peroxisomal),0.6080824866087469,4
MAR03076,Beta oxidation of even-chain fatty acids (peroxisomal),0.37778898342797185,3
MAR03077,Beta oxidation of even-chain fatty acids (peroxisomal),0.7388944917139859,2
MAR03078,Beta oxidation of even-chain fatty acids (peroxisomal),1.1,2
MAR03079,Beta oxidation of even-chain fatty acids (peroxisomal),0.6080824866087469,4
MAR03080,Beta oxidation of even-chain fatty acids (peroxisomal),0.37778898342797185,3
MAR03081,Beta oxidation of even-chain fatty acids (peroxisomal),0.7388944917139859,2
MAR03082,Beta oxidation of even-chain fatty acids (peroxisomal),1.1,2
MAR03083,Beta oxidation of even-chain fatty acids (peroxisomal),0.6080824866087469,4
MAR03084,Beta oxidation of even-chain fatty acids (peroxisomal),0.37778898342797185,3
MAR03085,Beta oxidation of even-chain fatty acids (peroxisomal),0.7388944917139859,2
MAR03086,Beta oxidation of even-chain fatty acids (peroxisomal),1.1,2
MAR03087,Beta oxidation of even-chain fatty acids (peroxisomal),0.6080824866087469,4
MAR03088,Beta oxidation of even-chain fatty acids (peroxisomal),0.37778898342797185,3
MAR03089,Beta oxidation of even-chain fatty acids (peroxisomal),0.7388944917139859,2
MAR03090,Beta oxidation of even-chain fatty acids (peroxisomal),1.1,2
MAR03091,Beta oxidation of even-chain fatty acids (peroxisomal),0.6080824866087469,4
MAR03092,Beta oxidation of even-chain fatty acids (peroxisomal),0.37778898342797185,3
MAR03093,Beta oxidation of even-chain fatty acids (peroxisomal),0.7388944917139859,2
MAR03094,Beta oxidation of even-chain fatty acids (peroxisomal),1.1,2
MAR03095,Beta oxidation of even-chain fatty acids (peroxisomal),0.6080824866087469,4
MAR03096,Beta oxidation of even-chain fatty acids (peroxisomal),0.37778898342797185,3
MAR03097,Beta oxidation of even-chain fatty acids (peroxisomal),0.7388944917139859,2
MAR03098,Beta oxidation of even-chain fatty acids (peroxisomal),1.1,2
MAR03099,Beta oxidation of even-chain fatty acids (peroxisomal),0.6080824866087469,4
MAR03100,Beta oxidation of even-chain fatty acids (peroxisomal),0.37778898342797185,3
MAR03101,Beta oxidation of even-chain fatty acids (peroxisomal),0.7388944917139859,2
MAR03102,Beta oxidation of even-chain fatty acids (peroxisomal),1.1,2
MAR03103,Beta oxidation of even-chain fatty acids (peroxisomal),0.6080824866087469,4
MAR03104,Beta oxidation of even-chain fatty acids (peroxisomal),0.37778898342797185,3
MAR03106,Transport reactions,1.1,0
MAR03056,Beta oxidation of odd-chain fatty acids (peroxisomal),1.1,0
MAR03326,Beta oxidation of unsaturated fatty acids (n-9) (peroxisomal),1.1,2
MAR03327,Beta oxidation of unsaturated fatty acids (n-9) (peroxisomal),0.6080824866087469,4
MAR03328,Beta oxidation of unsaturated fatty acids (n-9) (peroxisomal),0.37778898342797185,3
MAR03329,Beta oxidation of unsaturated fatty acids (n-9) (peroxisomal),0.7388944917139859,2
MAR03330,Beta oxidation of unsaturated fatty acids (n-9) (peroxisomal),1.1,2
MAR03331,Beta oxidation of unsaturated fatty acids (n-9) (peroxisomal),0.6080824866087469,4
MAR03332,Beta oxidation of unsaturated fatty acids (n-9) (peroxisomal),0.37778898342797185,3
MAR03333,Beta oxidation of unsaturated fatty acids (n-9) (peroxisomal),0.7388944917139859,2
MAR03334,Beta oxidation of unsaturated fatty acids (n-9) (peroxisomal),1.1,2
MAR03335,Beta oxidation of unsaturated fatty acids (n-9) (peroxisomal),0.6080824866087469,4
MAR03336,Beta oxidation of unsaturated fatty acids (n-9) (peroxisomal),0.37778898342797185,3
MAR03337,Beta oxidation of unsaturated fatty acids (n-9) (peroxisomal),0.7388944917139859,2
MAR03338,Beta oxidation of unsaturated fatty acids (n-9) (peroxisomal),1.1,2
MAR03339,Beta oxidation of unsaturated fatty acids (n-9) (peroxisomal),0.6080824866087469,4
MAR03340,Beta oxidation of unsaturated fatty acids (n-9) (peroxisomal),0.37778898342797185,3
MAR03341,Beta oxidation of unsaturated fatty acids (n-9) (peroxisomal),0.7388944917139859,2
MAR03342,Beta oxidation of unsaturated fatty acids (n-9) (peroxisomal),1.1,2
MAR03343,Beta oxidation of unsaturated fatty acids (n-9) (peroxisomal),0.6080824866087469,4
MAR03344,Beta oxidation of unsaturated fatty acids (n-9) (peroxisomal),0.37778898342797185,3
MAR03345,Beta oxidation of unsaturated fatty acids (n-9) (peroxisomal),0.7388944917139859,2
MAR03346,Beta oxidation of unsaturated fatty acids (n-9) (peroxisomal),1.1,2
MAR03347,Beta oxidation of unsaturated fatty acids (n-9) (peroxisomal),0.6080824866087469,4
MAR03348,Beta oxidation of unsaturated fatty acids (n-9) (peroxisomal),0.37778898342797185,3
MAR03349,Beta oxidation of unsaturated fatty acids (n-9) (peroxisomal),0.7388944917139859,2
MAR03350,Beta oxidation of unsaturated fatty acids (n-9) (peroxisomal),1.1,2
MAR03351,Beta oxidation of unsaturated fatty acids (n-9) (peroxisomal),0.6080824866087469,4
MAR03352,Beta oxidation of unsaturated fatty acids (n-9) (peroxisomal),0.37778898342797185,3
MAR03353,Beta oxidation of unsaturated fatty acids (n-9) (peroxisomal),0.7388944917139859,2
MAR03355,Beta oxidation of unsaturated fatty acids (n-9) (peroxisomal),0.6080824866087469,4
MAR03365,Beta oxidation of unsaturated fatty acids (n-9) (peroxisomal),0.6080824866087469,4
MAR03367,Beta oxidation of unsaturated fatty acids (n-9) (peroxisomal),0.37778898342797185,3
MAR03368,Beta oxidation of unsaturated fatty acids (n-9) (peroxisomal),0.7388944917139859,2
MAR03370,Beta oxidation of unsaturated fatty acids (n-9) (peroxisomal),0.6080824866087469,4
MAR03372,Beta oxidation of unsaturated fatty acids (n-9) (peroxisomal),0.37778898342797185,3
MAR03373,Beta oxidation of unsaturated fatty acids (n-9) (peroxisomal),0.7388944917139859,2
MAR03375,Beta oxidation of unsaturated fatty acids (n-9) (peroxisomal),0.6080824866087469,4
MAR03478,Transport reactions,1.1,0
MAR03480,Beta oxidation of phytanic acid (peroxisomal),1.1,1
MAR03481,Transport reactions,1.1,1
MAR03482,Beta oxidation of phytanic acid (peroxisomal),1.1,1
MAR03484,Beta oxidation of phytanic acid (peroxisomal),1.1,1
MAR03486,Beta oxidation of phytanic acid (peroxisomal),1.9153720791455784,1
MAR03488,Beta oxidation of phytanic acid (peroxisomal),1.1,1
MAR03491,Beta oxidation of phytanic acid (peroxisomal),1.1,1
MAR03493,Beta oxidation of phytanic acid (peroxisomal),1.1,1
MAR03498,Beta oxidation of phytanic acid (peroxisomal),1.1,2
MAR03501,Beta oxidation of phytanic acid (peroxisomal),0.6080824866087469,4
MAR03503,Beta oxidation of phytanic acid (peroxisomal),0.37778898342797185,3
MAR03505,Beta oxidation of phytanic acid (peroxisomal),0.7388944917139859,2
MAR03506,Beta oxidation of phytanic acid (peroxisomal),1.1,2
MAR03508,Beta oxidation of phytanic acid (peroxisomal),0.6080824866087469,4
MAR03509,Beta oxidation of phytanic acid (peroxisomal),0.37778898342797185,3
MAR03510,Beta oxidation of phytanic acid (peroxisomal),0.7388944917139859,2
MAR03511,Beta oxidation of phytanic acid (peroxisomal),1.1,1
MAR03512,Beta oxidation of phytanic acid (peroxisomal),1.1,2
MAR03513,Beta oxidation of phytanic acid (peroxisomal),0.6080824866087469,4
MAR03514,Beta oxidation of phytanic acid (peroxisomal),0.37778898342797185,3
MAR03515,Beta oxidation of phytanic acid (peroxisomal),0.7388944917139859,2
MAR03517,Transport reactions,1.1,1
MAR03302,Beta oxidation of di-unsaturated fatty acids (n-6) (peroxisomal),0.6080824866087469,4
MAR03304,Beta oxidation of di-unsaturated fatty acids (n-6) (peroxisomal),0.37778898342797185,3
MAR03305,Beta oxidation of di-unsaturated fatty acids (n-6) (peroxisomal),0.7388944917139859,2
MAR03307,Beta oxidation of di-unsaturated fatty acids (n-6) (peroxisomal),0.6080824866087469,4
MAR03309,Beta oxidation of di-unsaturated fatty acids (n-6) (peroxisomal),0.37778898342797185,3
MAR03310,Beta oxidation of di-unsaturated fatty acids (n-6) (peroxisomal),0.7388944917139859,2
MAR03312,Beta oxidation of di-unsaturated fatty acids (n-6) (peroxisomal),0.6080824866087469,4
MAR03314,Beta oxidation of di-unsaturated fatty acids (n-6) (peroxisomal),0.37778898342797185,3
MAR03315,Beta oxidation of di-unsaturated fatty acids (n-6) (peroxisomal),0.7388944917139859,2
MAR03316,Beta oxidation of di-unsaturated fatty acids (n-6) (peroxisomal),0.6080824866087469,4
MAR03317,Beta oxidation of di-unsaturated fatty acids (n-6) (peroxisomal),0.6080824866087469,4
MAR03319,Beta oxidation of di-unsaturated fatty acids (n-6) (peroxisomal),0.37778898342797185,3
MAR03320,Beta oxidation of di-unsaturated fatty acids (n-6) (peroxisomal),0.7388944917139859,2
MAR03321,Beta oxidation of di-unsaturated fatty acids (n-6) (peroxisomal),1.1,2
MAR03323,Beta oxidation of di-unsaturated fatty acids (n-6) (peroxisomal),0.6080824866087469,4
MAR03107,Beta oxidation of even-chain fatty acids (mitochondrial),1.937689478534088,4
MAR03108,Beta oxidation of even-chain fatty acids (mitochondrial),2.7813674929074903,1
MAR03109,Beta oxidation of even-chain fatty acids (mitochondrial),1.3318570618604553,3
MAR03110,Beta oxidation of even-chain fatty acids (mitochondrial),1.2253390278145715,3
MAR03111,Beta oxidation of even-chain fatty acids (mitochondrial),1.937689478534088,4
MAR03112,Beta oxidation of even-chain fatty acids (mitochondrial),2.7813674929074903,1
MAR03113,Beta oxidation of even-chain fatty acids (mitochondrial),1.3318570618604553,3
MAR03114,Beta oxidation of even-chain fatty acids (mitochondrial),1.2253390278145715,3
MAR03115,Beta oxidation of even-chain fatty acids (mitochondrial),1.937689478534088,4
MAR03116,Beta oxidation of even-chain fatty acids (mitochondrial),2.7813674929074903,1
MAR03117,Beta oxidation of even-chain fatty acids (mitochondrial),1.3318570618604553,3
MAR03118,Beta oxidation of even-chain fatty acids (mitochondrial),1.2253390278145715,3
MAR03121,Beta oxidation of even-chain fatty acids (mitochondrial),1.937689478534088,4
MAR03122,Beta oxidation of even-chain fatty acids (mitochondrial),2.7813674929074903,1
MAR03123,Beta oxidation of even-chain fatty acids (mitochondrial),1.3318570618604553,3
MAR03125,Beta oxidation of even-chain fatty acids (mitochondrial),1.2253390278145715,3
MAR03128,Beta oxidation of even-chain fatty acids (mitochondrial),1.6584596523560586,6
MAR03129,Beta oxidation of even-chain fatty acids (mitochondrial),2.7813674929074903,1
MAR03130,Beta oxidation of even-chain fatty acids (mitochondrial),1.3318570618604553,3
MAR03132,Beta oxidation of even-chain fatty acids (mitochondrial),1.2253390278145715,3
MAR03135,Beta oxidation of even-chain fatty acids (mitochondrial),1.937689478534088,4
MAR03136,Beta oxidation of even-chain fatty acids (mitochondrial),2.7813674929074903,2
MAR03137,Beta oxidation of even-chain fatty acids (mitochondrial),1.3318570618604553,3
MAR03139,Beta oxidation of even-chain fatty acids (mitochondrial),1.2253390278145715,3
MAR03142,Beta oxidation of even-chain fatty acids (mitochondrial),1.1,4
MAR03143,Beta oxidation of even-chain fatty acids (mitochondrial),2.7813674929074903,2
MAR03144,Beta oxidation of even-chain fatty acids (mitochondrial),1.3318570618604553,3
MAR03146,Beta oxidation of even-chain fatty acids (mitochondrial),1.2253390278145715,3
MAR03149,Beta oxidation of even-chain fatty acids (mitochondrial),1.1,4
MAR03150,Beta oxidation of even-chain fatty acids (mitochondrial),2.7813674929074903,2
MAR03151,Beta oxidation of even-chain fatty acids (mitochondrial),1.3318570618604553,3
MAR03153,Beta oxidation of even-chain fatty acids (mitochondrial),1.2253390278145715,3
MAR03156,Beta oxidation of even-chain fatty acids (mitochondrial),1.1,3
MAR03157,Beta oxidation of even-chain fatty acids (mitochondrial),2.7813674929074903,2
MAR03158,Beta oxidation of even-chain fatty acids (mitochondrial),1.3318570618604553,3
MAR03160,Beta oxidation of even-chain fatty acids (mitochondrial),1.2253390278145715,3
MAR03398,Beta oxidation of even-chain fatty acids (mitochondrial),2.5211731299086324,11
MAR03406,Beta oxidation of even-chain fatty acids (mitochondrial),2.5211731299086324,11
MAR03407,Beta oxidation of even-chain fatty acids (mitochondrial),2.5211731299086324,11
MAR03408,Beta oxidation of even-chain fatty acids (mitochondrial),2.5211731299086324,11
MAR03409,Beta oxidation of even-chain fatty acids (mitochondrial),2.5211731299086324,11
MAR03411,Beta oxidation of even-chain fatty acids (mitochondrial),2.5211731299086324,11
MAR03413,Beta oxidation of even-chain fatty acids (mitochondrial),2.5211731299086324,11
MAR03414,Beta oxidation of even-chain fatty acids (mitochondrial),2.5211731299086324,11
MAR03416,Beta oxidation of even-chain fatty acids (mitochondrial),2.5211731299086324,11
MAR03421,Beta oxidation of even-chain fatty acids (mitochondrial),2.5211731299086324,11
MAR03423,Beta oxidation of even-chain fatty acids (mitochondrial),2.5211731299086324,11
MAR03424,Beta oxidation of even-chain fatty acids (mitochondrial),2.5211731299086324,11
MAR03425,Beta oxidation of even-chain fatty acids (mitochondrial),2.5211731299086324,11
MAR09719,Beta oxidation of even-chain fatty acids (mitochondrial),2.5211731299086324,11
MAR03427,Beta oxidation of even-chain fatty acids (mitochondrial),2.5211731299086324,11
MAR03428,Beta oxidation of even-chain fatty acids (mitochondrial),2.5211731299086324,11
MAR03429,Beta oxidation of even-chain fatty acids (mitochondrial),2.5211731299086324,11
MAR03430,Beta oxidation of even-chain fatty acids (mitochondrial),2.5211731299086324,11
MAR03431,Beta oxidation of even-chain fatty acids (mitochondrial),2.5211731299086324,11
MAR03432,Beta oxidation of even-chain fatty acids (mitochondrial),2.5211731299086324,11
MAR03433,Beta oxidation of even-chain fatty acids (mitochondrial),2.5211731299086324,11
MAR03170,Beta oxidation of odd-chain fatty acids (mitochondrial),1.937689478534088,4
MAR03171,Beta oxidation of odd-chain fatty acids (mitochondrial),2.7813674929074903,1
MAR03172,Beta oxidation of odd-chain fatty acids (mitochondrial),1.3318570618604553,3
MAR03173,Beta oxidation of odd-chain fatty acids (mitochondrial),1.2253390278145715,3
MAR03174,Beta oxidation of odd-chain fatty acids (mitochondrial),1.937689478534088,4
MAR03175,Beta oxidation of odd-chain fatty acids (mitochondrial),2.7813674929074903,1
MAR03176,Beta oxidation of odd-chain fatty acids (mitochondrial),1.3318570618604553,3
MAR03177,Beta oxidation of odd-chain fatty acids (mitochondrial),1.2253390278145715,3
MAR03178,Beta oxidation of odd-chain fatty acids (mitochondrial),1.937689478534088,4
MAR03179,Beta oxidation of odd-chain fatty acids (mitochondrial),2.7813674929074903,1
MAR03180,Beta oxidation of odd-chain fatty acids (mitochondrial),1.3318570618604553,3
MAR03181,Beta oxidation of odd-chain fatty acids (mitochondrial),1.2253390278145715,3
MAR03182,Beta oxidation of odd-chain fatty acids (mitochondrial),1.937689478534088,4
MAR03183,Beta oxidation of odd-chain fatty acids (mitochondrial),2.7813674929074903,1
MAR03184,Beta oxidation of odd-chain fatty acids (mitochondrial),1.3318570618604553,3
MAR03185,Beta oxidation of odd-chain fatty acids (mitochondrial),1.2253390278145715,3
MAR03186,Beta oxidation of odd-chain fatty acids (mitochondrial),1.937689478534088,4
MAR03187,Beta oxidation of odd-chain fatty acids (mitochondrial),2.7813674929074903,1
MAR03188,Beta oxidation of odd-chain fatty acids (mitochondrial),1.3318570618604553,3
MAR03189,Beta oxidation of odd-chain fatty acids (mitochondrial),1.2253390278145715,3
MAR03190,Beta oxidation of odd-chain fatty acids (mitochondrial),1.1,2
MAR03191,Beta oxidation of odd-chain fatty acids (mitochondrial),2.7813674929074903,2
MAR03192,Beta oxidation of odd-chain fatty acids (mitochondrial),1.3318570618604553,3
MAR03193,Beta oxidation of odd-chain fatty acids (mitochondrial),1.2253390278145715,3
MAR03194,Beta oxidation of odd-chain fatty acids (mitochondrial),1.1,2
MAR03195,Beta oxidation of odd-chain fatty acids (mitochondrial),2.7813674929074903,2
MAR03196,Beta oxidation of odd-chain fatty acids (mitochondrial),1.3318570618604553,3
MAR03197,Beta oxidation of odd-chain fatty acids (mitochondrial),1.2253390278145715,3
MAR03198,Beta oxidation of odd-chain fatty acids (mitochondrial),1.1,2
MAR03199,Beta oxidation of odd-chain fatty acids (mitochondrial),2.7813674929074903,2
MAR03200,Beta oxidation of odd-chain fatty acids (mitochondrial),1.3318570618604553,3
MAR03201,Beta oxidation of odd-chain fatty acids (mitochondrial),1.2253390278145715,3
MAR03202,Beta oxidation of odd-chain fatty acids (mitochondrial),1.1,1
MAR03203,Beta oxidation of odd-chain fatty acids (mitochondrial),1.8351170880417969,1
MAR03204,Beta oxidation of odd-chain fatty acids (mitochondrial),1.3318570618604553,3
MAR03205,Beta oxidation of odd-chain fatty acids (mitochondrial),1.2253390278145715,3
MAR03396,Beta oxidation of odd-chain fatty acids (mitochondrial),1.1,0
MAR03397,Beta oxidation of odd-chain fatty acids (mitochondrial),1.1,0
MAR03240,Beta oxidation of unsaturated fatty acids (n-7) (mitochondrial),1.937689478534088,4
MAR03241,Beta oxidation of unsaturated fatty acids (n-7) (mitochondrial),2.7813674929074903,1
MAR03242,Beta oxidation of unsaturated fatty acids (n-7) (mitochondrial),1.3318570618604553,3
MAR03243,Beta oxidation of unsaturated fatty acids (n-7) (mitochondrial),1.2253390278145715,3
MAR03244,Beta oxidation of unsaturated fatty acids (n-7) (mitochondrial),1.937689478534088,4
MAR03245,Beta oxidation of unsaturated fatty acids (n-7) (mitochondrial),2.7813674929074903,1
MAR03246,Beta oxidation of unsaturated fatty acids (n-7) (mitochondrial),1.3318570618604553,3
MAR03247,Beta oxidation of unsaturated fatty acids (n-7) (mitochondrial),1.2253390278145715,3
MAR03250,Beta oxidation of unsaturated fatty acids (n-7) (mitochondrial),1.937689478534088,4
MAR03252,Beta oxidation of unsaturated fatty acids (n-7) (mitochondrial),2.7813674929074903,1
MAR03254,Beta oxidation of unsaturated fatty acids (n-7) (mitochondrial),1.3318570618604553,3
MAR03256,Beta oxidation of unsaturated fatty acids (n-7) (mitochondrial),1.2253390278145715,3
MAR03258,Beta oxidation of unsaturated fatty acids (n-7) (mitochondrial),1.937689478534088,4
MAR03260,Beta oxidation of unsaturated fatty acids (n-7) (mitochondrial),2.7813674929074903,1
MAR03262,Beta oxidation of unsaturated fatty acids (n-7) (mitochondrial),1.3318570618604553,3
MAR03264,Beta oxidation of unsaturated fatty acids (n-7) (mitochondrial),1.2253390278145715,3
MAR03272,Beta oxidation of unsaturated fatty acids (n-7) (mitochondrial),1.9097390890202548,3
MAR03356,Beta oxidation of unsaturated fatty acids (n-7) (peroxisomal),1.1,2
MAR03357,Beta oxidation of unsaturated fatty acids (n-7) (peroxisomal),0.6080824866087469,4
MAR03358,Beta oxidation of unsaturated fatty acids (n-7) (peroxisomal),0.37778898342797185,3
MAR03359,Beta oxidation of unsaturated fatty acids (n-7) (peroxisomal),0.7388944917139859,2
MAR03360,Beta oxidation of unsaturated fatty acids (n-7) (peroxisomal),1.1,2
MAR03361,Beta oxidation of unsaturated fatty acids (n-7) (peroxisomal),0.6080824866087469,4
MAR03362,Beta oxidation of unsaturated fatty acids (n-7) (peroxisomal),0.37778898342797185,3
MAR03363,Beta oxidation of unsaturated fatty acids (n-7) (peroxisomal),0.7388944917139859,2
MAR03218,Beta oxidation of unsaturated fatty acids (n-9) (mitochondrial),1.937689478534088,4
MAR03219,Beta oxidation of unsaturated fatty acids (n-9) (mitochondrial),2.7813674929074903,1
MAR03220,Beta oxidation of unsaturated fatty acids (n-9) (mitochondrial),1.3318570618604553,3
MAR03221,Beta oxidation of unsaturated fatty acids (n-9) (mitochondrial),1.2253390278145715,3
MAR03222,Beta oxidation of unsaturated fatty acids (n-9) (mitochondrial),1.937689478534088,4
MAR03223,Beta oxidation of unsaturated fatty acids (n-9) (mitochondrial),2.7813674929074903,1
MAR03224,Beta oxidation of unsaturated fatty acids (n-9) (mitochondrial),1.3318570618604553,3
MAR03225,Beta oxidation of unsaturated fatty acids (n-9) (mitochondrial),1.2253390278145715,3
MAR03226,Beta oxidation of unsaturated fatty acids (n-9) (mitochondrial),1.937689478534088,4
MAR03227,Beta oxidation of unsaturated fatty acids (n-9) (mitochondrial),2.7813674929074903,1
MAR03228,Beta oxidation of unsaturated fatty acids (n-9) (mitochondrial),1.3318570618604553,3
MAR03229,Beta oxidation of unsaturated fatty acids (n-9) (mitochondrial),1.2253390278145715,3
MAR03230,Beta oxidation of unsaturated fatty acids (n-9) (mitochondrial),1.937689478534088,4
MAR03231,Beta oxidation of unsaturated fatty acids (n-9) (mitochondrial),2.7813674929074903,1
MAR03232,Beta oxidation of unsaturated fatty acids (n-9) (mitochondrial),1.3318570618604553,3
MAR03233,Beta oxidation of unsaturated fatty acids (n-9) (mitochondrial),1.2253390278145715,3
MAR03234,Beta oxidation of unsaturated fatty acids (n-9) (mitochondrial),1.937689478534088,4
MAR03235,Beta oxidation of unsaturated fatty acids (n-9) (mitochondrial),2.7813674929074903,1
MAR03236,Beta oxidation of unsaturated fatty acids (n-9) (mitochondrial),1.3318570618604553,3
MAR03237,Beta oxidation of unsaturated fatty acids (n-9) (mitochondrial),1.2253390278145715,3
MAR03239,Beta oxidation of unsaturated fatty acids (n-9) (mitochondrial),1.9097390890202548,3
MAR03275,Beta oxidation of di-unsaturated fatty acids (n-6) (mitochondrial),1.937689478534088,4
MAR03277,Beta oxidation of di-unsaturated fatty acids (n-6) (mitochondrial),2.7813674929074903,1
MAR03278,Beta oxidation of di-unsaturated fatty acids (n-6) (mitochondrial),1.3318570618604553,3
MAR03279,Beta oxidation of di-unsaturated fatty acids (n-6) (mitochondrial),1.2253390278145715,3
MAR03280,Beta oxidation of di-unsaturated fatty acids (n-6) (mitochondrial),1.937689478534088,4
MAR03281,Beta oxidation of di-unsaturated fatty acids (n-6) (mitochondrial),2.7813674929074903,1
MAR03282,Beta oxidation of di-unsaturated fatty acids (n-6) (mitochondrial),1.3318570618604553,3
MAR03283,Beta oxidation of di-unsaturated fatty acids (n-6) (mitochondrial),1.2253390278145715,3
MAR03284,Beta oxidation of di-unsaturated fatty acids (n-6) (mitochondrial),1.937689478534088,4
MAR03285,Beta oxidation of di-unsaturated fatty acids (n-6) (mitochondrial),2.7813674929074903,1
MAR03286,Beta oxidation of di-unsaturated fatty acids (n-6) (mitochondrial),1.3318570618604553,3
MAR03287,Beta oxidation of di-unsaturated fatty acids (n-6) (mitochondrial),1.2253390278145715,3
MAR03288,Beta oxidation of di-unsaturated fatty acids (n-6) (mitochondrial),1.9097390890202548,3
MAR03290,Beta oxidation of di-unsaturated fatty acids (n-6) (mitochondrial),2.7813674929074903,2
MAR03292,Beta oxidation of di-unsaturated fatty acids (n-6) (mitochondrial),1.3318570618604553,3
MAR03293,Beta oxidation of di-unsaturated fatty acids (n-6) (mitochondrial),1.2253390278145715,3
MAR03294,Beta oxidation of di-unsaturated fatty acids (n-6) (mitochondrial),1.937689478534088,4
MAR03298,Beta oxidation of di-unsaturated fatty acids (n-6) (mitochondrial),1.9097390890202548,2
MAR01174,Beta oxidation of poly-unsaturated fatty acids (mitochondrial),1.2253390278145715,3
MAR01175,Beta oxidation of poly-unsaturated fatty acids (mitochondrial),1.1,2
MAR01176,Beta oxidation of poly-unsaturated fatty acids (mitochondrial),1.0367450684563513,1
MAR01177,Beta oxidation of poly-unsaturated fatty acids (mitochondrial),2.7813674929074903,1
MAR01178,Beta oxidation of poly-unsaturated fatty acids (mitochondrial),1.3318570618604553,3
MAR01179,Beta oxidation of poly-unsaturated fatty acids (mitochondrial),1.2253390278145715,3
MAR01180,Beta oxidation of poly-unsaturated fatty acids (mitochondrial),1.1,2
MAR01181,Beta oxidation of poly-unsaturated fatty acids (mitochondrial),1.0367450684563513,1
MAR01182,Beta oxidation of poly-unsaturated fatty acids (mitochondrial),2.7813674929074903,1
MAR01183,Beta oxidation of poly-unsaturated fatty acids (mitochondrial),1.3318570618604553,3
MAR01184,Beta oxidation of poly-unsaturated fatty acids (mitochondrial),1.2253390278145715,3
MAR01216,Beta oxidation of poly-unsaturated fatty acids (mitochondrial),1.2253390278145715,3
MAR01217,Beta oxidation of poly-unsaturated fatty acids (mitochondrial),1.1,2
MAR01218,Beta oxidation of poly-unsaturated fatty acids (mitochondrial),1.0367450684563513,1
MAR01219,Beta oxidation of poly-unsaturated fatty acids (mitochondrial),2.7813674929074903,1
MAR01220,Beta oxidation of poly-unsaturated fatty acids (mitochondrial),1.3318570618604553,3
MAR01221,Beta oxidation of poly-unsaturated fatty acids (mitochondrial),1.2253390278145715,3
MAR01222,Beta oxidation of poly-unsaturated fatty acids (mitochondrial),1.0367450684563513,1
MAR01223,Beta oxidation of poly-unsaturated fatty acids (mitochondrial),1.1,2
MAR01224,Beta oxidation of poly-unsaturated fatty acids (mitochondrial),2.7813674929074903,1
MAR01225,Beta oxidation of poly-unsaturated fatty acids (mitochondrial),1.3318570618604553,3
MAR01226,Beta oxidation of poly-unsaturated fatty acids (mitochondrial),1.2253390278145715,3
MAR03522,Beta oxidation of branched-chain fatty acids (mitochondrial),1.937689478534088,2
MAR03523,Beta oxidation of branched-chain fatty acids (mitochondrial),2.7813674929074903,2
MAR03524,Beta oxidation of branched-chain fatty acids (mitochondrial),1.3318570618604553,3
MAR03525,Beta oxidation of branched-chain fatty acids (mitochondrial),1.2253390278145715,3
MAR03526,Beta oxidation of branched-chain fatty acids (mitochondrial),1.1,1
MAR03527,Beta oxidation of branched-chain fatty acids (mitochondrial),1.937689478534088,2
MAR03528,Beta oxidation of branched-chain fatty acids (mitochondrial),2.7813674929074903,2
MAR03529,Beta oxidation of branched-chain fatty acids (mitochondrial),1.3318570618604553,3
MAR03530,Beta oxidation of branched-chain fatty acids (mitochondrial),1.2253390278145715,3
MAR03531,Beta oxidation of branched-chain fatty acids (mitochondrial),1.937689478534088,2
MAR03532,Beta oxidation of branched-chain fatty acids (mitochondrial),1.8351170880417969,1
MAR03533,Beta oxidation of branched-chain fatty acids (mitochondrial),1.3318570618604553,3
MAR03534,Beta oxidation of branched-chain fatty acids (mitochondrial),1.2253390278145715,3
MAR01573,Terpenoid backbone biosynthesis,1.1,1
MAR06901,Terpenoid backbone biosynthesis,1.1,2
MAR06903,Terpenoid backbone biosynthesis,1.1,1
MAR06904,Terpenoid backbone biosynthesis,1.1015043983931267,1
MAR06905,Terpenoid backbone biosynthesis,0.285723297535014,1
MAR06906,Terpenoid backbone biosynthesis,1.1,0
MAR06907,Terpenoid backbone biosynthesis,1.1015043983931267,1
MAR06908,Terpenoid backbone biosynthesis,1.3178248333832103,1
MAR06909,Terpenoid backbone biosynthesis,1.3924950676983574,1
MAR06910,Terpenoid backbone biosynthesis,0.285723297535014,1
MAR07165,Terpenoid backbone biosynthesis,1.1,0
MAR07166,Terpenoid backbone biosynthesis,1.6868429044095195,2
MAR07167,Terpenoid backbone biosynthesis,1.1,1
MAR07168,Terpenoid backbone biosynthesis,1.1,1
MAR07169,Terpenoid backbone biosynthesis,1.1,0
MAR07170,Terpenoid backbone biosynthesis,0.771881900243953,1
MAR09722,Terpenoid backbone biosynthesis,1.1,1
MAR01920,Steroid metabolism,1.1,1
MAR01924,Steroid metabolism,1.1881479308593466,9
MAR01926,Steroid metabolism,1.1,0
MAR01927,Steroid metabolism,2.6170024898431103,3
MAR01928,Steroid metabolism,1.1,1
MAR01929,Steroid metabolism,1.1,1
MAR01931,Steroid metabolism,1.8103854511609847,2
MAR01932,Steroid metabolism,1.1,1
MAR01933,Steroid metabolism,1.1,1
MAR01934,Steroid metabolism,1.1,1
MAR01935,Steroid metabolism,1.1,1
MAR01940,Steroid metabolism,1.1,1
MAR01941,Steroid metabolism,1.1,2
MAR01942,Steroid metabolism,1.1,2
MAR01943,Steroid metabolism,1.1,1
MAR01948,Steroid metabolism,1.1,1
MAR01949,Steroid metabolism,1.1,2
MAR01950,Steroid metabolism,1.1,2
MAR01951,Steroid metabolism,1.1,2
MAR01989,Steroid metabolism,1.1,2
MAR01990,Steroid metabolism,1.1,1
MAR01991,Steroid metabolism,1.1,1
MAR01992,Steroid metabolism,1.1,1
MAR01993,Steroid metabolism,1.1,2
MAR02002,Steroid metabolism,1.1,3
MAR02003,Steroid metabolism,1.1,4
MAR02004,Steroid metabolism,1.1,1
MAR02005,Steroid metabolism,1.1,1
MAR02007,Steroid metabolism,1.1,1
MAR02009,Steroid metabolism,1.1,2
MAR02010,Steroid metabolism,1.1,1
MAR02011,Steroid metabolism,1.1,1
MAR04766,Steroid metabolism,1.368777622308423,20
MAR06793,Steroid metabolism,1.1,1
MAR06794,Steroid metabolism,1.1,1
MAR06795,Steroid metabolism,1.1,1
MAR06796,Steroid metabolism,1.1,1
MAR07648,Steroid metabolism,1.368777622308423,20
MAR07928,Steroid metabolism,1.1,1
MAR07930,Steroid metabolism,1.1,2
MAR07931,Steroid metabolism,1.1,2
MAR07932,Steroid metabolism,1.1,1
MAR07934,Steroid metabolism,1.1,1
MAR07935,Steroid metabolism,1.1,1
MAR07936,Steroid metabolism,1.1,1
MAR07937,Steroid metabolism,1.1,1
MAR07938,Steroid metabolism,1.1,1
MAR07939,Steroid metabolism,1.1,2
MAR07940,Steroid metabolism,1.416427492154548,27
MAR07941,Steroid metabolism,1.416427492154548,27
MAR07942,Steroid metabolism,1.1,1
MAR07943,Steroid metabolism,1.1,1
MAR07945,Steroid metabolism,1.1,1
MAR07948,Steroid metabolism,1.1,1
MAR07950,Steroid metabolism,1.1,1
MAR07952,Steroid metabolism,1.1,1
MAR07954,Steroid metabolism,1.1,2
MAR07955,Steroid metabolism,1.2032218760483544,3
MAR07957,Steroid metabolism,1.4051265102918857,28
MAR07958,Steroid metabolism,1.1,1
MAR07959,Steroid metabolism,1.1899131143688297,6
MAR07962,Steroid metabolism,1.1,3
MAR07965,Steroid metabolism,1.1899131143688297,6
MAR07968,Steroid metabolism,1.1884758937557325,7
MAR02041,Steroid metabolism,1.1884758937557325,7
MAR07970,Steroid metabolism,1.1,1
MAR07971,Steroid metabolism,1.1,2
MAR07972,Steroid metabolism,1.1,2
MAR07973,Steroid metabolism,1.1,2
MAR07974,Steroid metabolism,1.1,1
MAR07976,Steroid metabolism,1.1,1
MAR07978,Steroid metabolism,1.1,1
MAR07980,Steroid metabolism,1.1,3
MAR07984,Steroid metabolism,1.2078957372425958,5
MAR07987,Steroid metabolism,1.2078957372425958,5
MAR01944,Androgen metabolism,1.1,1
MAR01945,Androgen metabolism,1.1,1
MAR01952,Androgen metabolism,1.1,1
MAR01953,Androgen metabolism,1.1,1
MAR01958,Androgen metabolism,1.1,1
MAR01959,Androgen metabolism,1.1,2
MAR01960,Androgen metabolism,1.1,2
MAR01962,Androgen metabolism,1.1,1
MAR01963,Androgen metabolism,1.1,1
MAR01967,Androgen metabolism,1.1,2
MAR01968,Androgen metabolism,1.1,2
MAR01969,Androgen metabolism,1.1,1
MAR01970,Androgen metabolism,1.1,2
MAR01971,Androgen metabolism,1.1,2
MAR01973,Androgen metabolism,1.1688145840322364,9
MAR01974,Androgen metabolism,1.1688145840322364,9
MAR01976,Androgen metabolism,1.1,3
MAR01977,Androgen metabolism,1.1,3
MAR01978,Androgen metabolism,1.1,1
MAR01982,Androgen metabolism,1.1,2
MAR01983,Androgen metabolism,1.1,2
MAR02014,Androgen metabolism,1.1,1
MAR02015,Androgen metabolism,1.1,3
MAR02016,Androgen metabolism,1.1,4
MAR02017,Androgen metabolism,1.1,4
MAR02018,Androgen metabolism,1.1,4
MAR02019,Androgen metabolism,1.1,4
MAR02020,Androgen metabolism,1.1,1
MAR02022,Androgen metabolism,1.1,2
MAR02024,Androgen metabolism,1.1,2
MAR02025,Androgen metabolism,1.1,1
MAR01440,Cholesterol biosynthesis 1 (Bloch pathway),1.1,1
MAR01445,Cholesterol biosynthesis 1 (Bloch pathway),1.1,1
MAR01448,Cholesterol biosynthesis 1 (Bloch pathway),0.442477909779841,1
MAR01454,Cholesterol biosynthesis 1 (Bloch pathway),1.1,2
MAR01465,Cholesterol biosynthesis 1 (Bloch pathway),1.1,1
MAR01467,Cholesterol biosynthesis 1 (Bloch pathway),1.1,1
MAR01470,Cholesterol biosynthesis 1 (Bloch pathway),1.1,1
MAR01473,Cholesterol biosynthesis 1 (Bloch pathway),1.1,1
MAR01477,Cholesterol biosynthesis 1 (Bloch pathway),1.1,1
MAR01478,Cholesterol biosynthesis 1 (Bloch pathway),1.1,1
MAR01479,Cholesterol biosynthesis 1 (Bloch pathway),1.1,1
MAR01484,Cholesterol biosynthesis 1 (Bloch pathway),1.1,2
MAR01490,Cholesterol biosynthesis 1 (Bloch pathway),3.5120016538412093,2
MAR01493,Cholesterol biosynthesis 1 (Bloch pathway),3.5120016538412093,2
MAR01494,Cholesterol biosynthesis 1 (Bloch pathway),3.5120016538412093,2
MAR01495,Cholesterol biosynthesis 1 (Bloch pathway),1.1,1
MAR01496,Cholesterol biosynthesis 1 (Bloch pathway),1.1,1
MAR01500,Cholesterol biosynthesis 1 (Bloch pathway),1.1,1
MAR01502,Cholesterol biosynthesis 1 (Bloch pathway),3.5120016538412093,2
MAR01503,Cholesterol biosynthesis 1 (Bloch pathway),3.5120016538412093,2
MAR01504,Cholesterol biosynthesis 1 (Bloch pathway),3.5120016538412093,2
MAR01505,Cholesterol biosynthesis 1 (Bloch pathway),1.1,1
MAR01509,Cholesterol biosynthesis 1 (Bloch pathway),1.1,1
MAR01512,Cholesterol biosynthesis 1 (Bloch pathway),1.4174566859959423,1
MAR01516,Cholesterol biosynthesis 1 (Bloch pathway),1.1,1
MAR01519,Cholesterol biosynthesis 1 (Bloch pathway),1.1,1
MAR01526,Cholesterol biosynthesis 1 (Bloch pathway),1.1,1
MAR01533,Cholesterol biosynthesis 2,1.1,1
MAR01557,Cholesterol biosynthesis 2,1.1,1
MAR01558,Cholesterol biosynthesis 2,1.1,1
MAR01565,Cholesterol biosynthesis 2,1.1,1
MAR01535,Cholesterol biosynthesis 3 (Kandustch-Russell pathway),1.1,1
MAR01536,Cholesterol biosynthesis 3 (Kandustch-Russell pathway),1.1,1
MAR01538,Cholesterol biosynthesis 3 (Kandustch-Russell pathway),1.1,1
MAR01539,Cholesterol biosynthesis 3 (Kandustch-Russell pathway),1.1,1
MAR01540,Cholesterol biosynthesis 3 (Kandustch-Russell pathway),1.1,2
MAR01543,Cholesterol biosynthesis 3 (Kandustch-Russell pathway),3.5120016538412093,2
MAR01544,Cholesterol biosynthesis 3 (Kandustch-Russell pathway),3.5120016538412093,2
MAR01545,Cholesterol biosynthesis 3 (Kandustch-Russell pathway),3.5120016538412093,2
MAR01546,Cholesterol biosynthesis 3 (Kandustch-Russell pathway),1.1,1
MAR01547,Cholesterol biosynthesis 3 (Kandustch-Russell pathway),1.1,1
MAR01548,Cholesterol biosynthesis 3 (Kandustch-Russell pathway),3.5120016538412093,2
MAR01549,Cholesterol biosynthesis 3 (Kandustch-Russell pathway),3.5120016538412093,2
MAR01550,Cholesterol biosynthesis 3 (Kandustch-Russell pathway),3.5120016538412093,2
MAR01551,Cholesterol biosynthesis 3 (Kandustch-Russell pathway),1.1,1
MAR01552,Cholesterol biosynthesis 3 (Kandustch-Russell pathway),1.1,1
MAR01553,Cholesterol biosynthesis 3 (Kandustch-Russell pathway),1.4174566859959423,1
MAR01437,Cholesterol metabolism,1.1,1
MAR01451,Cholesterol metabolism,1.1,1
MAR01457,Cholesterol metabolism,1.2329499798291121,2
MAR01460,Cholesterol metabolism,1.2329499798291121,2
MAR01531,Cholesterol metabolism,1.1,1
MAR01570,Cholesterol metabolism,1.1,1
MAR01576,Cholesterol metabolism,1.1,1
MAR01577,Cholesterol metabolism,1.647890675318704,2
MAR03105,Cholesterol metabolism,1.1,1
MAR04630,Cholesterol metabolism,1.1,1
MAR02029,Estrogen metabolism,1.4051265102918857,28
MAR02030,Estrogen metabolism,1.4051265102918857,28
MAR02031,Estrogen metabolism,1.4051265102918857,28
MAR02032,Estrogen metabolism,1.4051265102918857,28
MAR02033,Estrogen metabolism,1.4051265102918857,28
MAR02034,Estrogen metabolism,1.4051265102918857,28
MAR02036,Estrogen metabolism,1.1884758937557325,7
MAR02037,Estrogen metabolism,1.1,3
MAR02038,Estrogen metabolism,1.1,3
MAR02042,Estrogen metabolism,1.4051265102918857,28
MAR02043,Estrogen metabolism,1.4051265102918857,28
MAR02044,Estrogen metabolism,1.1,2
MAR02045,Estrogen metabolism,1.1,2
MAR02046,Estrogen metabolism,1.1,1
MAR02047,Estrogen metabolism,1.1,1
MAR02048,Estrogen metabolism,1.1,2
MAR02049,Estrogen metabolism,1.1,1
MAR02050,Estrogen metabolism,1.1,1
MAR02051,Estrogen metabolism,1.1,1
MAR02052,Estrogen metabolism,1.1,2
MAR02053,Estrogen metabolism,1.4051265102918857,28
MAR02054,Estrogen metabolism,1.4051265102918857,28
MAR02055,Estrogen metabolism,1.1,1
MAR02056,Estrogen metabolism,1.1,1
MAR02057,Estrogen metabolism,1.1,1
MAR02058,Estrogen metabolism,1.1,2
MAR02059,Estrogen metabolism,1.1,2
MAR02060,Estrogen metabolism,1.1,2
MAR02061,Estrogen metabolism,1.3102301078843404,5
MAR02062,Estrogen metabolism,1.3102301078843404,5
MAR02063,Estrogen metabolism,1.3102301078843404,5
MAR02064,Estrogen metabolism,1.1,0
MAR02068,Estrogen metabolism,1.746859227998256,20
MAR02069,Estrogen metabolism,1.746859227998256,20
MAR02070,Estrogen metabolism,1.746859227998256,20
MAR02071,Estrogen metabolism,1.746859227998256,20
MAR02072,Estrogen metabolism,1.746859227998256,20
MAR02073,Estrogen metabolism,1.746859227998256,20
MAR02074,Estrogen metabolism,1.746859227998256,20
MAR02075,Estrogen metabolism,1.746859227998256,20
MAR02076,Estrogen metabolism,1.3102301078843404,5
MAR02077,Estrogen metabolism,1.3102301078843404,5
MAR02078,Estrogen metabolism,1.3102301078843404,5
MAR02079,Estrogen metabolism,1.1,0
MAR02083,Estrogen metabolism,1.746859227998256,20
MAR02084,Estrogen metabolism,1.746859227998256,20
MAR02085,Estrogen metabolism,1.746859227998256,20
MAR02086,Estrogen metabolism,1.746859227998256,20
MAR02088,Estrogen metabolism,1.3102301078843404,5
MAR02089,Estrogen metabolism,1.3102301078843404,5
MAR02091,Estrogen metabolism,1.1,0
MAR02095,Estrogen metabolism,1.746859227998256,20
MAR02096,Estrogen metabolism,1.746859227998256,20
MAR02097,Estrogen metabolism,1.746859227998256,20
MAR02098,Estrogen metabolism,1.746859227998256,20
MAR02099,Estrogen metabolism,1.3102301078843404,5
MAR02100,Estrogen metabolism,1.3102301078843404,5
MAR02102,Estrogen metabolism,1.1,0
MAR02106,Estrogen metabolism,1.746859227998256,20
MAR02107,Estrogen metabolism,1.746859227998256,20
MAR02108,Estrogen metabolism,1.746859227998256,20
MAR02109,Estrogen metabolism,1.746859227998256,20
MAR02110,Estrogen metabolism,1.746859227998256,20
MAR02111,Estrogen metabolism,1.746859227998256,20
MAR02112,Estrogen metabolism,1.746859227998256,20
MAR02113,Estrogen metabolism,1.746859227998256,20
MAR03537,Formation and hydrolysis of cholesterol esters,1.1,0
MAR03538,Formation and hydrolysis of cholesterol esters,1.1,2
MAR03539,Formation and hydrolysis of cholesterol esters,1.1,2
MAR03540,Formation and hydrolysis of cholesterol esters,1.1,2
MAR03541,Formation and hydrolysis of cholesterol esters,1.1,2
MAR03542,Formation and hydrolysis of cholesterol esters,1.1,2
MAR03543,Formation and hydrolysis of cholesterol esters,1.1,2
MAR03544,Formation and hydrolysis of cholesterol esters,1.1,2
MAR03545,Formation and hydrolysis of cholesterol esters,1.1,2
MAR03546,Formation and hydrolysis of cholesterol esters,1.1,2
MAR03547,Formation and hydrolysis of cholesterol esters,1.1,2
MAR03548,Formation and hydrolysis of cholesterol esters,1.1,2
MAR03549,Formation and hydrolysis of cholesterol esters,1.1,2
MAR03550,Formation and hydrolysis of cholesterol esters,1.1,2
MAR03551,Formation and hydrolysis of cholesterol esters,1.1,2
MAR03552,Formation and hydrolysis of cholesterol esters,1.1,2
MAR03553,Formation and hydrolysis of cholesterol esters,1.1,2
MAR03554,Formation and hydrolysis of cholesterol esters,1.1,2
MAR03555,Formation and hydrolysis of cholesterol esters,1.1,2
MAR03556,Formation and hydrolysis of cholesterol esters,1.1,2
MAR03557,Formation and hydrolysis of cholesterol esters,1.1,2
MAR03558,Formation and hydrolysis of cholesterol esters,1.1,2
MAR03559,Formation and hydrolysis of cholesterol esters,1.1,2
MAR03560,Formation and hydrolysis of cholesterol esters,1.1,2
MAR03561,Formation and hydrolysis of cholesterol esters,1.1,2
MAR03562,Formation and hydrolysis of cholesterol esters,1.1,2
MAR03563,Formation and hydrolysis of cholesterol esters,1.1,2
MAR03564,Formation and hydrolysis of cholesterol esters,1.1,2
MAR03565,Formation and hydrolysis of cholesterol esters,1.1,2
MAR03566,Formation and hydrolysis of cholesterol esters,1.1,2
MAR03567,Formation and hydrolysis of cholesterol esters,1.1,2
MAR03568,Formation and hydrolysis of cholesterol esters,1.1,2
MAR03569,Formation and hydrolysis of cholesterol esters,1.1,2
MAR03570,Formation and hydrolysis of cholesterol esters,1.1,2
MAR03571,Formation and hydrolysis of cholesterol esters,1.1,2
MAR03572,Formation and hydrolysis of cholesterol esters,1.1,2
MAR03573,Formation and hydrolysis of cholesterol esters,1.1,2
MAR03574,Formation and hydrolysis of cholesterol esters,1.1,2
MAR03575,Formation and hydrolysis of cholesterol esters,1.1,2
MAR03576,Formation and hydrolysis of cholesterol esters,1.1,2
MAR03577,Formation and hydrolysis of cholesterol esters,1.1,2
MAR03578,Formation and hydrolysis of cholesterol esters,1.1,2
MAR03579,Formation and hydrolysis of cholesterol esters,1.1,2
MAR03580,Formation and hydrolysis of cholesterol esters,1.1,2
MAR03581,Formation and hydrolysis of cholesterol esters,1.1,2
MAR03582,Formation and hydrolysis of cholesterol esters,1.1,2
MAR03583,Formation and hydrolysis of cholesterol esters,1.1,2
MAR03584,Formation and hydrolysis of cholesterol esters,1.1,2
MAR03585,Formation and hydrolysis of cholesterol esters,1.1,2
MAR03586,Formation and hydrolysis of cholesterol esters,1.1,2
MAR03587,Formation and hydrolysis of cholesterol esters,1.1,2
MAR03588,Formation and hydrolysis of cholesterol esters,1.1,2
MAR03589,Formation and hydrolysis of cholesterol esters,1.1,2
MAR03590,Formation and hydrolysis of cholesterol esters,1.1,2
MAR03591,Formation and hydrolysis of cholesterol esters,1.1,2
MAR03592,Formation and hydrolysis of cholesterol esters,1.1,2
MAR03593,Formation and hydrolysis of cholesterol esters,1.1,2
MAR03594,Formation and hydrolysis of cholesterol esters,1.1,2
MAR03595,Formation and hydrolysis of cholesterol esters,1.1,2
MAR03596,Formation and hydrolysis of cholesterol esters,1.1,2
MAR03622,Formation and hydrolysis of cholesterol esters,1.1,0
MAR03625,Formation and hydrolysis of cholesterol esters,1.1,2
MAR03626,Formation and hydrolysis of cholesterol esters,1.1,2
MAR03627,Formation and hydrolysis of cholesterol esters,1.1,2
MAR03628,Formation and hydrolysis of cholesterol esters,1.1,2
MAR03629,Formation and hydrolysis of cholesterol esters,1.1,2
MAR03630,Formation and hydrolysis of cholesterol esters,1.1,2
MAR03631,Formation and hydrolysis of cholesterol esters,1.1,2
MAR03632,Formation and hydrolysis of cholesterol esters,1.1,2
MAR03633,Formation and hydrolysis of cholesterol esters,1.1,2
MAR03634,Formation and hydrolysis of cholesterol esters,1.1,2
MAR03635,Formation and hydrolysis of cholesterol esters,1.1,2
MAR03636,Formation and hydrolysis of cholesterol esters,1.1,2
MAR03637,Formation and hydrolysis of cholesterol esters,1.1,2
MAR03638,Formation and hydrolysis of cholesterol esters,1.1,2
MAR03639,Formation and hydrolysis of cholesterol esters,1.1,2
MAR03640,Formation and hydrolysis of cholesterol esters,1.1,2
MAR03641,Formation and hydrolysis of cholesterol esters,1.1,2
MAR03642,Formation and hydrolysis of cholesterol esters,1.1,2
MAR03643,Formation and hydrolysis of cholesterol esters,1.1,2
MAR03644,Formation and hydrolysis of cholesterol esters,1.1,2
MAR03645,Formation and hydrolysis of cholesterol esters,1.1,2
MAR03646,Formation and hydrolysis of cholesterol esters,1.1,2
MAR03647,Formation and hydrolysis of cholesterol esters,1.1,2
MAR03648,Formation and hydrolysis of cholesterol esters,1.1,2
MAR03649,Formation and hydrolysis of cholesterol esters,1.1,2
MAR03650,Formation and hydrolysis of cholesterol esters,1.1,2
MAR03651,Formation and hydrolysis of cholesterol esters,1.1,2
MAR03652,Formation and hydrolysis of cholesterol esters,1.1,2
MAR03653,Formation and hydrolysis of cholesterol esters,1.1,2
MAR03654,Formation and hydrolysis of cholesterol esters,1.1,2
MAR03655,Formation and hydrolysis of cholesterol esters,1.1,2
MAR03656,Formation and hydrolysis of cholesterol esters,1.1,2
MAR03657,Formation and hydrolysis of cholesterol esters,1.1,2
MAR03658,Formation and hydrolysis of cholesterol esters,1.1,2
MAR03659,Formation and hydrolysis of cholesterol esters,1.1,2
MAR03660,Formation and hydrolysis of cholesterol esters,1.1,2
MAR03661,Formation and hydrolysis of cholesterol esters,1.1,2
MAR03662,Formation and hydrolysis of cholesterol esters,1.1,2
MAR03663,Formation and hydrolysis of cholesterol esters,1.1,2
MAR03664,Formation and hydrolysis of cholesterol esters,1.1,2
MAR03665,Formation and hydrolysis of cholesterol esters,1.1,2
MAR03666,Formation and hydrolysis of cholesterol esters,1.1,2
MAR03667,Formation and hydrolysis of cholesterol esters,1.1,2
MAR03668,Formation and hydrolysis of cholesterol esters,1.1,2
MAR03669,Formation and hydrolysis of cholesterol esters,1.1,2
MAR03670,Formation and hydrolysis of cholesterol esters,1.1,2
MAR03671,Formation and hydrolysis of cholesterol esters,1.1,2
MAR03672,Formation and hydrolysis of cholesterol esters,1.1,2
MAR03673,Formation and hydrolysis of cholesterol esters,1.1,2
MAR03674,Formation and hydrolysis of cholesterol esters,1.1,2
MAR03675,Formation and hydrolysis of cholesterol esters,1.1,2
MAR03676,Formation and hydrolysis of cholesterol esters,1.1,2
MAR03677,Formation and hydrolysis of cholesterol esters,1.1,2
MAR03678,Formation and hydrolysis of cholesterol esters,1.1,2
MAR03679,Formation and hydrolysis of cholesterol esters,1.1,2
MAR03680,Formation and hydrolysis of cholesterol esters,1.1,2
MAR03681,Formation and hydrolysis of cholesterol esters,1.1,2
MAR03682,Formation and hydrolysis of cholesterol esters,1.1,2
MAR03683,Formation and hydrolysis of cholesterol esters,1.1,2
MAR03684,Formation and hydrolysis of cholesterol esters,1.1,2
MAR03685,Formation and hydrolysis of cholesterol esters,1.1,2
MAR03686,Formation and hydrolysis of cholesterol esters,1.1,2
MAR03687,Formation and hydrolysis of cholesterol esters,1.1,2
MAR03688,Formation and hydrolysis of cholesterol esters,1.1,2
MAR03689,Formation and hydrolysis of cholesterol esters,1.1,2
MAR03690,Formation and hydrolysis of cholesterol esters,1.1,2
MAR03691,Formation and hydrolysis of cholesterol esters,1.1,2
MAR03692,Formation and hydrolysis of cholesterol esters,1.1,2
MAR03693,Formation and hydrolysis of cholesterol esters,1.1,2
MAR03694,Formation and hydrolysis of cholesterol esters,1.1,2
MAR03695,Formation and hydrolysis of cholesterol esters,1.1,2
MAR03696,Formation and hydrolysis of cholesterol esters,1.1,2
MAR03697,Formation and hydrolysis of cholesterol esters,1.1,2
MAR03698,Formation and hydrolysis of cholesterol esters,1.1,2
MAR03699,Formation and hydrolysis of cholesterol esters,1.1,2
MAR03700,Formation and hydrolysis of cholesterol esters,1.1,2
MAR03701,Formation and hydrolysis of cholesterol esters,1.1,2
MAR03702,Formation and hydrolysis of cholesterol esters,1.1,2
MAR03703,Formation and hydrolysis of cholesterol esters,1.1,2
MAR03704,Formation and hydrolysis of cholesterol esters,1.1,2
MAR03705,Formation and hydrolysis of cholesterol esters,1.1,2
MAR03706,Formation and hydrolysis of cholesterol esters,1.1,2
MAR03707,Formation and hydrolysis of cholesterol esters,1.1,2
MAR03708,Formation and hydrolysis of cholesterol esters,1.1,2
MAR03709,Formation and hydrolysis of cholesterol esters,1.1,2
MAR03710,Formation and hydrolysis of cholesterol esters,1.1,2
MAR03711,Formation and hydrolysis of cholesterol esters,1.1,2
MAR03712,Formation and hydrolysis of cholesterol esters,1.1,2
MAR03713,Formation and hydrolysis of cholesterol esters,1.1,2
MAR03714,Formation and hydrolysis of cholesterol esters,1.1,2
MAR03715,Formation and hydrolysis of cholesterol esters,1.1,2
MAR03716,Formation and hydrolysis of cholesterol esters,1.1,2
MAR03717,Formation and hydrolysis of cholesterol esters,1.1,2
MAR03718,Formation and hydrolysis of cholesterol esters,1.1,2
MAR03719,Formation and hydrolysis of cholesterol esters,1.1,2
MAR03720,Formation and hydrolysis of cholesterol esters,1.1,2
MAR03721,Formation and hydrolysis of cholesterol esters,1.1,2
MAR03722,Formation and hydrolysis of cholesterol esters,1.1,2
MAR03723,Formation and hydrolysis of cholesterol esters,1.1,2
MAR03724,Formation and hydrolysis of cholesterol esters,1.1,2
MAR03725,Formation and hydrolysis of cholesterol esters,1.1,2
MAR03726,Formation and hydrolysis of cholesterol esters,1.1,2
MAR03727,Formation and hydrolysis of cholesterol esters,1.1,2
MAR03728,Formation and hydrolysis of cholesterol esters,1.1,2
MAR03729,Formation and hydrolysis of cholesterol esters,1.1,2
MAR03730,Formation and hydrolysis of cholesterol esters,1.1,2
MAR03731,Formation and hydrolysis of cholesterol esters,1.1,2
MAR03732,Formation and hydrolysis of cholesterol esters,1.1,2
MAR03733,Formation and hydrolysis of cholesterol esters,1.1,2
MAR03734,Formation and hydrolysis of cholesterol esters,1.1,2
MAR03735,Formation and hydrolysis of cholesterol esters,1.1,2
MAR03736,Formation and hydrolysis of cholesterol esters,1.1,2
MAR03737,Formation and hydrolysis of cholesterol esters,1.1,2
MAR03738,Formation and hydrolysis of cholesterol esters,1.1,2
MAR03739,Formation and hydrolysis of cholesterol esters,1.1,2
MAR03740,Formation and hydrolysis of cholesterol esters,1.1,2
MAR03741,Formation and hydrolysis of cholesterol esters,1.1,2
MAR03742,Formation and hydrolysis of cholesterol esters,1.1,2
MAR00715,Sphingolipid metabolism,1.1,2
MAR00716,Sphingolipid metabolism,1.226769392697557,5
MAR00733,Sphingolipid metabolism,1.258461740871946,4
MAR00735,Sphingolipid metabolism,1.1,2
MAR00736,Sphingolipid metabolism,1.1,2
MAR00738,Sphingolipid metabolism,1.1,3
MAR00741,Sphingolipid metabolism,1.1,1
MAR00744,Sphingolipid metabolism,1.8010846465615926,3
MAR00746,Sphingolipid metabolism,1.4331961663333208,6
MAR00748,Sphingolipid metabolism,1.1,1
MAR00750,Sphingolipid metabolism,1.1,6
MAR00753,Sphingolipid metabolism,1.226769392697557,5
MAR00754,Sphingolipid metabolism,1.1,2
MAR00758,Sphingolipid metabolism,1.1,6
MAR00760,Sphingolipid metabolism,7.344646114031697,1
MAR00761,Sphingolipid metabolism,1.1,1
MAR00762,Sphingolipid metabolism,1.1,3
MAR00763,Sphingolipid metabolism,1.1,0
MAR00765,Sphingolipid metabolism,1.2493542810141463,48
MAR00766,Sphingolipid metabolism,1.2374843700792317,3
MAR00767,Sphingolipid metabolism,1.2817433634545385,11
MAR00773,Sphingolipid metabolism,1.8010846465615926,3
MAR00775,Sphingolipid metabolism,1.4331961663333208,6
MAR00779,Sphingolipid metabolism,1.1,1
MAR00781,Sphingolipid metabolism,1.1,0
MAR00783,Sphingolipid metabolism,1.1,3
MAR00795,Sphingolipid metabolism,1.1333075694380332,5
MAR08147,Sphingolipid metabolism,1.1,1
MAR08148,Sphingolipid metabolism,2.9085859540882564,1
MAR08149,Sphingolipid metabolism,1.1,1
MAR08150,Sphingolipid metabolism,1.1,1
MAR08151,Sphingolipid metabolism,1.1,1
MAR08152,Sphingolipid metabolism,1.1,1
MAR08155,Sphingolipid metabolism,1.1,3
MAR08156,Sphingolipid metabolism,0.5390755437027869,1
MAR08159,Sphingolipid metabolism,0.5390755437027869,1
MAR08162,Sphingolipid metabolism,1.1,1
MAR08165,Sphingolipid metabolism,1.1,1
MAR08166,Sphingolipid metabolism,1.7667148528295635,1
MAR08167,Sphingolipid metabolism,1.1,3
MAR08168,Sphingolipid metabolism,1.1,4
MAR08169,Sphingolipid metabolism,0.5390755437027869,1
MAR08170,Sphingolipid metabolism,0.5390755437027869,1
MAR08171,Sphingolipid metabolism,1.1,1
MAR08172,Sphingolipid metabolism,0.5390755437027869,1
MAR08173,Sphingolipid metabolism,1.1,1
MAR08174,Sphingolipid metabolism,0.5390755437027869,1
MAR08175,Sphingolipid metabolism,1.1,1
MAR08176,Sphingolipid metabolism,0.5390755437027869,1
MAR08177,Sphingolipid metabolism,1.1,1
MAR08178,Sphingolipid metabolism,1.1,1
MAR08179,Sphingolipid metabolism,1.1,1
MAR08180,Sphingolipid metabolism,1.1,1
MAR08181,Sphingolipid metabolism,1.1,1
MAR08182,Sphingolipid metabolism,1.1,1
MAR08183,Sphingolipid metabolism,1.1,1
MAR08184,Sphingolipid metabolism,1.1,1
MAR08185,Sphingolipid metabolism,1.7667148528295635,1
MAR08186,Sphingolipid metabolism,1.7667148528295635,1
MAR08187,Sphingolipid metabolism,1.7667148528295635,1
MAR08188,Sphingolipid metabolism,1.1,3
MAR08189,Sphingolipid metabolism,1.1,3
MAR08190,Sphingolipid metabolism,1.1,1
MAR08191,Sphingolipid metabolism,1.1,1
MAR08192,Sphingolipid metabolism,1.1,1
MAR08194,Sphingolipid metabolism,1.1,1
MAR08197,Sphingolipid metabolism,1.1,0
MAR08198,Sphingolipid metabolism,1.1,1
MAR08201,Sphingolipid metabolism,2.1235387504172523,1
MAR00786,Sphingolipid metabolism,0.883775855920821,4
MAR08206,Sphingolipid metabolism,1.1,1
MAR08209,Sphingolipid metabolism,1.1,1
MAR08210,Sphingolipid metabolism,1.1,1
MAR08211,Sphingolipid metabolism,1.7338469634877836,1
MAR08212,Sphingolipid metabolism,1.1,1
MAR08217,Sphingolipid metabolism,1.1,1
MAR08219,Sphingolipid metabolism,1.1,2
MAR08220,Sphingolipid metabolism,1.1,2
MAR08221,Sphingolipid metabolism,1.1,2
MAR08224,Sphingolipid metabolism,1.1,1
MAR08226,Sphingolipid metabolism,1.1,1
MAR08227,Sphingolipid metabolism,1.1,1
MAR08228,Sphingolipid metabolism,1.1,1
MAR08233,Sphingolipid metabolism,1.1,1
MAR08235,Sphingolipid metabolism,1.1,1
MAR08237,Sphingolipid metabolism,1.1,1
MAR08238,Sphingolipid metabolism,1.1,1
MAR08242,Sphingolipid metabolism,1.1,1
MAR08245,Sphingolipid metabolism,1.1,0
MAR08246,Sphingolipid metabolism,1.1333075694380332,5
MAR08248,Sphingolipid metabolism,1.1,1
MAR08249,Sphingolipid metabolism,1.1,1
MAR08250,Sphingolipid metabolism,1.1,1
MAR08251,Sphingolipid metabolism,1.1,1
MAR00453,Glycerolipid metabolism,2.9321544886568556,10
MAR00456,Glycerolipid metabolism,4.517693525858667,5
MAR00458,Glycerolipid metabolism,2.9321544886568556,10
MAR00459,Glycerolipid metabolism,4.517693525858667,5
MAR00463,Glycerolipid metabolism,1.5489954467413938,18
MAR00486,Glycerolipid metabolism,1.1950206730608235,4
MAR00487,Glycerolipid metabolism,1.1950206730608235,4
MAR00488,Glycerolipid metabolism,1.1950206730608235,4
MAR00489,Glycerolipid metabolism,1.1950206730608235,4
MAR00490,Glycerolipid metabolism,1.1950206730608235,4
MAR00491,Glycerolipid metabolism,1.1950206730608235,4
MAR00492,Glycerolipid metabolism,1.1950206730608235,4
MAR00493,Glycerolipid metabolism,1.1950206730608235,4
MAR00494,Glycerolipid metabolism,1.1950206730608235,4
MAR00495,Glycerolipid metabolism,1.1950206730608235,4
MAR00496,Glycerolipid metabolism,1.1950206730608235,4
MAR00497,Glycerolipid metabolism,1.1950206730608235,4
MAR00498,Glycerolipid metabolism,1.1950206730608235,4
MAR00499,Glycerolipid metabolism,1.1950206730608235,4
MAR00500,Glycerolipid metabolism,1.1950206730608235,4
MAR00501,Glycerolipid metabolism,1.1950206730608235,4
MAR00502,Glycerolipid metabolism,1.1950206730608235,4
MAR00503,Glycerolipid metabolism,1.1950206730608235,4
MAR00504,Glycerolipid metabolism,1.1950206730608235,4
MAR00505,Glycerolipid metabolism,1.1950206730608235,4
MAR00506,Glycerolipid metabolism,1.1950206730608235,4
MAR00507,Glycerolipid metabolism,1.1950206730608235,4
MAR00508,Glycerolipid metabolism,1.1950206730608235,4
MAR00509,Glycerolipid metabolism,1.1950206730608235,4
MAR00510,Glycerolipid metabolism,1.1950206730608235,4
MAR00511,Glycerolipid metabolism,1.1950206730608235,4
MAR00512,Glycerolipid metabolism,1.1950206730608235,4
MAR00513,Glycerolipid metabolism,1.1950206730608235,4
MAR00514,Glycerolipid metabolism,1.1950206730608235,4
MAR00515,Glycerolipid metabolism,1.1950206730608235,4
MAR00516,Glycerolipid metabolism,1.1950206730608235,4
MAR00517,Glycerolipid metabolism,1.1950206730608235,4
MAR00518,Glycerolipid metabolism,1.1950206730608235,4
MAR00519,Glycerolipid metabolism,1.1950206730608235,4
MAR00520,Glycerolipid metabolism,1.1950206730608235,4
MAR00521,Glycerolipid metabolism,1.1950206730608235,4
MAR00522,Glycerolipid metabolism,1.1950206730608235,4
MAR00523,Glycerolipid metabolism,1.1950206730608235,4
MAR00524,Glycerolipid metabolism,1.1950206730608235,4
MAR00525,Glycerolipid metabolism,1.1950206730608235,4
MAR00526,Glycerolipid metabolism,1.1950206730608235,4
MAR00527,Glycerolipid metabolism,1.1950206730608235,4
MAR00528,Glycerolipid metabolism,1.1950206730608235,4
MAR00529,Glycerolipid metabolism,1.1950206730608235,4
MAR00530,Glycerolipid metabolism,1.1950206730608235,4
MAR00531,Glycerolipid metabolism,1.1950206730608235,4
MAR00532,Glycerolipid metabolism,1.1950206730608235,4
MAR00533,Glycerolipid metabolism,1.1950206730608235,4
MAR00534,Glycerolipid metabolism,1.1950206730608235,4
MAR00535,Glycerolipid metabolism,1.1950206730608235,4
MAR00536,Glycerolipid metabolism,1.1950206730608235,4
MAR00537,Glycerolipid metabolism,1.1950206730608235,4
MAR00538,Glycerolipid metabolism,1.1950206730608235,4
MAR00539,Glycerolipid metabolism,1.1950206730608235,4
MAR00540,Glycerolipid metabolism,1.1950206730608235,4
MAR00541,Glycerolipid metabolism,1.1950206730608235,4
MAR00542,Glycerolipid metabolism,1.1950206730608235,4
MAR00543,Glycerolipid metabolism,1.1950206730608235,4
MAR00544,Glycerolipid metabolism,1.1950206730608235,4
MAR00588,Glycerolipid metabolism,1.1,9
MAR00596,Glycerolipid metabolism,1.2817433634545385,11
MAR00673,Glycerolipid metabolism,1.1,1
MAR00674,Glycerolipid metabolism,1.1,1
MAR00675,Glycerolipid metabolism,1.1,1
MAR00676,Glycerolipid metabolism,1.1,1
MAR00677,Glycerolipid metabolism,1.1,1
MAR00678,Glycerolipid metabolism,1.1,1
MAR04296,Glycerolipid metabolism,1.1,1
MAR04390,Glycerolipid metabolism,2.4842042326313187,4
MAR05254,Glycerolipid metabolism,1.5489954467413938,18
MAR07599,Glycerolipid metabolism,1.1,2
MAR00448,Glycerophospholipid metabolism,1.1,4
MAR00450,Glycerophospholipid metabolism,1.1,4
MAR00468,Glycerophospholipid metabolism,1.1,2
MAR00479,Glycerophospholipid metabolism,3.6175074081075276,2
MAR00481,Glycerophospholipid metabolism,3.6175074081075276,2
MAR00484,Glycerophospholipid metabolism,2.447477720003507,1
MAR00579,Glycerophospholipid metabolism,1.1950206730608235,4
MAR00580,Glycerophospholipid metabolism,1.1,9
MAR00581,Glycerophospholipid metabolism,1.1,2
MAR00582,Glycerophospholipid metabolism,0.5276043551298003,1
MAR00584,Glycerophospholipid metabolism,1.1,0
MAR00586,Glycerophospholipid metabolism,1.1,1
MAR00589,Glycerophospholipid metabolism,1.1,9
MAR00590,Glycerophospholipid metabolism,1.1,9
MAR00591,Glycerophospholipid metabolism,1.1,9
MAR00592,Glycerophospholipid metabolism,1.1,9
MAR00593,Glycerophospholipid metabolism,1.1,9
MAR00594,Glycerophospholipid metabolism,1.1,9
MAR00597,Glycerophospholipid metabolism,1.2817433634545385,11
MAR00598,Glycerophospholipid metabolism,1.2817433634545385,11
MAR00599,Glycerophospholipid metabolism,1.2817433634545385,11
MAR00600,Glycerophospholipid metabolism,1.2817433634545385,11
MAR00601,Glycerophospholipid metabolism,1.2817433634545385,11
MAR00602,Glycerophospholipid metabolism,1.2817433634545385,11
MAR00610,Glycerophospholipid metabolism,1.1,1
MAR00613,Glycerophospholipid metabolism,1.1,1
MAR00614,Glycerophospholipid metabolism,1.1,2
MAR00615,Glycerophospholipid metabolism,1.1,2
MAR00616,Glycerophospholipid metabolism,1.1,1
MAR00622,Glycerophospholipid metabolism,1.1,1
MAR00623,Glycerophospholipid metabolism,1.1,1
MAR00625,Glycerophospholipid metabolism,1.1,2
MAR00627,Glycerophospholipid metabolism,1.1,1
MAR00629,Glycerophospholipid metabolism,1.1,3
MAR00630,Glycerophospholipid metabolism,1.5489954467413938,18
MAR00632,Glycerophospholipid metabolism,1.2111290076389776,4
MAR00633,Glycerophospholipid metabolism,1.1722564432236644,10
MAR00634,Glycerophospholipid metabolism,1.9573283344899577,1
MAR00635,Glycerophospholipid metabolism,1.1,1
MAR00636,Glycerophospholipid metabolism,1.1,2
MAR00638,Glycerophospholipid metabolism,1.9519123808601915,2
MAR00640,Glycerophospholipid metabolism,1.1,1
MAR00641,Glycerophospholipid metabolism,1.1,2
MAR00642,Glycerophospholipid metabolism,0.6979005783262663,2
MAR00643,Glycerophospholipid metabolism,1.5489954467413938,18
MAR00644,Glycerophospholipid metabolism,1.2111290076389776,4
MAR00645,Glycerophospholipid metabolism,1.1722564432236644,10
MAR00646,Glycerophospholipid metabolism,1.1,1
MAR00647,Glycerophospholipid metabolism,1.1,0
MAR00648,Glycerophospholipid metabolism,1.1,4
MAR00649,Glycerophospholipid metabolism,1.1,1
MAR00651,Glycerophospholipid metabolism,1.1,1
MAR00653,Glycerophospholipid metabolism,1.9674925382742992,1
MAR00654,Glycerophospholipid metabolism,1.9674925382742992,1
MAR00657,Glycerophospholipid metabolism,1.9674925382742992,1
MAR00659,Exchange/demand reactions,1.1,0
MAR00660,Glycerophospholipid metabolism,0.6979005783262663,2
MAR04627,Glycerophospholipid metabolism,1.1,1
MAR04838,Glycerophospholipid metabolism,1.1,1
MAR04839,Glycerophospholipid metabolism,1.1,1
MAR07591,Glycerophospholipid metabolism,1.0026888723286511,1
MAR07594,Glycerophospholipid metabolism,1.1,1
MAR07597,Glycerophospholipid metabolism,1.1,0
MAR07601,Glycerophospholipid metabolism,1.1,0
MAR07611,Glycerophospholipid metabolism,1.4483050968885984,5
MAR07612,Glycerophospholipid metabolism,0.1506999896786709,1
MAR07613,Glycerophospholipid metabolism,1.1,2
MAR07755,Glycerophospholipid metabolism,0.12736599063627363,1
MAR08362,Glycerophospholipid metabolism,1.1,1
MAR08421,Glycerophospholipid metabolism,1.1,2
MAR08424,Glycerophospholipid metabolism,1.1,1
MAR08518,Glycerophospholipid metabolism,1.4483050968885984,5
MAR08519,Glycerophospholipid metabolism,0.1506999896786709,1
MAR08521,Glycerophospholipid metabolism,1.2481720101853035,3
MAR08522,Glycerophospholipid metabolism,1.1,0
MAR08523,Glycerophospholipid metabolism,0.6979005783262663,2
MAR08525,Glycerophospholipid metabolism,0.6979005783262663,2
MAR09805,Glycerophospholipid metabolism,1.1,1
MAR00815,Glycosphingolipid biosynthesis-ganglio series,1.1,1
MAR00816,Glycosphingolipid biosynthesis-ganglio series,1.7667148528295635,1
MAR00817,Glycosphingolipid biosynthesis-ganglio series,1.1,3
MAR00819,Glycosphingolipid biosynthesis-ganglio series,0.883775855920821,4
MAR00820,Glycosphingolipid biosynthesis-ganglio series,1.1,1
MAR00821,Glycosphingolipid biosynthesis-ganglio series,1.2877092708057705,3
MAR00822,Glycosphingolipid biosynthesis-ganglio series,1.1,1
MAR00823,Glycosphingolipid biosynthesis-ganglio series,1.1,4
MAR00824,Glycosphingolipid biosynthesis-ganglio series,1.1,1
MAR00825,Glycosphingolipid biosynthesis-ganglio series,1.1,4
MAR00827,Glycosphingolipid biosynthesis-ganglio series,1.1,1
MAR00828,Glycosphingolipid biosynthesis-ganglio series,1.2877092708057705,3
MAR00829,Glycosphingolipid biosynthesis-ganglio series,1.7667148528295635,1
MAR00830,Glycosphingolipid biosynthesis-ganglio series,0.883775855920821,4
MAR00837,Glycosphingolipid biosynthesis-ganglio series,1.1,3
MAR00838,Glycosphingolipid biosynthesis-ganglio series,1.1,4
MAR00839,Glycosphingolipid biosynthesis-ganglio series,1.1,1
MAR00840,Glycosphingolipid biosynthesis-ganglio series,1.1,1
MAR00841,Glycosphingolipid biosynthesis-ganglio series,1.1,1
MAR00842,Glycosphingolipid biosynthesis-ganglio series,1.1,1
MAR00843,Glycosphingolipid biosynthesis-ganglio series,1.7667148528295635,1
MAR00844,Glycosphingolipid biosynthesis-ganglio series,1.1,3
MAR00845,Glycosphingolipid biosynthesis-ganglio series,1.1,4
MAR00846,Glycosphingolipid biosynthesis-ganglio series,1.1,1
MAR00847,Glycosphingolipid biosynthesis-ganglio series,1.1,4
MAR00848,Glycosphingolipid biosynthesis-ganglio series,1.1,1
MAR00849,Glycosphingolipid biosynthesis-ganglio series,1.1,2
MAR00850,Glycosphingolipid biosynthesis-ganglio series,1.1,4
MAR00851,Glycosphingolipid biosynthesis-ganglio series,1.1,1
MAR00852,Glycosphingolipid biosynthesis-ganglio series,1.1,1
MAR00853,Glycosphingolipid biosynthesis-ganglio series,1.1,1
MAR00854,Glycosphingolipid biosynthesis-ganglio series,1.1,1
MAR00855,Glycosphingolipid biosynthesis-ganglio series,1.1,2
MAR00856,Glycosphingolipid biosynthesis-ganglio series,1.1,1
MAR00857,Glycosphingolipid biosynthesis-ganglio series,1.7667148528295635,1
MAR00858,Glycosphingolipid biosynthesis-ganglio series,0.5390755437027869,1
MAR00928,Glycosphingolipid biosynthesis-ganglio series,1.1,1
MAR00801,Glycosphingolipid biosynthesis-globo series,2.9085859540882564,1
MAR00803,Glycosphingolipid biosynthesis-globo series,1.1,1
MAR00805,Glycosphingolipid biosynthesis-globo series,1.1,1
MAR00806,Glycosphingolipid biosynthesis-globo series,1.1,1
MAR00807,Glycosphingolipid biosynthesis-globo series,1.2877092708057705,3
MAR00809,Glycosphingolipid biosynthesis-globo series,1.1,1
MAR00810,Glycosphingolipid biosynthesis-globo series,1.1,1
MAR00811,Glycosphingolipid biosynthesis-globo series,2.1235387504172523,1
MAR00812,Glycosphingolipid biosynthesis-globo series,1.1,3
MAR00813,Glycosphingolipid biosynthesis-globo series,1.1,2
MAR00814,Glycosphingolipid biosynthesis-globo series,1.1,1
MAR00859,Glycosphingolipid biosynthesis-lacto and neolacto series,1.1,1
MAR00860,Glycosphingolipid biosynthesis-lacto and neolacto series,1.1,3
MAR00861,Glycosphingolipid biosynthesis-lacto and neolacto series,1.1,2
MAR00862,Glycosphingolipid biosynthesis-lacto and neolacto series,1.1,3
MAR00863,Glycosphingolipid biosynthesis-lacto and neolacto series,1.1,3
MAR00864,Glycosphingolipid biosynthesis-lacto and neolacto series,1.1,2
MAR00865,Glycosphingolipid biosynthesis-lacto and neolacto series,1.1,1
MAR00866,Glycosphingolipid biosynthesis-lacto and neolacto series,1.1,2
MAR00867,Glycosphingolipid biosynthesis-lacto and neolacto series,1.1,1
MAR00868,Glycosphingolipid biosynthesis-lacto and neolacto series,1.1,1
MAR00870,Glycosphingolipid biosynthesis-lacto and neolacto series,1.1,3
MAR00871,Glycosphingolipid biosynthesis-lacto and neolacto series,1.1,3
MAR00873,Glycosphingolipid biosynthesis-lacto and neolacto series,1.1,3
MAR00875,Glycosphingolipid biosynthesis-lacto and neolacto series,1.1,4
MAR00876,Glycosphingolipid biosynthesis-lacto and neolacto series,1.1,1
MAR00877,Glycosphingolipid biosynthesis-lacto and neolacto series,1.1,1
MAR00878,Glycosphingolipid biosynthesis-lacto and neolacto series,1.1,3
MAR00879,Glycosphingolipid biosynthesis-lacto and neolacto series,1.1,1
MAR00880,Glycosphingolipid biosynthesis-lacto and neolacto series,1.1,2
MAR00881,Glycosphingolipid biosynthesis-lacto and neolacto series,1.1,1
MAR00882,Glycosphingolipid biosynthesis-lacto and neolacto series,1.1,3
MAR00883,Glycosphingolipid biosynthesis-lacto and neolacto series,1.1,2
MAR00884,Glycosphingolipid biosynthesis-lacto and neolacto series,1.1,1
MAR00885,Glycosphingolipid biosynthesis-lacto and neolacto series,1.1,0
MAR00886,Glycosphingolipid biosynthesis-lacto and neolacto series,1.1,2
MAR00887,Glycosphingolipid biosynthesis-lacto and neolacto series,1.1,1
MAR00888,Glycosphingolipid biosynthesis-lacto and neolacto series,1.1,5
MAR00889,Glycosphingolipid biosynthesis-lacto and neolacto series,1.1,4
MAR00890,Glycosphingolipid biosynthesis-lacto and neolacto series,1.1,4
MAR00891,Glycosphingolipid biosynthesis-lacto and neolacto series,1.1,4
MAR00892,Glycosphingolipid biosynthesis-lacto and neolacto series,1.1,1
MAR00893,Glycosphingolipid biosynthesis-lacto and neolacto series,1.1,5
MAR00894,Glycosphingolipid biosynthesis-lacto and neolacto series,1.1,5
MAR00895,Glycosphingolipid biosynthesis-lacto and neolacto series,1.1,5
MAR00896,Glycosphingolipid biosynthesis-lacto and neolacto series,1.1,5
MAR00897,Glycosphingolipid biosynthesis-lacto and neolacto series,1.1,5
MAR00898,Glycosphingolipid biosynthesis-lacto and neolacto series,1.1,2
MAR00899,Glycosphingolipid biosynthesis-lacto and neolacto series,1.1,5
MAR00900,Glycosphingolipid biosynthesis-lacto and neolacto series,1.1,5
MAR00901,Glycosphingolipid biosynthesis-lacto and neolacto series,1.1,1
MAR00902,Glycosphingolipid biosynthesis-lacto and neolacto series,1.1,1
MAR00903,Glycosphingolipid biosynthesis-lacto and neolacto series,1.1,0
MAR00904,Glycosphingolipid biosynthesis-lacto and neolacto series,1.1,2
MAR00905,Glycosphingolipid biosynthesis-lacto and neolacto series,1.1,1
MAR00906,Glycosphingolipid biosynthesis-lacto and neolacto series,1.1,1
MAR00907,Glycosphingolipid biosynthesis-lacto and neolacto series,1.1,0
MAR00908,Glycosphingolipid biosynthesis-lacto and neolacto series,1.1,2
MAR00909,Glycosphingolipid biosynthesis-lacto and neolacto series,1.1,2
MAR00910,Glycosphingolipid biosynthesis-lacto and neolacto series,1.1,1
MAR00911,Glycosphingolipid biosynthesis-lacto and neolacto series,1.1,5
MAR00912,Glycosphingolipid biosynthesis-lacto and neolacto series,1.1,0
MAR00787,Glycosphingolipid metabolism,1.1,2
MAR00790,Glycosphingolipid metabolism,1.1,3
MAR00792,Glycosphingolipid metabolism,1.1,1
MAR00793,Glycosphingolipid metabolism,1.1,1
MAR00794,Glycosphingolipid metabolism,1.1,1
MAR00797,Glycosphingolipid metabolism,1.1333075694380332,5
MAR00804,Glycosphingolipid metabolism,1.2877092708057705,3
MAR00808,Glycosphingolipid metabolism,1.2877092708057705,3
MAR00826,Glycosphingolipid metabolism,1.1,4
MAR00832,Glycosphingolipid metabolism,0.883775855920821,4
MAR00834,Glycosphingolipid metabolism,1.1,5
MAR00835,Glycosphingolipid metabolism,2.200558163068111,1
MAR00836,Glycosphingolipid metabolism,1.2877092708057705,3
MAR00914,Glycosphingolipid metabolism,1.1,1
MAR00915,Glycosphingolipid metabolism,1.1,1
MAR00919,Glycosphingolipid metabolism,1.1,1
MAR00920,Glycosphingolipid metabolism,1.1,1
MAR00921,Glycosphingolipid metabolism,1.1,1
MAR00924,Glycosphingolipid metabolism,1.2493542810141463,48
MAR00925,Glycosphingolipid metabolism,1.2493542810141463,48
MAR00926,Glycosphingolipid metabolism,1.2493542810141463,48
MAR07188,Glycosylphosphatidylinositol (GPI)-anchor biosynthesis,1.0699047069180105,1
MAR08378,Glycosylphosphatidylinositol (GPI)-anchor biosynthesis,1.1,2
MAR08379,Glycosylphosphatidylinositol (GPI)-anchor biosynthesis,1.2202609279390528,8
MAR07185,Glycosylphosphatidylinositol (GPI)-anchor biosynthesis,1.2202609279390528,8
MAR08380,Glycosylphosphatidylinositol (GPI)-anchor biosynthesis,1.1,1
MAR07186,Glycosylphosphatidylinositol (GPI)-anchor biosynthesis,1.1,1
MAR08381,Glycosylphosphatidylinositol (GPI)-anchor biosynthesis,1.1,1
MAR07187,Glycosylphosphatidylinositol (GPI)-anchor biosynthesis,1.1,1
MAR08383,Glycosylphosphatidylinositol (GPI)-anchor biosynthesis,0.7702373681951209,2
MAR08384,Glycosylphosphatidylinositol (GPI)-anchor biosynthesis,1.1,1
MAR08385,Glycosylphosphatidylinositol (GPI)-anchor biosynthesis,1.8965561654087797,1
MAR08387,Glycosylphosphatidylinositol (GPI)-anchor biosynthesis,1.1,1
MAR08388,Glycosylphosphatidylinositol (GPI)-anchor biosynthesis,1.8965561654087797,1
MAR08389,Glycosylphosphatidylinositol (GPI)-anchor biosynthesis,1.1,1
MAR08390,Glycosylphosphatidylinositol (GPI)-anchor biosynthesis,1.1,1
MAR08391,Glycosylphosphatidylinositol (GPI)-anchor biosynthesis,1.1,1
MAR08392,Glycosylphosphatidylinositol (GPI)-anchor biosynthesis,1.1,1
MAR08393,Glycosylphosphatidylinositol (GPI)-anchor biosynthesis,1.1,3
MAR08394,Glycosylphosphatidylinositol (GPI)-anchor biosynthesis,1.1,1
MAR08395,Glycosylphosphatidylinositol (GPI)-anchor biosynthesis,1.1,2
MAR08396,Glycosylphosphatidylinositol (GPI)-anchor biosynthesis,1.1,3
MAR08397,Glycosylphosphatidylinositol (GPI)-anchor biosynthesis,1.1,1
MAR08398,Glycosylphosphatidylinositol (GPI)-anchor biosynthesis,1.1,2
MAR08399,Glycosylphosphatidylinositol (GPI)-anchor biosynthesis,1.1,1
MAR08401,Glycosylphosphatidylinositol (GPI)-anchor biosynthesis,1.1,3
MAR08402,Glycosylphosphatidylinositol (GPI)-anchor biosynthesis,0.9182964630248102,5
MAR08403,Glycosylphosphatidylinositol (GPI)-anchor biosynthesis,1.007250586254256,1
MAR08404,Glycosylphosphatidylinositol (GPI)-anchor biosynthesis,0.9182964630248102,5
MAR08405,Glycosylphosphatidylinositol (GPI)-anchor biosynthesis,1.007250586254256,1
MAR08406,Glycosylphosphatidylinositol (GPI)-anchor biosynthesis,0.9182964630248102,5
MAR08407,Glycosylphosphatidylinositol (GPI)-anchor biosynthesis,0.9182964630248102,5
MAR01979,Glucocorticoid biosynthesis,1.1,2
MAR01980,Glucocorticoid biosynthesis,1.1,2
MAR01981,Glucocorticoid biosynthesis,1.1,1
MAR01985,Glucocorticoid biosynthesis,1.1,2
MAR01987,Glucocorticoid biosynthesis,1.1,2
MAR01988,Glucocorticoid biosynthesis,1.1,1
MAR01995,Glucocorticoid biosynthesis,1.1,2
MAR01996,Glucocorticoid biosynthesis,1.1,1
MAR01999,Glucocorticoid biosynthesis,1.1,4
MAR02000,Glucocorticoid biosynthesis,1.1,4
MAR02001,Glucocorticoid biosynthesis,1.1,4
MAR01305,Prostaglandin biosynthesis,1.4052064654420697,2
MAR01307,Prostaglandin biosynthesis,1.4052064654420697,2
MAR01308,Prostaglandin biosynthesis,0.4945542720196109,1
MAR01310,Prostaglandin biosynthesis,1.1,0
MAR01312,Prostaglandin biosynthesis,1.3180063800638004,3
MAR01313,Prostaglandin biosynthesis,1.1,1
MAR01315,Prostaglandin biosynthesis,1.1,0
MAR01317,Prostaglandin biosynthesis,1.1,0
MAR01318,Prostaglandin biosynthesis,1.1,0
MAR01319,Prostaglandin biosynthesis,1.1,0
MAR01320,Prostaglandin biosynthesis,1.1,0
MAR01321,Prostaglandin biosynthesis,3.1035061737414207,2
MAR01322,Prostaglandin biosynthesis,1.1,0
MAR01323,Prostaglandin biosynthesis,1.1,0
MAR01324,Prostaglandin biosynthesis,1.1,0
MAR01325,Prostaglandin biosynthesis,1.1,1
MAR01326,Prostaglandin biosynthesis,1.1,1
MAR01327,Prostaglandin biosynthesis,1.3952068967973317,4
MAR01328,Prostaglandin biosynthesis,1.1,0
MAR01329,Prostaglandin biosynthesis,1.1,1
MAR01330,Prostaglandin biosynthesis,1.1335208849430254,2
MAR01332,Prostaglandin biosynthesis,1.1,0
MAR01333,Prostaglandin biosynthesis,1.1,0
MAR01334,Prostaglandin biosynthesis,1.1,0
MAR01335,Prostaglandin biosynthesis,1.1,0
MAR01336,Prostaglandin biosynthesis,1.1,0
MAR01337,Prostaglandin biosynthesis,1.1,0
MAR01338,Prostaglandin biosynthesis,1.1,0
MAR01339,Prostaglandin biosynthesis,1.1,1
MAR01341,Prostaglandin biosynthesis,1.1,0
MAR01342,Prostaglandin biosynthesis,1.1,0
MAR01343,Prostaglandin biosynthesis,1.1,0
MAR01344,Prostaglandin biosynthesis,1.1,1
MAR01345,Prostaglandin biosynthesis,1.1,0
MAR01346,Prostaglandin biosynthesis,1.1,1
MAR01347,Prostaglandin biosynthesis,1.1,1
MAR01350,Prostaglandin biosynthesis,1.4052064654420697,2
MAR01352,Prostaglandin biosynthesis,1.2817433634545385,11
MAR01355,Prostaglandin biosynthesis,1.1,0
MAR01356,Prostaglandin biosynthesis,1.1,0
MAR01357,Prostaglandin biosynthesis,1.1,0
MAR01358,Prostaglandin biosynthesis,1.1,0
MAR01359,Prostaglandin biosynthesis,1.1,0
MAR01360,Prostaglandin biosynthesis,1.1,0
MAR01361,Prostaglandin biosynthesis,1.1,0
MAR01362,Prostaglandin biosynthesis,1.1,0
MAR01363,Prostaglandin biosynthesis,1.1,0
MAR01364,Prostaglandin biosynthesis,1.1,0
MAR01365,Prostaglandin biosynthesis,1.1,0
MAR01366,Prostaglandin biosynthesis,1.1,0
MAR01367,Prostaglandin biosynthesis,1.688053843634778,22
MAR01370,Prostaglandin biosynthesis,1.7160564076173865,21
MAR01373,Prostaglandin biosynthesis,1.1,0
MAR01374,Prostaglandin biosynthesis,1.1,0
MAR01375,Prostaglandin biosynthesis,1.1,0
MAR01376,Prostaglandin biosynthesis,1.1,0
MAR01379,Prostaglandin biosynthesis,1.7160564076173865,21
MAR01382,Prostaglandin biosynthesis,1.1,1
MAR01383,Prostaglandin biosynthesis,1.1,0
MAR01384,Prostaglandin biosynthesis,1.7160564076173865,21
MAR01387,Prostaglandin biosynthesis,1.1,1
MAR01388,Prostaglandin biosynthesis,1.3417954471048903,2
MAR01389,Prostaglandin biosynthesis,1.1,0
MAR01390,Prostaglandin biosynthesis,1.4052064654420697,2
MAR01391,Prostaglandin biosynthesis,1.4052064654420697,2
MAR01393,Prostaglandin biosynthesis,1.4052064654420697,2
MAR01394,Prostaglandin biosynthesis,1.3180063800638004,3
MAR01395,Prostaglandin biosynthesis,3.1035061737414207,2
MAR01398,Prostaglandin biosynthesis,1.7160564076173865,21
MAR01401,Prostaglandin biosynthesis,1.1,0
MAR01402,Prostaglandin biosynthesis,1.1,0
MAR00703,Ether lipid metabolism,1.1,2
MAR00705,Ether lipid metabolism,1.1,1
MAR00706,Ether lipid metabolism,1.1,1
MAR00708,Ether lipid metabolism,1.1,1
MAR07598,Ether lipid metabolism,1.2817433634545385,11
MAR07600,Ether lipid metabolism,1.1,2
MAR07602,Ether lipid metabolism,1.2111290076389776,4
MAR07603,Ether lipid metabolism,1.5489954467413938,18
MAR07604,Ether lipid metabolism,1.1,2
MAR07605,Ether lipid metabolism,0.6979005783262663,2
MAR07606,Ether lipid metabolism,1.1,1
MAR07607,Ether lipid metabolism,2.43271789091903,1
MAR07610,Ether lipid metabolism,1.1,2
MAR07614,Ether lipid metabolism,1.2111290076389776,4
MAR07615,Ether lipid metabolism,1.5489954467413938,18
MAR07200,Chondroitin / heparan sulfate biosynthesis,3.483097122204175,2
MAR07202,Chondroitin / heparan sulfate biosynthesis,1.1,1
MAR07203,Chondroitin / heparan sulfate biosynthesis,0.8274159860540699,1
MAR07205,Chondroitin / heparan sulfate biosynthesis,1.1,3
MAR07206,Chondroitin / heparan sulfate biosynthesis,1.1,2
MAR07207,Chondroitin / heparan sulfate biosynthesis,1.7423415724400486,2
MAR07208,Chondroitin / heparan sulfate biosynthesis,1.381716392753687,2
MAR07209,Chondroitin / heparan sulfate biosynthesis,1.2408581963768435,4
MAR07210,Chondroitin / heparan sulfate biosynthesis,1.381716392753687,2
MAR07211,Chondroitin / heparan sulfate biosynthesis,1.2408581963768435,4
MAR07212,Chondroitin / heparan sulfate biosynthesis,1.381716392753687,2
MAR07213,Chondroitin / heparan sulfate biosynthesis,1.2408581963768435,4
MAR07214,Chondroitin / heparan sulfate biosynthesis,1.381716392753687,2
MAR07215,Chondroitin / heparan sulfate biosynthesis,1.2408581963768435,4
MAR07216,Chondroitin / heparan sulfate biosynthesis,1.1864032091700185,4
MAR07217,Chondroitin / heparan sulfate biosynthesis,1.1,1
MAR07218,Chondroitin / heparan sulfate biosynthesis,1.1,1
MAR07219,Chondroitin / heparan sulfate biosynthesis,1.1,3
MAR07220,Chondroitin / heparan sulfate biosynthesis,1.1,3
MAR07221,Chondroitin / heparan sulfate biosynthesis,1.1,3
MAR07222,Chondroitin / heparan sulfate biosynthesis,1.1,6
MAR07490,Chondroitin / heparan sulfate biosynthesis,1.1,0
MAR07491,Chondroitin / heparan sulfate biosynthesis,1.6433388679364225,4
MAR07492,Chondroitin / heparan sulfate biosynthesis,1.1,1
MAR07493,Chondroitin / heparan sulfate biosynthesis,1.1860005787082954,4
MAR07494,Chondroitin / heparan sulfate biosynthesis,1.1688004629666364,5
MAR07495,Chondroitin / heparan sulfate biosynthesis,1.1860005787082954,4
MAR07496,Chondroitin / heparan sulfate biosynthesis,1.1688004629666364,5
MAR07497,Chondroitin / heparan sulfate biosynthesis,1.1,0
MAR07498,Chondroitin / heparan sulfate biosynthesis,1.6433388679364225,4
MAR07509,Chondroitin / heparan sulfate biosynthesis,1.6433388679364225,4
MAR07510,Chondroitin / heparan sulfate biosynthesis,1.919826839606758,2
MAR07519,Chondroitin / heparan sulfate biosynthesis,2.3519928829718975,3
MAR07520,Chondroitin / heparan sulfate biosynthesis,1.1860005787082954,4
MAR07521,Chondroitin / heparan sulfate biosynthesis,1.1688004629666364,5
MAR07522,Chondroitin / heparan sulfate biosynthesis,2.3519928829718975,3
MAR07534,Chondroitin / heparan sulfate biosynthesis,1.1,1
MAR07535,Chondroitin / heparan sulfate biosynthesis,1.1860005787082954,4
MAR07536,Chondroitin / heparan sulfate biosynthesis,1.1688004629666364,5
MAR07537,Chondroitin / heparan sulfate biosynthesis,2.3519928829718975,3
MAR07538,Chondroitin / heparan sulfate biosynthesis,1.1,1
MAR07551,Chondroitin / heparan sulfate biosynthesis,1.6433388679364225,4
MAR07552,Chondroitin / heparan sulfate biosynthesis,2.3519928829718975,3
MAR07553,Chondroitin / heparan sulfate biosynthesis,1.1,1
MAR07554,Chondroitin / heparan sulfate biosynthesis,1.1,0
MAR07501,Chondroitin sulfate degradation,1.1,0
MAR07502,Chondroitin sulfate degradation,2.2282539503497945,1
MAR07503,Chondroitin sulfate degradation,1.3388735023295162,8
MAR07504,Chondroitin sulfate degradation,1.2877092708057705,3
MAR07505,Chondroitin sulfate degradation,1.1,2
MAR07506,Chondroitin sulfate degradation,2.2282539503497945,1
MAR07507,Chondroitin sulfate degradation,1.3388735023295162,8
MAR07508,Chondroitin sulfate degradation,1.1,0
MAR07513,Chondroitin sulfate degradation,1.1,0
MAR07514,Chondroitin sulfate degradation,2.2282539503497945,1
MAR07515,Chondroitin sulfate degradation,1.3388735023295162,8
MAR07516,Chondroitin sulfate degradation,1.2877092708057705,3
MAR07517,Chondroitin sulfate degradation,1.1,1
MAR07518,Chondroitin sulfate degradation,1.1,1
MAR07525,Chondroitin sulfate degradation,1.1,0
MAR07526,Chondroitin sulfate degradation,0.8354198839302335,4
MAR07527,Chondroitin sulfate degradation,1.2877092708057705,3
MAR07528,Chondroitin sulfate degradation,1.2877092708057705,3
MAR07529,Chondroitin sulfate degradation,1.1,2
MAR07530,Chondroitin sulfate degradation,0.8354198839302335,4
MAR07531,Chondroitin sulfate degradation,1.2877092708057705,3
MAR07532,Chondroitin sulfate degradation,1.2877092708057705,3
MAR07533,Chondroitin sulfate degradation,1.1,0
MAR07541,Chondroitin sulfate degradation,1.1,0
MAR07542,Chondroitin sulfate degradation,0.8354198839302335,4
MAR07543,Chondroitin sulfate degradation,1.2877092708057705,3
MAR07544,Chondroitin sulfate degradation,1.2877092708057705,3
MAR07545,Chondroitin sulfate degradation,1.1,0
MAR07546,Chondroitin sulfate degradation,1.1,2
MAR07547,Chondroitin sulfate degradation,0.8354198839302335,4
MAR07548,Chondroitin sulfate degradation,1.2877092708057705,3
MAR07549,Chondroitin sulfate degradation,1.2877092708057705,3
MAR07550,Chondroitin sulfate degradation,1.1,0
MAR07557,Chondroitin sulfate degradation,1.1,0
MAR07558,Chondroitin sulfate degradation,2.2282539503497945,1
MAR07559,Chondroitin sulfate degradation,1.3388735023295162,8
MAR07560,Chondroitin sulfate degradation,0.8354198839302335,4
MAR07561,Chondroitin sulfate degradation,1.2877092708057705,3
MAR07562,Chondroitin sulfate degradation,1.1,2
MAR07563,Chondroitin sulfate degradation,1.2877092708057705,3
MAR07564,Chondroitin sulfate degradation,2.2282539503497945,1
MAR07565,Chondroitin sulfate degradation,1.3577831938985594,8
MAR07566,Chondroitin sulfate degradation,1.2877092708057705,3
MAR07567,Chondroitin sulfate degradation,1.1,0
MAR07225,Heparan sulfate degradation,1.1,2
MAR07226,Heparan sulfate degradation,0.9178550497511696,1
MAR07227,Heparan sulfate degradation,0.5893983013810711,1
MAR07228,Heparan sulfate degradation,0.9168246671463519,1
MAR07229,Heparan sulfate degradation,1.4349943650304609,1
MAR07230,Heparan sulfate degradation,1.1,1
MAR07231,Heparan sulfate degradation,0.9178550497511696,1
MAR07232,Heparan sulfate degradation,0.5893983013810711,1
MAR07233,Heparan sulfate degradation,0.9168246671463519,1
MAR07234,Heparan sulfate degradation,1.4349943650304609,1
MAR07235,Heparan sulfate degradation,1.1,2
MAR07236,Heparan sulfate degradation,1.1,0
MAR07237,Heparan sulfate degradation,0.9178550497511696,1
MAR07238,Heparan sulfate degradation,0.5893983013810711,1
MAR07239,Heparan sulfate degradation,0.9168246671463519,1
MAR07240,Heparan sulfate degradation,1.4349943650304609,1
MAR07241,Heparan sulfate degradation,1.1,1
MAR07242,Heparan sulfate degradation,1.1,1
MAR07243,Heparan sulfate degradation,1.1,0
MAR07244,Heparan sulfate degradation,0.5893983013810711,1
MAR07245,Heparan sulfate degradation,0.9168246671463519,1
MAR07246,Heparan sulfate degradation,1.4349943650304609,1
MAR07247,Heparan sulfate degradation,1.1,1
MAR07248,Heparan sulfate degradation,1.1,1
MAR07249,Heparan sulfate degradation,1.1,0
MAR07250,Heparan sulfate degradation,1.4349943650304609,1
MAR07251,Heparan sulfate degradation,1.1,0
MAR07571,Heparan sulfate degradation,1.1,2
MAR07572,Heparan sulfate degradation,1.2877092708057705,3
MAR07573,Heparan sulfate degradation,1.1,1
MAR07335,Keratan sulfate biosynthesis,1.1,2
MAR07336,Keratan sulfate biosynthesis,1.1,7
MAR07337,Keratan sulfate biosynthesis,1.1,4
MAR07338,Keratan sulfate biosynthesis,1.1,7
MAR07339,Keratan sulfate biosynthesis,1.1,4
MAR07340,Keratan sulfate biosynthesis,1.1,4
MAR07341,Keratan sulfate biosynthesis,1.1,7
MAR07342,Keratan sulfate biosynthesis,1.1,4
MAR07343,Keratan sulfate biosynthesis,1.1,4
MAR07344,Keratan sulfate biosynthesis,1.1,7
MAR07345,Keratan sulfate biosynthesis,1.1,4
MAR07346,Keratan sulfate biosynthesis,1.1,4
MAR07347,Keratan sulfate biosynthesis,1.1,7
MAR07348,Keratan sulfate biosynthesis,1.1,4
MAR07349,Keratan sulfate biosynthesis,1.1,4
MAR07350,Keratan sulfate biosynthesis,1.1,7
MAR07351,Keratan sulfate biosynthesis,1.1,4
MAR07352,Keratan sulfate biosynthesis,1.1,4
MAR07353,Keratan sulfate biosynthesis,1.1,7
MAR07354,Keratan sulfate biosynthesis,1.1,4
MAR07355,Keratan sulfate biosynthesis,1.1,4
MAR07356,Keratan sulfate biosynthesis,1.1,7
MAR07357,Keratan sulfate biosynthesis,1.1,4
MAR07358,Keratan sulfate biosynthesis,1.1,4
MAR07359,Keratan sulfate biosynthesis,1.1,7
MAR07360,Keratan sulfate biosynthesis,1.1,4
MAR07361,Keratan sulfate biosynthesis,1.1,4
MAR07362,Keratan sulfate biosynthesis,1.1,7
MAR07363,Keratan sulfate biosynthesis,1.1,4
MAR07364,Keratan sulfate biosynthesis,1.1,4
MAR07365,Keratan sulfate biosynthesis,1.1,7
MAR07366,Keratan sulfate biosynthesis,1.1,4
MAR07367,Keratan sulfate biosynthesis,1.1,4
MAR07368,Keratan sulfate biosynthesis,1.1,7
MAR07369,Keratan sulfate biosynthesis,1.1,4
MAR07370,Keratan sulfate biosynthesis,1.1,4
MAR07371,Keratan sulfate biosynthesis,2.080838929294579,3
MAR07442,Keratan sulfate biosynthesis,1.1,3
MAR07443,Keratan sulfate biosynthesis,1.1,4
MAR07444,Keratan sulfate biosynthesis,1.1,7
MAR07445,Keratan sulfate biosynthesis,1.1,4
MAR07446,Keratan sulfate biosynthesis,1.1,7
MAR07447,Keratan sulfate biosynthesis,1.1,4
MAR07448,Keratan sulfate biosynthesis,1.1,4
MAR07449,Keratan sulfate biosynthesis,1.1,7
MAR07450,Keratan sulfate biosynthesis,1.1,4
MAR07451,Keratan sulfate biosynthesis,1.1,4
MAR07452,Keratan sulfate biosynthesis,2.080838929294579,3
MAR07471,Keratan sulfate biosynthesis,1.1,4
MAR07472,Keratan sulfate biosynthesis,1.1,3
MAR07473,Keratan sulfate biosynthesis,1.1,7
MAR07474,Keratan sulfate biosynthesis,1.1,4
MAR07475,Keratan sulfate biosynthesis,1.1,7
MAR07476,Keratan sulfate biosynthesis,1.1,4
MAR07477,Keratan sulfate biosynthesis,1.1,4
MAR07478,Keratan sulfate biosynthesis,1.1,7
MAR07479,Keratan sulfate biosynthesis,1.1,4
MAR07480,Keratan sulfate biosynthesis,1.1,4
MAR07481,Keratan sulfate biosynthesis,2.080838929294579,3
MAR07373,Keratan sulfate degradation,1.1,2
MAR07375,Keratan sulfate degradation,1.1,2
MAR07376,Keratan sulfate degradation,1.1,1
MAR07377,Keratan sulfate degradation,0.4894551348560894,1
MAR07378,Keratan sulfate degradation,0.8354198839302335,4
MAR07379,Keratan sulfate degradation,0.8354198839302335,4
MAR07380,Keratan sulfate degradation,0.8354198839302335,4
MAR07381,Keratan sulfate degradation,0.9178550497511696,1
MAR07382,Keratan sulfate degradation,1.2877092708057705,3
MAR07383,Keratan sulfate degradation,1.2877092708057705,3
MAR07384,Keratan sulfate degradation,0.8354198839302335,4
MAR07385,Keratan sulfate degradation,0.9178550497511696,1
MAR07386,Keratan sulfate degradation,1.2877092708057705,3
MAR07387,Keratan sulfate degradation,1.2877092708057705,3
MAR07388,Keratan sulfate degradation,0.8354198839302335,4
MAR07389,Keratan sulfate degradation,0.9178550497511696,1
MAR07390,Keratan sulfate degradation,1.2877092708057705,3
MAR07391,Keratan sulfate degradation,1.2877092708057705,3
MAR07392,Keratan sulfate degradation,0.8354198839302335,4
MAR07393,Keratan sulfate degradation,0.9178550497511696,1
MAR07394,Keratan sulfate degradation,1.2877092708057705,3
MAR07395,Keratan sulfate degradation,1.2877092708057705,3
MAR07396,Keratan sulfate degradation,0.8354198839302335,4
MAR07397,Keratan sulfate degradation,0.9178550497511696,1
MAR07398,Keratan sulfate degradation,1.2877092708057705,3
MAR07399,Keratan sulfate degradation,1.2877092708057705,3
MAR07400,Keratan sulfate degradation,0.8354198839302335,4
MAR07401,Keratan sulfate degradation,0.9178550497511696,1
MAR07402,Keratan sulfate degradation,1.2877092708057705,3
MAR07403,Keratan sulfate degradation,1.2877092708057705,3
MAR07404,Keratan sulfate degradation,0.8354198839302335,4
MAR07405,Keratan sulfate degradation,0.9178550497511696,1
MAR07406,Keratan sulfate degradation,1.2877092708057705,3
MAR07407,Keratan sulfate degradation,1.2877092708057705,3
MAR07408,Keratan sulfate degradation,0.8354198839302335,4
MAR07409,Keratan sulfate degradation,0.9178550497511696,1
MAR07410,Keratan sulfate degradation,1.2877092708057705,3
MAR07411,Keratan sulfate degradation,1.2877092708057705,3
MAR07412,Keratan sulfate degradation,0.8354198839302335,4
MAR07413,Keratan sulfate degradation,0.9178550497511696,1
MAR07414,Keratan sulfate degradation,1.2877092708057705,3
MAR07415,Keratan sulfate degradation,1.2877092708057705,3
MAR07416,Keratan sulfate degradation,0.8354198839302335,4
MAR07417,Keratan sulfate degradation,0.9178550497511696,1
MAR07418,Keratan sulfate degradation,1.2877092708057705,3
MAR07419,Keratan sulfate degradation,1.2877092708057705,3
MAR07420,Keratan sulfate degradation,0.8354198839302335,4
MAR07421,Keratan sulfate degradation,0.9178550497511696,1
MAR07422,Keratan sulfate degradation,1.2877092708057705,3
MAR07423,Keratan sulfate degradation,1.2877092708057705,3
MAR07424,Keratan sulfate degradation,0.8354198839302335,4
MAR07425,Keratan sulfate degradation,1.2877092708057705,3
MAR07426,Keratan sulfate degradation,0.8354198839302335,4
MAR07427,Keratan sulfate degradation,1.2877092708057705,3
MAR07455,Keratan sulfate degradation,0.8354198839302335,4
MAR07456,Keratan sulfate degradation,0.8354198839302335,4
MAR07457,Keratan sulfate degradation,0.8354198839302335,4
MAR07458,Keratan sulfate degradation,0.9178550497511696,1
MAR07459,Keratan sulfate degradation,1.2877092708057705,3
MAR07460,Keratan sulfate degradation,1.2877092708057705,3
MAR07461,Keratan sulfate degradation,0.8354198839302335,4
MAR07462,Keratan sulfate degradation,1.2877092708057705,3
MAR07463,Keratan sulfate degradation,0.9178550497511696,1
MAR07464,Keratan sulfate degradation,1.2877092708057705,3
MAR07465,Keratan sulfate degradation,0.8354198839302335,4
MAR07466,Keratan sulfate degradation,1.2877092708057705,3
MAR07467,Keratan sulfate degradation,0.8354198839302335,4
MAR07468,Keratan sulfate degradation,1.1,0
MAR07469,Keratan sulfate degradation,2.1235387504172523,1
MAR07484,Keratan sulfate degradation,0.8354198839302335,4
MAR07485,Keratan sulfate degradation,0.8354198839302335,4
MAR07486,Keratan sulfate degradation,0.8354198839302335,4
MAR07487,Keratan sulfate degradation,0.9178550497511696,1
MAR07488,Keratan sulfate degradation,1.2877092708057705,3
MAR07489,Keratan sulfate degradation,1.2877092708057705,3
MAR08643,Isolated,1.5510598376677354,4
MAR08645,Isolated,1.1,1
MAR08648,Isolated,1.1,1
MAR01581,Bile acid biosynthesis,1.1,1
MAR01584,Bile acid biosynthesis,1.1,1
MAR01585,Bile acid biosynthesis,1.1,1
MAR01589,Bile acid biosynthesis,1.1,1
MAR01590,Bile acid biosynthesis,1.1,1
MAR01592,Transport reactions,1.1,0
MAR01593,Transport reactions,1.1,0
MAR01595,Bile acid biosynthesis,1.1,1
MAR01598,Bile acid biosynthesis,1.1,1
MAR01599,Bile acid biosynthesis,1.1,4
MAR01604,Bile acid biosynthesis,1.1,1
MAR01605,Bile acid biosynthesis,1.1,1
MAR01608,Bile acid biosynthesis,1.1,1
MAR01609,Bile acid biosynthesis,1.1,1
MAR01610,Bile acid biosynthesis,1.1,1
MAR01611,Bile acid biosynthesis,1.1,1
MAR01613,Bile acid biosynthesis,1.1,1
MAR01614,Bile acid biosynthesis,1.1,1
MAR01617,Transport reactions,1.1,0
MAR01619,Transport reactions,1.1,2
MAR01620,Transport reactions,1.1,2
MAR01622,Transport reactions,1.1,1
MAR01623,Transport reactions,1.1,0
MAR01624,Bile acid biosynthesis,1.1,2
MAR01625,Bile acid biosynthesis,1.1,2
MAR01627,Bile acid biosynthesis,1.1,2
MAR01629,Transport reactions,1.1,1
MAR01631,Transport reactions,1.1,1
MAR01632,Bile acid biosynthesis,1.1,1
MAR01638,Bile acid biosynthesis,1.1,2
MAR01642,Bile acid biosynthesis,0.37778898342797185,3
MAR01646,Bile acid biosynthesis,0.37778898342797185,3
MAR01652,Bile acid biosynthesis,1.1,3
MAR01659,Bile acid biosynthesis,1.1516522895129258,7
MAR01660,Bile acid biosynthesis,0.28254470083297234,1
MAR01663,Bile acid biosynthesis,0.28254470083297234,1
MAR01665,Transport reactions,1.1,2
MAR01667,Bile acid biosynthesis,1.1,1
MAR01668,Bile acid biosynthesis,1.1,1
MAR01670,Bile acid biosynthesis,1.1,1
MAR01673,Bile acid biosynthesis,1.1,1
MAR01676,Bile acid biosynthesis,1.1,4
MAR01678,Bile acid biosynthesis,1.1,1
MAR01679,Transport reactions,1.1,0
MAR01681,Bile acid biosynthesis,1.1,1
MAR01682,Bile acid biosynthesis,1.1,1
MAR01684,Bile acid biosynthesis,3.0630226664180595,8
MAR01685,Bile acid biosynthesis,1.1,1
MAR01687,Bile acid biosynthesis,1.1,1
MAR01689,Bile acid biosynthesis,1.1,1
MAR01691,Bile acid biosynthesis,1.1,1
MAR01692,Bile acid biosynthesis,4.517693525858667,5
MAR01693,Bile acid biosynthesis,1.1,1
MAR01694,Transport reactions,2.1652207482694394,4
MAR01695,Transport reactions,1.1,0
MAR01696,Transport reactions,1.1,1
MAR01697,Bile acid biosynthesis,1.1,2
MAR01699,Bile acid biosynthesis,1.1,2
MAR01700,Bile acid biosynthesis,1.1,2
MAR01701,Transport reactions,1.1,0
MAR01702,Transport reactions,1.1,0
MAR01703,Bile acid biosynthesis,1.1,1
MAR01704,Bile acid biosynthesis,2.3733459141707764,1
MAR01706,Bile acid biosynthesis,3.2323120516620882,2
MAR01708,Bile acid biosynthesis,0.37778898342797185,3
MAR01710,Bile acid biosynthesis,1.1,3
MAR01716,Bile acid biosynthesis,1.1255408333313062,6
MAR01717,Transport reactions,1.1,0
MAR01718,Bile acid biosynthesis,1.1255408333313062,6
MAR01720,Bile acid biosynthesis,1.1,1
MAR01722,Bile acid biosynthesis,1.1,1
MAR01723,Bile acid biosynthesis,1.1,1
MAR01725,Transport reactions,1.1,0
MAR01726,Bile acid biosynthesis,1.1,2
MAR01727,Bile acid biosynthesis,1.1,2
MAR01729,Bile acid biosynthesis,1.1,1
MAR01730,Bile acid biosynthesis,1.1,1
MAR01735,Bile acid biosynthesis,1.1,1
MAR01737,Bile acid biosynthesis,1.1,1
MAR01738,Bile acid biosynthesis,1.1,1
MAR01739,Bile acid biosynthesis,1.1,1
MAR01740,Bile acid biosynthesis,1.1,1
MAR01741,Bile acid biosynthesis,1.1,1
MAR01742,Bile acid biosynthesis,1.1,1
MAR01743,Bile acid biosynthesis,1.1,1
MAR01744,Transport reactions,1.1,0
MAR01745,Transport reactions,1.1,0
MAR01746,Bile acid biosynthesis,1.1,1
MAR01747,Bile acid biosynthesis,1.1,1
MAR01748,Bile acid biosynthesis,1.1,1
MAR01749,Bile acid biosynthesis,1.1,1
MAR01750,Bile acid biosynthesis,1.1,1
MAR01751,Bile acid biosynthesis,1.1,1
MAR01752,Transport reactions,1.1,0
MAR01753,Transport reactions,1.1,0
MAR01754,Bile acid biosynthesis,1.1,2
MAR01756,Bile acid biosynthesis,1.1,2
MAR01758,Transport reactions,1.1,0
MAR01759,Transport reactions,1.1,0
MAR01760,Bile acid biosynthesis,1.1,1
MAR01761,Bile acid biosynthesis,1.1,1
MAR01762,Bile acid biosynthesis,1.1,1
MAR01764,Transport reactions,1.1,0
MAR01765,Bile acid biosynthesis,1.1,1
MAR01766,Bile acid biosynthesis,1.1,1
MAR01767,Bile acid biosynthesis,1.1,1
MAR01768,Bile acid biosynthesis,1.1,1
MAR01769,Bile acid biosynthesis,1.1,1
MAR01770,Bile acid biosynthesis,1.1,1
MAR01771,Bile acid biosynthesis,1.1,1
MAR01772,Transport reactions,1.1,0
MAR01774,Transport reactions,1.1,0
MAR01776,Bile acid biosynthesis,1.1,1
MAR01777,Bile acid biosynthesis,1.1,1
MAR01778,Bile acid biosynthesis,1.1,1
MAR01781,Bile acid biosynthesis,1.1,1
MAR01783,Bile acid biosynthesis,1.1,2
MAR01784,Bile acid biosynthesis,1.1,1
MAR01785,Bile acid biosynthesis,1.1,1
MAR01786,Bile acid biosynthesis,1.1,1
MAR01787,Bile acid biosynthesis,1.1,0
MAR01790,Bile acid biosynthesis,1.1,1
MAR01792,Bile acid biosynthesis,1.1,1
MAR01794,Bile acid biosynthesis,1.1,1
MAR01796,Bile acid biosynthesis,1.1,1
MAR01797,Bile acid biosynthesis,1.1,2
MAR01798,Bile acid biosynthesis,1.1,2
MAR01800,Bile acid biosynthesis,1.1,1
MAR01802,Bile acid biosynthesis,1.1,2
MAR01803,Bile acid biosynthesis,1.1,1
MAR01804,Bile acid biosynthesis,1.1,2
MAR01805,Bile acid biosynthesis,1.1,2
MAR01806,Bile acid biosynthesis,1.1,1
MAR01807,Bile acid biosynthesis,1.1,1
MAR01810,Bile acid biosynthesis,1.1,1
MAR01811,Bile acid biosynthesis,1.1,1
MAR01813,Bile acid biosynthesis,1.6630227140031923,26
MAR01815,Bile acid biosynthesis,1.1,1
MAR01817,Bile acid biosynthesis,1.1,1
MAR01819,Bile acid biosynthesis,1.1,1
MAR01830,Bile acid biosynthesis,1.1,1
MAR01831,Bile acid biosynthesis,1.1,1
MAR01832,Bile acid biosynthesis,1.1,2
MAR01833,Bile acid biosynthesis,1.1,2
MAR01834,Bile acid biosynthesis,1.1,0
MAR01835,Bile acid biosynthesis,1.1,1
MAR01836,Transport reactions,1.1,0
MAR01837,Bile acid biosynthesis,1.1,1
MAR01838,Bile acid biosynthesis,1.1,1
MAR01839,Bile acid biosynthesis,1.1,1
MAR01840,Bile acid biosynthesis,1.1,1
MAR01841,Bile acid biosynthesis,1.1,1
MAR01842,Bile acid biosynthesis,1.1,1
MAR01843,Bile acid biosynthesis,1.1,1
MAR01844,Bile acid biosynthesis,1.1,1
MAR01845,Bile acid biosynthesis,1.1,1
MAR01846,Bile acid biosynthesis,1.1,1
MAR03799,Bile acid biosynthesis,1.2422073567817185,7
MAR03908,Bile acid biosynthesis,1.1,1
MAR03910,Bile acid biosynthesis,1.1,3
MAR03911,Bile acid biosynthesis,1.1,0
MAR04679,Bile acid biosynthesis,0.6683782213011175,1
MAR08063,Bile acid biosynthesis,1.1,0
MAR08064,Bile acid biosynthesis,1.1,0
MAR08065,Bile acid biosynthesis,1.1,3
MAR08759,Bile acid biosynthesis,1.1,0
MAR01847,Bile acid recycling,1.1,1
MAR01848,Bile acid recycling,1.1,2
MAR01850,Transport reactions,1.1,0
MAR01852,Transport reactions,1.1,1
MAR01853,Bile acid recycling,1.1,2
MAR01854,Transport reactions,1.1,0
MAR01855,Transport reactions,1.1,1
MAR01857,Transport reactions,1.1,0
MAR01859,Transport reactions,1.1,0
MAR01861,Transport reactions,1.1,0
MAR01862,Bile acid recycling,1.1,2
MAR01863,Bile acid recycling,1.1,2
MAR01864,Bile acid recycling,1.1,2
MAR01865,Bile acid recycling,1.1,2
MAR01866,Bile acid recycling,1.1,2
MAR01867,Bile acid recycling,1.1,2
MAR01868,Bile acid recycling,1.1,6
MAR01870,Bile acid recycling,1.1,6
MAR01872,Bile acid recycling,1.1,6
MAR01874,Bile acid recycling,1.1,5
MAR01875,Bile acid recycling,1.1,3
MAR01876,Bile acid recycling,1.1,3
MAR01877,Bile acid recycling,1.1,3
MAR01878,Transport reactions,1.1,4
MAR01879,Bile acid recycling,1.1,3
MAR01880,Bile acid recycling,1.1,3
MAR01881,Bile acid recycling,1.1,3
MAR01882,Bile acid recycling,1.1,3
MAR01883,Bile acid recycling,1.1,3
MAR01884,Bile acid recycling,1.1,3
MAR01885,Bile acid recycling,1.1,3
MAR01886,Bile acid recycling,1.1,3
MAR01887,Bile acid recycling,1.1,3
MAR01888,Bile acid recycling,1.1,3
MAR01889,Bile acid recycling,1.1,3
MAR01890,Bile acid recycling,1.1,3
MAR01891,Bile acid recycling,1.1,3
MAR01892,Bile acid recycling,1.1,3
MAR01893,Bile acid recycling,1.1,3
MAR01894,Bile acid recycling,1.1,3
MAR01895,Transport reactions,1.1,3
MAR01896,Bile acid recycling,1.1,3
MAR01897,Transport reactions,1.1,2
MAR01403,Isolated,1.1,0
MAR01404,Isolated,1.1,0
MAR01405,Isolated,1.1,0
MAR01406,Isolated,1.1,0
MAR01407,Isolated,1.1,0
MAR01408,Isolated,1.1,0
MAR01409,Isolated,1.1,0
MAR01410,Isolated,1.1,0
MAR01411,Isolated,1.1,0
MAR01412,Isolated,1.1,0
MAR01413,Isolated,1.1,0
MAR01414,Isolated,1.1,0
MAR01415,Isolated,1.1,0
MAR01416,Isolated,1.1,0
MAR01417,Isolated,1.1,0
MAR01418,Isolated,1.1,0
MAR01419,Isolated,1.1,0
MAR01420,Isolated,1.1,0
MAR01421,Isolated,1.1,0
MAR01422,Isolated,1.1,0
MAR01423,Isolated,1.1,0
MAR01424,Isolated,1.1,0
MAR01425,Isolated,1.1,0
MAR01426,Isolated,1.1,0
MAR01427,Isolated,1.1,0
MAR01428,Isolated,1.1,0
MAR01429,Isolated,1.1,0
MAR01430,Isolated,1.1,0
MAR01431,Isolated,1.1,0
MAR01432,Isolated,1.1,0
MAR01433,Isolated,1.1,0
MAR08262,Blood group biosynthesis,1.1,2
MAR08263,Blood group biosynthesis,1.1,1
MAR08264,Blood group biosynthesis,1.1,3
MAR08267,Blood group biosynthesis,1.1,1
MAR08268,Blood group biosynthesis,1.1,3
MAR08271,Blood group biosynthesis,1.1,3
MAR08275,Blood group biosynthesis,1.1,1
MAR08276,Blood group biosynthesis,1.1,1
MAR08277,Blood group biosynthesis,1.1,1
MAR08278,Blood group biosynthesis,1.1,1
MAR08279,Blood group biosynthesis,1.1,1
MAR08280,Blood group biosynthesis,1.1,2
MAR08281,Blood group biosynthesis,1.1,1
MAR08284,Blood group biosynthesis,1.1,1
MAR08285,Blood group biosynthesis,1.1,1
MAR08286,Blood group biosynthesis,1.1,2
MAR08287,Blood group biosynthesis,1.1,1
MAR08288,Blood group biosynthesis,1.1,1
MAR08291,Blood group biosynthesis,1.1,2
MAR08292,Blood group biosynthesis,1.1,1
MAR08293,Blood group biosynthesis,1.1,1
MAR08294,Blood group biosynthesis,1.1,2
MAR08295,Blood group biosynthesis,1.1,1
MAR08298,Blood group biosynthesis,1.1,1
MAR08302,Blood group biosynthesis,1.1,1
MAR08305,Blood group biosynthesis,1.1,1
MAR08306,Blood group biosynthesis,1.1,1
MAR08307,Blood group biosynthesis,1.1,1
MAR08308,Blood group biosynthesis,1.1,1
MAR08309,Blood group biosynthesis,1.1,1
MAR08316,Blood group biosynthesis,1.1,1
MAR08317,Blood group biosynthesis,1.1,1
MAR08318,Blood group biosynthesis,1.1,2
MAR08319,Blood group biosynthesis,1.1,1
MAR08322,Blood group biosynthesis,1.1,1
MAR08325,Blood group biosynthesis,1.1,1
MAR08326,Blood group biosynthesis,1.1,1
MAR08327,Blood group biosynthesis,1.1,1
MAR08330,Blood group biosynthesis,1.1,1
MAR08331,Blood group biosynthesis,1.1,1
MAR08332,Blood group biosynthesis,1.1,1
MAR08333,Blood group biosynthesis,1.1,1
MAR08334,Blood group biosynthesis,1.1,1
MAR08337,Blood group biosynthesis,1.1,1
MAR00712,Nicotinate and nicotinamide metabolism,1.1,1
MAR03992,Nicotinate and nicotinamide metabolism,1.2237514364718671,5
MAR04228,Nicotinate and nicotinamide metabolism,1.1,1
MAR04251,Nicotinate and nicotinamide metabolism,1.1,1
MAR04252,Nicotinate and nicotinamide metabolism,1.1,10
MAR04253,Nicotinate and nicotinamide metabolism,1.1,2
MAR04254,Nicotinate and nicotinamide metabolism,1.1,1
MAR04255,Nicotinate and nicotinamide metabolism,1.1,3
MAR04257,Nicotinate and nicotinamide metabolism,1.151765048545355,3
MAR04259,Nicotinate and nicotinamide metabolism,1.1,0
MAR04260,Nicotinate and nicotinamide metabolism,1.1,1
MAR04261,Nicotinate and nicotinamide metabolism,1.1,1
MAR04262,Nicotinate and nicotinamide metabolism,1.1,1
MAR04263,Nicotinate and nicotinamide metabolism,0.5187692169888933,1
MAR04264,Nicotinate and nicotinamide metabolism,1.1,9
MAR04265,Nicotinate and nicotinamide metabolism,1.1,2
MAR04267,Nicotinate and nicotinamide metabolism,1.151765048545355,3
MAR04268,Nicotinate and nicotinamide metabolism,1.3808342847566515,1
MAR04269,Nicotinate and nicotinamide metabolism,1.1,1
MAR04270,Nicotinate and nicotinamide metabolism,1.1,6
MAR04271,Transport reactions,1.1,1
MAR04276,Nicotinate and nicotinamide metabolism,1.255295145636065,1
MAR04278,Nicotinate and nicotinamide metabolism,1.1,1
MAR04662,Nicotinate and nicotinamide metabolism,0.4148419174560438,1
MAR07142,Nicotinate and nicotinamide metabolism,1.1,2
MAR07143,Nicotinate and nicotinamide metabolism,1.1,2
MAR07623,Nicotinate and nicotinamide metabolism,1.3868631725960299,5
MAR07625,Nicotinate and nicotinamide metabolism,1.3868631725960299,5
MAR07627,Nicotinate and nicotinamide metabolism,1.1,2
MAR07676,Nicotinate and nicotinamide metabolism,2.5924297723443224,1
MAR07677,Nicotinate and nicotinamide metabolism,2.333536739703893,1
MAR07678,Nicotinate and nicotinamide metabolism,2.333536739703893,1
MAR08788,Nicotinate and nicotinamide metabolism,1.1,2
MAR08790,Nicotinate and nicotinamide metabolism,1.255295145636065,1
MAR08791,Nicotinate and nicotinamide metabolism,0.4148419174560438,1
MAR03871,Pantothenate and CoA metabolism,1.1,1
MAR04058,Pantothenate and CoA metabolism,1.1,1
MAR04498,Pantothenate and CoA metabolism,1.1,0
MAR04499,Pantothenate and CoA metabolism,1.1,0
MAR04500,Pantothenate and CoA metabolism,0.4057164021241114,1
MAR04714,Pantothenate and CoA metabolism,1.1,3
MAR04715,Pantothenate and CoA metabolism,1.1,3
MAR04716,Pantothenate and CoA metabolism,1.1,0
MAR04717,Pantothenate and CoA metabolism,1.9177404120345032,2
MAR04718,Pantothenate and CoA metabolism,1.1,3
MAR04723,Pantothenate and CoA metabolism,0.5282351633407009,1
MAR04725,Pantothenate and CoA metabolism,1.461221716856651,1
MAR04727,Pantothenate and CoA metabolism,1.1,1
MAR04730,Pantothenate and CoA metabolism,1.1,3
MAR04731,Pantothenate and CoA metabolism,1.1,3
MAR04732,Pantothenate and CoA metabolism,1.1,2
MAR04733,Pantothenate and CoA metabolism,1.461221716856651,1
MAR04734,Pantothenate and CoA metabolism,1.1,1
MAR07731,Pantothenate and CoA metabolism,0.5117392136746386,1
MAR08792,Pantothenate and CoA metabolism,0.13990962891060246,1
MAR00663,Inositol phosphate metabolism,1.6950715807433085,14
MAR04308,Inositol phosphate metabolism,1.1,1
MAR06539,Inositol phosphate metabolism,1.1,1
MAR06540,Inositol phosphate metabolism,1.1,3
MAR06542,Inositol phosphate metabolism,0.6663198935613517,1
MAR06543,Inositol phosphate metabolism,1.1,2
MAR06544,Inositol phosphate metabolism,0.2581809971311191,1
MAR06545,Inositol phosphate metabolism,1.2356668392040628,24
MAR06546,Inositol phosphate metabolism,1.1,4
MAR06547,Inositol phosphate metabolism,1.2415653974303265,23
MAR06548,Inositol phosphate metabolism,1.1,4
MAR06549,Inositol phosphate metabolism,1.5788934681931488,2
MAR06550,Inositol phosphate metabolism,1.1,2
MAR06551,Inositol phosphate metabolism,1.6424634540383842,4
MAR06552,Inositol phosphate metabolism,1.1,5
MAR06553,Inositol phosphate metabolism,1.1,2
MAR06554,Inositol phosphate metabolism,1.173035780471765,3
MAR06555,Inositol phosphate metabolism,1.250343952764284,8
MAR06556,Inositol phosphate metabolism,1.1,2
MAR06557,Inositol phosphate metabolism,1.2356668392040628,24
MAR06558,Inositol phosphate metabolism,1.1,2
MAR06559,Inositol phosphate metabolism,1.6950715807433085,14
MAR06560,Inositol phosphate metabolism,1.1,3
MAR06561,Inositol phosphate metabolism,0.5627226271083899,1
MAR06562,Inositol phosphate metabolism,1.1,3
MAR06563,Inositol phosphate metabolism,2.43961383636076,3
MAR06564,Inositol phosphate metabolism,2.0916529552030876,1
MAR06565,Inositol phosphate metabolism,1.1,4
MAR06566,Inositol phosphate metabolism,1.1,1
MAR06567,Inositol phosphate metabolism,1.1,1
MAR06568,Inositol phosphate metabolism,1.1,1
MAR06569,Inositol phosphate metabolism,0.5627226271083899,1
MAR06570,Inositol phosphate metabolism,1.5788934681931488,2
MAR06571,Inositol phosphate metabolism,1.1,3
MAR06572,Inositol phosphate metabolism,1.1,1
MAR06573,Inositol phosphate metabolism,1.1,1
MAR06574,Inositol phosphate metabolism,1.1,1
MAR06575,Inositol phosphate metabolism,1.1,1
MAR06576,Inositol phosphate metabolism,1.1,1
MAR06579,Inositol phosphate metabolism,1.6424634540383842,4
MAR06580,Inositol phosphate metabolism,1.6424634540383842,4
MAR06581,Inositol phosphate metabolism,1.6424634540383842,4
MAR06583,Inositol phosphate metabolism,1.1,2
MAR06584,Inositol phosphate metabolism,1.1,2
MAR06585,Inositol phosphate metabolism,1.1,2
MAR06587,Inositol phosphate metabolism,0.6663198935613517,1
MAR06588,Inositol phosphate metabolism,0.6663198935613517,1
MAR06589,Inositol phosphate metabolism,0.6663198935613517,1
MAR06591,Inositol phosphate metabolism,1.2415653974303265,23
MAR06592,Inositol phosphate metabolism,1.6424634540383842,4
MAR06595,Inositol phosphate metabolism,1.6424634540383842,4
MAR07652,Inositol phosphate metabolism,1.3793531607603176,5
MAR07654,Inositol phosphate metabolism,1.3793531607603176,5
MAR07655,Inositol phosphate metabolism,1.6099671840910288,4
MAR07656,Inositol phosphate metabolism,1.1,2
MAR08799,Inositol phosphate metabolism,1.1,1
MAR08800,Inositol phosphate metabolism,1.1,1
MAR08801,Inositol phosphate metabolism,1.1,0
MAR08802,Inositol phosphate metabolism,0.35689250417562046,1
MAR08803,Inositol phosphate metabolism,1.1,1
MAR08804,Inositol phosphate metabolism,1.1,1
MAR08805,Inositol phosphate metabolism,1.1,1
MAR08806,Inositol phosphate metabolism,1.1,0
MAR08807,Inositol phosphate metabolism,1.1,1
MAR08808,Inositol phosphate metabolism,1.1,2
MAR08809,Inositol phosphate metabolism,0.35689250417562046,1
MAR08810,Inositol phosphate metabolism,1.5788934681931488,2
MAR08811,Inositol phosphate metabolism,1.6424634540383842,4
MAR08812,Inositol phosphate metabolism,0.35689250417562046,1
MAR08813,Inositol phosphate metabolism,1.6424634540383842,4
MAR08814,Inositol phosphate metabolism,1.6424634540383842,4
MAR08815,Inositol phosphate metabolism,1.6424634540383842,4
MAR08816,Inositol phosphate metabolism,1.300458603685712,4
MAR08817,Inositol phosphate metabolism,1.1,5
MAR08818,Inositol phosphate metabolism,1.4839551521723509,11
MAR08819,Inositol phosphate metabolism,1.1,3
MAR08820,Inositol phosphate metabolism,1.1,0
MAR08821,Inositol phosphate metabolism,1.6424634540383842,4
MAR08822,Inositol phosphate metabolism,1.6950715807433085,14
MAR08823,Inositol phosphate metabolism,1.1,1
MAR08824,Inositol phosphate metabolism,0.6663198935613517,1
MAR08825,Inositol phosphate metabolism,1.1,3
MAR08826,Inositol phosphate metabolism,1.173035780471765,3
MAR08827,Inositol phosphate metabolism,1.1,3
MAR08829,Inositol phosphate metabolism,0.6663198935613517,1
MAR08830,Inositol phosphate metabolism,1.1,4
MAR08831,Inositol phosphate metabolism,1.6424634540383842,4
MAR08833,Inositol phosphate metabolism,1.1,1
MAR08835,Inositol phosphate metabolism,1.3793531607603176,5
MAR08836,Inositol phosphate metabolism,1.3793531607603176,5
MAR03925,Folate metabolism,1.1,1
MAR03929,Folate metabolism,1.1,1
MAR03972,Folate metabolism,1.1,0
MAR04332,Folate metabolism,1.1,2
MAR04333,Folate metabolism,1.1,2
MAR04335,Folate metabolism,1.1,2
MAR04336,Folate metabolism,2.7162284687576568,2
MAR04338,Folate metabolism,1.1,1
MAR04340,Folate metabolism,1.1,3
MAR04440,Folate metabolism,1.1,2
MAR04442,Folate metabolism,1.1,1
MAR04444,Folate metabolism,1.1,3
MAR04446,Folate metabolism,1.1,1
MAR04448,Folate metabolism,1.1,1
MAR04503,Folate metabolism,1.1,1
MAR04505,Folate metabolism,1.1,3
MAR04654,Folate metabolism,1.1,2
MAR04655,Folate metabolism,1.1,2
MAR04656,Folate metabolism,1.1,2
MAR04665,Folate metabolism,1.1,1
MAR09726,Folate metabolism,1.1,1
MAR04666,Folate metabolism,1.1,1
MAR07145,Folate metabolism,1.5305869437628277,1
MAR07146,Folate metabolism,1.9877679782930684,1
MAR07147,Folate metabolism,0.18207430215722842,1
MAR07908,Folate metabolism,1.7445462760916715,1
MAR07909,Folate metabolism,1.7445462760916715,1
MAR07910,Folate metabolism,1.7445462760916715,1
MAR07911,Folate metabolism,1.7445462760916715,1
MAR07912,Folate metabolism,1.7445462760916715,1
MAR07913,Folate metabolism,1.7445462760916715,1
MAR07916,Folate metabolism,1.1,1
MAR07919,Folate metabolism,1.1,1
MAR07920,Folate metabolism,1.1,1
MAR07921,Folate metabolism,1.1,1
MAR07922,Folate metabolism,1.1,1
MAR07925,Folate metabolism,1.1,1
MAR08105,Folate metabolism,1.7445462760916715,1
MAR08106,Folate metabolism,1.7445462760916715,1
MAR08107,Folate metabolism,1.7445462760916715,1
MAR08108,Folate metabolism,1.7445462760916715,1
MAR08109,Folate metabolism,1.7445462760916715,1
MAR08110,Folate metabolism,1.7445462760916715,1
MAR08112,Folate metabolism,1.7445462760916715,1
MAR08113,Folate metabolism,1.7445462760916715,1
MAR08114,Folate metabolism,1.7445462760916715,1
MAR08115,Folate metabolism,1.7445462760916715,1
MAR08116,Folate metabolism,1.7445462760916715,1
MAR08117,Folate metabolism,1.7445462760916715,1
MAR08129,Folate metabolism,1.1,1
MAR08130,Folate metabolism,1.1,1
MAR08132,Folate metabolism,1.1,1
MAR08133,Folate metabolism,1.1,1
MAR08135,Folate metabolism,1.1,1
MAR08136,Folate metabolism,1.1,1
MAR08137,Folate metabolism,1.1,1
MAR08138,Folate metabolism,1.1,1
MAR08139,Folate metabolism,1.1,1
MAR08140,Folate metabolism,1.1,1
MAR08141,Folate metabolism,1.1,1
MAR08142,Folate metabolism,1.1,1
MAR08143,Folate metabolism,1.1,1
MAR08144,Folate metabolism,1.1,1
MAR08758,Folate metabolism,2.7162284687576568,2
MAR07661,Biotin metabolism,1.8979556608887498,1
MAR07662,Biotin metabolism,1.8979556608887498,1
MAR07663,Biotin metabolism,1.8979556608887498,1
MAR07668,Biotin metabolism,1.1,1
MAR07669,Biotin metabolism,1.1,0
MAR07670,Biotin metabolism,1.1,1
MAR07671,Biotin metabolism,1.1,0
MAR07672,Fatty acid biosynthesis (even-chain),1.1,1
MAR07673,Fatty acid biosynthesis (even-chain),1.1,1
MAR04160,Biopterin metabolism,1.1,1
MAR04162,Biopterin metabolism,1.1,1
MAR04163,Biopterin metabolism,1.1,1
MAR04165,Biopterin metabolism,0.38648246194086444,1
MAR04166,Biopterin metabolism,0.38648246194086444,1
MAR04167,Biopterin metabolism,0.38648246194086444,1
MAR04169,Biopterin metabolism,1.1,1
MAR04170,Biopterin metabolism,1.1,1
MAR04523,Biopterin metabolism,1.1,1
MAR04539,Biopterin metabolism,1.8707700625280779,2
MAR04540,Biopterin metabolism,1.8707700625280779,2
MAR04541,Biopterin metabolism,1.8707700625280779,2
MAR04542,Biopterin metabolism,1.8707700625280779,2
MAR04543,Biopterin metabolism,1.8707700625280779,2
MAR04544,Biopterin metabolism,1.8707700625280779,2
MAR04816,Biopterin metabolism,2.4842042326313187,4
MAR04817,Biopterin metabolism,1.1,1
MAR04818,Biopterin metabolism,1.1,1
MAR04833,Biopterin metabolism,1.1,1
MAR04834,Biopterin metabolism,1.1,1
MAR04835,Biopterin metabolism,1.1,1
MAR04836,Biopterin metabolism,1.1,1
MAR08538,Biopterin metabolism,1.8707700625280779,2
MAR08738,Biopterin metabolism,1.1,1
MAR08739,Biopterin metabolism,0.38648246194086444,1
MAR08740,Biopterin metabolism,1.1,0
MAR06393,Ascorbate and aldarate metabolism,1.1,0
MAR06394,Ascorbate and aldarate metabolism,1.1,0
MAR06396,Ascorbate and aldarate metabolism,1.1,2
MAR06405,Ascorbate and aldarate metabolism,1.1,2
MAR08345,Ascorbate and aldarate metabolism,1.1,0
MAR08346,Ascorbate and aldarate metabolism,1.1,1
MAR08348,Ascorbate and aldarate metabolism,1.1,0
MAR08349,Ascorbate and aldarate metabolism,4.517693525858667,5
MAR08619,Ascorbate and aldarate metabolism,1.1,0
MAR08620,Ascorbate and aldarate metabolism,1.1,0
MAR08621,Ascorbate and aldarate metabolism,1.1,0
MAR08622,Ascorbate and aldarate metabolism,1.1,0
MAR08623,Ascorbate and aldarate metabolism,1.1,0
MAR08624,Ascorbate and aldarate metabolism,1.1,0
MAR08625,Ascorbate and aldarate metabolism,1.1,0
MAR03991,Porphyrin metabolism,1.6147097098977103,5
MAR04657,Porphyrin metabolism,2.1573861544765918,3
MAR04744,Porphyrin metabolism,1.068172770175375,1
MAR04746,Porphyrin metabolism,0.47128182681373965,1
MAR04748,Porphyrin metabolism,1.0083108034557644,1
MAR04750,Porphyrin metabolism,1.6459081379286955,1
MAR04752,Porphyrin metabolism,0.6984624607806219,1
MAR04755,Porphyrin metabolism,1.328021007535477,1
MAR04757,Porphyrin metabolism,1.328021007535477,1
MAR04762,Porphyrin metabolism,1.1,1
MAR04763,Porphyrin metabolism,1.1,2
MAR04764,Porphyrin metabolism,1.3506716743817735,2
MAR04768,Porphyrin metabolism,1.1,0
MAR04769,Porphyrin metabolism,1.1,0
MAR04770,Porphyrin metabolism,1.1,0
MAR04771,Porphyrin metabolism,1.1,0
MAR04772,Porphyrin metabolism,1.6459081379286955,1
MAR04773,Porphyrin metabolism,1.1,0
MAR06395,Porphyrin metabolism,1.1,1
MAR08634,Porphyrin metabolism,1.3506716743817735,2
MAR09717,Porphyrin metabolism,1.1,0
MAR06630,Retinol metabolism,1.4150679750047916,6
MAR06631,Retinol metabolism,2.7655949896880507,11
MAR06632,Retinol metabolism,1.4150679750047916,6
MAR06633,Retinol metabolism,2.7655949896880507,11
MAR06634,Retinol metabolism,1.1,1
MAR06635,Retinol metabolism,1.1851130195535755,7
MAR06636,Retinol metabolism,1.5510598376677354,20
MAR06637,Retinol metabolism,1.1,1
MAR06638,Retinol metabolism,1.152867744129997,8
MAR06639,Retinol metabolism,1.1851130195535755,7
MAR06640,Retinol metabolism,3.1035061737414207,2
MAR06641,Retinol metabolism,1.1,1
MAR06642,Retinol metabolism,1.1,1
MAR06643,Retinol metabolism,1.1,2
MAR06644,Retinol metabolism,1.1704903255066628,9
MAR06645,Retinol metabolism,1.1,2
MAR06646,Retinol metabolism,2.713570777862701,3
MAR06647,Retinol metabolism,3.520356166794052,2
MAR06648,Retinol metabolism,1.1,1
MAR06649,Retinol metabolism,1.1,1
MAR06650,Retinol metabolism,1.1,2
MAR06651,Retinol metabolism,1.1,2
MAR06652,Retinol metabolism,3.520356166794052,2
MAR06653,Retinol metabolism,1.1,1
MAR06654,Retinol metabolism,1.1,1
MAR06655,Retinol metabolism,1.1,1
MAR06656,Retinol metabolism,1.1,1
MAR06657,Retinol metabolism,1.4051265102918857,28
MAR06658,Retinol metabolism,1.4051265102918857,28
MAR06659,Retinol metabolism,1.1,0
MAR06660,Retinol metabolism,1.1,0
MAR06661,Retinol metabolism,1.1,1
MAR06662,Retinol metabolism,1.1,0
MAR06663,Retinol metabolism,1.1,0
MAR06664,Retinol metabolism,1.1,1
MAR06665,Retinol metabolism,1.1,1
MAR06666,Retinol metabolism,1.368777622308423,20
MAR06667,Retinol metabolism,1.368777622308423,20
MAR06668,Retinol metabolism,1.368777622308423,20
MAR06669,Retinol metabolism,1.368777622308423,20
MAR06670,Retinol metabolism,1.6630227140031923,26
MAR06671,Retinol metabolism,1.2191582273750057,5
MAR06672,Retinol metabolism,1.1,0
MAR06673,Retinol metabolism,1.1,0
MAR06674,Retinol metabolism,3.520356166794052,2
MAR06675,Retinol metabolism,3.520356166794052,2
MAR06676,Retinol metabolism,3.520356166794052,2
MAR06677,Retinol metabolism,1.1,1
MAR06678,Retinol metabolism,1.1,1
MAR06679,Retinol metabolism,1.368777622308423,20
MAR06680,Retinol metabolism,1.368777622308423,20
MAR06681,Retinol metabolism,1.1,1
MAR06682,Retinol metabolism,1.1,1
MAR06683,Retinol metabolism,1.1,1
MAR06684,Retinol metabolism,1.1,1
MAR06685,Retinol metabolism,1.368777622308423,20
MAR06686,Retinol metabolism,1.368777622308423,20
MAR06687,Retinol metabolism,1.1,1
MAR06690,Retinol metabolism,1.1,0
MAR06691,Retinol metabolism,1.1,0
MAR06692,Retinol metabolism,1.1,0
MAR06693,Retinol metabolism,1.1,0
MAR06694,Retinol metabolism,1.1,0
MAR06695,Retinol metabolism,1.1,0
MAR06697,Retinol metabolism,1.1,0
MAR06699,Retinol metabolism,1.1,0
MAR06700,Retinol metabolism,1.1,1
MAR06701,Retinol metabolism,1.1,1
MAR06702,Retinol metabolism,1.1,1
MAR06703,Retinol metabolism,1.1,1
MAR06704,Retinol metabolism,1.368777622308423,20
MAR06705,Retinol metabolism,1.368777622308423,20
MAR08697,Retinol metabolism,1.1,1
MAR08698,Retinol metabolism,1.1,0
MAR08699,Retinol metabolism,1.1,0
MAR08700,Retinol metabolism,1.1,3
MAR08702,Retinol metabolism,1.1,0
MAR08703,Retinol metabolism,1.1,0
MAR08704,Retinol metabolism,1.1,0
MAR08706,Retinol metabolism,1.1,0
MAR08709,Retinol metabolism,1.152867744129997,8
MAR08710,Retinol metabolism,1.311470976519988,1
MAR08711,Retinol metabolism,1.1,0
MAR08712,Retinol metabolism,1.1,0
MAR08713,Retinol metabolism,1.1,3
MAR08717,Retinol metabolism,1.1,3
MAR06506,Riboflavin metabolism,1.1,1
MAR06507,Riboflavin metabolism,1.1,6
MAR06508,Riboflavin metabolism,1.1,2
MAR06509,Riboflavin metabolism,1.1,2
MAR06510,Riboflavin metabolism,1.1,0
MAR06511,Riboflavin metabolism,1.3506716743817735,1
MAR04537,Serotonin and melatonin biosynthesis,1.1,2
MAR04545,Serotonin and melatonin biosynthesis,1.1,1
MAR04546,Serotonin and melatonin biosynthesis,1.1,1
MAR04547,Serotonin and melatonin biosynthesis,1.1,1
MAR04548,Serotonin and melatonin biosynthesis,1.1,3
MAR04549,Serotonin and melatonin biosynthesis,1.3780812869813293,25
MAR04550,Serotonin and melatonin biosynthesis,1.1,2
MAR04551,Serotonin and melatonin biosynthesis,1.1,0
MAR04552,Serotonin and melatonin biosynthesis,1.1,0
MAR04553,Serotonin and melatonin biosynthesis,1.1,0
MAR04554,Serotonin and melatonin biosynthesis,1.1,0
MAR04555,Serotonin and melatonin biosynthesis,0.660006417452248,1
MAR04556,Serotonin and melatonin biosynthesis,0.660006417452248,1
MAR04557,Serotonin and melatonin biosynthesis,1.1,2
MAR04558,Serotonin and melatonin biosynthesis,1.1,2
MAR04559,Serotonin and melatonin biosynthesis,4.517693525858667,5
MAR04560,Serotonin and melatonin biosynthesis,2.333536739703893,1
MAR04561,Serotonin and melatonin biosynthesis,3.0630226664180595,8
MAR04563,Serotonin and melatonin biosynthesis,1.1,2
MAR04564,Serotonin and melatonin biosynthesis,1.1,1
MAR04204,Thiamine metabolism,2.3003679149540623,1
MAR04206,Thiamine metabolism,2.3003679149540623,1
MAR04207,Thiamine metabolism,0.7490352311727186,1
MAR04208,Thiamine metabolism,1.6778100718440967,1
MAR08744,Thiamine metabolism,1.6778100718440967,1
MAR08746,Thiamine metabolism,1.1,3
MAR08748,Thiamine metabolism,1.1,0
MAR08613,Vitamin B12 metabolism,1.1,0
MAR08615,Vitamin B12 metabolism,1.062425961753817,2
MAR08616,Vitamin B12 metabolism,1.062425961753817,2
MAR04064,Vitamin B6 metabolism,1.1,4
MAR04065,Vitamin B6 metabolism,0.6550375076304017,1
MAR04066,Vitamin B6 metabolism,0.6550375076304017,1
MAR04067,Vitamin B6 metabolism,2.0236074782704545,1
MAR04068,Vitamin B6 metabolism,0.6550375076304017,1
MAR04069,Vitamin B6 metabolism,2.0236074782704545,1
MAR04070,Vitamin B6 metabolism,2.0236074782704545,1
MAR04071,Vitamin B6 metabolism,2.0236074782704545,1
MAR08102,Vitamin B6 metabolism,2.333536739703893,1
MAR08724,Vitamin B6 metabolism,1.1,2
MAR08725,Vitamin B6 metabolism,1.1,2
MAR02114,Vitamin D metabolism,1.1,0
MAR02115,Vitamin D metabolism,1.1,1
MAR02117,Vitamin D metabolism,1.1,2
MAR02118,Vitamin D metabolism,1.1,4
MAR02129,Vitamin D metabolism,2.6170024898431103,3
MAR02130,Vitamin D metabolism,2.6170024898431103,3
MAR02131,Vitamin D metabolism,2.6170024898431103,3
MAR02132,Vitamin D metabolism,2.6170024898431103,3
MAR02133,Vitamin D metabolism,2.6170024898431103,3
MAR02134,Vitamin D metabolism,2.6170024898431103,3
MAR02135,Vitamin D metabolism,2.6170024898431103,3
MAR02136,Vitamin D metabolism,2.6170024898431103,3
MAR02137,Vitamin D metabolism,1.1,1
MAR02138,Vitamin D metabolism,1.1,1
MAR02139,Vitamin D metabolism,1.1,1
MAR02140,Vitamin D metabolism,1.1,1
MAR02142,Vitamin D metabolism,2.6170024898431103,3
MAR02143,Vitamin D metabolism,2.6170024898431103,3
MAR02144,Vitamin D metabolism,2.6170024898431103,3
MAR02145,Vitamin D metabolism,2.6170024898431103,3
MAR07996,Vitamin D metabolism,1.1,1
MAR07999,Vitamin D metabolism,1.1,1
MAR08003,Vitamin D metabolism,1.1,0
MAR08004,Vitamin D metabolism,1.1,4
MAR08005,Vitamin D metabolism,1.1,0
MAR08006,Vitamin D metabolism,1.1,0
MAR08008,Vitamin D metabolism,1.1,4
MAR08011,Vitamin D metabolism,1.1,0
MAR08012,Vitamin D metabolism,1.1,0
MAR08013,Vitamin D metabolism,1.1,0
MAR08014,Vitamin D metabolism,1.1,0
MAR06423,Vitamin E metabolism,1.1,0
MAR06426,Vitamin E metabolism,1.9543542288172797,5
MAR06427,Vitamin E metabolism,1.9543542288172797,5
MAR06428,Vitamin E metabolism,1.9543542288172797,5
MAR06429,Vitamin E metabolism,1.9543542288172797,5
MAR06432,Vitamin E metabolism,1.8961201329580766,24
MAR06433,Vitamin E metabolism,2.030530025535414,28
MAR06434,Vitamin E metabolism,1.1,0
MAR06435,Vitamin E metabolism,2.030530025535414,28
MAR06436,Vitamin E metabolism,1.8961201329580766,24
MAR06441,Vitamin E metabolism,1.9543542288172797,5
MAR06442,Vitamin E metabolism,1.9543542288172797,5
MAR06443,Vitamin E metabolism,1.9543542288172797,5
MAR06444,Vitamin E metabolism,1.9543542288172797,5
MAR06447,Vitamin E metabolism,1.1,0
MAR06448,Vitamin E metabolism,2.030530025535414,28
MAR06450,Vitamin E metabolism,1.8961201329580766,24
MAR06451,Vitamin E metabolism,2.030530025535414,28
MAR06453,Vitamin E metabolism,1.8961201329580766,24
MAR06456,Vitamin E metabolism,1.1,0
MAR06457,Vitamin E metabolism,1.1,0
MAR06458,Vitamin E metabolism,1.1,0
MAR06459,Vitamin E metabolism,1.1,0
MAR06460,Vitamin E metabolism,1.1,0
MAR06461,Vitamin E metabolism,1.1,0
MAR06464,Vitamin E metabolism,1.9543542288172797,5
MAR06465,Vitamin E metabolism,1.9543542288172797,5
MAR06466,Vitamin E metabolism,1.9543542288172797,5
MAR06467,Vitamin E metabolism,1.9543542288172797,5
MAR06470,Vitamin E metabolism,1.1,0
MAR06471,Vitamin E metabolism,1.8961201329580766,24
MAR06472,Vitamin E metabolism,1.8961201329580766,24
MAR06473,Vitamin E metabolism,1.8961201329580766,24
MAR06476,Vitamin E metabolism,1.9543542288172797,5
MAR06500,Vitamin E metabolism,1.1,0
MAR06477,Vitamin E metabolism,1.9543542288172797,5
MAR06478,Vitamin E metabolism,1.9543542288172797,5
MAR06479,Vitamin E metabolism,1.9543542288172797,5
MAR06482,Vitamin E metabolism,1.1,0
MAR06484,Vitamin E metabolism,1.8961201329580766,24
MAR06486,Vitamin E metabolism,1.8961201329580766,24
MAR06488,Vitamin E metabolism,1.1,0
MAR06490,Vitamin E metabolism,1.368777622308423,20
MAR06492,Vitamin E metabolism,1.1,2
MAR06495,Vitamin E metabolism,1.368777622308423,20
MAR06496,Vitamin E metabolism,1.1,2
MAR06501,Vitamin E metabolism,1.1,0
MAR06992,Xenobiotics metabolism,1.1,10
MAR06993,Xenobiotics metabolism,1.1,10
MAR06994,Xenobiotics metabolism,1.1,10
MAR06995,Xenobiotics metabolism,1.7341757137237803,17
MAR06996,Xenobiotics metabolism,1.1,1
MAR06997,Xenobiotics metabolism,1.1,0
MAR06998,Xenobiotics metabolism,1.7341757137237803,17
MAR06999,Xenobiotics metabolism,1.1,10
MAR07000,Xenobiotics metabolism,1.1,10
MAR07001,Xenobiotics metabolism,1.1,10
MAR07002,Xenobiotics metabolism,1.1,10
MAR07003,Xenobiotics metabolism,1.7341757137237803,17
MAR07004,Xenobiotics metabolism,1.1,1
MAR07005,Xenobiotics metabolism,1.1,5
MAR07006,Xenobiotics metabolism,1.1,0
MAR07007,Xenobiotics metabolism,1.1,0
MAR07008,Xenobiotics metabolism,1.1,0
MAR07009,Xenobiotics metabolism,1.1,0
MAR07010,Xenobiotics metabolism,1.1,0
MAR07011,Xenobiotics metabolism,1.1,0
MAR07012,Xenobiotics metabolism,1.1,0
MAR07013,Xenobiotics metabolism,1.7341757137237803,17
MAR07014,Xenobiotics metabolism,1.1,1
MAR07015,Xenobiotics metabolism,1.1,0
MAR07016,Xenobiotics metabolism,1.1,0
MAR07017,Xenobiotics metabolism,1.1,10
MAR07018,Xenobiotics metabolism,1.1,1
MAR07019,Xenobiotics metabolism,1.1,10
MAR07020,Xenobiotics metabolism,1.1,1
MAR07021,Xenobiotics metabolism,1.1,10
MAR07022,Xenobiotics metabolism,1.7341757137237803,17
MAR07023,Xenobiotics metabolism,1.1,1
MAR07024,Xenobiotics metabolism,1.1,0
MAR07025,Xenobiotics metabolism,1.1,2
MAR07026,Xenobiotics metabolism,1.1,2
MAR07027,Xenobiotics metabolism,1.1,2
MAR07028,Xenobiotics metabolism,1.1,2
MAR07029,Xenobiotics metabolism,1.7341757137237803,17
MAR07030,Xenobiotics metabolism,1.1,10
MAR07031,Xenobiotics metabolism,1.1,0
MAR07032,Xenobiotics metabolism,1.1,0
MAR07033,Xenobiotics metabolism,1.1,10
MAR07034,Xenobiotics metabolism,1.1,0
MAR07035,Xenobiotics metabolism,1.1,4
MAR07036,Xenobiotics metabolism,1.1,10
MAR07037,Xenobiotics metabolism,1.1,0
MAR07038,Xenobiotics metabolism,3.0630226664180595,8
MAR07039,Xenobiotics metabolism,1.368777622308423,20
MAR07040,Xenobiotics metabolism,1.1,10
MAR07041,Xenobiotics metabolism,1.7341757137237803,17
MAR07042,Xenobiotics metabolism,1.1,1
MAR07043,Xenobiotics metabolism,1.1,0
MAR07044,Xenobiotics metabolism,1.1,1
MAR07045,Xenobiotics metabolism,1.1,0
MAR07046,Xenobiotics metabolism,1.1,0
MAR07047,Xenobiotics metabolism,1.1,0
MAR07048,Xenobiotics metabolism,1.1,10
MAR07049,Xenobiotics metabolism,1.1,0
MAR07050,Xenobiotics metabolism,1.7341757137237803,17
MAR07051,Xenobiotics metabolism,1.1,1
MAR07052,Xenobiotics metabolism,1.1,1
MAR07053,Xenobiotics metabolism,1.1,10
MAR07054,Xenobiotics metabolism,1.1,10
MAR07055,Xenobiotics metabolism,1.1,1
MAR07056,Xenobiotics metabolism,1.1,10
MAR07057,Xenobiotics metabolism,1.1,1
MAR07058,Xenobiotics metabolism,1.1,1
MAR07059,Xenobiotics metabolism,1.1984022989324439,8
MAR07060,Xenobiotics metabolism,1.1,10
MAR07061,Xenobiotics metabolism,1.1,5
MAR07062,Xenobiotics metabolism,1.1,0
MAR07063,Xenobiotics metabolism,1.1,1
MAR07064,Xenobiotics metabolism,1.1,1
MAR07065,Xenobiotics metabolism,1.368777622308423,20
MAR07066,Xenobiotics metabolism,1.368777622308423,20
MAR07067,Xenobiotics metabolism,1.1,0
MAR07068,Xenobiotics metabolism,1.1,0
MAR07069,Xenobiotics metabolism,1.1,0
MAR07070,Xenobiotics metabolism,1.1,0
MAR07071,Xenobiotics metabolism,1.1,0
MAR07072,Xenobiotics metabolism,1.1,0
MAR07073,Xenobiotics metabolism,1.1,0
MAR07074,Xenobiotics metabolism,1.1,0
MAR07075,Xenobiotics metabolism,1.1,0
MAR07076,Xenobiotics metabolism,1.1,0
MAR07077,Xenobiotics metabolism,1.1,0
MAR07078,Xenobiotics metabolism,1.1,10
MAR07079,Xenobiotics metabolism,1.7341757137237803,17
MAR07080,Xenobiotics metabolism,1.7341757137237803,17
MAR07081,Xenobiotics metabolism,1.1,1
MAR07082,Xenobiotics metabolism,1.1,10
MAR07083,Xenobiotics metabolism,1.7341757137237803,17
MAR07084,Xenobiotics metabolism,1.7341757137237803,17
MAR07085,Xenobiotics metabolism,1.1,0
MAR07086,Xenobiotics metabolism,1.1,0
MAR07087,Xenobiotics metabolism,1.1,0
MAR07088,Xenobiotics metabolism,1.1,10
MAR07089,Xenobiotics metabolism,1.7341757137237803,17
MAR07090,Xenobiotics metabolism,1.1,0
MAR07091,Xenobiotics metabolism,1.1,10
MAR07092,Xenobiotics metabolism,1.7341757137237803,17
MAR07093,Xenobiotics metabolism,1.7341757137237803,17
MAR07094,Xenobiotics metabolism,1.1,0
MAR07095,Xenobiotics metabolism,1.1,0
MAR07096,Xenobiotics metabolism,1.1,10
MAR07097,Xenobiotics metabolism,1.7341757137237803,17
MAR07098,Xenobiotics metabolism,1.1,0
MAR07099,Xenobiotics metabolism,1.1,1
MAR07100,Xenobiotics metabolism,1.7341757137237803,17
MAR07103,Xenobiotics metabolism,1.6989437296280148,18
MAR07104,Xenobiotics metabolism,1.1,0
MAR07106,Xenobiotics metabolism,1.1,0
MAR07688,Xenobiotics metabolism,1.1,4
MAR08032,Xenobiotics metabolism,1.1,2
MAR08034,Xenobiotics metabolism,1.1,1
MAR08036,Xenobiotics metabolism,1.1,2
MAR08037,Xenobiotics metabolism,1.1,2
MAR08038,Xenobiotics metabolism,1.1,2
MAR08040,Xenobiotics metabolism,1.1,3
MAR08043,Xenobiotics metabolism,1.1,1
MAR08046,Xenobiotics metabolism,1.1,1
MAR08049,Xenobiotics metabolism,1.1,1
MAR08052,Xenobiotics metabolism,1.1,1
MAR08055,Xenobiotics metabolism,1.1,1
MAR08059,Xenobiotics metabolism,1.1,1
MAR08596,Xenobiotics metabolism,1.1,2
MAR08598,Xenobiotics metabolism,1.1,2
MAR08601,Xenobiotics metabolism,1.1,2
MAR06535,Xenobiotics metabolism,1.6255752697108505,4
MAR06536,Xenobiotics metabolism,1.6255752697108505,4
MAR09569,Xenobiotics metabolism,2.9456056435084252,12
MAR03955,Miscellaneous,1.1,5
MAR03984,Glyoxylate and dicarboxylate metabolism,1.1,2
MAR04201,Miscellaneous,1.5204602157686806,5
MAR04202,Miscellaneous,2.844909036816053,9
MAR05127,Miscellaneous,1.1,0
MAR05128,Miscellaneous,1.1,0
MAR05363,Miscellaneous,1.1,0
MAR07794,Miscellaneous,1.1965529082754411,4
MAR08617,Miscellaneous,1.1,0
MAR08752,Miscellaneous,1.3102301078843404,5
MAR07741,Miscellaneous,1.55836664963675,1
MAR09464,Isolated,1.1,5
MAR09465,Isolated,1.1,1
MAR09466,Isolated,1.1266001189782278,5
MAR09467,Isolated,1.1266001189782278,5
MAR09468,Isolated,1.1,1
MAR09469,Isolated,0.2721607861097788,1
MAR09470,Isolated,1.1,1
MAR09471,Isolated,0.28754363310571507,1
MAR09472,Isolated,2.3879147255025037,1
MAR09473,Isolated,1.57335165717254,5
MAR09474,Isolated,1.1,2
MAR09475,Isolated,1.1,2
MAR09476,Isolated,1.1,1
MAR09477,Isolated,1.1,1
MAR09478,Isolated,1.1,1
MAR09479,Isolated,1.1,1
MAR09480,Isolated,1.1,1
MAR09481,Isolated,2.76407968016389,1
MAR09482,Isolated,1.57335165717254,5
MAR09483,Isolated,2.1147725384103864,3
MAR09484,Isolated,1.1878571667833504,1
MAR09485,Isolated,1.1,4
MAR09487,Isolated,1.1626883074623997,17
MAR09488,Isolated,1.1,8
MAR09489,Isolated,1.1,0
MAR09490,Isolated,1.91036867121058,62
MAR09491,Isolated,2.66185569097884,176
MAR09492,Isolated,2.652725850482382,34
MAR09493,Isolated,1.1,4
MAR09494,Isolated,1.1,0
MAR09495,Isolated,1.2826494410398266,20
MAR09496,Isolated,1.4397253706593844,9
MAR09497,Isolated,1.1,1
MAR09498,Isolated,1.666602496658277,1
MAR09499,Isolated,1.1,3
MAR09500,Isolated,1.0171756521831403,1
MAR09501,Isolated,1.1,1
MAR09502,Isolated,1.1,1
MAR09503,Isolated,1.1,2
MAR09504,Isolated,0.6008626555118943,1
MAR09505,Isolated,1.1,2
MAR09506,Isolated,0.5283244619239349,1
MAR09507,Isolated,1.1,1
MAR09508,Isolated,1.1,1
MAR09509,Isolated,0.6987393847785722,1
MAR09510,Isolated,1.1,1
MAR09511,Isolated,0.9292276382069228,1
MAR09512,Isolated,1.123073167498035,2
MAR09513,Isolated,1.6659942856011372,2
MAR09514,Isolated,1.1,5
MAR09515,Isolated,1.1,1
MAR09516,Isolated,0.5673168222660607,2
MAR09517,Isolated,1.3568818235781663,4
MAR09518,Isolated,1.1,2
MAR09519,Isolated,1.1,2
MAR09520,Isolated,1.1,1
MAR09521,Isolated,1.1,1
MAR09522,Isolated,1.1,3
MAR09523,Isolated,1.1,1
MAR09524,Isolated,1.1,1
MAR09525,Isolated,1.1,1
MAR09527,Isolated,1.1,2
MAR09528,Isolated,1.1,2
MAR09529,Isolated,1.6688745235519042,4
MAR09530,Isolated,1.1,1
MAR09531,Isolated,1.1,1
MAR09532,Isolated,1.1,2
MAR09534,Isolated,0.8864266484114609,1
MAR09535,Isolated,1.9687079462016979,1
MAR09536,Isolated,1.1,2
MAR09537,Isolated,1.4630076846241846,1
MAR09538,Isolated,1.1,2
MAR09539,Isolated,1.1,1
MAR09540,Isolated,1.2146986852593562,1
MAR09541,Isolated,0.2831263291092667,1
MAR09542,Isolated,1.1,1
MAR09543,Isolated,1.1,1
MAR09544,Isolated,0.6338054093387953,1
MAR09545,Isolated,1.341944472731452,2
MAR09546,Isolated,0.5177790152989264,1
MAR09547,Isolated,0.28270736272523733,1
MAR09548,Isolated,1.1,1
MAR09549,Isolated,1.1,1
MAR09550,Isolated,1.1,1
MAR09551,Isolated,0.8910776829777852,1
MAR09552,Isolated,1.6099671840910288,4
MAR09553,Isolated,1.1,3
MAR09801,Isolated,1.1,1
MAR09807,Isolated,2.65265317381408,1
MAR09554,Isolated,1.1,1
MAR09555,Isolated,1.1,1
MAR09556,Isolated,0.883775855920821,4
MAR09557,Isolated,1.1,1
MAR09558,Isolated,0.5469730250189749,1
MAR09559,Isolated,1.9519123808601915,2
MAR09560,Isolated,1.1,1
MAR09561,Isolated,1.1,1
MAR09562,Isolated,2.013439196498511,3
MAR09563,Isolated,4.517693525858667,5
MAR09564,Isolated,5.372116907323334,3
MAR09565,Isolated,0.9823706632276948,1
MAR09566,Isolated,3.2323120516620882,2
MAR09567,Isolated,0.9823706632276948,1
MAR09568,Isolated,3.2323120516620882,2
MAR09570,Isolated,1.1878571667833504,1
MAR09571,Isolated,1.933428925772067,6
MAR09572,Isolated,1.933428925772067,6
MAR09573,Isolated,1.368777622308423,20
MAR09574,Isolated,1.368777622308423,20
MAR09575,Isolated,2.2167039813230165,1
MAR09580,Transport reactions,1.1,1
MAR09581,Transport reactions,1.1,2
MAR09582,Transport reactions,1.1,2
MAR09583,Transport reactions,1.1,2
MAR09584,Transport reactions,1.1,2
MAR09585,Transport reactions,1.1,1
MAR09586,Transport reactions,1.1,2
MAR09587,Transport reactions,1.1,1
MAR09588,Transport reactions,1.1,3
MAR09798,Isolated,1.1,0
MAR09806,Isolated,1.3085472586303566,6
MAR00010,Pool reactions,1.186107085805093,3
MAR00011,Pool reactions,1.1,0
MAR00012,Pool reactions,1.1,0
MAR00013,Pool reactions,1.1,1
MAR00014,Pool reactions,1.1,1
MAR00477,Pool reactions,1.1,0
MAR00545,Pool reactions,1.1,0
MAR00546,Pool reactions,1.1,0
MAR00547,Pool reactions,1.1,0
MAR00548,Pool reactions,1.1,0
MAR00549,Pool reactions,1.1,0
MAR00550,Pool reactions,1.1,0
MAR00551,Pool reactions,1.1,0
MAR00552,Pool reactions,1.1,0
MAR00553,Pool reactions,1.1,0
MAR00555,Pool reactions,1.1,0
MAR00556,Pool reactions,1.1,0
MAR00557,Pool reactions,1.1,0
MAR00558,Pool reactions,1.1,0
MAR00559,Pool reactions,1.1,0
MAR00560,Pool reactions,1.1,0
MAR00561,Pool reactions,1.1,0
MAR00685,Pool reactions,1.1,0
MAR00686,Pool reactions,1.1,0
MAR00687,Pool reactions,1.1,0
MAR00688,Pool reactions,1.1,0
MAR00689,Pool reactions,1.1,0
MAR00690,Pool reactions,1.1,0
MAR00691,Pool reactions,1.1,0
MAR00692,Pool reactions,1.1,0
MAR01185,Pool reactions,1.1,0
MAR01227,Pool reactions,1.1,0
MAR05233,Pool reactions,1.1,0
MAR05234,Pool reactions,1.1,0
MAR05238,Pool reactions,1.1,0
MAR05239,Pool reactions,1.1,0
MAR05243,Pool reactions,1.1,0
MAR05244,Pool reactions,1.1,0
MAR05247,Pool reactions,1.1,0
MAR05257,Pool reactions,1.1,0
MAR09022,Pool reactions,1.1,0
MAR00004,Transport reactions,1.1,0
MAR00006,Transport reactions,1.1430535429025466,6
MAR00007,Transport reactions,1.1,1
MAR00008,Transport reactions,1.1,1
MAR00009,Transport reactions,1.1,0
MAR00015,Transport reactions,1.1,0
MAR00016,Transport reactions,1.1,0
MAR00017,Transport reactions,1.1,0
MAR00018,Transport reactions,1.1,1
MAR00019,Transport reactions,1.1,1
MAR00155,Transport reactions,1.793176998041345,14
MAR00164,Transport reactions,1.793176998041345,14
MAR00167,Transport reactions,1.793176998041345,14
MAR00170,Transport reactions,1.793176998041345,14
MAR00173,Transport reactions,1.793176998041345,14
MAR00176,Transport reactions,1.793176998041345,14
MAR00179,Transport reactions,1.793176998041345,14
MAR00183,Transport reactions,1.793176998041345,14
MAR00187,Transport reactions,1.793176998041345,14
MAR00190,Transport reactions,1.3150041431249333,15
MAR00191,Transport reactions,1.793176998041345,14
MAR00194,Transport reactions,1.1,1
MAR00195,Transport reactions,1.793176998041345,14
MAR00198,Transport reactions,1.1,1
MAR00199,Transport reactions,1.793176998041345,14
MAR00202,Transport reactions,1.1,1
MAR00203,Transport reactions,1.793176998041345,14
MAR00207,Transport reactions,1.1,1
MAR00208,Transport reactions,1.793176998041345,14
MAR00211,Transport reactions,1.1,1
MAR00212,Transport reactions,1.793176998041345,14
MAR00215,Transport reactions,1.1,1
MAR00216,Transport reactions,1.793176998041345,14
MAR00224,Transport reactions,1.1,1
MAR00225,Transport reactions,1.793176998041345,14
MAR00231,Transport reactions,1.1,1
MAR00232,Transport reactions,1.793176998041345,14
MAR00235,Transport reactions,1.1,1
MAR00236,Transport reactions,1.793176998041345,14
MAR00239,Transport reactions,1.1,1
MAR00240,Transport reactions,1.793176998041345,14
MAR00243,Transport reactions,1.1,1
MAR00244,Transport reactions,1.793176998041345,14
MAR00247,Transport reactions,1.1,1
MAR00248,Transport reactions,1.793176998041345,14
MAR00253,Transport reactions,1.1,1
MAR00254,Transport reactions,1.793176998041345,14
MAR00257,Transport reactions,1.1,1
MAR00258,Transport reactions,1.793176998041345,14
MAR00261,Transport reactions,1.1,1
MAR00262,Transport reactions,1.793176998041345,14
MAR00265,Transport reactions,1.1,1
MAR00266,Transport reactions,1.793176998041345,14
MAR00269,Transport reactions,1.1,1
MAR00270,Transport reactions,1.793176998041345,14
MAR00273,Transport reactions,1.1,1
MAR00274,Transport reactions,1.793176998041345,14
MAR00277,Transport reactions,1.1,1
MAR00278,Transport reactions,1.793176998041345,14
MAR00281,Transport reactions,1.1,1
MAR00282,Transport reactions,1.793176998041345,14
MAR00287,Transport reactions,1.1,1
MAR00288,Transport reactions,1.793176998041345,14
MAR00291,Transport reactions,1.1,1
MAR00292,Transport reactions,1.793176998041345,14
MAR00295,Transport reactions,1.1,1
MAR00296,Transport reactions,1.793176998041345,14
MAR00299,Transport reactions,1.1,1
MAR00300,Transport reactions,1.793176998041345,14
MAR00303,Transport reactions,1.1,1
MAR00304,Transport reactions,1.793176998041345,14
MAR00307,Transport reactions,1.1,1
MAR00308,Transport reactions,1.793176998041345,14
MAR00311,Transport reactions,1.1,1
MAR00312,Transport reactions,1.793176998041345,14
MAR00317,Transport reactions,1.1,1
MAR00318,Transport reactions,1.793176998041345,14
MAR00321,Transport reactions,1.1,1
MAR00322,Transport reactions,1.793176998041345,14
MAR00325,Transport reactions,1.1,1
MAR00326,Transport reactions,1.793176998041345,14
MAR00329,Transport reactions,1.1,1
MAR00330,Transport reactions,1.793176998041345,14
MAR00335,Transport reactions,1.1,1
MAR00336,Transport reactions,1.793176998041345,14
MAR00339,Transport reactions,1.1,1
MAR00340,Transport reactions,1.793176998041345,14
MAR00343,Transport reactions,1.1,1
MAR00344,Transport reactions,1.793176998041345,14
MAR00347,Transport reactions,1.1,1
MAR00348,Transport reactions,1.793176998041345,14
MAR00351,Transport reactions,1.1,1
MAR00352,Transport reactions,1.793176998041345,14
MAR00355,Transport reactions,1.1,1
MAR00356,Transport reactions,1.793176998041345,14
MAR00359,Transport reactions,1.1,1
MAR00360,Transport reactions,1.793176998041345,14
MAR00363,Transport reactions,1.1,1
MAR00364,Transport reactions,1.793176998041345,14
MAR00367,Transport reactions,1.1,1
MAR00368,Transport reactions,1.793176998041345,14
MAR00371,Transport reactions,1.1,1
MAR00372,Transport reactions,1.793176998041345,14
MAR00375,Transport reactions,1.1,1
MAR00376,Transport reactions,1.793176998041345,14
MAR00379,Transport reactions,1.1,1
MAR00380,Transport reactions,1.793176998041345,14
MAR00383,Transport reactions,1.1,1
MAR00384,Transport reactions,1.793176998041345,14
MAR00387,Transport reactions,1.1,1
MAR00388,Transport reactions,1.793176998041345,14
MAR00391,Transport reactions,1.1,1
MAR00392,Transport reactions,1.793176998041345,14
MAR00395,Transport reactions,1.1,1
MAR00396,Transport reactions,1.793176998041345,14
MAR00399,Transport reactions,1.1,1
MAR00400,Transport reactions,1.793176998041345,14
MAR00403,Transport reactions,1.1,1
MAR00404,Transport reactions,1.793176998041345,14
MAR00407,Transport reactions,1.1,1
MAR00408,Transport reactions,1.793176998041345,14
MAR00411,Transport reactions,1.1,1
MAR00412,Transport reactions,1.793176998041345,14
MAR00415,Transport reactions,1.1,1
MAR00416,Transport reactions,1.793176998041345,14
MAR00419,Transport reactions,1.1,1
MAR00420,Transport reactions,1.793176998041345,14
MAR00423,Transport reactions,1.1,1
MAR00424,Transport reactions,1.793176998041345,14
MAR00427,Transport reactions,1.1,1
MAR00428,Transport reactions,1.793176998041345,14
MAR00431,Transport reactions,1.1,1
MAR00432,Transport reactions,1.793176998041345,14
MAR00435,Transport reactions,1.1,1
MAR00436,Transport reactions,1.793176998041345,14
MAR00439,Transport reactions,1.1,1
MAR00440,Transport reactions,1.1,0
MAR00444,Transport reactions,1.1,2
MAR00469,Transport reactions,1.1,0
MAR00470,Transport reactions,1.1,1
MAR00476,Transport reactions,1.1,2
MAR00770,Transport reactions,1.1,1
MAR00782,Transport reactions,1.1,0
MAR01082,Transport reactions,1.1,1
MAR01086,Transport reactions,1.1,1
MAR01898,Transport reactions,1.1,3
MAR01899,Transport reactions,1.1,3
MAR01900,Transport reactions,1.1,3
MAR01901,Transport reactions,1.1,3
MAR01902,Transport reactions,1.1,3
MAR01903,Transport reactions,1.1,3
MAR01904,Transport reactions,1.1,3
MAR01905,Transport reactions,1.1,3
MAR01906,Transport reactions,1.1,3
MAR01907,Transport reactions,1.1,3
MAR01908,Transport reactions,1.1,3
MAR01909,Transport reactions,1.1,3
MAR01910,Transport reactions,1.1,0
MAR01911,Transport reactions,1.1,4
MAR01913,Transport reactions,1.1,0
MAR01914,Transport reactions,1.9062206615919481,7
MAR01919,Transport reactions,1.1,2
MAR02013,Transport reactions,1.1,0
MAR03858,Transport reactions,1.1,7
MAR03916,Transport reactions,1.1,2
MAR03951,Transport reactions,1.1,0
MAR03959,Transport reactions,1.1,0
MAR03964,Transport reactions,1.1,0
MAR04062,Transport reactions,1.1,0
MAR04063,Transport reactions,1.1,0
MAR04249,Transport reactions,1.1,0
MAR04321,Transport reactions,1.1,6
MAR04432,Transport reactions,1.1,0
MAR04433,Transport reactions,1.1,2
MAR04434,Transport reactions,1.1,2
MAR04435,Transport reactions,1.1,2
MAR04436,Transport reactions,1.1,2
MAR04691,Transport reactions,1.1,4
MAR04721,Transport reactions,1.1,1
MAR04844,Transport reactions,1.1,1
MAR04845,Transport reactions,1.1,3
MAR04847,Transport reactions,1.1,1
MAR04848,Transport reactions,1.1,1
MAR04849,Transport reactions,1.1,1
MAR04858,Transport reactions,1.8083194723600962,5
MAR04861,Transport reactions,0.4155729926525181,1
MAR04873,Transport reactions,1.1,1
MAR04875,Transport reactions,1.1,0
MAR04882,Transport reactions,1.1,1
MAR04885,Transport reactions,1.1214958841430072,10
MAR04896,Transport reactions,1.1,0
MAR04910,Transport reactions,1.1,8
MAR04912,Transport reactions,1.5684467909948767,3
MAR04919,Transport reactions,1.1,0
MAR04928,Transport reactions,1.1,7
MAR04931,Transport reactions,1.1,2
MAR04932,Transport reactions,1.3309694134579892,5
MAR04933,Transport reactions,1.1,1
MAR04934,Transport reactions,1.1,0
MAR04935,Transport reactions,1.1,7
MAR04938,Transport reactions,1.1,1
MAR04939,Transport reactions,1.1,1
MAR04946,Transport reactions,1.9062206615919481,7
MAR04947,Transport reactions,1.1,0
MAR04948,Transport reactions,1.1,0
MAR04949,Transport reactions,1.1,3
MAR04952,Transport reactions,1.1,0
MAR04954,Transport reactions,1.5079396530570444,8
MAR04956,Transport reactions,1.1,2
MAR04958,Transport reactions,1.1,0
MAR04969,Transport reactions,1.1,0
MAR04973,Transport reactions,2.280532453933493,3
MAR04975,Transport reactions,1.1,1
MAR04976,Transport reactions,1.1,7
MAR04980,Transport reactions,1.1,1
MAR04982,Transport reactions,1.1,0
MAR04983,Transport reactions,1.1,1
MAR04985,Transport reactions,1.1,1
MAR04989,Transport reactions,1.1,0
MAR04990,Transport reactions,1.1,0
MAR04992,Transport reactions,1.1,1
MAR04993,Transport reactions,1.1,0
MAR04994,Transport reactions,1.1,1
MAR04995,Transport reactions,1.1,0
MAR04996,Transport reactions,1.1811012880078735,3
MAR04999,Transport reactions,1.1,3
MAR05000,Transport reactions,1.1,0
MAR05002,Transport reactions,1.1,0
MAR05003,Transport reactions,1.1,2
MAR05005,Transport reactions,2.3867742747442757,1
MAR05007,Transport reactions,1.1,3
MAR05008,Transport reactions,1.1,2
MAR05009,Transport reactions,1.1,0
MAR05010,Transport reactions,1.1,0
MAR05011,Transport reactions,1.1,0
MAR05013,Transport reactions,1.1,1
MAR05018,Transport reactions,1.1,7
MAR05020,Transport reactions,1.1,0
MAR05021,Transport reactions,1.1,2
MAR05023,Transport reactions,1.1,1
MAR05029,Transport reactions,1.6448611325846894,13
MAR05032,Transport reactions,1.1,3
MAR05034,Transport reactions,1.1,2
MAR05035,Transport reactions,1.1,2
MAR05037,Transport reactions,1.1,2
MAR05038,Transport reactions,1.1,1
MAR05039,Transport reactions,1.1,1
MAR05040,Transport reactions,1.1,1
MAR05041,Transport reactions,1.1,1
MAR05042,Transport reactions,1.1,2
MAR05068,Transport reactions,1.1,4
MAR05070,Transport reactions,1.2417772986212627,10
MAR05071,Transport reactions,1.1,4
MAR05073,Transport reactions,1.2417772986212627,10
MAR05074,Transport reactions,1.3577769065841137,11
MAR05076,Transport reactions,1.2181477488510521,12
MAR05077,Transport reactions,1.228888453292057,11
MAR05078,Transport reactions,1.2417772986212627,10
MAR05079,Transport reactions,1.228888453292057,11
MAR05080,Transport reactions,1.3577769065841137,11
MAR05082,Transport reactions,1.3577769065841137,11
MAR05084,Transport reactions,1.228888453292057,11
MAR05085,Transport reactions,1.2417772986212627,10
MAR05087,Transport reactions,1.2575303318014028,9
MAR05088,Transport reactions,1.2417772986212627,10
MAR05089,Transport reactions,1.2417772986212627,10
MAR05091,Transport reactions,1.228888453292057,11
MAR05092,Transport reactions,1.2417772986212627,10
MAR05094,Transport reactions,1.1,4
MAR05129,Transport reactions,1.1,2
MAR05198,Transport reactions,1.1,0
MAR05200,Transport reactions,1.1,0
MAR05202,Transport reactions,1.1,0
MAR05206,Transport reactions,1.1,0
MAR05213,Transport reactions,1.1,0
MAR05215,Transport reactions,1.1,0
MAR05216,Transport reactions,1.1,0
MAR05219,Transport reactions,1.1,0
MAR05221,Transport reactions,1.1,0
MAR05231,Transport reactions,1.1,0
MAR05232,Transport reactions,1.1,0
MAR05236,Transport reactions,1.1,0
MAR05237,Transport reactions,1.1,0
MAR05240,Transport reactions,1.1,0
MAR05241,Transport reactions,1.1,1
MAR05246,Transport reactions,1.1,1
MAR05296,Transport reactions,1.1,0
MAR05303,Transport reactions,1.1,0
MAR05305,Transport reactions,1.1,10
MAR05307,Transport reactions,1.1,2
MAR05308,Transport reactions,1.1,6
MAR05311,Transport reactions,1.1,4
MAR05313,Transport reactions,1.1,2
MAR05314,Transport reactions,1.1,2
MAR05315,Transport reactions,1.1,9
MAR05316,Transport reactions,1.1,2
MAR05317,Transport reactions,1.1,1
MAR05318,Transport reactions,1.1,1
MAR05319,Transport reactions,1.1,7
MAR05320,Transport reactions,1.1,4
MAR05322,Transport reactions,1.488234046584573,6
MAR05324,Transport reactions,1.2261570108008366,6
MAR05326,Transport reactions,1.1,4
MAR05328,Transport reactions,1.5619388269159784,5
MAR05330,Transport reactions,1.4299563049399846,7
MAR05332,Transport reactions,1.1,3
MAR05333,Transport reactions,1.1,2
MAR05335,Transport reactions,1.1,1
MAR05429,Transport reactions,1.1,9
MAR05430,Transport reactions,1.9805452696211499,6
MAR05432,Transport reactions,1.1,1
MAR05433,Transport reactions,1.1,4
MAR05435,Transport reactions,1.1,2
MAR05436,Transport reactions,1.1,2
MAR05437,Transport reactions,1.1,2
MAR05438,Transport reactions,1.1,2
MAR05439,Transport reactions,1.1,2
MAR05440,Transport reactions,1.1,0
MAR05441,Transport reactions,1.1,1
MAR05442,Transport reactions,0.6223132004525788,1
MAR05443,Transport reactions,0.6223132004525788,1
MAR05444,Transport reactions,0.6223132004525788,1
MAR05445,Transport reactions,0.6223132004525788,1
MAR05446,Transport reactions,0.9076190321815927,1
MAR05447,Transport reactions,1.3309694134579892,5
MAR05448,Transport reactions,6.786020945118991,2
MAR05450,Transport reactions,1.1,5
MAR05451,Transport reactions,1.1,1
MAR05454,Transport reactions,1.1,1
MAR05455,Transport reactions,1.1,2
MAR05457,Transport reactions,1.1,1
MAR05458,Transport reactions,1.1,3
MAR05459,Transport reactions,1.1,1
MAR05460,Transport reactions,1.1,3
MAR05461,Transport reactions,1.1,1
MAR05462,Transport reactions,1.1,1
MAR05463,Transport reactions,1.1,1
MAR05464,Transport reactions,1.1,1
MAR05465,Transport reactions,1.1,3
MAR05466,Transport reactions,1.1,1
MAR05467,Transport reactions,1.1,1
MAR05468,Transport reactions,1.1,1
MAR05469,Transport reactions,1.1,1
MAR05470,Transport reactions,1.1,3
MAR05471,Transport reactions,1.1,1
MAR05472,Transport reactions,1.1,1
MAR05473,Transport reactions,1.1,3
MAR05474,Transport reactions,1.1,1
MAR05475,Transport reactions,1.1,1
MAR05476,Transport reactions,1.1,1
MAR05477,Transport reactions,1.1,1
MAR05478,Transport reactions,1.1,1
MAR05479,Transport reactions,1.1,1
MAR05480,Transport reactions,1.1,1
MAR05481,Transport reactions,1.1,1
MAR05482,Transport reactions,1.1,1
MAR05483,Transport reactions,1.1,1
MAR05484,Transport reactions,1.1,1
MAR05485,Transport reactions,1.1,1
MAR05486,Transport reactions,1.1,1
MAR05487,Transport reactions,1.1,3
MAR05488,Transport reactions,1.1,1
MAR05489,Transport reactions,1.1,1
MAR05490,Transport reactions,1.1,1
MAR05491,Transport reactions,1.1,1
MAR05492,Transport reactions,1.1,3
MAR05493,Transport reactions,1.1,1
MAR05494,Transport reactions,1.1,1
MAR05495,Transport reactions,1.1,1
MAR05496,Transport reactions,1.1,1
MAR05497,Transport reactions,1.1,3
MAR05498,Transport reactions,1.1,1
MAR05499,Transport reactions,1.1,1
MAR05500,Transport reactions,1.1,1
MAR05501,Transport reactions,1.1,1
MAR05502,Transport reactions,1.1,1
MAR05503,Transport reactions,1.1,1
MAR05504,Transport reactions,1.1,1
MAR05505,Transport reactions,1.1,1
MAR05506,Transport reactions,1.1,1
MAR05507,Transport reactions,1.1,1
MAR05508,Transport reactions,1.1,1
MAR05509,Transport reactions,1.1,1
MAR05510,Transport reactions,1.1,1
MAR05511,Transport reactions,1.1,1
MAR05512,Transport reactions,1.1,1
MAR05513,Transport reactions,1.1,1
MAR05514,Transport reactions,1.1,1
MAR05515,Transport reactions,1.1,1
MAR05516,Transport reactions,1.1,2
MAR05517,Transport reactions,1.1,1
MAR05518,Transport reactions,1.1,1
MAR05519,Transport reactions,1.1,1
MAR05520,Transport reactions,1.1,1
MAR05521,Transport reactions,1.1,1
MAR05522,Transport reactions,1.1,1
MAR05523,Transport reactions,1.1,1
MAR05524,Transport reactions,1.1,1
MAR05525,Transport reactions,1.1,1
MAR05526,Transport reactions,1.1,1
MAR05527,Transport reactions,1.1,2
MAR05528,Transport reactions,1.1,2
MAR05529,Transport reactions,1.1,2
MAR05530,Transport reactions,1.1,2
MAR05531,Transport reactions,1.1,2
MAR05532,Transport reactions,1.1,2
MAR05533,Transport reactions,1.1,2
MAR05534,Transport reactions,1.1,2
MAR05535,Transport reactions,1.1,2
MAR05536,Transport reactions,1.1,2
MAR05537,Transport reactions,1.1,2
MAR05538,Transport reactions,1.1,2
MAR05539,Transport reactions,1.1,2
MAR05540,Transport reactions,1.1,2
MAR05541,Transport reactions,1.1,2
MAR05542,Transport reactions,1.1,1
MAR05543,Transport reactions,1.1,1
MAR05544,Transport reactions,1.1,1
MAR05545,Transport reactions,1.1,1
MAR05546,Transport reactions,1.1,1
MAR05547,Transport reactions,2.130956150824355,2
MAR05548,Transport reactions,1.1,1
MAR05549,Transport reactions,1.1,1
MAR05550,Transport reactions,1.1,2
MAR05551,Transport reactions,1.1,1
MAR05552,Transport reactions,1.1,1
MAR05553,Transport reactions,1.1,1
MAR05554,Transport reactions,1.1,1
MAR05555,Transport reactions,1.1,1
MAR05556,Transport reactions,1.1,1
MAR05557,Transport reactions,1.1,1
MAR05558,Transport reactions,1.1,1
MAR05559,Transport reactions,1.1,1
MAR05560,Transport reactions,1.1,1
MAR05561,Transport reactions,1.1,1
MAR05562,Transport reactions,1.1,1
MAR05563,Transport reactions,1.1,1
MAR05564,Transport reactions,1.1,1
MAR05565,Transport reactions,1.1,1
MAR05566,Transport reactions,1.1,1
MAR05567,Transport reactions,1.1,1
MAR05568,Transport reactions,1.1,1
MAR05569,Transport reactions,1.1,1
MAR05570,Transport reactions,1.1,1
MAR05571,Transport reactions,1.1,1
MAR05572,Transport reactions,1.1,1
MAR05573,Transport reactions,1.1,1
MAR05574,Transport reactions,1.1,1
MAR05575,Transport reactions,1.1,1
MAR05576,Transport reactions,1.1,1
MAR05577,Transport reactions,1.1,1
MAR05578,Transport reactions,1.1,3
MAR05579,Transport reactions,1.1,2
MAR05580,Transport reactions,1.1,2
MAR05581,Transport reactions,1.1,2
MAR05582,Transport reactions,1.1,2
MAR05583,Transport reactions,1.1,2
MAR05584,Transport reactions,1.1,2
MAR05585,Transport reactions,1.1,2
MAR05586,Transport reactions,1.1,2
MAR05587,Transport reactions,1.1,2
MAR05588,Transport reactions,1.1,2
MAR05589,Transport reactions,1.1,2
MAR05590,Transport reactions,1.1,2
MAR05591,Transport reactions,1.1,2
MAR05592,Transport reactions,1.1,2
MAR05593,Transport reactions,1.1,2
MAR05594,Transport reactions,1.1,2
MAR05595,Transport reactions,1.1,2
MAR05596,Transport reactions,1.1,2
MAR05597,Transport reactions,1.1,2
MAR05598,Transport reactions,1.1,2
MAR05599,Transport reactions,1.1,2
MAR05600,Transport reactions,1.1,2
MAR05601,Transport reactions,1.1,2
MAR05602,Transport reactions,1.1,2
MAR05603,Transport reactions,1.1,2
MAR05604,Transport reactions,1.1,3
MAR05605,Transport reactions,1.1,2
MAR05606,Transport reactions,1.1,2
MAR05607,Transport reactions,1.1,2
MAR05608,Transport reactions,1.1,2
MAR05609,Transport reactions,1.1,3
MAR05610,Transport reactions,1.1,2
MAR05611,Transport reactions,1.1,2
MAR05612,Transport reactions,1.1,2
MAR05613,Transport reactions,1.1,2
MAR05614,Transport reactions,1.1,3
MAR05615,Transport reactions,1.1,2
MAR05616,Transport reactions,1.1,2
MAR05617,Transport reactions,1.1,2
MAR05618,Transport reactions,1.1,2
MAR05619,Transport reactions,1.1,2
MAR05620,Transport reactions,1.1,2
MAR05621,Transport reactions,1.1,2
MAR05622,Transport reactions,1.1,2
MAR05623,Transport reactions,1.1,2
MAR05624,Transport reactions,1.1,2
MAR05625,Transport reactions,1.1,2
MAR05626,Transport reactions,1.1,2
MAR05627,Transport reactions,1.1,2
MAR05628,Transport reactions,1.1,2
MAR05629,Transport reactions,1.1,2
MAR05630,Transport reactions,1.1,2
MAR05631,Transport reactions,1.1,2
MAR05632,Transport reactions,1.1,2
MAR05633,Transport reactions,1.1,3
MAR05634,Transport reactions,1.1,2
MAR05635,Transport reactions,1.1,2
MAR05636,Transport reactions,1.1,2
MAR05637,Transport reactions,1.1,2
MAR05638,Transport reactions,1.1,2
MAR05639,Transport reactions,1.1,3
MAR05640,Transport reactions,1.1,2
MAR05641,Transport reactions,1.1,2
MAR05642,Transport reactions,1.1,2
MAR05643,Transport reactions,1.1,2
MAR05644,Transport reactions,1.1,3
MAR05645,Transport reactions,1.1,2
MAR05646,Transport reactions,1.1,2
MAR05647,Transport reactions,1.1,2
MAR05648,Transport reactions,1.1,2
MAR05649,Transport reactions,1.1,2
MAR05650,Transport reactions,1.1,2
MAR05651,Transport reactions,1.1,2
MAR05652,Transport reactions,1.1,2
MAR05653,Transport reactions,1.1,2
MAR05654,Transport reactions,1.1,2
MAR05655,Transport reactions,1.1,2
MAR05656,Transport reactions,1.1,2
MAR05657,Transport reactions,1.1,2
MAR05658,Transport reactions,1.1,2
MAR05659,Transport reactions,1.1,2
MAR05660,Transport reactions,1.1,2
MAR05661,Transport reactions,1.1,2
MAR05662,Transport reactions,1.1,2
MAR05663,Transport reactions,1.1,2
MAR05664,Transport reactions,1.1,2
MAR05665,Transport reactions,1.1,2
MAR05666,Transport reactions,1.1,2
MAR05667,Transport reactions,1.1,2
MAR05668,Transport reactions,1.1,2
MAR05669,Transport reactions,1.1,2
MAR05670,Transport reactions,1.1,2
MAR05671,Transport reactions,1.1,2
MAR05672,Transport reactions,1.1,2
MAR05673,Transport reactions,1.1,2
MAR05674,Transport reactions,1.1,2
MAR05675,Transport reactions,1.1,2
MAR05676,Transport reactions,1.1,2
MAR05677,Transport reactions,1.1,1
MAR05678,Transport reactions,1.1,1
MAR05679,Transport reactions,1.1,1
MAR05680,Transport reactions,1.1,1
MAR05681,Transport reactions,1.1,1
MAR05682,Transport reactions,1.1,1
MAR05683,Transport reactions,1.1,1
MAR05684,Transport reactions,1.1,1
MAR05685,Transport reactions,1.1,1
MAR05686,Transport reactions,1.1,1
MAR05687,Transport reactions,1.1,1
MAR05688,Transport reactions,1.1,1
MAR05689,Transport reactions,1.1,1
MAR05690,Transport reactions,1.1,1
MAR05691,Transport reactions,1.1,1
MAR05692,Transport reactions,1.1,1
MAR05693,Transport reactions,1.1,1
MAR05694,Transport reactions,1.1,1
MAR05695,Transport reactions,1.1,1
MAR05696,Transport reactions,1.1,1
MAR05697,Transport reactions,1.1,1
MAR05698,Transport reactions,1.1,1
MAR05699,Transport reactions,1.1,1
MAR05700,Transport reactions,1.1,1
MAR05701,Transport reactions,1.1,1
MAR05702,Transport reactions,1.1,1
MAR05703,Transport reactions,1.1,1
MAR05704,Transport reactions,1.1,1
MAR05705,Transport reactions,1.1,1
MAR05706,Transport reactions,1.1,1
MAR05707,Transport reactions,1.1,1
MAR05708,Transport reactions,1.1,3
MAR05709,Transport reactions,1.1,3
MAR05710,Transport reactions,1.1,3
MAR05711,Transport reactions,1.1,1
MAR05712,Transport reactions,1.1,1
MAR05713,Transport reactions,1.1,1
MAR05714,Transport reactions,1.1,1
MAR05715,Transport reactions,1.1,1
MAR05716,Transport reactions,1.1,1
MAR05717,Transport reactions,1.1,3
MAR05718,Transport reactions,1.1,1
MAR05719,Transport reactions,1.1,4
MAR05720,Transport reactions,1.1,1
MAR05721,Transport reactions,1.1,1
MAR05722,Transport reactions,1.1,1
MAR05723,Transport reactions,1.1,1
MAR05724,Transport reactions,1.1,1
MAR05725,Transport reactions,1.1,1
MAR05726,Transport reactions,1.1,1
MAR05727,Transport reactions,1.1,1
MAR05728,Transport reactions,1.1,1
MAR05729,Transport reactions,1.1,1
MAR05730,Transport reactions,1.1,1
MAR05731,Transport reactions,1.1,1
MAR05732,Transport reactions,1.1,1
MAR05733,Transport reactions,1.1,1
MAR05734,Transport reactions,1.1,1
MAR05735,Transport reactions,1.1,1
MAR05736,Transport reactions,1.1,1
MAR05737,Transport reactions,1.1,1
MAR05738,Transport reactions,1.1,1
MAR05739,Transport reactions,1.1,1
MAR05740,Transport reactions,1.1,1
MAR05741,Transport reactions,1.1,1
MAR05742,Transport reactions,1.1,1
MAR05743,Transport reactions,1.1,1
MAR05744,Transport reactions,1.1,1
MAR05745,Transport reactions,1.1,1
MAR05746,Transport reactions,1.1,1
MAR05747,Transport reactions,1.1,1
MAR05748,Transport reactions,1.1,1
MAR05749,Transport reactions,1.1,1
MAR05750,Transport reactions,1.1,1
MAR05751,Transport reactions,1.1,1
MAR05752,Transport reactions,1.1,1
MAR05753,Transport reactions,1.1,2
MAR05754,Transport reactions,1.1,2
MAR05755,Transport reactions,1.1,2
MAR05756,Transport reactions,1.1,1
MAR05757,Transport reactions,1.1,1
MAR05758,Transport reactions,1.1,1
MAR05759,Transport reactions,1.1,1
MAR05760,Transport reactions,1.1,2
MAR05761,Transport reactions,1.1,1
MAR05762,Transport reactions,1.1,1
MAR05763,Transport reactions,1.1,1
MAR05764,Transport reactions,1.1,2
MAR05765,Transport reactions,1.1,1
MAR05766,Transport reactions,1.1,1
MAR05767,Transport reactions,1.1,1
MAR05768,Transport reactions,1.1,1
MAR05769,Transport reactions,1.1,1
MAR05770,Transport reactions,1.1,1
MAR05771,Transport reactions,1.1,1
MAR05772,Transport reactions,1.1,1
MAR05773,Transport reactions,1.1,1
MAR05774,Transport reactions,1.1,1
MAR05775,Transport reactions,1.1,1
MAR05776,Transport reactions,1.1,1
MAR05777,Transport reactions,1.1,1
MAR05778,Transport reactions,1.1,1
MAR05779,Transport reactions,1.1,1
MAR05780,Transport reactions,1.1,1
MAR05781,Transport reactions,1.1,1
MAR05782,Transport reactions,1.1,1
MAR05783,Transport reactions,1.1,3
MAR05784,Transport reactions,1.1,2
MAR05785,Transport reactions,1.1,3
MAR05786,Transport reactions,1.1,1
MAR05787,Transport reactions,1.1,1
MAR05788,Transport reactions,1.1,1
MAR05789,Transport reactions,1.1,1
MAR05790,Transport reactions,1.1,3
MAR05791,Transport reactions,1.1,1
MAR05792,Transport reactions,1.1,1
MAR05793,Transport reactions,1.1,2
MAR05794,Transport reactions,1.1,1
MAR05795,Transport reactions,1.1,1
MAR05796,Transport reactions,1.1,1
MAR05797,Transport reactions,1.1,1
MAR05798,Transport reactions,1.1,1
MAR05799,Transport reactions,1.1,1
MAR05800,Transport reactions,1.1,1
MAR05801,Transport reactions,1.1,1
MAR05802,Transport reactions,1.1,1
MAR05803,Transport reactions,1.1,1
MAR05804,Transport reactions,1.1,1
MAR05805,Transport reactions,1.1,1
MAR05806,Transport reactions,1.1,1
MAR05807,Transport reactions,1.1,1
MAR05808,Transport reactions,1.1,1
MAR05809,Transport reactions,1.1,1
MAR05810,Transport reactions,1.1,1
MAR05811,Transport reactions,1.1,1
MAR05812,Transport reactions,1.1,1
MAR05813,Transport reactions,1.1,1
MAR05814,Transport reactions,1.1,1
MAR05815,Transport reactions,1.1,1
MAR05816,Transport reactions,1.1,1
MAR05817,Transport reactions,1.1,1
MAR05818,Transport reactions,1.1,1
MAR05819,Transport reactions,1.1,1
MAR05820,Transport reactions,1.1,1
MAR05821,Transport reactions,1.1,1
MAR05822,Transport reactions,1.1,1
MAR05823,Transport reactions,1.1,1
MAR05824,Transport reactions,1.1,1
MAR05825,Transport reactions,1.1,1
MAR05826,Transport reactions,1.1,1
MAR05827,Transport reactions,1.1,1
MAR05828,Transport reactions,1.1,1
MAR05829,Transport reactions,1.1,1
MAR05830,Transport reactions,1.1,1
MAR05831,Transport reactions,1.1,1
MAR05832,Transport reactions,1.1,1
MAR05833,Transport reactions,1.1,1
MAR05834,Transport reactions,1.1,1
MAR05835,Transport reactions,1.1,1
MAR05836,Transport reactions,1.1,1
MAR05837,Transport reactions,1.1,1
MAR05838,Transport reactions,1.1,1
MAR05839,Transport reactions,1.1,1
MAR05840,Transport reactions,1.1,1
MAR05841,Transport reactions,1.1,1
MAR05842,Transport reactions,1.1,3
MAR05843,Transport reactions,1.1,1
MAR05844,Transport reactions,1.1,1
MAR05845,Transport reactions,1.1,1
MAR05846,Transport reactions,1.1,1
MAR05847,Transport reactions,1.1,1
MAR05848,Transport reactions,1.1,1
MAR05849,Transport reactions,1.1,1
MAR05850,Transport reactions,1.1,1
MAR05851,Transport reactions,1.1,1
MAR05852,Transport reactions,1.1,1
MAR05853,Transport reactions,1.1,1
MAR05854,Transport reactions,1.1,1
MAR05855,Transport reactions,1.1,1
MAR05856,Transport reactions,1.1,1
MAR05857,Transport reactions,1.1,1
MAR05858,Transport reactions,1.1,1
MAR05859,Transport reactions,1.1,1
MAR05860,Transport reactions,1.1,1
MAR05861,Transport reactions,1.1,1
MAR05862,Transport reactions,1.1,1
MAR05863,Transport reactions,1.1,1
MAR05864,Transport reactions,1.1,1
MAR05865,Transport reactions,1.1,1
MAR05866,Transport reactions,1.1,1
MAR05867,Transport reactions,1.1,1
MAR05868,Transport reactions,1.1,1
MAR05869,Transport reactions,1.1,1
MAR05870,Transport reactions,1.1,1
MAR05871,Transport reactions,1.1,1
MAR05872,Transport reactions,1.1,1
MAR05873,Transport reactions,1.1,3
MAR05874,Transport reactions,1.1,1
MAR05875,Transport reactions,1.1,1
MAR05876,Transport reactions,1.1,1
MAR05877,Transport reactions,1.1,1
MAR05878,Transport reactions,1.1,1
MAR05879,Transport reactions,1.1,1
MAR05880,Transport reactions,1.1,1
MAR05881,Transport reactions,1.1,1
MAR05882,Transport reactions,1.1,1
MAR05883,Transport reactions,1.1,1
MAR05884,Transport reactions,1.1,1
MAR05885,Transport reactions,1.1,1
MAR05886,Transport reactions,1.1,1
MAR05887,Transport reactions,1.1,1
MAR05888,Transport reactions,1.1,1
MAR05889,Transport reactions,1.1,1
MAR05890,Transport reactions,1.1,1
MAR05891,Transport reactions,1.1,1
MAR05892,Transport reactions,1.1,1
MAR05893,Transport reactions,1.1,1
MAR05894,Transport reactions,1.1,1
MAR05895,Transport reactions,1.1,1
MAR05896,Transport reactions,1.1,1
MAR05897,Transport reactions,1.1,1
MAR05898,Transport reactions,1.1,1
MAR05899,Transport reactions,1.1,1
MAR05900,Transport reactions,1.1,1
MAR05901,Transport reactions,1.1,1
MAR05902,Transport reactions,1.1,1
MAR05903,Transport reactions,1.1,1
MAR05904,Transport reactions,1.1,1
MAR05905,Transport reactions,1.1,1
MAR05906,Transport reactions,1.1,1
MAR05907,Transport reactions,1.1,3
MAR05908,Transport reactions,1.1,3
MAR05909,Transport reactions,1.1,3
MAR05910,Transport reactions,1.1,3
MAR05911,Transport reactions,1.1,3
MAR05912,Transport reactions,1.1,3
MAR05913,Transport reactions,1.1,3
MAR05914,Transport reactions,1.1,3
MAR05915,Transport reactions,1.1,3
MAR05916,Transport reactions,1.1,3
MAR05917,Transport reactions,1.1,3
MAR05918,Transport reactions,1.1,3
MAR05919,Transport reactions,1.1,3
MAR05920,Transport reactions,1.1,3
MAR05921,Transport reactions,1.1,3
MAR05922,Transport reactions,1.1,3
MAR05923,Transport reactions,1.1,3
MAR05924,Transport reactions,1.1,3
MAR05925,Transport reactions,1.1,3
MAR05926,Transport reactions,1.1,3
MAR05927,Transport reactions,1.1,3
MAR05928,Transport reactions,1.1,3
MAR05929,Transport reactions,1.1,3
MAR05930,Transport reactions,1.1,3
MAR05931,Transport reactions,1.1,3
MAR05932,Transport reactions,1.1,3
MAR05933,Transport reactions,1.1,3
MAR05934,Transport reactions,1.1,3
MAR05935,Transport reactions,1.1,3
MAR05936,Transport reactions,1.1,3
MAR05937,Transport reactions,1.1,3
MAR05938,Transport reactions,1.1,3
MAR05939,Transport reactions,1.1,3
MAR05940,Transport reactions,1.1,3
MAR05941,Transport reactions,1.1,3
MAR05942,Transport reactions,1.1,3
MAR05943,Transport reactions,1.1,3
MAR05944,Transport reactions,1.1,3
MAR05945,Transport reactions,1.1,3
MAR05946,Transport reactions,1.1,3
MAR05947,Transport reactions,1.1,3
MAR05948,Transport reactions,1.1,3
MAR05949,Transport reactions,1.1,3
MAR05950,Transport reactions,1.1,3
MAR05951,Transport reactions,1.1,3
MAR05952,Transport reactions,1.1,3
MAR05953,Transport reactions,1.1,3
MAR05954,Transport reactions,1.1,3
MAR05955,Transport reactions,1.1,3
MAR05956,Transport reactions,1.1,3
MAR05957,Transport reactions,1.1,3
MAR05958,Transport reactions,1.1,3
MAR05959,Transport reactions,1.1,3
MAR05960,Transport reactions,1.1,3
MAR05961,Transport reactions,1.1,3
MAR05962,Transport reactions,1.1,3
MAR05963,Transport reactions,1.1,3
MAR05964,Transport reactions,1.1,3
MAR05965,Transport reactions,1.1,3
MAR05966,Transport reactions,1.1,3
MAR05967,Transport reactions,1.1,3
MAR05968,Transport reactions,1.1,3
MAR05969,Transport reactions,1.1,3
MAR05970,Transport reactions,1.1,3
MAR05971,Transport reactions,1.1,3
MAR05972,Transport reactions,1.1,3
MAR05973,Transport reactions,1.1,3
MAR05974,Transport reactions,1.1,3
MAR05975,Transport reactions,1.1,3
MAR05976,Transport reactions,1.1,3
MAR05977,Transport reactions,1.1,3
MAR05978,Transport reactions,1.1,3
MAR05979,Transport reactions,1.1,3
MAR05980,Transport reactions,1.1,3
MAR05981,Transport reactions,1.1,3
MAR05982,Transport reactions,1.1,3
MAR05983,Transport reactions,1.1,3
MAR05984,Transport reactions,1.1,3
MAR05985,Transport reactions,1.1,3
MAR05986,Transport reactions,1.1,3
MAR05987,Transport reactions,1.1,3
MAR05989,Transport reactions,1.237006893642762,11
MAR05990,Transport reactions,2.7767210411277294,4
MAR05992,Transport reactions,1.1,1
MAR05993,Transport reactions,1.1,0
MAR05994,Transport reactions,1.1,2
MAR05995,Transport reactions,1.1,1
MAR05996,Transport reactions,1.1,2
MAR05997,Transport reactions,1.1,1
MAR05998,Transport reactions,1.1,7
MAR06000,Transport reactions,1.1,7
MAR06001,Transport reactions,1.1,7
MAR06002,Transport reactions,1.1,7
MAR06003,Transport reactions,1.1,7
MAR06004,Transport reactions,1.1,7
MAR06005,Transport reactions,1.1,7
MAR06006,Transport reactions,1.1,7
MAR06007,Transport reactions,1.1,7
MAR06008,Transport reactions,1.1,7
MAR06009,Transport reactions,1.1,7
MAR06010,Transport reactions,1.1,7
MAR06011,Transport reactions,1.1,7
MAR06012,Transport reactions,1.1,7
MAR06013,Transport reactions,1.1,7
MAR06014,Transport reactions,1.1,7
MAR06015,Transport reactions,1.1,7
MAR06016,Transport reactions,1.1,7
MAR06017,Transport reactions,1.1,7
MAR06018,Transport reactions,1.1,7
MAR06019,Transport reactions,1.1,7
MAR06020,Transport reactions,1.1,7
MAR06021,Transport reactions,1.1,7
MAR06022,Transport reactions,1.1,7
MAR06023,Transport reactions,1.1,7
MAR06024,Transport reactions,1.1,7
MAR06025,Transport reactions,1.1,7
MAR06026,Transport reactions,1.1,7
MAR06027,Transport reactions,1.1,7
MAR06028,Transport reactions,1.1,7
MAR06029,Transport reactions,1.1,7
MAR06030,Transport reactions,1.1,7
MAR06031,Transport reactions,1.1,7
MAR06032,Transport reactions,1.1,7
MAR06033,Transport reactions,1.1,7
MAR06034,Transport reactions,1.1,7
MAR06035,Transport reactions,1.1,7
MAR06036,Transport reactions,1.1,7
MAR06037,Transport reactions,1.1,7
MAR06038,Transport reactions,1.1,7
MAR06039,Transport reactions,1.1,7
MAR06040,Transport reactions,1.1,7
MAR06041,Transport reactions,1.1,7
MAR06042,Transport reactions,1.1,7
MAR06043,Transport reactions,1.1,7
MAR06044,Transport reactions,1.1,7
MAR06045,Transport reactions,1.1,7
MAR06046,Transport reactions,1.1,7
MAR06047,Transport reactions,1.1,7
MAR06048,Transport reactions,1.1,7
MAR06049,Transport reactions,1.1,7
MAR06050,Transport reactions,1.1,7
MAR06051,Transport reactions,1.1,7
MAR06052,Transport reactions,1.1,7
MAR06053,Transport reactions,1.1,7
MAR06054,Transport reactions,1.1,7
MAR06055,Transport reactions,1.1,5
MAR06056,Transport reactions,1.1,1
MAR06057,Transport reactions,1.1,1
MAR06058,Transport reactions,1.1,2
MAR06059,Transport reactions,1.1,2
MAR06060,Transport reactions,1.1,2
MAR06061,Transport reactions,1.1,2
MAR06062,Transport reactions,1.1,2
MAR06063,Transport reactions,1.1,2
MAR06064,Transport reactions,1.1,2
MAR06065,Transport reactions,1.1,2
MAR06066,Transport reactions,1.1,2
MAR06067,Transport reactions,1.1,2
MAR06068,Transport reactions,1.1,2
MAR06069,Transport reactions,1.1,2
MAR06070,Transport reactions,1.1,2
MAR06071,Transport reactions,1.1,2
MAR06072,Transport reactions,1.1,2
MAR06073,Transport reactions,1.1,2
MAR06074,Transport reactions,1.1,2
MAR06075,Transport reactions,1.1,2
MAR06076,Transport reactions,1.1,2
MAR06077,Transport reactions,1.1,2
MAR06078,Transport reactions,1.1,2
MAR06079,Transport reactions,1.1,2
MAR06080,Transport reactions,1.1,2
MAR06081,Transport reactions,1.1,2
MAR06082,Transport reactions,1.1,2
MAR06083,Transport reactions,1.1,2
MAR06084,Transport reactions,1.1,2
MAR06085,Transport reactions,1.1,2
MAR06086,Transport reactions,1.1,2
MAR06087,Transport reactions,1.1,2
MAR06088,Transport reactions,1.1,2
MAR06089,Transport reactions,1.1,2
MAR06090,Transport reactions,1.1,2
MAR06091,Transport reactions,1.1,2
MAR06092,Transport reactions,1.1,2
MAR06093,Transport reactions,1.1,2
MAR06094,Transport reactions,1.1,2
MAR06095,Transport reactions,1.1,2
MAR06096,Transport reactions,1.1,4
MAR06097,Transport reactions,1.1,2
MAR06098,Transport reactions,1.1,5
MAR06099,Transport reactions,1.1,2
MAR06100,Transport reactions,1.1,2
MAR06101,Transport reactions,1.1,4
MAR06102,Transport reactions,1.1,2
MAR06103,Transport reactions,1.1,1
MAR06104,Transport reactions,1.1,1
MAR06105,Transport reactions,1.1,1
MAR06106,Transport reactions,1.1,1
MAR06107,Transport reactions,1.1,1
MAR06108,Transport reactions,1.1,2
MAR06109,Transport reactions,1.1,2
MAR06110,Transport reactions,1.1,2
MAR06111,Transport reactions,1.1,2
MAR06112,Transport reactions,1.1,2
MAR06113,Transport reactions,1.1,2
MAR06114,Transport reactions,1.1,2
MAR06115,Transport reactions,1.1,2
MAR06116,Transport reactions,1.1,2
MAR06117,Transport reactions,1.1,2
MAR06118,Transport reactions,1.1,2
MAR06119,Transport reactions,1.1,2
MAR06120,Transport reactions,1.1,2
MAR06121,Transport reactions,1.1,2
MAR06122,Transport reactions,1.1,2
MAR06123,Transport reactions,1.1,1
MAR06124,Transport reactions,1.1,1
MAR06125,Transport reactions,1.1,1
MAR06126,Transport reactions,1.1,1
MAR06127,Transport reactions,1.1,1
MAR06128,Transport reactions,1.1,1
MAR06129,Transport reactions,1.1099704190215924,7
MAR06130,Transport reactions,1.1,1
MAR06131,Transport reactions,1.1,1
MAR06132,Transport reactions,1.1,1
MAR06133,Transport reactions,1.1,1
MAR06134,Transport reactions,1.1,1
MAR06135,Transport reactions,1.1,1
MAR06136,Transport reactions,1.1,1
MAR06137,Transport reactions,1.1,1
MAR06138,Transport reactions,1.1,1
MAR06139,Transport reactions,1.1,1
MAR06140,Transport reactions,1.1,1
MAR06141,Transport reactions,1.1,1
MAR06145,Transport reactions,1.1,1
MAR06146,Transport reactions,1.1,1
MAR06147,Transport reactions,1.1,1
MAR06148,Transport reactions,1.1,1
MAR06149,Transport reactions,1.1,1
MAR06150,Transport reactions,1.1,1
MAR06151,Transport reactions,1.1,1
MAR06152,Transport reactions,1.1,1
MAR06153,Transport reactions,1.1,1
MAR06154,Transport reactions,1.1,1
MAR06155,Transport reactions,1.1,1
MAR06156,Transport reactions,1.1,1
MAR06157,Transport reactions,1.1,1
MAR06158,Transport reactions,1.1,1
MAR06159,Transport reactions,1.1,1
MAR06160,Transport reactions,1.1,1
MAR06161,Transport reactions,1.1,1
MAR06162,Transport reactions,1.1,1
MAR06163,Transport reactions,1.1,1
MAR06164,Transport reactions,1.1,1
MAR06165,Transport reactions,1.1,1
MAR06166,Transport reactions,1.1,1
MAR06167,Transport reactions,1.1,1
MAR06168,Transport reactions,1.1,1
MAR06169,Transport reactions,1.1,1
MAR06170,Transport reactions,1.1,1
MAR06171,Transport reactions,1.1,1
MAR06172,Transport reactions,1.1,1
MAR06173,Transport reactions,1.1,1
MAR06174,Transport reactions,1.1,1
MAR06175,Transport reactions,1.1,1
MAR06176,Transport reactions,1.1,1
MAR06177,Transport reactions,1.1,1
MAR06178,Transport reactions,1.1,1
MAR06179,Transport reactions,1.1,1
MAR06180,Transport reactions,1.1,1
MAR06181,Transport reactions,1.1,1
MAR06182,Transport reactions,1.1,1
MAR06183,Transport reactions,1.1,1
MAR06184,Transport reactions,1.1,1
MAR06185,Transport reactions,1.1,1
MAR06186,Transport reactions,1.1,1
MAR06187,Transport reactions,1.1,1
MAR06188,Transport reactions,1.1,1
MAR06189,Transport reactions,1.1,1
MAR06190,Transport reactions,1.1,1
MAR06191,Transport reactions,1.1,1
MAR06192,Transport reactions,1.1,1
MAR06193,Transport reactions,1.1,1
MAR06194,Transport reactions,1.1,1
MAR06195,Transport reactions,1.1,1
MAR06196,Transport reactions,1.1,1
MAR06197,Transport reactions,1.1,1
MAR06198,Transport reactions,1.1,1
MAR06199,Transport reactions,1.1,1
MAR06200,Transport reactions,1.1,1
MAR06201,Transport reactions,1.1,1
MAR06202,Transport reactions,1.1,1
MAR06203,Transport reactions,1.1,1
MAR06204,Transport reactions,1.1,1
MAR06205,Transport reactions,1.1,1
MAR06206,Transport reactions,1.1,1
MAR06207,Transport reactions,1.1,1
MAR06208,Transport reactions,1.1,1
MAR06209,Transport reactions,1.1,1
MAR06210,Transport reactions,1.1,1
MAR06211,Transport reactions,1.1,1
MAR06212,Transport reactions,1.1,1
MAR06213,Transport reactions,1.1,1
MAR06214,Transport reactions,1.1,2
MAR06215,Transport reactions,1.1,2
MAR06216,Transport reactions,1.1,2
MAR06217,Transport reactions,1.1,2
MAR06218,Transport reactions,1.1,1
MAR06219,Transport reactions,1.1,1
MAR06221,Transport reactions,1.1,1
MAR06222,Transport reactions,1.1,1
MAR06223,Transport reactions,1.1,1
MAR06224,Transport reactions,1.1,1
MAR06225,Transport reactions,1.1,1
MAR06226,Transport reactions,1.1,1
MAR06227,Transport reactions,1.1,1
MAR06228,Transport reactions,1.1,1
MAR06229,Transport reactions,1.1,1
MAR06230,Transport reactions,1.1,1
MAR06231,Transport reactions,1.1,1
MAR06232,Transport reactions,1.1,1
MAR06233,Transport reactions,1.1,1
MAR06234,Transport reactions,1.1,1
MAR06235,Transport reactions,1.1,1
MAR06236,Transport reactions,1.1,1
MAR06237,Transport reactions,1.1,1
MAR06238,Transport reactions,1.1,1
MAR06239,Transport reactions,1.1,1
MAR06240,Transport reactions,1.1,1
MAR06241,Transport reactions,1.1,4
MAR06242,Transport reactions,1.1,2
MAR06243,Transport reactions,1.1,4
MAR06244,Transport reactions,0.30289167182871735,1
MAR06245,Transport reactions,1.1,3
MAR06246,Transport reactions,1.1,5
MAR06247,Transport reactions,1.1,4
MAR06248,Transport reactions,1.169792933151146,1
MAR06249,Transport reactions,1.1348964665755732,2
MAR06250,Transport reactions,1.1,1
MAR06251,Transport reactions,1.1,0
MAR06253,Transport reactions,1.1,1
MAR06254,Transport reactions,1.1,1
MAR06255,Transport reactions,1.1,1
MAR06256,Transport reactions,1.1,1
MAR06257,Transport reactions,1.1,3
MAR06258,Transport reactions,1.1,1
MAR06259,Transport reactions,1.1,1
MAR06260,Transport reactions,1.1,0
MAR06261,Transport reactions,1.1,1
MAR06262,Transport reactions,1.1,1
MAR06263,Transport reactions,1.1,1
MAR06264,Transport reactions,1.1,1
MAR06265,Transport reactions,1.1,1
MAR06266,Transport reactions,1.1,1
MAR06267,Transport reactions,1.1,1
MAR06268,Transport reactions,1.1,2
MAR06269,Transport reactions,1.1,0
MAR06270,Transport reactions,1.1,1
MAR06271,Transport reactions,1.1,1
MAR06272,Transport reactions,1.1,1
MAR06273,Transport reactions,1.1,1
MAR06274,Transport reactions,1.1,1
MAR06275,Transport reactions,1.1,2
MAR06351,Transport reactions,1.1,2
MAR06352,Transport reactions,1.1,3
MAR06353,Transport reactions,1.1,2
MAR06354,Transport reactions,1.1,2
MAR06355,Transport reactions,1.1,1
MAR06356,Transport reactions,1.1,1
MAR06357,Transport reactions,1.1,1
MAR06358,Transport reactions,1.1,1
MAR06359,Transport reactions,1.1,1
MAR06360,Transport reactions,1.1,1
MAR06361,Transport reactions,1.1,1
MAR06362,Transport reactions,1.1,1
MAR06363,Transport reactions,1.1,1
MAR06364,Transport reactions,1.1,1
MAR06365,Transport reactions,1.1,1
MAR06366,Transport reactions,1.1,2
MAR06367,Transport reactions,1.1,2
MAR06368,Transport reactions,1.1,2
MAR06369,Transport reactions,1.1,2
MAR06370,Transport reactions,1.1,1
MAR06371,Transport reactions,1.4544432465531565,4
MAR06372,Transport reactions,1.4544432465531565,4
MAR06373,Transport reactions,1.4544432465531565,4
MAR06374,Transport reactions,1.4544432465531565,4
MAR06375,Transport reactions,1.1,5
MAR06377,Transport reactions,1.1,5
MAR06379,Transport reactions,1.1,3
MAR06380,Transport reactions,1.1,2
MAR06381,Transport reactions,1.1,4
MAR06382,Transport reactions,1.1,4
MAR06383,Transport reactions,1.1,3
MAR06384,Transport reactions,1.1,2
MAR06392,Transport reactions,1.1,1
MAR06424,Transport reactions,1.1,0
MAR06439,Transport reactions,1.1,0
MAR06462,Transport reactions,1.1,0
MAR06474,Transport reactions,1.1,2
MAR06505,Transport reactions,1.1,0
MAR06512,Transport reactions,1.1,11
MAR06514,Transport reactions,1.1,0
MAR06516,Transport reactions,1.1,0
MAR06524,Transport reactions,1.1,1
MAR06525,Transport reactions,1.1,6
MAR06526,Transport reactions,1.1,2
MAR06527,Transport reactions,1.2493172466897047,3
MAR06529,Transport reactions,1.1,1
MAR06530,Transport reactions,1.1,1
MAR06531,Transport reactions,1.1,1
MAR06532,Transport reactions,1.2453628676101056,3
MAR06533,Transport reactions,1.1,1
MAR06534,Transport reactions,1.1,4
MAR06628,Transport reactions,1.1,4
MAR06732,Transport reactions,1.1,4
MAR06733,Transport reactions,1.1,2
MAR06989,Transport reactions,1.1,1
MAR06991,Transport reactions,1.1,0
MAR07109,Transport reactions,1.1,0
MAR07111,Transport reactions,1.1,0
MAR07113,Transport reactions,1.1,0
MAR07115,Transport reactions,1.1,0
MAR07117,Transport reactions,1.1,0
MAR07119,Transport reactions,1.1,0
MAR07121,Transport reactions,1.1,0
MAR07123,Transport reactions,1.1,0
MAR07125,Transport reactions,1.1,0
MAR07127,Transport reactions,1.1,0
MAR07173,Transport reactions,1.1,0
MAR07184,Transport reactions,1.1,0
MAR07223,Transport reactions,1.1,0
MAR07253,Transport reactions,1.1,0
MAR07372,Transport reactions,1.1,0
MAR07453,Transport reactions,1.1,0
MAR07482,Transport reactions,1.1,0
MAR07499,Transport reactions,1.1,1
MAR07511,Transport reactions,1.1,0
MAR07523,Transport reactions,1.1,0
MAR07539,Transport reactions,1.1,0
MAR07555,Transport reactions,1.1,0
MAR07568,Transport reactions,1.1,3
MAR07569,Transport reactions,1.1,3
MAR07579,Transport reactions,1.1,0
MAR07583,Transport reactions,1.1,0
MAR07608,Transport reactions,1.1,0
MAR07609,Transport reactions,1.1,0
MAR07629,Transport reactions,1.1265692414485697,9
MAR07630,Transport reactions,1.1,3
MAR07631,Transport reactions,1.1,5
MAR07632,Transport reactions,1.1,2
MAR07633,Transport reactions,1.1,2
MAR07634,Transport reactions,1.1,2
MAR07635,Transport reactions,1.1,2
MAR07636,Transport reactions,1.1,2
MAR07637,Transport reactions,1.1,2
MAR07639,Transport reactions,1.3309694134579892,5
MAR07643,Transport reactions,1.1,2
MAR07644,Transport reactions,1.1,2
MAR07645,Transport reactions,2.5177729862126252,1
MAR07650,Transport reactions,0.9076190321815927,1
MAR07651,Transport reactions,1.1,5
MAR07660,Transport reactions,1.1,0
MAR07666,Transport reactions,1.1,1
MAR07667,Transport reactions,1.1,1
MAR07679,Transport reactions,1.1,0
MAR07680,Transport reactions,1.1,2
MAR07681,Transport reactions,1.1,1
MAR07682,Transport reactions,1.1,1
MAR07683,Transport reactions,1.1,1
MAR07684,Transport reactions,1.1,1
MAR07685,Transport reactions,1.1,1
MAR07686,Transport reactions,1.1,1
MAR07687,Transport reactions,1.1,1
MAR07690,Transport reactions,1.1,0
MAR07691,Transport reactions,1.1,3
MAR07692,Transport reactions,1.1,3
MAR07699,Transport reactions,1.1,2
MAR07700,Transport reactions,1.1,1
MAR07734,Transport reactions,1.1,1
MAR07735,Transport reactions,1.1,1
MAR07736,Transport reactions,1.1,1
MAR07737,Transport reactions,1.1,1
MAR07738,Transport reactions,1.1,1
MAR07739,Transport reactions,1.1,1
MAR07774,Transport reactions,1.1,0
MAR07781,Transport reactions,1.1,0
MAR07787,Transport reactions,1.1,0
MAR07798,Transport reactions,1.1,0
MAR07896,Transport reactions,1.1,0
MAR07898,Transport reactions,1.1,0
MAR07900,Transport reactions,1.1,0
MAR07901,Transport reactions,1.1,0
MAR07902,Transport reactions,1.1,3
MAR07903,Transport reactions,1.1,0
MAR07904,Transport reactions,1.1,1
MAR07905,Transport reactions,1.1,1
MAR07906,Transport reactions,1.1,0
MAR07946,Transport reactions,1.1,2
MAR07951,Transport reactions,1.1,0
MAR07961,Transport reactions,1.1,0
MAR07964,Transport reactions,1.1,1
MAR07967,Transport reactions,1.1,1
MAR07975,Transport reactions,1.1,0
MAR07977,Transport reactions,1.1,0
MAR07979,Transport reactions,1.1,0
MAR07982,Transport reactions,1.1,1
MAR07986,Transport reactions,1.1,1
MAR07990,Transport reactions,1.1,1
MAR07994,Transport reactions,1.1,0
MAR07997,Transport reactions,1.1,0
MAR08002,Transport reactions,1.1,0
MAR08007,Transport reactions,1.1,0
MAR08010,Transport reactions,1.1,0
MAR08015,Transport reactions,1.1,0
MAR08023,Transport reactions,1.1,0
MAR08031,Transport reactions,1.1,1
MAR08033,Transport reactions,1.1,0
MAR08035,Transport reactions,1.1,0
MAR08039,Transport reactions,1.1,0
MAR08041,Transport reactions,1.1,0
MAR08042,Transport reactions,1.1,0
MAR08044,Transport reactions,1.1,0
MAR08045,Transport reactions,1.1,0
MAR08047,Transport reactions,1.1,0
MAR08048,Transport reactions,1.1,0
MAR08050,Transport reactions,1.1,0
MAR08051,Transport reactions,1.1,0
MAR08053,Transport reactions,1.1,0
MAR08054,Transport reactions,1.1,0
MAR08056,Transport reactions,1.1,0
MAR08057,Transport reactions,1.1,0
MAR08061,Transport reactions,1.1,0
MAR08073,Transport reactions,1.1,0
MAR08075,Transport reactions,1.1,3
MAR08076,Transport reactions,3.9430104725594957,4
MAR08077,Transport reactions,3.9430104725594957,4
MAR08079,Transport reactions,1.1,0
MAR08080,Transport reactions,1.1,0
MAR08081,Transport reactions,1.189723901283289,1
MAR08090,Transport reactions,1.1,0
MAR08095,Transport reactions,1.1,0
MAR08100,Transport reactions,1.1,0
MAR08101,Transport reactions,1.1,0
MAR08103,Transport reactions,1.1,0
MAR08104,Transport reactions,1.1,0
MAR08154,Transport reactions,1.1,0
MAR08158,Transport reactions,1.1,0
MAR08161,Transport reactions,1.1,0
MAR08164,Transport reactions,1.1,0
MAR08214,Transport reactions,1.1,0
MAR08223,Transport reactions,1.1,0
MAR08225,Transport reactions,1.1,1
MAR08229,Transport reactions,1.1,0
MAR08231,Transport reactions,1.1,0
MAR08240,Transport reactions,1.1,0
MAR08247,Transport reactions,1.1,0
MAR08253,Transport reactions,1.1,0
MAR08266,Transport reactions,1.1,0
MAR08270,Transport reactions,1.1,0
MAR08273,Transport reactions,1.1,0
MAR08283,Transport reactions,1.1,0
MAR08290,Transport reactions,1.1,0
MAR08297,Transport reactions,1.1,0
MAR08300,Transport reactions,1.1,0
MAR08304,Transport reactions,1.1,0
MAR08311,Transport reactions,1.1,0
MAR08313,Transport reactions,1.1,0
MAR08315,Transport reactions,1.1,0
MAR08321,Transport reactions,1.1,0
MAR08324,Transport reactions,1.1,0
MAR08329,Transport reactions,1.1,0
MAR08336,Transport reactions,1.1,0
MAR08339,Transport reactions,1.1,0
MAR08340,Transport reactions,1.1,0
MAR08343,Transport reactions,1.1,0
MAR08354,Transport reactions,2.5177729862126252,1
MAR08364,Transport reactions,1.1,3
MAR08374,Transport reactions,1.1,0
MAR08408,Transport reactions,1.1,0
MAR08420,Transport reactions,1.1,0
MAR08429,Transport reactions,1.1,1
MAR08515,Transport reactions,1.1,1
MAR08520,Transport reactions,1.1,0
MAR08536,Transport reactions,1.1,0
MAR08551,Transport reactions,1.1,2
MAR08567,Transport reactions,1.1,0
MAR08586,Transport reactions,4.641597361800479,1
MAR08593,Transport reactions,1.1,0
MAR08595,Transport reactions,1.1,0
MAR08597,Transport reactions,1.1,0
MAR08599,Transport reactions,1.1,0
MAR08600,Transport reactions,1.1,0
MAR08602,Transport reactions,1.1,0
MAR08612,Transport reactions,1.1,0
MAR08618,Transport reactions,1.1,0
MAR08629,Transport reactions,1.1,0
MAR08631,Transport reactions,1.1,1
MAR08632,Transport reactions,1.1,2
MAR08633,Transport reactions,1.1,1
MAR08635,Transport reactions,1.1,1
MAR08636,Transport reactions,1.1,1
MAR08656,Transport reactions,1.1,0
MAR08658,Transport reactions,1.1,2
MAR08659,Transport reactions,1.1,3
MAR08660,Transport reactions,1.1,2
MAR08670,Transport reactions,1.1,1
MAR08671,Transport reactions,1.1,1
MAR08676,Transport reactions,1.4784710324025099,2
MAR08677,Transport reactions,1.3523140216016731,3
MAR08678,Transport reactions,1.1,0
MAR08679,Transport reactions,1.1,0
MAR08686,Transport reactions,1.1,0
MAR08687,Transport reactions,1.1,3
MAR08696,Transport reactions,1.1,0
MAR08714,Transport reactions,1.1,0
MAR08718,Transport reactions,1.1,0
MAR08720,Transport reactions,1.1,0
MAR08721,Transport reactions,1.1,0
MAR08723,Transport reactions,1.1,0
MAR08730,Transport reactions,3.0070026755910693,1
MAR08732,Transport reactions,1.1,1
MAR08733,Transport reactions,1.1,2
MAR08734,Transport reactions,1.1,2
MAR08735,Transport reactions,1.1,1
MAR08736,Transport reactions,1.1,1
MAR08760,Transport reactions,1.1,0
MAR08797,Transport reactions,1.1,0
MAR08798,Transport reactions,1.1,0
MAR08846,Transport reactions,3.4610649078669864,3
MAR08847,Transport reactions,1.1174482332877866,4
MAR08849,Transport reactions,1.1,0
MAR08850,Transport reactions,1.1,1
MAR08852,Transport reactions,1.1,0
MAR08853,Transport reactions,1.1,1
MAR08854,Transport reactions,1.1,0
MAR08861,Transport reactions,1.1,2
MAR08863,Transport reactions,1.1,0
MAR08864,Transport reactions,1.1,0
MAR08865,Transport reactions,1.1,0
MAR08866,Transport reactions,1.1,0
MAR08867,Transport reactions,4.641597361800479,1
MAR08869,Transport reactions,1.1,0
MAR08870,Transport reactions,1.1,0
MAR08872,Transport reactions,1.1,1
MAR08873,Transport reactions,1.1,0
MAR08876,Transport reactions,1.1,1
MAR08877,Transport reactions,1.3149588414300697,1
MAR08878,Transport reactions,1.1,0
MAR08879,Transport reactions,1.1,3
MAR08881,Transport reactions,1.1,0
MAR08883,Transport reactions,1.1,0
MAR08884,Transport reactions,1.3149588414300697,1
MAR08889,Transport reactions,1.1,1
MAR08892,Transport reactions,1.1,3
MAR08893,Transport reactions,1.1,0
MAR08896,Transport reactions,1.1,0
MAR08898,Transport reactions,1.1,0
MAR08899,Transport reactions,1.1,0
MAR08901,Transport reactions,1.1,0
MAR08903,Transport reactions,1.1,0
MAR08905,Transport reactions,1.1,0
MAR08907,Transport reactions,1.1,0
MAR08911,Transport reactions,1.1,1
MAR08912,Transport reactions,1.1,2
MAR08913,Transport reactions,1.1,0
MAR08917,Transport reactions,1.8569420648050194,1
MAR08922,Transport reactions,1.1,0
MAR08923,Transport reactions,1.1,0
MAR08924,Transport reactions,1.1,1
MAR08925,Transport reactions,1.9805452696211499,3
MAR08927,Transport reactions,1.1,0
MAR08929,Transport reactions,2.5177729862126252,1
MAR08930,Transport reactions,1.1,1
MAR08931,Transport reactions,1.1,0
MAR08932,Transport reactions,1.1,1
MAR08933,Transport reactions,1.1,1
MAR08934,Transport reactions,0.9076190321815927,1
MAR08935,Transport reactions,0.9076190321815927,1
MAR08936,Transport reactions,1.1,1
MAR08937,Transport reactions,1.1,0
MAR08938,Transport reactions,1.1,1
MAR08939,Transport reactions,1.1,4
MAR08940,Transport reactions,1.1,4
MAR08941,Transport reactions,1.1,4
MAR08942,Transport reactions,1.1,4
MAR08943,Transport reactions,1.1,4
MAR08944,Transport reactions,1.1,4
MAR08945,Transport reactions,1.1,4
MAR08946,Transport reactions,1.1,4
MAR08947,Transport reactions,1.1,4
MAR09173,Transport reactions,1.1,0
MAR09175,Transport reactions,1.1,0
MAR09176,Transport reactions,1.1,0
MAR09178,Transport reactions,1.1,0
MAR09180,Transport reactions,1.1,0
MAR09182,Transport reactions,1.1,0
MAR09183,Transport reactions,1.1,0
MAR09184,Transport reactions,1.1,0
MAR09185,Transport reactions,1.1,0
MAR09187,Transport reactions,1.1,0
MAR09188,Transport reactions,1.1,0
MAR09189,Transport reactions,1.1,0
MAR09190,Transport reactions,1.1,2
MAR09191,Transport reactions,1.1,2
MAR09192,Transport reactions,1.1,3
MAR09193,Transport reactions,1.1,1
MAR09195,Transport reactions,1.1,1
MAR09196,Transport reactions,1.1,2
MAR09197,Transport reactions,0.24384579675780138,1
MAR09198,Transport reactions,1.1,1
MAR09590,Transport reactions,1.1,2
MAR09591,Transport reactions,1.1,2
MAR09592,Transport reactions,1.1,2
MAR09593,Transport reactions,1.1,2
MAR09594,Transport reactions,1.1,2
MAR09595,Transport reactions,1.1,2
MAR09596,Transport reactions,1.1,2
MAR09597,Transport reactions,1.1,2
MAR09598,Transport reactions,1.1,2
MAR09599,Transport reactions,1.1,2
MAR09600,Transport reactions,1.1,2
MAR09601,Transport reactions,1.1,3
MAR09602,Transport reactions,1.1,1
MAR09603,Transport reactions,1.1,1
MAR09604,Transport reactions,1.1,1
MAR09605,Transport reactions,1.1,1
MAR09606,Transport reactions,1.1,1
MAR09607,Transport reactions,1.1,1
MAR09608,Transport reactions,1.1,1
MAR09609,Transport reactions,1.1,1
MAR09610,Transport reactions,1.1,1
MAR09611,Transport reactions,0.4155729926525181,1
MAR09612,Transport reactions,1.1,0
MAR09613,Transport reactions,1.1,3
MAR09614,Transport reactions,1.1,1
MAR09615,Transport reactions,1.1,2
MAR09616,Transport reactions,1.1,2
MAR09617,Transport reactions,1.1,1
MAR09618,Transport reactions,1.1,2
MAR09619,Transport reactions,1.1,2
MAR09620,Transport reactions,1.1,1
MAR09621,Transport reactions,1.1,1
MAR09622,Transport reactions,1.1,1
MAR09623,Transport reactions,1.1,2
MAR09624,Transport reactions,1.1,2
MAR09635,Transport reactions,1.1,0
MAR09636,Transport reactions,1.1,0
MAR09637,Transport reactions,1.1,0
MAR09638,Transport reactions,1.1,0
MAR09639,Transport reactions,1.1,0
MAR09640,Transport reactions,1.1,0
MAR09641,Transport reactions,1.1,0
MAR09642,Transport reactions,1.1,0
MAR09643,Transport reactions,1.1,0
MAR09644,Transport reactions,1.1,0
MAR09645,Transport reactions,1.1,0
MAR09646,Transport reactions,1.1,0
MAR09647,Transport reactions,1.1,0
MAR09648,Transport reactions,1.1,0
MAR09649,Transport reactions,1.1,0
MAR09650,Transport reactions,1.1,0
MAR09651,Transport reactions,1.1,0
MAR09652,Transport reactions,1.1,0
MAR09653,Transport reactions,1.1,0
MAR09654,Transport reactions,1.1,0
MAR09655,Transport reactions,1.1,0
MAR09656,Transport reactions,1.1,0
MAR09657,Transport reactions,1.1,0
MAR09658,Transport reactions,1.1,0
MAR09659,Transport reactions,1.1,0
MAR09660,Transport reactions,1.1,0
MAR09661,Transport reactions,1.1,0
MAR09662,Transport reactions,1.1,0
MAR09663,Transport reactions,1.1,0
MAR09720,Transport reactions,1.1,0
MAR09728,Transport reactions,1.1,0
MAR09731,Transport reactions,1.1,0
MAR09737,Transport reactions,1.1,0
MAR08071,Transport reactions,1.1,0
MAR04312,Transport reactions,1.8552160206951953,6
MAR08428,Transport reactions,1.1,0
MAR08430,Transport reactions,1.1,0
MAR08022,Transport reactions,0.41363570930943405,1
MAR08070,Transport reactions,1.1,0
MAR09015,Transport reactions,1.1,1
MAR09020,Transport reactions,1.1,1
MAR00157,Transport reactions,1.1,0
MAR00158,Transport reactions,1.137043002546326,18
MAR00166,Transport reactions,1.1,0
MAR00169,Transport reactions,1.1,1
MAR00172,Transport reactions,1.1,0
MAR00175,Transport reactions,1.1,0
MAR00178,Transport reactions,1.1,0
MAR00182,Transport reactions,1.1,0
MAR00185,Transport reactions,1.1,0
MAR00446,Transport reactions,1.1,0
MAR00578,Transport reactions,1.1,0
MAR00587,Transport reactions,1.1,0
MAR00962,Transport reactions,1.1,0
MAR01145,Transport reactions,1.1,0
MAR01173,Transport reactions,1.1,0
MAR01187,Transport reactions,1.1,0
MAR01215,Transport reactions,1.1,0
MAR01243,Transport reactions,1.1,0
MAR01267,Transport reactions,1.1,0
MAR01284,Transport reactions,1.1,0
MAR01572,Transport reactions,1.1,0
MAR01602,Transport reactions,1.1,0
MAR01915,Transport reactions,1.1,0
MAR01925,Transport reactions,1.1,0
MAR01930,Transport reactions,1.1,0
MAR01936,Transport reactions,1.1,0
MAR01994,Transport reactions,1.1,0
MAR01997,Transport reactions,1.1,0
MAR02008,Transport reactions,1.1,0
MAR02012,Transport reactions,1.1,0
MAR02065,Transport reactions,1.1,0
MAR02080,Transport reactions,1.1,0
MAR02094,Transport reactions,1.1,0
MAR02105,Transport reactions,1.1,0
MAR02116,Transport reactions,1.1,1
MAR02127,Transport reactions,1.1,0
MAR02141,Transport reactions,1.1,1
MAR02590,Transport reactions,0.19844851435823227,1
MAR03746,Transport reactions,1.1,0
MAR03762,Transport reactions,1.1,0
MAR03789,Transport reactions,1.1,0
MAR03818,Transport reactions,1.1,0
MAR03825,Transport reactions,1.1,2
MAR03863,Transport reactions,1.1,2
MAR03864,Transport reactions,1.1,2
MAR03921,Transport reactions,1.1,0
MAR03946,Transport reactions,1.1,0
MAR03949,Transport reactions,1.1,0
MAR03950,Transport reactions,1.1,0
MAR03952,Transport reactions,1.1,0
MAR03954,Transport reactions,1.1,0
MAR03971,Transport reactions,0.34502337303148267,1
MAR04184,Transport reactions,3.2799135345677453,1
MAR04237,Transport reactions,0.41363570930943405,1
MAR04266,Transport reactions,1.1,0
MAR04367,Transport reactions,1.1,0
MAR04684,Transport reactions,1.1,0
MAR04692,Transport reactions,1.1,0
MAR04720,Transport reactions,1.1,0
MAR04729,Transport reactions,1.1,0
MAR04738,Transport reactions,1.1,0
MAR04743,Transport reactions,1.1,0
MAR04754,Transport reactions,1.1,1
MAR04756,Transport reactions,1.1,1
MAR04760,Transport reactions,1.1,1
MAR04850,Transport reactions,1.1,0
MAR04851,Transport reactions,0.34502337303148267,1
MAR04852,Transport reactions,1.1,1
MAR04854,Transport reactions,0.34502337303148267,1
MAR04855,Transport reactions,1.1,1
MAR04862,Transport reactions,0.34502337303148267,1
MAR04863,Transport reactions,0.34502337303148267,1
MAR04864,Transport reactions,0.34502337303148267,1
MAR04865,Transport reactions,0.34502337303148267,1
MAR04867,Transport reactions,0.34502337303148267,1
MAR04868,Transport reactions,0.34502337303148267,1
MAR04870,Transport reactions,0.34502337303148267,1
MAR04871,Transport reactions,0.34502337303148267,1
MAR04872,Transport reactions,0.34502337303148267,1
MAR04874,Transport reactions,1.1,0
MAR04888,Transport reactions,1.1,1
MAR04898,Transport reactions,1.1,0
MAR04905,Transport reactions,1.1,0
MAR04914,Transport reactions,1.1,2
MAR04922,Transport reactions,1.1,0
MAR04926,Transport reactions,1.022175090802164,3
MAR04944,Transport reactions,1.1,1
MAR04951,Transport reactions,1.1,1
MAR04953,Transport reactions,1.1,0
MAR04959,Transport reactions,1.1,0
MAR04963,Transport reactions,1.1,0
MAR04964,Transport reactions,1.1,1
MAR04971,Transport reactions,1.1,1
MAR04972,Transport reactions,1.1,1
MAR04957,Transport reactions,1.1,0
MAR04977,Transport reactions,1.1,1
MAR04979,Transport reactions,1.1,0
MAR04997,Transport reactions,1.1,2
MAR04998,Transport reactions,1.1,0
MAR05006,Transport reactions,1.1,0
MAR05014,Transport reactions,1.1,0
MAR05015,Transport reactions,1.1,0
MAR05016,Transport reactions,1.1,1
MAR05022,Transport reactions,1.1,3
MAR05031,Transport reactions,0.1484392423466604,1
MAR05033,Transport reactions,0.1484392423466604,1
MAR05036,Transport reactions,0.1484392423466604,1
MAR05043,Transport reactions,1.1,1
MAR05046,Transport reactions,1.1,1
MAR05096,Transport reactions,1.1,0
MAR05099,Transport reactions,1.1,0
MAR05101,Transport reactions,1.1,0
MAR05102,Transport reactions,1.1,0
MAR05105,Transport reactions,1.1,2
MAR05107,Transport reactions,1.1,0
MAR05109,Transport reactions,1.1,0
MAR05112,Transport reactions,1.1,0
MAR05113,Transport reactions,0.5651882292030589,1
MAR05114,Transport reactions,2.7772288116770802,2
MAR05115,Transport reactions,1.1,0
MAR05116,Transport reactions,1.1,0
MAR05117,Transport reactions,1.1,0
MAR05118,Transport reactions,1.1,0
MAR05121,Transport reactions,1.1,0
MAR05122,Transport reactions,1.1,2
MAR05124,Transport reactions,1.1,1
MAR05125,Transport reactions,1.1,0
MAR05126,Transport reactions,1.1,0
MAR05222,Transport reactions,1.1,0
MAR05223,Transport reactions,1.1,0
MAR05225,Transport reactions,1.1,0
MAR05227,Transport reactions,1.1,0
MAR05292,Transport reactions,1.1,3
MAR05304,Transport reactions,1.1,0
MAR05348,Transport reactions,1.1,7
MAR05349,Transport reactions,1.1,7
MAR05361,Transport reactions,1.1,0
MAR05411,Transport reactions,1.1,1
MAR05420,Transport reactions,1.1,2
MAR05426,Transport reactions,1.1,0
MAR06276,Transport reactions,1.1,1
MAR06277,Transport reactions,1.1,1
MAR06286,Transport reactions,1.1,1
MAR06287,Transport reactions,1.1,1
MAR06288,Transport reactions,1.1,1
MAR06289,Transport reactions,1.1,1
MAR06290,Transport reactions,1.1,1
MAR06291,Transport reactions,1.1,1
MAR06292,Transport reactions,1.1,1
MAR06293,Transport reactions,1.1,1
MAR06294,Transport reactions,1.1,1
MAR06295,Transport reactions,1.1,1
MAR06296,Transport reactions,1.1,1
MAR06297,Transport reactions,1.1,1
MAR06298,Transport reactions,1.1,1
MAR06299,Transport reactions,1.1,1
MAR06300,Transport reactions,1.1,1
MAR06301,Transport reactions,1.1,2
MAR06302,Transport reactions,1.1,2
MAR06303,Transport reactions,1.1,1
MAR06304,Transport reactions,1.1,1
MAR06305,Transport reactions,1.1,1
MAR06306,Transport reactions,1.1,1
MAR06307,Transport reactions,1.1,2
MAR06308,Transport reactions,1.1,2
MAR06309,Transport reactions,1.1,1
MAR06310,Transport reactions,1.1,1
MAR06311,Transport reactions,1.1,1
MAR06312,Transport reactions,1.1,1
MAR06313,Transport reactions,1.1,2
MAR06314,Transport reactions,1.1,2
MAR06315,Transport reactions,1.1,1
MAR06316,Transport reactions,1.1,1
MAR06317,Transport reactions,1.1,2
MAR06318,Transport reactions,1.1,2
MAR06321,Transport reactions,1.1,2
MAR06323,Transport reactions,1.1,2
MAR06325,Transport reactions,1.1,1
MAR06326,Transport reactions,1.1,1
MAR06327,Transport reactions,1.1,2
MAR06328,Transport reactions,1.1,3
MAR06330,Transport reactions,0.34502337303148267,1
MAR06331,Transport reactions,0.34502337303148267,1
MAR06332,Transport reactions,1.1,1
MAR06333,Transport reactions,1.1,1
MAR06334,Transport reactions,1.1,1
MAR06335,Transport reactions,1.1,1
MAR06336,Transport reactions,1.1,1
MAR06337,Transport reactions,1.1,1
MAR06338,Transport reactions,1.1,1
MAR06339,Transport reactions,1.1,1
MAR06340,Transport reactions,1.1,1
MAR06341,Transport reactions,1.1,1
MAR06342,Transport reactions,1.1,1
MAR06343,Transport reactions,1.1,1
MAR06389,Transport reactions,1.1,1
MAR06431,Transport reactions,1.1,0
MAR06438,Transport reactions,1.1,0
MAR06446,Transport reactions,1.1,0
MAR06454,Transport reactions,1.1,0
MAR06455,Transport reactions,1.1,0
MAR06469,Transport reactions,1.1,0
MAR06481,Transport reactions,1.1,0
MAR06513,Transport reactions,1.1,0
MAR06517,Transport reactions,1.1,0
MAR06521,Transport reactions,0.34502337303148267,1
MAR06522,Transport reactions,0.34502337303148267,1
MAR06618,Transport reactions,1.1,0
MAR06620,Transport reactions,1.1,0
MAR06781,Transport reactions,1.1,0
MAR06890,Transport reactions,1.1,0
MAR06902,Transport reactions,1.1,0
MAR07638,Transport reactions,1.1,5
MAR07708,Transport reactions,1.1,0
MAR07719,Transport reactions,0.1484392423466604,1
MAR07723,Transport reactions,0.1484392423466604,1
MAR07757,Transport reactions,1.1,1
MAR07760,Transport reactions,1.1,1
MAR07769,Transport reactions,1.1,1
MAR07804,Transport reactions,1.1,1
MAR07806,Transport reactions,1.1,1
MAR07808,Transport reactions,1.1,1
MAR07810,Transport reactions,1.1,1
MAR07812,Transport reactions,1.1,1
MAR07814,Transport reactions,1.1,1
MAR07815,Transport reactions,1.1,1
MAR07816,Transport reactions,1.1,1
MAR07818,Transport reactions,1.1,1
MAR07820,Transport reactions,1.1,1
MAR07822,Transport reactions,1.1,1
MAR07824,Transport reactions,1.1,1
MAR07825,Transport reactions,1.1,1
MAR07826,Transport reactions,1.1,1
MAR07827,Transport reactions,1.1,1
MAR07828,Transport reactions,1.1,1
MAR07829,Transport reactions,1.1,1
MAR07830,Transport reactions,1.1,1
MAR07831,Transport reactions,1.1,1
MAR07832,Transport reactions,1.1,1
MAR07833,Transport reactions,1.1,1
MAR07834,Transport reactions,1.1,1
MAR07835,Transport reactions,1.1,1
MAR07836,Transport reactions,1.1,1
MAR07837,Transport reactions,1.1,1
MAR07838,Transport reactions,1.1,1
MAR07839,Transport reactions,1.1,1
MAR07840,Transport reactions,1.1,1
MAR07841,Transport reactions,1.1,1
MAR07842,Transport reactions,1.1,1
MAR07843,Transport reactions,1.1,1
MAR07844,Transport reactions,1.1,1
MAR07845,Transport reactions,1.1,1
MAR07846,Transport reactions,1.1,1
MAR07847,Transport reactions,1.1,1
MAR07848,Transport reactions,1.1,1
MAR07849,Transport reactions,1.1,1
MAR07850,Transport reactions,1.1,1
MAR07851,Transport reactions,1.1,1
MAR07852,Transport reactions,1.1,1
MAR07853,Transport reactions,1.1,1
MAR07854,Transport reactions,1.1,1
MAR07897,Transport reactions,1.1,0
MAR07899,Transport reactions,1.1,0
MAR07914,Transport reactions,1.1,0
MAR07917,Transport reactions,1.1,0
MAR07923,Transport reactions,1.1,0
MAR07995,Transport reactions,1.1,0
MAR07998,Transport reactions,1.1,0
MAR08000,Transport reactions,1.1,0
MAR08001,Transport reactions,1.1,0
MAR08009,Transport reactions,1.1,0
MAR08089,Transport reactions,1.1,1
MAR08093,Transport reactions,1.1,0
MAR08099,Transport reactions,1.1,0
MAR08120,Transport reactions,1.1,0
MAR08122,Transport reactions,1.1,0
MAR08124,Transport reactions,1.1,0
MAR08126,Transport reactions,1.1,0
MAR08128,Transport reactions,1.1,0
MAR08356,Transport reactions,1.1,0
MAR08365,Transport reactions,1.1,1
MAR08411,Transport reactions,1.1,0
MAR08438,Transport reactions,1.1,0
MAR08475,Transport reactions,1.1,2
MAR08505,Transport reactions,1.1,0
MAR08510,Transport reactions,1.1,0
MAR08513,Transport reactions,1.1,1
MAR08528,Transport reactions,1.1,0
MAR08532,Transport reactions,1.1,0
MAR08562,Transport reactions,1.1,0
MAR08614,Transport reactions,1.062425961753817,1
MAR08627,Transport reactions,1.1,0
MAR08655,Transport reactions,1.1,0
MAR08657,Transport reactions,1.1,0
MAR08680,Transport reactions,1.1,0
MAR08731,Transport reactions,1.1,0
MAR08741,Transport reactions,0.34502337303148267,1
MAR08742,Transport reactions,0.34502337303148267,1
MAR08776,Transport reactions,1.1,0
MAR08785,Transport reactions,1.1,0
MAR08848,Transport reactions,1.1,0
MAR08890,Transport reactions,1.1,0
MAR08891,Transport reactions,1.1,0
MAR08910,Transport reactions,0.1484392423466604,1
MAR09174,Transport reactions,1.1,0
MAR09194,Transport reactions,1.1,0
MAR09675,Transport reactions,1.1,0
MAR09676,Transport reactions,1.1,0
MAR09677,Transport reactions,1.1,0
MAR09014,Transport reactions,1.1,0
MAR00707,Transport reactions,1.1,0
MAR00713,Transport reactions,1.1,1
MAR01104,Transport reactions,1.1,0
MAR01135,Transport reactions,1.1,0
MAR01144,Transport reactions,1.1,0
MAR01172,Transport reactions,1.1,0
MAR01188,Transport reactions,1.1,0
MAR01214,Transport reactions,1.1,0
MAR01242,Transport reactions,1.1,0
MAR01268,Transport reactions,1.1,0
MAR01283,Transport reactions,1.1,0
MAR01286,Transport reactions,1.1,0
MAR01443,Transport reactions,1.1,1
MAR02067,Transport reactions,1.1,0
MAR02082,Transport reactions,1.1,0
MAR02093,Transport reactions,1.1,0
MAR02104,Transport reactions,1.1,0
MAR02407,Transport reactions,1.1,1
MAR02509,Transport reactions,1.1,1
MAR02547,Transport reactions,1.1,0
MAR02575,Transport reactions,1.1,0
MAR03007,Transport reactions,1.1,1
MAR03008,Transport reactions,1.1516522895129258,7
MAR03011,Transport reactions,1.1516522895129258,7
MAR03013,Transport reactions,1.1516522895129258,7
MAR03014,Transport reactions,1.1516522895129258,7
MAR03017,Transport reactions,1.1516522895129258,7
MAR03018,Transport reactions,1.1,1
MAR03019,Transport reactions,1.1,1
MAR03020,Transport reactions,1.1,1
MAR03021,Transport reactions,1.1,1
MAR03022,Transport reactions,1.1,1
MAR03023,Transport reactions,1.1,1
MAR03024,Transport reactions,1.1,1
MAR03025,Transport reactions,1.1,1
MAR03026,Transport reactions,1.8569420648050194,1
MAR03473,Transport reactions,0.2985451432691032,1
MAR03848,Transport reactions,1.1,0
MAR03850,Transport reactions,1.1,0
MAR03867,Transport reactions,1.1,0
MAR03947,Transport reactions,1.1,0
MAR03948,Transport reactions,1.1,0
MAR04393,Transport reactions,1.1,0
MAR04468,Transport reactions,1.1,0
MAR04469,Transport reactions,1.1,0
MAR04647,Transport reactions,1.1,0
MAR04790,Transport reactions,1.1,0
MAR04890,Transport reactions,1.1,0
MAR04900,Transport reactions,1.1,0
MAR04908,Transport reactions,1.3871768216529419,7
MAR04924,Transport reactions,1.1,0
MAR04930,Transport reactions,1.1,7
MAR04945,Transport reactions,1.1,0
MAR04986,Transport reactions,1.1,1
MAR05344,Transport reactions,1.1,0
MAR05346,Transport reactions,1.1,0
MAR05362,Transport reactions,1.1,0
MAR05414,Transport reactions,1.1,0
MAR05452,Transport reactions,1.1,1
MAR05453,Transport reactions,1.1,0
MAR06928,Transport reactions,1.1,0
MAR06937,Transport reactions,1.1,0
MAR06986,Transport reactions,1.1,0
MAR06987,Transport reactions,1.1,0
MAR07590,Transport reactions,1.1,0
MAR07596,Transport reactions,1.1,0
MAR07640,Transport reactions,1.1,0
MAR07646,Transport reactions,2.5177729862126252,1
MAR07705,Transport reactions,1.1,0
MAR07707,Transport reactions,1.1,0
MAR07777,Transport reactions,1.1,0
MAR07779,Transport reactions,1.1,0
MAR07797,Transport reactions,1.1,0
MAR08016,Transport reactions,1.1,0
MAR08020,Transport reactions,1.1,0
MAR08359,Transport reactions,1.1,0
MAR08414,Transport reactions,1.1,0
MAR08754,Transport reactions,1.1,0
MAR08756,Transport reactions,1.1,0
MAR08860,Transport reactions,1.1,0
MAR08926,Transport reactions,1.1,0
MAR09179,Transport reactions,1.1,0
MAR09181,Transport reactions,1.1,0
MAR09678,Transport reactions,1.1,0
MAR09679,Transport reactions,1.1,0
MAR09680,Transport reactions,1.1,0
MAR09017,Transport reactions,1.1,0
MAR00984,Transport reactions,1.1,0
MAR01089,Transport reactions,1.1,0
MAR01090,Transport reactions,1.1,0
MAR01094,Transport reactions,1.1,0
MAR01095,Transport reactions,1.1,0
MAR02564,Transport reactions,1.1,0
MAR02585,Transport reactions,1.4052064654420697,2
MAR04274,Transport reactions,1.1,0
MAR04275,Transport reactions,1.1,0
MAR04277,Transport reactions,1.1,0
MAR04535,Transport reactions,2.00014338216032,1
MAR04538,Transport reactions,1.1,0
MAR04893,Transport reactions,1.1,0
MAR04904,Transport reactions,1.1,0
MAR04916,Transport reactions,1.1,0
MAR05422,Transport reactions,1.1,0
MAR05423,Transport reactions,1.1,0
MAR05424,Transport reactions,1.1,0
MAR06617,Transport reactions,1.1,0
MAR06619,Transport reactions,1.1,0
MAR07653,Transport reactions,1.1,0
MAR07664,Transport reactions,1.1,0
MAR07665,Transport reactions,1.1,0
MAR07712,Transport reactions,1.1,0
MAR07763,Transport reactions,1.1,0
MAR07764,Transport reactions,1.1,0
MAR07765,Transport reactions,1.1,0
MAR07767,Transport reactions,1.1,0
MAR07773,Transport reactions,1.1,0
MAR07786,Transport reactions,1.1,0
MAR07792,Transport reactions,1.1,0
MAR07795,Transport reactions,1.1,0
MAR07796,Transport reactions,1.6483471068958897,24
MAR07855,Transport reactions,1.1,0
MAR07856,Transport reactions,1.1,0
MAR07857,Transport reactions,1.1,0
MAR07858,Transport reactions,1.1,0
MAR07859,Transport reactions,1.1,0
MAR07860,Transport reactions,1.1,0
MAR07861,Transport reactions,1.1,0
MAR07862,Transport reactions,1.1,0
MAR07877,Transport reactions,1.1,0
MAR08024,Transport reactions,1.1,0
MAR08028,Transport reactions,1.1,0
MAR08082,Transport reactions,1.1,0
MAR08361,Transport reactions,1.1,0
MAR08363,Transport reactions,1.1,0
MAR08412,Transport reactions,1.1,0
MAR08447,Transport reactions,1.1,0
MAR08476,Transport reactions,1.1,2
MAR08789,Transport reactions,1.1,0
MAR08828,Transport reactions,1.1,0
MAR08837,Transport reactions,1.1,0
MAR08838,Transport reactions,1.1,0
MAR08839,Transport reactions,1.1,0
MAR08840,Transport reactions,1.1,0
MAR08841,Transport reactions,1.1,0
MAR08842,Transport reactions,1.1,0
MAR08843,Transport reactions,1.1,0
MAR08844,Transport reactions,1.1,0
MAR08845,Transport reactions,1.1,0
MAR08862,Transport reactions,1.1,0
MAR08868,Transport reactions,1.1,0
MAR08871,Transport reactions,1.1,0
MAR08894,Transport reactions,1.1,0
MAR08909,Transport reactions,1.1,0
MAR08918,Transport reactions,1.1,0
MAR09673,Transport reactions,1.1,0
MAR09674,Transport reactions,1.1,0
MAR08638,Transport reactions,1.1,0
MAR08642,Transport reactions,1.1,0
MAR04314,Transport reactions,1.8552160206951953,6
MAR09016,Transport reactions,1.1,0
MAR09018,Transport reactions,1.1,0
MAR00769,Transport reactions,1.1,0
MAR00791,Transport reactions,1.1,0
MAR00796,Transport reactions,1.1,0
MAR00798,Transport reactions,1.1,0
MAR00802,Transport reactions,1.1,0
MAR00831,Transport reactions,1.1,0
MAR00913,Transport reactions,1.1,0
MAR00929,Transport reactions,1.1,0
MAR01917,Transport reactions,1.4628772450975611,2
MAR02040,Transport reactions,1.1,0
MAR02087,Transport reactions,1.1,0
MAR02090,Transport reactions,1.1,0
MAR02101,Transport reactions,1.1,0
MAR03987,Transport reactions,1.1,0
MAR04887,Transport reactions,1.1,0
MAR04903,Transport reactions,1.1,0
MAR04907,Transport reactions,1.3871768216529419,7
MAR04962,Transport reactions,1.1,0
MAR05047,Transport reactions,1.1,1
MAR05048,Transport reactions,2.5177729862126252,1
MAR05049,Transport reactions,2.5177729862126252,1
MAR05050,Transport reactions,2.5177729862126252,1
MAR05051,Transport reactions,2.5177729862126252,1
MAR05052,Transport reactions,2.5177729862126252,1
MAR05053,Transport reactions,2.5177729862126252,1
MAR05054,Transport reactions,2.5177729862126252,1
MAR05055,Transport reactions,2.5177729862126252,1
MAR05056,Transport reactions,2.5177729862126252,1
MAR05057,Transport reactions,2.5177729862126252,1
MAR05058,Transport reactions,2.5177729862126252,1
MAR05059,Transport reactions,2.5177729862126252,1
MAR05060,Transport reactions,2.5177729862126252,1
MAR05061,Transport reactions,2.5177729862126252,1
MAR05062,Transport reactions,1.8088864931063127,2
MAR05063,Transport reactions,2.5177729862126252,1
MAR05064,Transport reactions,2.5177729862126252,1
MAR05065,Transport reactions,2.5177729862126252,1
MAR05066,Transport reactions,2.5177729862126252,1
MAR05067,Transport reactions,2.5177729862126252,1
MAR05197,Transport reactions,1.1,0
MAR05199,Transport reactions,1.1,0
MAR05201,Transport reactions,1.1,0
MAR05204,Transport reactions,1.1,0
MAR05212,Transport reactions,1.1,0
MAR05214,Transport reactions,1.1,0
MAR05217,Transport reactions,1.1,0
MAR05218,Transport reactions,1.1,0
MAR05220,Transport reactions,1.1,0
MAR05224,Transport reactions,1.1,0
MAR05226,Transport reactions,1.1,0
MAR05228,Transport reactions,1.1,0
MAR05230,Transport reactions,1.1,0
MAR07196,Transport reactions,1.1,1
MAR07199,Transport reactions,1.1,0
MAR07224,Transport reactions,1.1,0
MAR07252,Transport reactions,1.1,0
MAR07283,Transport reactions,1.1,0
MAR07374,Transport reactions,1.1,0
MAR07430,Transport reactions,1.1,0
MAR07454,Transport reactions,1.1,0
MAR07470,Transport reactions,1.1,0
MAR07483,Transport reactions,1.1,0
MAR07500,Transport reactions,1.1,0
MAR07512,Transport reactions,1.1,0
MAR07524,Transport reactions,1.1,0
MAR07540,Transport reactions,1.1,0
MAR07556,Transport reactions,1.1,0
MAR07570,Transport reactions,1.1,0
MAR07581,Transport reactions,1.1,0
MAR07584,Transport reactions,1.1,0
MAR07710,Transport reactions,1.1,1
MAR07711,Transport reactions,1.1,0
MAR07714,Transport reactions,1.1,1
MAR07715,Transport reactions,1.1,0
MAR07718,Transport reactions,1.1,1
MAR07720,Transport reactions,1.1,0
MAR07722,Transport reactions,1.1,1
MAR07724,Transport reactions,1.1,0
MAR07726,Transport reactions,1.1,1
MAR07727,Transport reactions,1.1,0
MAR07729,Transport reactions,1.1,1
MAR07730,Transport reactions,1.1,0
MAR07732,Transport reactions,1.1,0
MAR07762,Transport reactions,1.1,0
MAR07770,Transport reactions,1.1,0
MAR07799,Transport reactions,1.1,10
MAR07907,Transport reactions,1.1,0
MAR07915,Transport reactions,1.1,0
MAR07918,Transport reactions,1.1,0
MAR07924,Transport reactions,1.1,0
MAR07927,Transport reactions,1.1,0
MAR08118,Transport reactions,1.1,0
MAR08119,Transport reactions,1.1,0
MAR08121,Transport reactions,1.1,0
MAR08123,Transport reactions,1.1,0
MAR08125,Transport reactions,1.1,0
MAR08127,Transport reactions,1.1,0
MAR08131,Transport reactions,1.1,0
MAR08134,Transport reactions,1.1,0
MAR08196,Transport reactions,1.1,0
MAR08200,Transport reactions,1.1,0
MAR08202,Transport reactions,1.1,0
MAR08203,Transport reactions,1.1,0
MAR08208,Transport reactions,1.1,0
MAR08216,Transport reactions,1.1,0
MAR08244,Transport reactions,1.1,0
MAR08355,Transport reactions,2.5177729862126252,1
MAR08370,Transport reactions,1.1,0
MAR08490,Transport reactions,1.1,0
MAR08491,Transport reactions,1.1,0
MAR08492,Transport reactions,1.1,0
MAR08531,Transport reactions,1.1,0
MAR08588,Transport reactions,1.1,0
MAR08590,Transport reactions,1.1,0
MAR08688,Transport reactions,2.5177729862126252,1
MAR08753,Transport reactions,1.1,0
MAR08763,Transport reactions,1.1,0
MAR08765,Transport reactions,1.1,0
MAR08858,Transport reactions,1.1,0
MAR08875,Transport reactions,1.1,0
MAR08885,Transport reactions,1.1,0
MAR08887,Transport reactions,1.1,1
MAR08908,Transport reactions,1.1,1
MAR08928,Transport reactions,2.5177729862126252,1
MAR09672,Transport reactions,1.1,0
MAR00612,Transport reactions,1.1,0
MAR03597,Transport reactions,1.1,0
MAR04961,Transport reactions,1.1,0
MAR05045,Transport reactions,1.1,0
MAR05248,Transport reactions,1.1,0
MAR05249,Transport reactions,1.1,0
MAR05250,Transport reactions,1.1,0
MAR05251,Transport reactions,1.1,0
MAR05252,Transport reactions,1.1,0
MAR05253,Transport reactions,1.1,0
MAR05255,Transport reactions,1.1,0
MAR07198,Transport reactions,1.1,0
MAR07284,Transport reactions,1.1,0
MAR09738,Transport reactions,1.1,0
MAR09739,Transport reactions,1.1,0
MAR09740,Transport reactions,1.1,0
MAR09741,Transport reactions,1.1,0
MAR09742,Transport reactions,1.1,0
MAR09743,Transport reactions,1.1,0
MAR09744,Transport reactions,1.1,0
MAR09745,Transport reactions,1.1,0
MAR09746,Transport reactions,1.1,0
MAR09747,Transport reactions,1.1,0
MAR09748,Transport reactions,1.1,0
MAR09749,Transport reactions,1.1,0
MAR09750,Transport reactions,1.1,0
MAR09751,Transport reactions,1.1,0
MAR09752,Transport reactions,1.1,0
MAR09753,Transport reactions,1.1,0
MAR09754,Transport reactions,1.1,0
MAR09755,Transport reactions,1.1,0
MAR09756,Transport reactions,1.1,0
MAR09757,Transport reactions,1.1,0
MAR09758,Transport reactions,1.1,0
MAR09759,Transport reactions,1.1,0
MAR09760,Transport reactions,1.1,0
MAR09761,Transport reactions,1.1,0
MAR09762,Transport reactions,1.1,0
MAR09763,Transport reactions,1.1,0
MAR09764,Transport reactions,1.1,0
MAR09765,Transport reactions,1.1,0
MAR09766,Transport reactions,1.1,0
MAR09767,Transport reactions,1.1,0
MAR09768,Transport reactions,1.1,0
MAR09769,Transport reactions,1.1,0
MAR09770,Transport reactions,1.1,0
MAR09771,Transport reactions,1.1,0
MAR09772,Transport reactions,1.1,0
MAR09773,Transport reactions,1.1,0
MAR09774,Transport reactions,1.1,0
MAR09775,Transport reactions,1.1,0
MAR09776,Transport reactions,1.1,0
MAR09777,Transport reactions,1.1,0
MAR09778,Transport reactions,1.1,0
MAR09779,Transport reactions,1.1,0
MAR09780,Transport reactions,1.1,0
MAR09781,Transport reactions,1.1,0
MAR09782,Transport reactions,1.1,0
MAR09783,Transport reactions,1.1,0
MAR09784,Transport reactions,1.1,0
MAR09785,Transport reactions,1.1,0
MAR09786,Transport reactions,1.1,0
MAR09787,Transport reactions,1.1,0
MAR09788,Transport reactions,1.1,0
MAR09789,Transport reactions,1.1,0
MAR09790,Transport reactions,1.1,0
MAR09791,Transport reactions,1.1,0
MAR09792,Transport reactions,1.1,0
MAR09793,Transport reactions,1.1,1
MAR09794,Transport reactions,1.1,0
MAR09795,Transport reactions,1.1,0
MAR09796,Transport reactions,1.1,0
MAR00652,Transport reactions,1.1,0
MAR00717,Transport reactions,1.1,0
MAR00731,Transport reactions,0.8178530791833559,1
MAR00732,Transport reactions,1.1,0
MAR00734,Transport reactions,1.1,0
MAR00917,Transport reactions,1.1,0
MAR00918,Transport reactions,1.1,3
MAR01916,Transport reactions,1.4628772450975611,2
MAR04125,Transport reactions,1.1,1
MAR04892,Transport reactions,1.1,0
MAR04902,Transport reactions,1.1,0
MAR04955,Transport reactions,1.1,0
MAR06577,Transport reactions,1.1,0
MAR06578,Transport reactions,1.8552160206951953,6
MAR07201,Transport reactions,1.1,0
MAR07204,Transport reactions,1.1,0
MAR07331,Transport reactions,1.1,0
MAR07431,Transport reactions,1.1,0
MAR07433,Transport reactions,1.1,1
MAR07434,Transport reactions,1.1,1
MAR07435,Transport reactions,1.1,0
MAR07437,Transport reactions,1.1,0
MAR07675,Transport reactions,1.1,1
MAR07693,Transport reactions,2.00014338216032,1
MAR07694,Transport reactions,1.1,2
MAR07695,Transport reactions,1.1,2
MAR07733,Transport reactions,1.506465775456676,1
MAR07740,Transport reactions,1.1,1
MAR07743,Transport reactions,1.1,3
MAR07759,Transport reactions,2.7772288116770802,1
MAR07761,Transport reactions,1.1,1
MAR07793,Transport reactions,1.1,0
MAR08084,Transport reactions,1.1,0
MAR08086,Transport reactions,1.1,0
MAR08145,Transport reactions,1.1,0
MAR08146,Transport reactions,0.8178530791833559,1
MAR08153,Transport reactions,1.1,0
MAR08157,Transport reactions,1.1,0
MAR08160,Transport reactions,1.1,0
MAR08163,Transport reactions,1.1,0
MAR08193,Transport reactions,1.1,0
MAR08195,Transport reactions,1.1,0
MAR08199,Transport reactions,1.1,0
MAR08205,Transport reactions,1.1,0
MAR08207,Transport reactions,1.1,0
MAR08213,Transport reactions,1.1,0
MAR08215,Transport reactions,1.1,0
MAR08222,Transport reactions,1.1,0
MAR08230,Transport reactions,1.1,0
MAR08232,Transport reactions,1.1,0
MAR08241,Transport reactions,1.1,0
MAR08243,Transport reactions,1.1,0
MAR08252,Transport reactions,1.1,0
MAR08259,Transport reactions,1.1,0
MAR08265,Transport reactions,1.1,0
MAR08269,Transport reactions,1.1,0
MAR08272,Transport reactions,1.1,0
MAR08282,Transport reactions,1.1,0
MAR08289,Transport reactions,1.1,0
MAR08296,Transport reactions,1.1,0
MAR08299,Transport reactions,1.1,0
MAR08303,Transport reactions,1.1,0
MAR08310,Transport reactions,1.1,0
MAR08312,Transport reactions,1.1,0
MAR08314,Transport reactions,1.1,0
MAR08320,Transport reactions,1.1,0
MAR08323,Transport reactions,1.1,0
MAR08328,Transport reactions,1.1,0
MAR08335,Transport reactions,1.1,0
MAR08338,Transport reactions,1.1,0
MAR08496,Transport reactions,1.1,3
MAR08524,Transport reactions,1.1,0
MAR08527,Transport reactions,1.1,0
MAR08661,Transport reactions,1.1,1
MAR08673,Transport reactions,1.1,0
MAR08793,Transport reactions,1.1,0
MAR08834,Transport reactions,1.1,0
MAR08856,Transport reactions,1.1,0
MAR08857,Transport reactions,1.1,3
MAR08874,Transport reactions,1.1,0
MAR08880,Transport reactions,1.1,0
MAR08882,Transport reactions,1.1,0
MAR08895,Transport reactions,1.1,0
MAR08897,Transport reactions,1.1,0
MAR08900,Transport reactions,1.1,0
MAR08902,Transport reactions,1.1,0
MAR08904,Transport reactions,1.1,0
MAR08920,Transport reactions,1.1,0
MAR09199,Transport reactions,1.131658298375601,2
MAR09664,Transport reactions,1.1,0
MAR09665,Transport reactions,1.1,0
MAR09666,Transport reactions,1.1,0
MAR09667,Transport reactions,1.1,0
MAR09668,Transport reactions,1.1,0
MAR09669,Transport reactions,1.1,0
MAR09670,Transport reactions,1.1,0
MAR09671,Transport reactions,1.1,0
MAR07182,Transport reactions,1.1,0
MAR07330,Transport reactions,1.1,0
MAR07432,Transport reactions,1.1,0
MAR04313,Transport reactions,1.8552160206951953,6
MAR07307,Transport reactions,1.1,0
MAR01809,Transport reactions,1.1,0
MAR00020,Transport reactions,1.1,0
MAR00461,Transport reactions,0.6405909957401306,1
MAR00462,Transport reactions,1.1,0
MAR00466,Transport reactions,1.1,0
MAR00467,Transport reactions,1.1,0
MAR00664,Transport reactions,1.1,2
MAR00730,Transport reactions,1.7143116798243718,5
MAR00768,Transport reactions,0.8178530791833559,1
MAR00771,Transport reactions,1.1,0
MAR00966,Transport reactions,1.1,0
MAR01035,Transport reactions,1.1,0
MAR01143,Transport reactions,1.1,0
MAR01189,Transport reactions,1.1,0
MAR01240,Transport reactions,1.1,0
MAR01252,Transport reactions,1.1,0
MAR01269,Transport reactions,1.1,0
MAR01306,Transport reactions,1.1,0
MAR01309,Transport reactions,1.1,0
MAR01311,Transport reactions,1.1,0
MAR01316,Transport reactions,1.1,0
MAR01331,Transport reactions,1.1,0
MAR01392,Transport reactions,1.4052064654420697,2
MAR01530,Transport reactions,1.1,0
MAR01672,Transport reactions,1.1,0
MAR01937,Transport reactions,1.1,0
MAR01998,Transport reactions,1.1,0
MAR02039,Transport reactions,1.1,0
MAR02066,Transport reactions,1.1,0
MAR02081,Transport reactions,1.1,0
MAR02092,Transport reactions,1.1,0
MAR02103,Transport reactions,1.1,0
MAR02554,Transport reactions,1.1,0
MAR02569,Transport reactions,1.1,0
MAR02777,Transport reactions,1.8569420648050194,1
MAR03953,Transport reactions,1.1,0
MAR04123,Transport reactions,1.1,0
MAR04126,Transport reactions,1.1,0
MAR04765,Transport reactions,1.1,0
MAR04846,Transport reactions,1.1,0
MAR04856,Transport reactions,1.1,1
MAR04860,Transport reactions,1.1,0
MAR04876,Transport reactions,1.1,0
MAR04877,Transport reactions,1.1,0
MAR04878,Transport reactions,1.1,0
MAR04879,Transport reactions,1.1,0
MAR04880,Transport reactions,0.29553107807601603,1
MAR04881,Transport reactions,1.1,1
MAR04883,Transport reactions,1.1,0
MAR04894,Transport reactions,1.1,0
MAR04906,Transport reactions,1.3871768216529419,7
MAR04913,Transport reactions,1.1,0
MAR04917,Transport reactions,1.1,0
MAR04941,Transport reactions,1.1,0
MAR04942,Transport reactions,1.1,1
MAR04960,Transport reactions,1.1,0
MAR05004,Transport reactions,2.3867742747442757,1
MAR05012,Transport reactions,1.1,0
MAR05027,Transport reactions,1.1,1
MAR05203,Transport reactions,1.1,0
MAR05205,Transport reactions,1.1,0
MAR05207,Transport reactions,1.1,0
MAR05209,Transport reactions,1.1,0
MAR05210,Transport reactions,1.1,0
MAR05211,Transport reactions,1.1,0
MAR05245,Transport reactions,1.1,0
MAR05342,Transport reactions,1.1,2
MAR05347,Transport reactions,1.1,0
MAR05354,Transport reactions,1.1,0
MAR06385,Transport reactions,1.1,1
MAR06386,Transport reactions,1.1,1
MAR06387,Transport reactions,1.1,0
MAR06388,Transport reactions,1.1,0
MAR06425,Transport reactions,1.1,0
MAR06430,Transport reactions,1.1,0
MAR06440,Transport reactions,1.1,0
MAR06445,Transport reactions,1.1,0
MAR06463,Transport reactions,1.1,0
MAR06468,Transport reactions,1.1,0
MAR06475,Transport reactions,1.1,0
MAR06480,Transport reactions,1.1,0
MAR06629,Transport reactions,1.1,0
MAR06797,Transport reactions,1.1,0
MAR06990,Transport reactions,1.1,0
MAR07257,Transport reactions,1.1,0
MAR07272,Transport reactions,1.1,0
MAR07273,Transport reactions,1.1,0
MAR07649,Transport reactions,1.1,5
MAR07766,Transport reactions,1.1,0
MAR07768,Transport reactions,1.1,0
MAR07772,Transport reactions,1.1,0
MAR07776,Transport reactions,1.1,0
MAR07778,Transport reactions,1.1,0
MAR07780,Transport reactions,1.1,0
MAR07784,Transport reactions,1.1,0
MAR07789,Transport reactions,1.1,0
MAR07791,Transport reactions,1.1,0
MAR07929,Transport reactions,1.1,0
MAR07933,Transport reactions,1.1,0
MAR07944,Transport reactions,1.1,0
MAR07947,Transport reactions,1.1,0
MAR07949,Transport reactions,1.1,0
MAR07953,Transport reactions,1.1,0
MAR07956,Transport reactions,1.1,0
MAR07960,Transport reactions,1.1,0
MAR07963,Transport reactions,1.1,0
MAR07966,Transport reactions,1.1,0
MAR07969,Transport reactions,1.1,0
MAR07981,Transport reactions,1.1,0
MAR07983,Transport reactions,1.1,0
MAR07985,Transport reactions,1.1,0
MAR07988,Transport reactions,1.1,0
MAR07989,Transport reactions,1.1,0
MAR08030,Transport reactions,1.1,0
MAR08058,Transport reactions,1.1,0
MAR08060,Transport reactions,1.1,0
MAR08234,Transport reactions,1.1,0
MAR08236,Transport reactions,1.1,0
MAR08239,Transport reactions,1.1,0
MAR08347,Transport reactions,1.1,0
MAR08350,Transport reactions,1.1,0
MAR08351,Transport reactions,1.1,0
MAR08358,Transport reactions,1.1,0
MAR08369,Transport reactions,0.29553107807601603,1
MAR08382,Transport reactions,1.1,0
MAR08526,Transport reactions,1.1,0
MAR08553,Transport reactions,1.1,0
MAR08594,Transport reactions,1.1,0
MAR08651,Transport reactions,1.1,0
MAR08681,Transport reactions,1.1,0
MAR08715,Transport reactions,1.1,0
MAR08716,Transport reactions,1.1,0
MAR08719,Transport reactions,1.1,0
MAR08722,Transport reactions,1.1,0
MAR08737,Transport reactions,1.1,0
MAR08851,Transport reactions,1.1,0
MAR08855,Transport reactions,1.1,0
MAR08859,Transport reactions,1.1,0
MAR08886,Transport reactions,1.1,0
MAR08888,Transport reactions,1.1,0
MAR08906,Transport reactions,1.1,0
MAR08914,Transport reactions,1.1,0
MAR08915,Transport reactions,1.1,0
MAR08919,Transport reactions,1.1,0
MAR08921,Transport reactions,1.1,0
MAR09177,Transport reactions,1.1,0
MAR09200,Transport reactions,1.1,1
MAR09625,Transport reactions,1.1,0
MAR09626,Transport reactions,1.1,0
MAR09627,Transport reactions,1.1,0
MAR09628,Transport reactions,1.1,0
MAR09629,Transport reactions,1.1,0
MAR09630,Transport reactions,1.1,0
MAR09631,Transport reactions,1.1,0
MAR09632,Transport reactions,1.1,0
MAR09633,Transport reactions,1.1,0
MAR09634,Transport reactions,1.1,0
MAR09716,Transport reactions,1.1,0
MAR09724,Transport reactions,1.1,0
MAR09732,Transport reactions,1.1,0
MAR07108,Exchange/demand reactions,1.1,0
MAR07110,Exchange/demand reactions,1.1,0
MAR07112,Exchange/demand reactions,1.1,0
MAR07114,Exchange/demand reactions,1.1,0
MAR07116,Exchange/demand reactions,1.1,0
MAR07118,Exchange/demand reactions,1.1,0
MAR07120,Exchange/demand reactions,1.1,0
MAR07122,Exchange/demand reactions,1.1,0
MAR07124,Exchange/demand reactions,1.1,0
MAR07126,Exchange/demand reactions,1.1,0
MAR09023,Exchange/demand reactions,1.1,0
MAR09024,Exchange/demand reactions,1.1,0
MAR09032,Exchange/demand reactions,1.1,0
MAR09808,Exchange/demand reactions,1.1,0
MAR09809,Exchange/demand reactions,1.1,0
MAR09810,Exchange/demand reactions,1.1,0
MAR09811,Exchange/demand reactions,1.1,0
MAR09812,Exchange/demand reactions,1.1,0
MAR09813,Exchange/demand reactions,1.1,0
MAR09814,Exchange/demand reactions,1.1,0
MAR09815,Exchange/demand reactions,1.1,0
MAR09816,Exchange/demand reactions,1.1,0
MAR09033,Exchange/demand reactions,1.1,0
MAR09034,Exchange/demand reactions,1.1,0
MAR09035,Exchange/demand reactions,1.1,0
MAR09036,Exchange/demand reactions,1.1,0
MAR09037,Exchange/demand reactions,1.1,0
MAR09038,Exchange/demand reactions,1.1,0
MAR09039,Exchange/demand reactions,1.1,0
MAR09040,Exchange/demand reactions,1.1,0
MAR09041,Exchange/demand reactions,1.1,0
MAR09042,Exchange/demand reactions,1.1,0
MAR09043,Exchange/demand reactions,1.1,0
MAR09044,Exchange/demand reactions,1.1,0
MAR09045,Exchange/demand reactions,1.1,0
MAR09046,Exchange/demand reactions,1.1,0
MAR09047,Exchange/demand reactions,1.1,0
MAR09048,Exchange/demand reactions,1.1,0
MAR09049,Exchange/demand reactions,1.1,0
MAR09050,Exchange/demand reactions,1.1,0
MAR09051,Exchange/demand reactions,1.1,0
MAR09052,Exchange/demand reactions,1.1,0
MAR09053,Exchange/demand reactions,1.1,0
MAR09054,Exchange/demand reactions,1.1,0
MAR09055,Exchange/demand reactions,1.1,0
MAR09056,Exchange/demand reactions,1.1,0
MAR09058,Exchange/demand reactions,1.1,0
MAR09061,Exchange/demand reactions,1.1,0
MAR09062,Exchange/demand reactions,1.1,0
MAR09063,Exchange/demand reactions,1.1,0
MAR09064,Exchange/demand reactions,1.1,0
MAR09065,Exchange/demand reactions,1.1,0
MAR09066,Exchange/demand reactions,1.1,0
MAR09067,Exchange/demand reactions,1.1,0
MAR09068,Exchange/demand reactions,1.1,0
MAR09069,Exchange/demand reactions,1.1,0
MAR09070,Exchange/demand reactions,1.1,0
MAR09071,Exchange/demand reactions,1.1,0
MAR09072,Exchange/demand reactions,1.1,0
MAR09073,Exchange/demand reactions,1.1,0
MAR09074,Exchange/demand reactions,1.1,0
MAR09075,Exchange/demand reactions,1.1,0
MAR09076,Exchange/demand reactions,1.1,0
MAR09077,Exchange/demand reactions,1.1,0
MAR09078,Exchange/demand reactions,1.1,0
MAR09079,Exchange/demand reactions,1.1,0
MAR09080,Exchange/demand reactions,1.1,0
MAR09081,Exchange/demand reactions,1.1,0
MAR09082,Exchange/demand reactions,1.1,0
MAR09083,Exchange/demand reactions,1.1,0
MAR09084,Exchange/demand reactions,1.1,0
MAR09085,Exchange/demand reactions,1.1,0
MAR09086,Exchange/demand reactions,1.1,0
MAR09087,Exchange/demand reactions,1.1,0
MAR09088,Exchange/demand reactions,1.1,0
MAR09089,Exchange/demand reactions,1.1,0
MAR09090,Exchange/demand reactions,1.1,0
MAR09091,Exchange/demand reactions,1.1,0
MAR09092,Exchange/demand reactions,1.1,0
MAR09093,Exchange/demand reactions,1.1,0
MAR09094,Exchange/demand reactions,1.1,0
MAR09095,Exchange/demand reactions,1.1,0
MAR09096,Exchange/demand reactions,1.1,0
MAR09097,Exchange/demand reactions,1.1,0
MAR09098,Exchange/demand reactions,1.1,0
MAR09099,Exchange/demand reactions,1.1,0
MAR09100,Exchange/demand reactions,1.1,0
MAR09101,Exchange/demand reactions,1.1,0
MAR09102,Exchange/demand reactions,1.1,0
MAR09103,Exchange/demand reactions,1.1,0
MAR09104,Exchange/demand reactions,1.1,0
MAR09105,Exchange/demand reactions,1.1,0
MAR09106,Exchange/demand reactions,1.1,0
MAR09107,Exchange/demand reactions,1.1,0
MAR09108,Exchange/demand reactions,1.1,0
MAR09109,Exchange/demand reactions,1.1,0
MAR09110,Exchange/demand reactions,1.1,0
MAR09111,Exchange/demand reactions,1.1,0
MAR09113,Exchange/demand reactions,1.1,0
MAR09114,Exchange/demand reactions,1.1,0
MAR09115,Exchange/demand reactions,1.1,0
MAR09116,Exchange/demand reactions,1.1,0
MAR09117,Exchange/demand reactions,1.1,0
MAR09118,Exchange/demand reactions,1.1,0
MAR09119,Exchange/demand reactions,1.1,0
MAR09120,Exchange/demand reactions,1.1,0
MAR09121,Exchange/demand reactions,1.1,0
MAR09122,Exchange/demand reactions,1.1,0
MAR09123,Exchange/demand reactions,1.1,0
MAR09124,Exchange/demand reactions,1.1,0
MAR09125,Exchange/demand reactions,1.1,0
MAR09126,Exchange/demand reactions,1.1,0
MAR09127,Exchange/demand reactions,1.1,0
MAR09128,Exchange/demand reactions,1.1,0
MAR09129,Exchange/demand reactions,1.1,0
MAR09130,Exchange/demand reactions,1.1,0
MAR09131,Exchange/demand reactions,1.1,0
MAR09132,Exchange/demand reactions,1.1,0
MAR09133,Exchange/demand reactions,1.1,0
MAR09134,Exchange/demand reactions,1.1,0
MAR09135,Exchange/demand reactions,1.1,0
MAR09136,Exchange/demand reactions,1.1,0
MAR09137,Exchange/demand reactions,1.1,0
MAR09138,Exchange/demand reactions,1.1,0
MAR09139,Exchange/demand reactions,1.1,0
MAR09140,Exchange/demand reactions,1.1,0
MAR09141,Exchange/demand reactions,1.1,0
MAR09142,Exchange/demand reactions,1.1,0
MAR09143,Exchange/demand reactions,1.1,0
MAR09144,Exchange/demand reactions,1.1,0
MAR09145,Exchange/demand reactions,1.1,0
MAR09146,Exchange/demand reactions,1.1,0
MAR09147,Exchange/demand reactions,1.1,0
MAR09148,Exchange/demand reactions,1.1,0
MAR09149,Exchange/demand reactions,1.1,0
MAR09150,Exchange/demand reactions,1.1,0
MAR09151,Exchange/demand reactions,1.1,0
MAR09152,Exchange/demand reactions,1.1,0
MAR09153,Exchange/demand reactions,1.1,0
MAR09154,Exchange/demand reactions,1.1,0
MAR09155,Exchange/demand reactions,1.1,0
MAR09156,Exchange/demand reactions,1.1,0
MAR09157,Exchange/demand reactions,1.1,0
MAR09158,Exchange/demand reactions,1.1,0
MAR09159,Exchange/demand reactions,1.1,0
MAR09160,Exchange/demand reactions,1.1,0
MAR09161,Exchange/demand reactions,1.1,0
MAR09162,Exchange/demand reactions,1.1,0
MAR09163,Exchange/demand reactions,1.1,0
MAR09164,Exchange/demand reactions,1.1,0
MAR09165,Exchange/demand reactions,1.1,0
MAR09166,Exchange/demand reactions,1.1,0
MAR09167,Exchange/demand reactions,1.1,0
MAR09168,Exchange/demand reactions,1.1,0
MAR09169,Exchange/demand reactions,1.1,0
MAR09171,Exchange/demand reactions,1.1,0
MAR09172,Exchange/demand reactions,1.1,0
MAR09201,Exchange/demand reactions,1.1,0
MAR09202,Exchange/demand reactions,1.1,0
MAR09203,Exchange/demand reactions,1.1,0
MAR09204,Exchange/demand reactions,1.1,0
MAR09205,Exchange/demand reactions,1.1,0
MAR09206,Exchange/demand reactions,1.1,0
MAR09207,Exchange/demand reactions,1.1,0
MAR09208,Exchange/demand reactions,1.1,0
MAR09209,Exchange/demand reactions,1.1,0
MAR09210,Exchange/demand reactions,1.1,0
MAR09211,Exchange/demand reactions,1.1,0
MAR09212,Exchange/demand reactions,1.1,0
MAR09213,Exchange/demand reactions,1.1,0
MAR09214,Exchange/demand reactions,1.1,0
MAR09215,Exchange/demand reactions,1.1,0
MAR09216,Exchange/demand reactions,1.1,0
MAR09217,Exchange/demand reactions,1.1,0
MAR09218,Exchange/demand reactions,1.1,0
MAR09219,Exchange/demand reactions,1.1,0
MAR09220,Exchange/demand reactions,1.1,0
MAR09221,Exchange/demand reactions,1.1,0
MAR09222,Exchange/demand reactions,1.1,0
MAR09223,Exchange/demand reactions,1.1,0
MAR09224,Exchange/demand reactions,1.1,0
MAR09225,Exchange/demand reactions,1.1,0
MAR09226,Exchange/demand reactions,1.1,0
MAR09227,Exchange/demand reactions,1.1,0
MAR09228,Exchange/demand reactions,1.1,0
MAR09229,Exchange/demand reactions,1.1,0
MAR09230,Exchange/demand reactions,1.1,0
MAR09231,Exchange/demand reactions,1.1,0
MAR09232,Exchange/demand reactions,1.1,0
MAR09233,Exchange/demand reactions,1.1,0
MAR09234,Exchange/demand reactions,1.1,0
MAR09235,Exchange/demand reactions,1.1,0
MAR09236,Exchange/demand reactions,1.1,0
MAR09237,Exchange/demand reactions,1.1,0
MAR09238,Exchange/demand reactions,1.1,0
MAR09239,Exchange/demand reactions,1.1,0
MAR09240,Exchange/demand reactions,1.1,0
MAR09241,Exchange/demand reactions,1.1,0
MAR09242,Exchange/demand reactions,1.1,0
MAR09243,Exchange/demand reactions,1.1,0
MAR09244,Exchange/demand reactions,1.1,0
MAR09245,Exchange/demand reactions,1.1,0
MAR09246,Exchange/demand reactions,1.1,0
MAR09247,Exchange/demand reactions,1.1,0
MAR09248,Exchange/demand reactions,1.1,0
MAR09249,Exchange/demand reactions,1.1,0
MAR09250,Exchange/demand reactions,1.1,0
MAR09251,Exchange/demand reactions,1.1,0
MAR09252,Exchange/demand reactions,1.1,0
MAR09253,Exchange/demand reactions,1.1,0
MAR09254,Exchange/demand reactions,1.1,0
MAR09255,Exchange/demand reactions,1.1,0
MAR09256,Exchange/demand reactions,1.1,0
MAR09257,Exchange/demand reactions,1.1,0
MAR09258,Exchange/demand reactions,1.1,0
MAR09259,Exchange/demand reactions,1.1,0
MAR09260,Exchange/demand reactions,1.1,0
MAR09261,Exchange/demand reactions,1.1,0
MAR09262,Exchange/demand reactions,1.1,0
MAR09263,Exchange/demand reactions,1.1,0
MAR09264,Exchange/demand reactions,1.1,0
MAR09265,Exchange/demand reactions,1.1,0
MAR09266,Exchange/demand reactions,1.1,0
MAR09267,Exchange/demand reactions,1.1,0
MAR09268,Exchange/demand reactions,1.1,0
MAR09269,Exchange/demand reactions,1.1,0
MAR09270,Exchange/demand reactions,1.1,0
MAR09271,Exchange/demand reactions,1.1,0
MAR09272,Exchange/demand reactions,1.1,0
MAR09273,Exchange/demand reactions,1.1,0
MAR09275,Exchange/demand reactions,1.1,0
MAR09276,Exchange/demand reactions,1.1,0
MAR09277,Exchange/demand reactions,1.1,0
MAR09278,Exchange/demand reactions,1.1,0
MAR09279,Exchange/demand reactions,1.1,0
MAR09280,Exchange/demand reactions,1.1,0
MAR09281,Exchange/demand reactions,1.1,0
MAR09282,Exchange/demand reactions,1.1,0
MAR09283,Exchange/demand reactions,1.1,0
MAR09284,Exchange/demand reactions,1.1,0
MAR09285,Exchange/demand reactions,1.1,0
MAR09286,Exchange/demand reactions,1.1,0
MAR09287,Exchange/demand reactions,1.1,0
MAR09288,Exchange/demand reactions,1.1,0
MAR09289,Exchange/demand reactions,1.1,0
MAR09290,Exchange/demand reactions,1.1,0
MAR09291,Exchange/demand reactions,1.1,0
MAR09292,Exchange/demand reactions,1.1,0
MAR09293,Exchange/demand reactions,1.1,0
MAR09294,Exchange/demand reactions,1.1,0
MAR09295,Exchange/demand reactions,1.1,0
MAR09296,Exchange/demand reactions,1.1,0
MAR09297,Exchange/demand reactions,1.1,0
MAR09298,Exchange/demand reactions,1.1,0
MAR09299,Exchange/demand reactions,1.1,0
MAR09300,Exchange/demand reactions,1.1,0
MAR09301,Exchange/demand reactions,1.1,0
MAR09302,Exchange/demand reactions,1.1,0
MAR09303,Exchange/demand reactions,1.1,0
MAR09304,Exchange/demand reactions,1.1,0
MAR09305,Exchange/demand reactions,1.1,0
MAR09306,Exchange/demand reactions,1.1,0
MAR09307,Exchange/demand reactions,1.1,0
MAR09308,Exchange/demand reactions,1.1,0
MAR09309,Exchange/demand reactions,1.1,0
MAR09310,Exchange/demand reactions,1.1,0
MAR09311,Exchange/demand reactions,1.1,0
MAR09312,Exchange/demand reactions,1.1,0
MAR09313,Exchange/demand reactions,1.1,0
MAR09314,Exchange/demand reactions,1.1,0
MAR09315,Exchange/demand reactions,1.1,0
MAR09316,Exchange/demand reactions,1.1,0
MAR09317,Exchange/demand reactions,1.1,0
MAR09318,Exchange/demand reactions,1.1,0
MAR09319,Exchange/demand reactions,1.1,0
MAR09320,Exchange/demand reactions,1.1,0
MAR09321,Exchange/demand reactions,1.1,0
MAR09322,Exchange/demand reactions,1.1,0
MAR09323,Exchange/demand reactions,1.1,0
MAR09324,Exchange/demand reactions,1.1,0
MAR09325,Exchange/demand reactions,1.1,0
MAR09326,Exchange/demand reactions,1.1,0
MAR09327,Exchange/demand reactions,1.1,0
MAR09328,Exchange/demand reactions,1.1,0
MAR09329,Exchange/demand reactions,1.1,0
MAR09330,Exchange/demand reactions,1.1,0
MAR09331,Exchange/demand reactions,1.1,0
MAR09332,Exchange/demand reactions,1.1,0
MAR09333,Exchange/demand reactions,1.1,0
MAR09334,Exchange/demand reactions,1.1,0
MAR09335,Exchange/demand reactions,1.1,0
MAR09336,Exchange/demand reactions,1.1,0
MAR09337,Exchange/demand reactions,1.1,0
MAR09338,Exchange/demand reactions,1.1,0
MAR09339,Exchange/demand reactions,1.1,0
MAR09340,Exchange/demand reactions,1.1,0
MAR09341,Exchange/demand reactions,1.1,0
MAR09342,Exchange/demand reactions,1.1,0
MAR09343,Exchange/demand reactions,1.1,0
MAR09344,Exchange/demand reactions,1.1,0
MAR09345,Exchange/demand reactions,1.1,0
MAR09346,Exchange/demand reactions,1.1,0
MAR09347,Exchange/demand reactions,1.1,0
MAR09348,Exchange/demand reactions,1.1,0
MAR09349,Exchange/demand reactions,1.1,0
MAR09350,Exchange/demand reactions,1.1,0
MAR09351,Exchange/demand reactions,1.1,0
MAR09352,Exchange/demand reactions,1.1,0
MAR09353,Exchange/demand reactions,1.1,0
MAR09354,Exchange/demand reactions,1.1,0
MAR09355,Exchange/demand reactions,1.1,0
MAR09356,Exchange/demand reactions,1.1,0
MAR09357,Exchange/demand reactions,1.1,0
MAR09358,Exchange/demand reactions,1.1,0
MAR09359,Exchange/demand reactions,1.1,0
MAR09360,Exchange/demand reactions,1.1,0
MAR09361,Exchange/demand reactions,1.1,0
MAR09362,Exchange/demand reactions,1.1,0
MAR09363,Exchange/demand reactions,1.1,0
MAR09364,Exchange/demand reactions,1.1,0
MAR09365,Exchange/demand reactions,1.1,0
MAR09366,Exchange/demand reactions,1.1,0
MAR09367,Exchange/demand reactions,1.1,0
MAR09368,Exchange/demand reactions,1.1,0
MAR09369,Exchange/demand reactions,1.1,0
MAR09370,Exchange/demand reactions,1.1,0
MAR09371,Exchange/demand reactions,1.1,0
MAR09372,Exchange/demand reactions,1.1,0
MAR09373,Exchange/demand reactions,1.1,0
MAR09374,Exchange/demand reactions,1.1,0
MAR09375,Exchange/demand reactions,1.1,0
MAR09376,Exchange/demand reactions,1.1,0
MAR09377,Exchange/demand reactions,1.1,0
MAR09378,Exchange/demand reactions,1.1,0
MAR09379,Exchange/demand reactions,1.1,0
MAR09380,Exchange/demand reactions,1.1,0
MAR09381,Exchange/demand reactions,1.1,0
MAR09382,Exchange/demand reactions,1.1,0
MAR09383,Exchange/demand reactions,1.1,0
MAR09384,Exchange/demand reactions,1.1,0
MAR09385,Exchange/demand reactions,1.1,0
MAR09386,Exchange/demand reactions,1.1,0
MAR09387,Exchange/demand reactions,1.1,0
MAR09388,Exchange/demand reactions,1.1,0
MAR09389,Exchange/demand reactions,1.1,0
MAR09390,Exchange/demand reactions,1.1,0
MAR09391,Exchange/demand reactions,1.1,0
MAR09392,Exchange/demand reactions,1.1,0
MAR09393,Exchange/demand reactions,1.1,0
MAR09394,Exchange/demand reactions,1.1,0
MAR09395,Exchange/demand reactions,1.1,0
MAR09396,Exchange/demand reactions,1.1,0
MAR09397,Exchange/demand reactions,1.1,0
MAR09398,Exchange/demand reactions,1.1,0
MAR09399,Exchange/demand reactions,1.1,0
MAR09400,Exchange/demand reactions,1.1,0
MAR09401,Exchange/demand reactions,1.1,0
MAR09404,Exchange/demand reactions,1.1,0
MAR09405,Exchange/demand reactions,1.1,0
MAR09406,Exchange/demand reactions,1.1,0
MAR09407,Exchange/demand reactions,1.1,0
MAR09408,Exchange/demand reactions,1.1,0
MAR09409,Exchange/demand reactions,1.1,0
MAR09410,Exchange/demand reactions,1.1,0
MAR09411,Exchange/demand reactions,1.1,0
MAR09412,Exchange/demand reactions,1.1,0
MAR09413,Exchange/demand reactions,1.1,0
MAR09414,Exchange/demand reactions,1.1,0
MAR09415,Exchange/demand reactions,1.1,0
MAR09416,Exchange/demand reactions,1.1,0
MAR09417,Exchange/demand reactions,1.1,0
MAR09418,Exchange/demand reactions,1.1,0
MAR09419,Exchange/demand reactions,1.1,0
MAR09420,Exchange/demand reactions,1.1,0
MAR09421,Exchange/demand reactions,1.1,0
MAR09422,Exchange/demand reactions,1.1,0
MAR09423,Exchange/demand reactions,1.1,0
MAR09424,Exchange/demand reactions,1.1,0
MAR09425,Exchange/demand reactions,1.1,0
MAR09426,Exchange/demand reactions,1.1,0
MAR09427,Exchange/demand reactions,1.1,0
MAR09428,Exchange/demand reactions,1.1,0
MAR09429,Exchange/demand reactions,1.1,0
MAR09430,Exchange/demand reactions,1.1,0
MAR09431,Exchange/demand reactions,1.1,0
MAR09432,Exchange/demand reactions,1.1,0
MAR09433,Exchange/demand reactions,1.1,0
MAR09434,Exchange/demand reactions,1.1,0
MAR09435,Exchange/demand reactions,1.1,0
MAR09436,Exchange/demand reactions,1.1,0
MAR09437,Exchange/demand reactions,1.1,0
MAR09438,Exchange/demand reactions,1.1,0
MAR09439,Exchange/demand reactions,1.1,0
MAR09440,Exchange/demand reactions,1.1,0
MAR09441,Exchange/demand reactions,1.1,0
MAR09442,Exchange/demand reactions,1.1,0
MAR09443,Exchange/demand reactions,1.1,0
MAR09444,Exchange/demand reactions,1.1,0
MAR09445,Exchange/demand reactions,1.1,0
MAR09446,Exchange/demand reactions,1.1,0
MAR09447,Exchange/demand reactions,1.1,0
MAR09448,Exchange/demand reactions,1.1,0
MAR09449,Exchange/demand reactions,1.1,0
MAR09450,Exchange/demand reactions,1.1,0
MAR09451,Exchange/demand reactions,1.1,0
MAR09452,Exchange/demand reactions,1.1,0
MAR09453,Exchange/demand reactions,1.1,0
MAR09454,Exchange/demand reactions,1.1,0
MAR09455,Exchange/demand reactions,1.1,0
MAR09456,Exchange/demand reactions,1.1,0
MAR09457,Exchange/demand reactions,1.1,0
MAR09458,Exchange/demand reactions,1.1,0
MAR09460,Exchange/demand reactions,1.1,0
MAR09461,Exchange/demand reactions,1.1,0
MAR09462,Exchange/demand reactions,1.1,0
MAR09463,Exchange/demand reactions,1.1,0
MAR09681,Exchange/demand reactions,1.1,0
MAR09682,Exchange/demand reactions,1.1,0
MAR09683,Exchange/demand reactions,1.1,0
MAR09684,Exchange/demand reactions,1.1,0
MAR09685,Exchange/demand reactions,1.1,0
MAR09686,Exchange/demand reactions,1.1,0
MAR09687,Exchange/demand reactions,1.1,0
MAR09688,Exchange/demand reactions,1.1,0
MAR09689,Exchange/demand reactions,1.1,0
MAR09690,Exchange/demand reactions,1.1,0
MAR09691,Exchange/demand reactions,1.1,0
MAR09692,Exchange/demand reactions,1.1,0
MAR09693,Exchange/demand reactions,1.1,0
MAR09694,Exchange/demand reactions,1.1,0
MAR09695,Exchange/demand reactions,1.1,0
MAR09696,Exchange/demand reactions,1.1,0
MAR09697,Exchange/demand reactions,1.1,0
MAR09698,Exchange/demand reactions,1.1,0
MAR09699,Exchange/demand reactions,1.1,0
MAR09700,Exchange/demand reactions,1.1,0
MAR09701,Exchange/demand reactions,1.1,0
MAR09702,Exchange/demand reactions,1.1,0
MAR09703,Exchange/demand reactions,1.1,0
MAR09704,Exchange/demand reactions,1.1,0
MAR09705,Exchange/demand reactions,1.1,0
MAR09706,Exchange/demand reactions,1.1,0
MAR09707,Exchange/demand reactions,1.1,0
MAR09708,Exchange/demand reactions,1.1,0
MAR09709,Exchange/demand reactions,1.1,0
MAR09710,Exchange/demand reactions,1.1,0
MAR09711,Exchange/demand reactions,1.1,0
MAR09712,Exchange/demand reactions,1.1,0
MAR09713,Exchange/demand reactions,1.1,0
MAR09714,Exchange/demand reactions,1.1,0
MAR09715,Exchange/demand reactions,1.1,0
MAR09721,Exchange/demand reactions,1.1,0
MAR09729,Exchange/demand reactions,1.1,0
MAR09730,Exchange/demand reactions,1.1,0
MAR09725,Artificial reactions,1.1,0
MAR00031,Pool reactions,1.924656582600245,7
MAR00021,Artificial reactions,1.1,0
MAR00022,Artificial reactions,1.1,0
MAR00023,Artificial reactions,1.1,0
MAR00033,Artificial reactions,1.1,0
MAR00034,Artificial reactions,1.1,0
MAR00035,Artificial reactions,1.1,0
MAR00036,Artificial reactions,1.1,0
MAR00037,Artificial reactions,1.1,0
MAR00038,Transport reactions,1.1,0
MAR00040,Ubiquinone synthesis,1.1,0
MAR00041,Ubiquinone synthesis,1.1,0
MAR00043,Beta-alanine metabolism,0.6047762027333035,1
MAR00044,Propanoate metabolism,1.1,0
MAR00045,Transport reactions,1.1,0
MAR00046,Purine metabolism,1.1,4
MAR00047,Ubiquinone synthesis,1.1,0
MAR00048,Ubiquinone synthesis,1.1,0
MAR00049,Transport reactions,1.1,0
MAR00050,Transport reactions,1.1,1
MAR00051,Tryptophan metabolism,5.372116907323334,2
MAR00052,Transport reactions,1.1,2
MAR00053,Transport reactions,1.1,1
MAR00054,Transport reactions,1.1,0
MAR00055,N-glycan metabolism,0.6495519749032614,1
MAR00056,Transport reactions,1.1,0
MAR00057,Transport reactions,1.1,1
MAR00058,Transport reactions,1.1,1
MAR00060,Transport reactions,0.19844851435823227,1
MAR00061,Transport reactions,1.1,0
MAR00062,Nucleotide metabolism,1.1,1
MAR00063,Transport reactions,1.1,0
MAR00064,Fatty acid oxidation,0.19844851435823227,1
MAR00065,Transport reactions,1.1,2
MAR00066,Transport reactions,2.5177729862126252,1
MAR00067,Fatty acid oxidation,1.1,1
MAR00068,Glycerophospholipid metabolism,2.4842042326313187,4
MAR00069,Bile acid biosynthesis,1.1,1
MAR00070,Bile acid biosynthesis,1.1,1
MAR00071,Bile acid biosynthesis,1.1,1
MAR00072,Starch and sucrose metabolism,1.3767390343525479,8
MAR00073,Biotin metabolism,1.1,0
MAR00074,Biotin metabolism,1.1,0
MAR00075,Transport reactions,1.1,0
MAR00076,Fatty acid oxidation,0.19844851435823227,1
MAR00077,Transport reactions,1.1,0
MAR00078,Transport reactions,1.1,0
MAR00079,Transport reactions,1.1,2
MAR00080,Transport reactions,0.886798303430616,22
MAR00081,Blood group biosynthesis,1.1,1
MAR00082,Blood group biosynthesis,1.1,1
MAR00083,Bile acid biosynthesis,1.1,1
MAR00084,Bile acid biosynthesis,1.1,1
MAR00085,Bile acid biosynthesis,1.1,1
MAR00086,Biotin metabolism,1.1,1
MAR00087,Transport reactions,1.1,1
MAR00088,Beta-alanine metabolism,3.9480779382155564,3
MAR00089,Transport reactions,1.1,0
MAR00090,Transport reactions,1.1,0
MAR00091,Biotin metabolism,1.8979556608887498,1
MAR00092,Biotin metabolism,1.1,1
MAR00093,Transport reactions,1.1,1
MAR00094,Transport reactions,1.1,1
MAR00095,Transport reactions,1.1,1
MAR00097,Transport reactions,1.1,1
MAR00098,Transport reactions,1.1,0
MAR00099,Transport reactions,1.1,0
MAR00100,Transport reactions,1.1,0
MAR00101,Cholesterol metabolism,1.1,1
MAR00102,Fatty acid oxidation,0.19844851435823227,1
MAR00103,Fatty acid oxidation,1.1,3
MAR00104,Fatty acid oxidation,0.38031255008120957,1
MAR00105,Fatty acid oxidation,0.19844851435823227,1
MAR00106,Fatty acid oxidation,0.19844851435823227,1
MAR00107,Fatty acid oxidation,0.19844851435823227,1
MAR00108,Fatty acid oxidation,1.1,3
MAR00109,Fatty acid oxidation,0.38031255008120957,1
MAR00110,Fatty acid oxidation,0.19844851435823227,1
MAR00111,Fatty acid oxidation,0.19844851435823227,1
MAR00112,Fatty acid oxidation,1.1,0
MAR00113,Cholesterol metabolism,1.1,1
MAR00114,Cholesterol metabolism,1.1,1
MAR00115,Cholesterol metabolism,1.185785325645515,1
MAR00116,Cholesterol metabolism,1.1,1
MAR00117,Cholesterol metabolism,1.1,1
MAR00118,Cholesterol metabolism,1.1,2
MAR00119,Transport reactions,1.1,4
MAR00120,Transport reactions,1.1,0
MAR00121,Glycerophospholipid metabolism,1.1,2
MAR00122,Glycerophospholipid metabolism,1.1,2
MAR00123,Transport reactions,1.1,0
MAR00124,Transport reactions,1.1,2
MAR00125,Transport reactions,1.1,1
MAR00126,Transport reactions,1.1,1
MAR00127,Transport reactions,1.1,0
MAR00128,Fatty acid oxidation,0.19844851435823227,1
MAR00129,Glycerophospholipid metabolism,1.1,1
MAR00130,Transport reactions,1.1,0
MAR00131,Ubiquinone synthesis,0.285723297535014,1
MAR00132,Ubiquinone synthesis,1.1,0
MAR00133,Ubiquinone synthesis,1.1015043983931267,1
MAR00134,Ubiquinone synthesis,1.3924950676983574,1
MAR00135,Ubiquinone synthesis,1.1,0
MAR00136,Transport reactions,1.1,0
MAR00137,Transport reactions,1.1,1
MAR00138,Transport reactions,1.1,0
MAR00139,Fatty acid oxidation,1.1,2
MAR00140,Transport reactions,1.1,0
MAR00141,Glycerophospholipid metabolism,1.1,2
MAR00142,Transport reactions,1.1,0
MAR00143,Fatty acid oxidation,0.19844851435823227,1
MAR00144,Fatty acid biosynthesis,1.1,1
MAR00145,Fatty acid biosynthesis,1.1,1
MAR00146,Fatty acid biosynthesis,1.1,1
MAR00147,Fatty acid biosynthesis,1.1,1
MAR00148,Fatty acid biosynthesis,1.1,1
MAR00149,Fatty acid biosynthesis,1.1,1
MAR00150,Fatty acid biosynthesis,1.1,1
MAR00151,Fatty acid biosynthesis,1.1,1
MAR00152,Fatty acid biosynthesis,1.1,2
MAR00181,Fatty acid biosynthesis,1.1,1
MAR00186,Fatty acid biosynthesis,1.1,1
MAR00205,Fatty acid biosynthesis,1.1,0
MAR00218,Fatty acid biosynthesis,1.1,0
MAR00219,Transport reactions,1.1,0
MAR00220,Transport reactions,1.1,0
MAR00221,Transport reactions,1.1,0
MAR00222,Cholesterol metabolism,1.1,1
MAR00227,Cholesterol metabolism,1.1,1
MAR00228,Cholesterol metabolism,1.1,1
MAR00229,Transport reactions,1.1,0
MAR00251,Arginine and proline metabolism,1.1,0
MAR00252,Fatty acid oxidation,0.19844851435823227,1
MAR00285,Cholesterol metabolism,1.1,1
MAR00286,Fatty acid oxidation,1.1,0
MAR00315,Fatty acid oxidation,1.1,0
MAR00316,N-glycan metabolism,1.1,0
MAR00333,N-glycan metabolism,1.1,0
MAR00334,Transport reactions,1.1,2
MAR00441,Cholesterol metabolism,1.1,1
MAR00442,Arginine and proline metabolism,1.1,1
MAR00443,Cholesterol metabolism,1.4174566859959423,1
MAR00447,Alkaloids biosynthesis,1.1,0
MAR00451,Fatty acid oxidation,0.19844851435823227,1
MAR00452,Fatty acid oxidation,1.1,3
MAR00455,Fatty acid oxidation,0.38031255008120957,1
MAR00465,Fatty acid oxidation,0.19844851435823227,1
MAR00471,N-glycan metabolism,0.4894551348560894,1
MAR00472,N-glycan metabolism,0.4894551348560894,1
MAR00473,N-glycan metabolism,1.1,0
MAR00474,N-glycan metabolism,1.1,0
MAR00475,N-glycan metabolism,1.1,0
MAR00480,N-glycan metabolism,1.1,0
MAR00485,N-glycan metabolism,1.1,0
MAR00554,N-glycan metabolism,1.1,0
MAR00564,Exchange/demand reactions,1.1,0
MAR00565,Exchange/demand reactions,1.1,0
MAR00566,Exchange/demand reactions,1.1,0
MAR00567,Exchange/demand reactions,1.1,0
MAR00568,Exchange/demand reactions,1.1,0
MAR00569,Exchange/demand reactions,1.1,0
MAR00570,Exchange/demand reactions,1.1,0
MAR00571,Exchange/demand reactions,1.1,0
MAR00572,Exchange/demand reactions,1.1,0
MAR00573,Exchange/demand reactions,1.1,0
MAR00574,Exchange/demand reactions,1.1,0
MAR00575,Exchange/demand reactions,1.1,0
MAR00576,Exchange/demand reactions,1.1,0
MAR00577,Exchange/demand reactions,1.1,0
MAR00583,Exchange/demand reactions,1.1,0
MAR00585,Exchange/demand reactions,1.1,0
MAR00595,Exchange/demand reactions,1.1,0
MAR00603,Exchange/demand reactions,1.1,0
MAR00606,Exchange/demand reactions,1.1,0
MAR00608,Exchange/demand reactions,1.1,0
MAR00609,Exchange/demand reactions,1.1,0
MAR00611,Exchange/demand reactions,1.1,0
MAR00617,Exchange/demand reactions,1.1,0
MAR00618,Exchange/demand reactions,1.1,0
MAR00619,Exchange/demand reactions,1.1,0
MAR00620,Exchange/demand reactions,1.1,0
MAR00621,Exchange/demand reactions,1.1,0
MAR00624,Exchange/demand reactions,1.1,0
MAR00626,Exchange/demand reactions,1.1,0
MAR00628,Exchange/demand reactions,1.1,0
MAR00631,Exchange/demand reactions,1.1,0
MAR00637,Exchange/demand reactions,1.1,0
MAR00639,Exchange/demand reactions,1.1,0
MAR00650,Exchange/demand reactions,1.1,0
MAR00655,Exchange/demand reactions,1.1,0
MAR00656,Exchange/demand reactions,1.1,0
MAR00658,Exchange/demand reactions,1.1,0
MAR00661,Exchange/demand reactions,1.1,0
MAR00662,Exchange/demand reactions,1.1,0
MAR00666,Exchange/demand reactions,1.1,0
MAR00693,Exchange/demand reactions,1.1,0
MAR00694,Exchange/demand reactions,1.1,0
MAR00695,Exchange/demand reactions,1.1,0
MAR00696,Exchange/demand reactions,1.1,0
MAR00697,Exchange/demand reactions,1.1,0
MAR00698,Exchange/demand reactions,1.1,0
MAR00699,Exchange/demand reactions,1.1,0
MAR00700,Exchange/demand reactions,1.1,0
MAR00701,Exchange/demand reactions,1.1,0
MAR00702,Exchange/demand reactions,1.1,0
MAR00704,Exchange/demand reactions,1.1,0
MAR00711,Exchange/demand reactions,1.1,0
MAR00714,Exchange/demand reactions,1.1,0
MAR00720,Exchange/demand reactions,1.1,0
MAR00721,Exchange/demand reactions,1.1,0
MAR00722,Exchange/demand reactions,1.1,0
MAR00723,Fatty acid oxidation,1.1,1
MAR00724,Fatty acid oxidation,1.1,1
MAR00725,Fatty acid oxidation,1.1,1
MAR00726,Fatty acid oxidation,1.1,1
MAR00727,Fatty acid oxidation,1.1,0
MAR00728,Fatty acid oxidation,1.1,0
MAR00729,Fatty acid oxidation,1.1,1
MAR00737,Fatty acid oxidation,0.5768941269930161,1
MAR00739,Fatty acid oxidation,1.1,1
MAR00742,Fatty acid oxidation,1.1,1
MAR00743,Fatty acid biosynthesis,1.1445771955096646,4
MAR00745,Fatty acid biosynthesis,1.1445771955096646,4
MAR00747,Fatty acid biosynthesis,1.1445771955096646,4
MAR00749,Fatty acid biosynthesis,1.1445771955096646,4
MAR00751,Fatty acid oxidation,1.1,1
MAR00752,Fatty acid oxidation,1.8121485826836659,2
MAR00755,Fatty acid oxidation,1.8121485826836659,2
MAR00756,Fatty acid oxidation,1.8121485826836659,2
MAR00757,Fatty acid oxidation,1.8121485826836659,2
MAR00759,Fatty acid oxidation,0.5583417375709788,4
MAR00764,Fatty acid oxidation,1.8121485826836659,2
MAR00772,Fatty acid oxidation,1.8121485826836659,2
MAR00774,Fatty acid oxidation,1.1,1
MAR00776,Fatty acid oxidation,1.8121485826836659,2
MAR00777,Fatty acid oxidation,0.5583417375709788,4
MAR00778,Fatty acid oxidation,1.8121485826836659,2
MAR00780,Fatty acid oxidation,1.8121485826836659,2
MAR00784,Fatty acid oxidation,1.8121485826836659,2
MAR00785,Fatty acid oxidation,1.8121485826836659,2
MAR00788,Fatty acid oxidation,1.8121485826836659,2
MAR00799,Fatty acid oxidation,1.8121485826836659,2
MAR00800,Fatty acid oxidation,0.5583417375709788,4
MAR00818,Fatty acid oxidation,1.8121485826836659,2
MAR00833,Fatty acid oxidation,0.5583417375709788,4
MAR00869,Fatty acid oxidation,1.8121485826836659,2
MAR00872,Fatty acid oxidation,0.5583417375709788,4
MAR00874,Fatty acid oxidation,1.8121485826836659,2
MAR00916,Fatty acid oxidation,1.8121485826836659,2
MAR00922,Fatty acid oxidation,1.8121485826836659,2
MAR00923,Fatty acid oxidation,1.8121485826836659,2
MAR00927,Fatty acid oxidation,0.5583417375709788,4
MAR00930,Fatty acid oxidation,1.8121485826836659,2
MAR00952,Fatty acid oxidation,0.5583417375709788,4
MAR00968,Fatty acid oxidation,0.5583417375709788,4
MAR00970,Fatty acid oxidation,1.0446519348993073,8
MAR00972,Fatty acid oxidation,0.5583417375709788,4
MAR00974,Fatty acid oxidation,0.5583417375709788,4
MAR00975,Fatty acid oxidation,0.5583417375709788,4
MAR00977,Fatty acid oxidation,0.5583417375709788,4
MAR00978,Fatty acid oxidation,0.5583417375709788,4
MAR00982,Fatty acid oxidation,0.5583417375709788,4
MAR01001,Fatty acid oxidation,0.5583417375709788,4
MAR01005,Fatty acid oxidation,0.5583417375709788,4
MAR01012,Fatty acid biosynthesis,1.1,0
MAR01019,Fatty acid biosynthesis,1.1,0
MAR01024,Fatty acid biosynthesis,1.1,0
MAR01031,Fatty acid biosynthesis,1.1,0
MAR01032,Fatty acid biosynthesis,1.1,0
MAR01036,Fatty acid biosynthesis,1.1,1
MAR01038,Galactose metabolism,1.6238009471022894,1
MAR01044,Porphyrin metabolism,2.5576518260440384,1
MAR01046,Transport reactions,1.1,0
MAR01047,Transport reactions,1.1,1
MAR01051,Transport reactions,1.1,0
MAR01052,Transport reactions,1.1,0
MAR01056,Transport reactions,1.1,0
MAR01060,Transport reactions,1.1,0
MAR01076,Transport reactions,1.1,0
MAR01078,Transport reactions,1.1,0
MAR01083,Blood group biosynthesis,1.1,1
MAR01118,Blood group biosynthesis,1.1,1
MAR01141,Blood group biosynthesis,1.1,1
MAR01169,Glycolysis / Gluconeogenesis,1.1,1
MAR01314,Transport reactions,1.1,1
MAR01340,Transport reactions,1.1,0
MAR01348,Transport reactions,1.1,0
MAR01349,Transport reactions,1.1,0
MAR01351,Sphingolipid metabolism,1.1,1
MAR01353,O-glycan metabolism,1.1801083467023965,15
MAR01354,Transport reactions,1.1,0
MAR01368,Transport reactions,1.1,0
MAR01369,Transport reactions,1.1,0
MAR01371,Lysine metabolism,1.1,1
MAR01372,Vitamin C metabolism,3.9480779382155564,3
MAR01377,Transport reactions,1.1,0
MAR01378,Transport reactions,1.3149588414300697,1
MAR01380,Starch and sucrose metabolism,1.1,1
MAR01381,Transport reactions,1.1,0
MAR01385,Transport reactions,1.1,0
MAR01386,Transport reactions,2.5177729862126252,1
MAR01396,Transport reactions,1.1,1
MAR01397,Cholesterol metabolism,1.1,1
MAR01399,Phosphatidylinositol phosphate metabolism,1.1,1
MAR01400,Phosphatidylinositol phosphate metabolism,1.1,1
MAR01435,Transport reactions,1.1,0
MAR01438,Transport reactions,1.1,0
MAR01439,Fatty acid oxidation,0.38031255008120957,1
MAR01441,Fatty acid oxidation,0.19844851435823227,1
MAR01442,Transport reactions,1.1,2
MAR01444,Transport reactions,1.1,2
MAR01446,Cholesterol metabolism,1.1,1
MAR01447,Transport reactions,1.1,0
MAR01449,Cholesterol metabolism,2.1957813506374078,1
MAR01450,Heme degradation,1.1,2
MAR01452,Fatty acid oxidation,0.19844851435823227,1
MAR01453,Tricarboxylic acid cycle and glyoxylate/dicarboxylate metabolism,1.1,6
MAR01455,Transport reactions,1.1,0
MAR01456,Bile acid biosynthesis,1.185785325645515,1
MAR01461,Transport reactions,1.1,0
MAR01462,Transport reactions,1.1,0
MAR01463,Transport reactions,1.1,1
MAR01464,Transport reactions,1.1,0
MAR01466,Transport reactions,1.1,1
MAR01468,Cholesterol metabolism,1.1,2
MAR01469,Transport reactions,1.1,0
MAR01471,Fatty acid biosynthesis,1.1,0
MAR01472,Galactose metabolism,1.1,1
MAR01474,Pyruvate metabolism,3.2360584536616672,6
MAR01475,Fatty acid oxidation,1.9573283344899577,1
MAR01476,Transport reactions,1.1,0
MAR01480,Transport reactions,1.1,0
MAR01481,Fatty acid oxidation,0.38031255008120957,1
MAR01482,Fatty acid oxidation,0.19844851435823227,1
MAR01485,Transport reactions,1.1,1
MAR01486,Fatty acid oxidation,0.19844851435823227,1
MAR01487,Fatty acid oxidation,0.19844851435823227,1
MAR01488,Fatty acid oxidation,1.1,3
MAR01489,Fatty acid oxidation,0.38031255008120957,1
MAR01491,Fatty acid oxidation,0.19844851435823227,1
MAR01492,Fatty acid oxidation,0.19844851435823227,1
MAR01497,Cholesterol metabolism,5.371771144086398,1
MAR01498,Cholesterol metabolism,1.1,1
MAR01499,Transport reactions,1.1,0
MAR01501,Vitamin A metabolism,1.1,1
MAR01506,Vitamin A metabolism,1.1,0
MAR01507,Vitamin A metabolism,1.1,0
MAR01508,Cholesterol metabolism,1.1,1
MAR01510,Cholesterol metabolism,1.1,2
MAR01511,Phosphatidylinositol phosphate metabolism,0.8728705787810127,4
MAR01513,Phosphatidylinositol phosphate metabolism,0.9072955621639992,2
MAR01514,Transport reactions,1.1,0
MAR01517,Fatty acid oxidation,1.1,1
MAR01518,Transport reactions,1.1,0
MAR01520,Cholesterol metabolism,1.1,1
MAR01521,"Valine, leucine, and isoleucine metabolism",1.1,1
MAR01522,"Valine, leucine, and isoleucine metabolism",1.1,1
MAR01523,Arginine and proline metabolism,3.9480779382155564,3
MAR01524,Keratan sulfate degradation,2.1235387504172523,1
MAR01525,Transport reactions,1.3180443014151582,2
MAR01527,Transport reactions,1.1,19
MAR01528,Transport reactions,1.9805452696211499,3
MAR01529,Transport reactions,1.1,2
MAR01534,Transport reactions,1.1,2
MAR01537,Transport reactions,1.1,0
MAR01541,Transport reactions,1.1,0
MAR01542,Nicotinate and nicotinamide metabolism,1.1,2
MAR01554,Nicotinate and nicotinamide metabolism,1.1,1
MAR01555,Transport reactions,1.1,2
MAR01556,Fatty acid oxidation,0.38031255008120957,1
MAR01559,Fatty acid oxidation,0.19844851435823227,1
MAR01560,Starch and sucrose metabolism,1.1,1
MAR01561,Transport reactions,1.1,0
MAR01562,Transport reactions,1.1,0
MAR01563,Transport reactions,1.1,0
MAR01564,Transport reactions,1.1,0
MAR01566,Transport reactions,1.1,0
MAR01567,Bile acid biosynthesis,1.1,1
MAR01569,Bile acid biosynthesis,1.1,1
MAR01571,Bile acid biosynthesis,1.1,1
MAR01574,Bile acid biosynthesis,1.1,1
MAR01575,Eicosanoid metabolism,1.1,0
MAR01578,Cholesterol metabolism,1.1,0
MAR01579,Transport reactions,1.1,0
MAR01580,Transport reactions,1.1,0
MAR01582,Transport reactions,1.1,0
MAR01583,Transport reactions,1.1,1
MAR01586,Glycerophospholipid metabolism,0.17635393289076876,1
MAR01587,Fatty acid oxidation,1.1,0
MAR01588,Fatty acid oxidation,0.19844851435823227,1
MAR01591,Alkaloids biosynthesis,1.1,0
MAR01594,Transport reactions,1.1,3
MAR01596,Transport reactions,1.1,2
MAR01597,Transport reactions,1.1,0
MAR01600,Fatty acid oxidation,0.5583417375709788,4
MAR01601,Transport reactions,1.1,0
MAR01603,Glycerophospholipid metabolism,1.9674925382742992,1
MAR01606,Glycerophospholipid metabolism,1.9674925382742992,1
MAR01607,Transport reactions,1.1,0
MAR01612,Glycerophospholipid metabolism,0.6959306206797445,1
MAR01615,Glycerophospholipid metabolism,0.5276043551298003,1
MAR01616,Phenylalanine metabolism,1.1,2
MAR01618,Inositol phosphate metabolism,1.161142247457405,1
MAR01621,Transport reactions,1.1,1
MAR01626,Transport reactions,1.1,0
MAR01628,Cholesterol metabolism,0.442477909779841,1
MAR01633,Transport reactions,1.1,0
MAR01634,Pantothenate and CoA metabolism,0.8568060457833515,1
MAR01636,Transport reactions,1.1,1
MAR01640,Transport reactions,1.1,0
MAR01641,Transport reactions,1.1,0
MAR01643,Porphyrin metabolism,1.328021007535477,1
MAR01645,Transport reactions,1.1,0
MAR01647,Transport reactions,1.1,0
MAR01648,Transport reactions,1.1,0
MAR01649,Arginine and proline metabolism,1.0240045289592736,3
MAR01650,Transport reactions,2.5177729862126252,1
MAR01654,Transport reactions,1.1,0
MAR01655,Beta-alanine metabolism,3.2323120516620882,1
MAR01657,Transport reactions,1.1,0
MAR01658,Glycerophospholipid metabolism,1.1,1
MAR01661,Transport reactions,1.1,2
MAR01664,Transport reactions,1.1,2
MAR01669,Transport reactions,1.1,0
MAR01671,Fatty acid oxidation,0.19844851435823227,1
MAR01674,Fatty acid oxidation,1.1766224999939185,1
MAR01675,Fatty acid oxidation,1.1766224999939185,1
MAR01677,Fatty acid oxidation,1.1766224999939185,1
MAR01680,Transport reactions,1.1,0
MAR01683,Transport reactions,1.1,0
MAR01686,Transport reactions,1.1,0
MAR01688,Transport reactions,1.1,0
MAR01690,Vitamin A metabolism,1.1,6
MAR01698,Transport reactions,1.1,0
MAR01705,Transport reactions,1.1,0
MAR01707,Transport reactions,1.1,0
MAR01711,Bile acid biosynthesis,1.1,1
MAR01712,Transport reactions,1.1,0
MAR01713,N-glycan metabolism,1.1,2
MAR01714,Cholesterol metabolism,1.1,1
MAR01715,Cholesterol metabolism,1.1,1
MAR01719,Transport reactions,1.1,0
MAR01721,Fatty acid oxidation,0.19844851435823227,1
MAR01724,Ubiquinone synthesis,1.1,0
MAR01728,Transport reactions,1.1,0
MAR01731,Transport reactions,1.1,0
MAR01732,Transport reactions,1.1,0
MAR01733,Transport reactions,1.1,0
MAR01734,Transport reactions,1.1,0
MAR01736,Fatty acid oxidation,0.38031255008120957,1
MAR01755,Fatty acid oxidation,0.19844851435823227,1
MAR01757,Fatty acid oxidation,0.38031255008120957,1
MAR01763,Fatty acid oxidation,0.19844851435823227,1
MAR01773,Fatty acid oxidation,0.38031255008120957,1
MAR01775,Fatty acid oxidation,0.19844851435823227,1
MAR01779,Transport reactions,1.1,0
MAR01780,Transport reactions,1.1,1
MAR01782,Transport reactions,1.1,1
MAR01791,Transport reactions,1.1,0
MAR01793,Transport reactions,1.1,1
MAR01795,Transport reactions,1.1,0
MAR01799,Fatty acid oxidation,0.19844851435823227,1
MAR01801,Miscellaneous,1.1,1
MAR01808,Miscellaneous,1.1,1
MAR01812,Starch and sucrose metabolism,1.1,2
MAR01814,Fatty acid oxidation,0.19844851435823227,1
MAR01816,Tyrosine metabolism,1.1,1
MAR01818,N-glycan metabolism,1.1,1
MAR01820,Steroid metabolism,1.1,1
MAR01821,Transport reactions,1.1,0
MAR01822,Transport reactions,1.1,0
MAR01824,Transport reactions,1.1,0
MAR01825,Transport reactions,1.1,0
MAR01826,Transport reactions,1.1,0
MAR01827,Transport reactions,1.1,0
MAR01828,Transport reactions,1.1,0
MAR01829,Transport reactions,1.1,0
MAR01849,Transport reactions,1.1,0
MAR01851,Transport reactions,1.1,0
MAR01856,Transport reactions,1.1,0
MAR01858,Transport reactions,1.1,0
MAR01860,Transport reactions,1.1,0
MAR01869,Exchange/demand reactions,1.1,0
MAR01871,Exchange/demand reactions,1.1,0
MAR01873,Exchange/demand reactions,1.1,0
MAR01912,Exchange/demand reactions,1.1,0
MAR01918,Exchange/demand reactions,1.1,0
MAR01921,Exchange/demand reactions,1.1,0
MAR01922,Exchange/demand reactions,1.1,0
MAR01923,Exchange/demand reactions,1.1,0
MAR01938,Exchange/demand reactions,1.1,0
MAR01939,Exchange/demand reactions,1.1,0
MAR01946,Exchange/demand reactions,1.1,0
MAR01947,Exchange/demand reactions,1.1,0
MAR01954,Exchange/demand reactions,1.1,0
MAR01955,Exchange/demand reactions,1.1,0
MAR01956,Exchange/demand reactions,1.1,0
MAR01957,Exchange/demand reactions,1.1,0
MAR01961,Exchange/demand reactions,1.1,0
MAR01964,Exchange/demand reactions,1.1,0
MAR01965,Exchange/demand reactions,1.1,0
MAR01966,Exchange/demand reactions,1.1,0
MAR01972,Exchange/demand reactions,1.1,0
MAR01975,Exchange/demand reactions,1.1,0
MAR01984,Exchange/demand reactions,1.1,0
MAR01986,Exchange/demand reactions,1.1,0
MAR02021,Starch and sucrose metabolism,1.1,2
MAR02023,Arginine and proline metabolism,1.1,3
MAR02026,Cholesterol metabolism,1.1,1
MAR02028,Fatty acid oxidation,1.931405145673965,1
MAR02119,Biopterin metabolism,1.1,2
MAR02120,Pyrimidine metabolism,0.5346166737629298,1
MAR02121,Fatty acid oxidation,0.7401562750406048,2
MAR02122,Fatty acid oxidation,0.7401562750406048,2
MAR02123,Fatty acid oxidation,0.7401562750406048,2
MAR02124,Pyrimidine metabolism,5.538392809430797,3
MAR02125,Pyrimidine metabolism,5.538392809430797,3
MAR02126,Miscellaneous,1.1,2
MAR02128,Miscellaneous,1.1,2
MAR02146,"Valine, leucine, and isoleucine metabolism",1.1,0
MAR02147,Cholesterol metabolism,1.1,1
MAR02148,Fatty acid oxidation,1.931405145673965,1
MAR02149,Fatty acid oxidation,1.931405145673965,1
MAR02183,Fatty acid oxidation,1.931405145673965,1
MAR02184,Bile acid biosynthesis,1.1,1
MAR02186,Miscellaneous,1.1,1
MAR02187,Fatty acid oxidation,1.931405145673965,1
MAR02188,Miscellaneous,1.1,4
MAR02189,Miscellaneous,1.1,4
MAR02192,Miscellaneous,1.1,4
MAR02195,Miscellaneous,1.1,4
MAR02196,Miscellaneous,1.1,4
MAR02197,Miscellaneous,1.1,4
MAR02198,Miscellaneous,1.6459081379286955,1
MAR02200,Cholesterol metabolism,1.1,1
MAR02206,Cholesterol metabolism,1.1,1
MAR02207,Fatty acid oxidation,1.931405145673965,1
MAR02216,Transport reactions,1.1,1
MAR02220,Transport reactions,1.1,1
MAR02221,Transport reactions,1.1,2
MAR02222,Transport reactions,1.1,0
MAR02223,Transport reactions,1.1,0
MAR02224,Transport reactions,1.1,0
MAR02225,Transport reactions,1.1,0
MAR02226,Transport reactions,1.1,1
MAR02271,Transport reactions,1.1,1
MAR02272,Transport reactions,1.1,1
MAR02273,Transport reactions,1.1,0
MAR02274,Transport reactions,1.1,0
MAR02275,Transport reactions,1.1,0
MAR02278,Transport reactions,1.1,0
MAR02279,Transport reactions,1.1,0
MAR02280,Transport reactions,1.1,0
MAR02283,Transport reactions,1.1,0
MAR02285,Transport reactions,1.1,0
MAR02290,Transport reactions,1.1,0
MAR02291,Transport reactions,1.1,0
MAR02297,Transport reactions,1.1,0
MAR02298,Transport reactions,1.1,0
MAR02299,Transport reactions,1.1,0
MAR02300,Cholesterol metabolism,1.1,0
MAR02301,Cholesterol metabolism,1.1,1
MAR02302,Cholesterol metabolism,1.1,0
MAR02303,Transport reactions,1.1,1
MAR02304,Transport reactions,1.1,0
MAR02306,Miscellaneous,1.1,2
MAR02308,Miscellaneous,1.1,2
MAR02310,Fatty acid oxidation,1.1,7
MAR02312,Fatty acid oxidation,1.1,7
MAR02313,Fatty acid oxidation,1.1,7
MAR02314,Fatty acid oxidation,1.1,7
MAR02316,Transport reactions,1.1,0
MAR02318,Transport reactions,1.1,0
MAR02320,Transport reactions,1.1,0
MAR02322,Fatty acid biosynthesis,0.23798577778710334,1
MAR02323,Fatty acid biosynthesis,1.1,1
MAR02325,Fatty acid biosynthesis,1.1,1
MAR02327,Fatty acid biosynthesis,1.1,1
MAR02329,Fatty acid biosynthesis,1.1,1
MAR02331,Transport reactions,1.1,0
MAR02333,Transport reactions,1.1,0
MAR02335,Transport reactions,1.1,0
MAR02337,Cholesterol metabolism,1.1,1
MAR02339,Cholesterol metabolism,1.4174566859959423,1
MAR02340,Fatty acid oxidation,1.1,0
MAR02341,Miscellaneous,1.5124531102376948,1
MAR02346,Transport reactions,1.1,0
MAR02351,Transport reactions,1.1,1
MAR02352,Miscellaneous,1.1,5
MAR02357,Miscellaneous,1.1,5
MAR02360,Transport reactions,1.1,0
MAR02375,Miscellaneous,1.1,0
MAR02377,Transport reactions,1.1,0
MAR02379,Transport reactions,1.1,0
MAR02381,Fatty acid oxidation,2.520294331025919,2
MAR02382,Transport reactions,1.1,0
MAR02385,Transport reactions,1.1,1
MAR02386,Transport reactions,1.1,1
MAR02388,Transport reactions,1.1,1
MAR02396,Transport reactions,1.1,1
MAR02398,Transport reactions,1.1,1
MAR02400,Transport reactions,1.1,1
MAR02402,Transport reactions,1.1,1
MAR02404,Transport reactions,1.1,1
MAR02405,Transport reactions,1.1,1
MAR02406,Transport reactions,1.1,1
MAR02413,Transport reactions,1.1,1
MAR02414,Transport reactions,1.1,1
MAR02416,Transport reactions,1.1,1
MAR02418,Transport reactions,1.1,1
MAR02420,Transport reactions,1.1,1
MAR02422,Transport reactions,1.1,1
MAR02424,Transport reactions,1.1,1
MAR02425,Transport reactions,1.1,1
MAR02427,Transport reactions,1.1,0
MAR02429,Transport reactions,1.1,0
MAR02431,Transport reactions,1.1,0
MAR02432,Transport reactions,1.1,0
MAR02471,Transport reactions,1.1,0
MAR02473,Transport reactions,1.1,0
MAR02474,Transport reactions,1.1,0
MAR02476,Transport reactions,1.1,0
MAR02477,Transport reactions,1.1,0
MAR02479,Transport reactions,1.1,0
MAR02481,Transport reactions,1.1,0
MAR02483,Glycerophospholipid metabolism,1.9674925382742992,1
MAR02485,Glycerophospholipid metabolism,1.9674925382742992,1
MAR02487,Fatty acid biosynthesis,1.1255408333313062,3
MAR02488,Fatty acid biosynthesis,1.1,3
MAR02492,Fatty acid oxidation,1.1,0
MAR02494,Fatty acid biosynthesis,1.1,1
MAR02496,Fatty acid biosynthesis,0.9709462120964715,1
MAR02498,Fatty acid biosynthesis,0.5850093522876186,1
MAR02500,Fatty acid biosynthesis,1.1383112499969594,2
MAR02502,Fatty acid biosynthesis,1.1,3
MAR02504,Fatty acid biosynthesis,1.1383112499969594,2
MAR02506,Fatty acid biosynthesis,1.1,3
MAR02507,Fatty acid biosynthesis,1.1383112499969594,2
MAR02508,Fatty acid biosynthesis,1.1,3
MAR02519,Fatty acid biosynthesis,1.1445771955096646,4
MAR02521,Fatty acid biosynthesis,1.1,1
MAR02523,Fatty acid biosynthesis,0.5850093522876186,1
MAR02525,Fatty acid biosynthesis,2.3524466405572784,1
MAR02527,Urea cycle,1.1,0
MAR02529,Miscellaneous,1.1,1
MAR02531,Miscellaneous,1.6255752697108505,2
MAR02536,Tyrosine metabolism,1.1,1
MAR02538,Tyrosine metabolism,1.1,1
MAR02539,Tyrosine metabolism,1.1,1
MAR02589,Tyrosine metabolism,1.1,1
MAR02595,Tyrosine metabolism,1.1,1
MAR02597,Tyrosine metabolism,1.1,1
MAR02615,Tyrosine metabolism,1.1,1
MAR02617,Tyrosine metabolism,1.4583701630778971,15
MAR02619,Tyrosine metabolism,1.1,1
MAR02627,Tyrosine metabolism,1.4583701630778971,15
MAR02628,Tyrosine metabolism,1.1,1
MAR02631,Tyrosine metabolism,1.4583701630778971,15
MAR02632,Tyrosine metabolism,1.1,1
MAR02637,Tyrosine metabolism,1.4583701630778971,15
MAR02639,Miscellaneous,1.1,1
MAR02641,Miscellaneous,1.1,1
MAR02643,Miscellaneous,1.1,1
MAR02645,Miscellaneous,1.6255752697108505,2
MAR02647,Miscellaneous,1.1,1
MAR02694,Miscellaneous,1.6255752697108505,2
MAR02696,Miscellaneous,1.1,1
MAR02698,Miscellaneous,1.1,1
MAR02721,Miscellaneous,1.1,0
MAR02723,Steroid metabolism,1.1,1
MAR02725,Steroid metabolism,1.1,1
MAR02728,Steroid metabolism,1.1,1
MAR02743,Steroid metabolism,1.1,1
MAR02747,Steroid metabolism,1.1,1
MAR02749,Steroid metabolism,1.1,1
MAR02751,Steroid metabolism,1.1,1
MAR02756,Steroid metabolism,1.1,1
MAR02763,Steroid metabolism,1.1,1
MAR02765,Tryptophan metabolism,1.4067414022917746,2
MAR02767,Vitamin D metabolism,1.1,1
MAR02779,Fructose and mannose metabolism,1.1,0
MAR02781,Phosphatidylinositol phosphate metabolism,0.23798577778710334,1
MAR02782,Phosphatidylinositol phosphate metabolism,1.1,0
MAR02784,Phosphatidylinositol phosphate metabolism,1.1,0
MAR02786,Fatty acid oxidation,1.1,5
MAR02802,Fatty acid oxidation,1.1,6
MAR02804,Beta oxidation of di-unsaturated fatty acids (n-6) (peroxisomal),1.1,2
MAR02808,Beta oxidation of di-unsaturated fatty acids (n-6) (peroxisomal),1.1,2
MAR02810,Beta oxidation of di-unsaturated fatty acids (n-6) (peroxisomal),1.1,2
MAR02818,Fatty acid oxidation,1.1,2
MAR02820,Fatty acid oxidation,1.1,0
MAR02826,Fatty acid oxidation,1.1,0
MAR02828,Fatty acid oxidation,1.1,0
MAR02858,Tryptophan metabolism,0.9685794158289341,1
MAR02860,Bile acid biosynthesis,1.1,0
MAR02881,Bile acid biosynthesis,1.1,2
MAR02883,Bile acid biosynthesis,1.1,0
MAR02885,Bile acid biosynthesis,1.1,1
MAR02887,Bile acid biosynthesis,1.1,0
MAR02889,Bile acid biosynthesis,1.1,0
MAR02891,Bile acid biosynthesis,1.1,1
MAR02893,Bile acid biosynthesis,1.1,0
MAR02895,Bile acid biosynthesis,1.1,0
MAR02933,Bile acid biosynthesis,1.1,0
MAR02934,Bile acid biosynthesis,1.1,0
MAR02935,Bile acid biosynthesis,1.1,0
MAR02936,Bile acid biosynthesis,1.1,0
MAR02937,Bile acid biosynthesis,1.1,0
MAR02938,Bile acid biosynthesis,1.1,0
MAR02939,Bile acid biosynthesis,1.1,0
MAR02940,Bile acid biosynthesis,1.1383112499969594,2
MAR02941,Bile acid biosynthesis,1.1,0
MAR02950,Bile acid biosynthesis,1.1,1
MAR02953,Bile acid biosynthesis,1.1,1
MAR02958,Miscellaneous,0.28754363310571507,1
MAR02960,Vitamin A metabolism,1.1,0
MAR02993,Vitamin A metabolism,1.1,0
MAR02995,Tyrosine metabolism,0.15503355812241215,1
MAR02997,Phosphatidylinositol phosphate metabolism,1.8232846053845124,3
MAR03004,Phosphatidylinositol phosphate metabolism,1.173035780471765,3
MAR03005,Arachidonic acid metabolism,0.43910183944561654,1
MAR03006,Eicosanoid metabolism,1.4052064654420697,2
MAR03010,Eicosanoid metabolism,1.1,1
MAR03012,Eicosanoid metabolism,1.1,1
MAR03016,Eicosanoid metabolism,1.1,0
MAR03031,Vitamin A metabolism,1.1,1
MAR03036,Vitamin A metabolism,1.1,0
MAR03038,Miscellaneous,1.1,1
MAR03039,Miscellaneous,1.1,0
MAR03040,Miscellaneous,1.1,1
MAR03041,Vitamin A metabolism,1.1,0
MAR03042,Miscellaneous,2.76407968016389,1
MAR03043,Miscellaneous,1.1,4
MAR03044,Miscellaneous,2.3879147255025037,1
MAR03045,Miscellaneous,1.1,4
MAR03046,Tyrosine metabolism,0.15503355812241215,1
MAR03047,Vitamin E metabolism,1.1,0
MAR03048,Tryptophan metabolism,1.1,1
MAR03049,Vitamin E metabolism,1.1,0
MAR03050,Vitamin E metabolism,1.1,0
MAR03051,Miscellaneous,1.4583701630778971,15
MAR03052,Miscellaneous,1.4583701630778971,15
MAR03061,Cholesterol metabolism,1.1,1
MAR03119,Tryptophan metabolism,1.1,0
MAR03120,Tryptophan metabolism,1.1,0
MAR03124,Tryptophan metabolism,1.1,3
MAR03126,Miscellaneous,1.1,0
MAR03127,Miscellaneous,1.1,2
MAR03131,Vitamin A metabolism,1.1,0
MAR03133,Miscellaneous,1.1,0
MAR03134,Miscellaneous,1.1,1
MAR03138,Vitamin B12 metabolism,1.1,0
MAR03140,Miscellaneous,1.1,1
MAR03141,Miscellaneous,1.6255752697108505,2
MAR03145,Miscellaneous,1.1,1
MAR03147,Miscellaneous,1.1,1
MAR03148,Miscellaneous,1.6255752697108505,2
MAR03152,Miscellaneous,1.1,1
MAR03154,Tyrosine metabolism,0.15503355812241215,1
MAR03155,Tyrosine metabolism,0.15503355812241215,1
MAR03159,Tyrosine metabolism,0.15503355812241215,1
MAR03161,Tyrosine metabolism,0.15503355812241215,1
MAR03162,Miscellaneous,1.1,1
MAR03165,Miscellaneous,1.1,1
MAR03167,Purine metabolism,1.1,0
MAR03168,Tryptophan metabolism,1.1,0
MAR03169,Miscellaneous,1.1,1
MAR03207,Miscellaneous,1.4583701630778971,15
MAR03209,Bile acid biosynthesis,1.1,1
MAR03210,Bile acid biosynthesis,1.1,0
MAR03214,Bile acid biosynthesis,1.1,1
MAR03216,Bile acid biosynthesis,1.1,0
MAR03217,Bile acid biosynthesis,1.1,0
MAR03238,Sphingolipid metabolism,1.1,0
MAR03248,Glycosphingolipid metabolism,1.1,0
MAR03249,Glycosphingolipid metabolism,1.1,0
MAR03251,Glycosphingolipid metabolism,1.1,1
MAR03253,Glycosphingolipid metabolism,1.1,1
MAR03255,Tryptophan metabolism,1.1,0
MAR03257,Steroid metabolism,1.1,1
MAR03259,Bile acid biosynthesis,1.1,0
MAR03261,Miscellaneous,1.1,0
MAR03263,Purine metabolism,1.1,1
MAR03265,Vitamin C metabolism,1.1,0
MAR03266,Fatty acid oxidation,1.1,0
MAR03267,Fatty acid oxidation,1.1,0
MAR03268,Fatty acid oxidation,1.1,0
MAR03269,Fatty acid oxidation,2.7813674929074903,2
MAR03270,Fatty acid oxidation,3.2323120516620882,2
MAR03271,Glycerophospholipid metabolism,1.0026888723286511,1
MAR03273,Fatty acid oxidation,1.1,5
MAR03274,Fatty acid oxidation,1.1,6
MAR03276,Beta oxidation of unsaturated fatty acids (n-9) (peroxisomal),1.1,2
MAR03289,Beta oxidation of unsaturated fatty acids (n-9) (peroxisomal),1.1,2
MAR03291,Fatty acid oxidation,1.518844739267044,4
MAR03295,Fatty acid oxidation,1.1,2
MAR03297,Fatty acid oxidation,2.7813674929074903,3
MAR03299,Fatty acid oxidation,3.2323120516620882,1
MAR03300,Phosphatidylinositol phosphate metabolism,1.1,2
MAR03303,Phosphatidylinositol phosphate metabolism,1.1,2
MAR03308,Phosphatidylinositol phosphate metabolism,1.1,2
MAR03313,Phosphatidylinositol phosphate metabolism,1.1,3
MAR03318,Phosphatidylinositol phosphate metabolism,1.8232846053845124,3
MAR03324,Phosphatidylinositol phosphate metabolism,1.1,0
MAR03325,Phosphatidylinositol phosphate metabolism,1.173035780471765,3
MAR03354,Glycerophospholipid metabolism,1.0026888723286511,1
MAR03366,Fatty acid oxidation,1.1,1
MAR03371,Fatty acid oxidation,1.1,1
MAR03374,Fatty acid oxidation,1.9097390890202548,2
MAR03376,Fatty acid oxidation,1.6654075631578849,1
MAR03377,Fatty acid oxidation,1.0367450684563513,1
MAR03378,Fatty acid oxidation,1.9097390890202548,2
MAR03379,Fatty acid oxidation,2.7813674929074903,3
MAR03380,Fatty acid oxidation,2.7813674929074903,2
MAR03381,Fatty acid oxidation,2.7813674929074903,3
MAR03382,Glycerophospholipid metabolism,1.1,0
MAR03383,Glycerophospholipid metabolism,1.1,0
MAR03384,Fatty acid oxidation,1.1,1
MAR03385,Fatty acid oxidation,1.9153720791455784,1
MAR03386,Fatty acid oxidation,1.1,1
MAR03387,Fatty acid oxidation,1.1306489999975675,10
MAR03388,Fatty acid oxidation,1.1,0
MAR03389,Fatty acid oxidation,1.1,1
MAR03390,Fatty acid oxidation,1.1,0
MAR03391,Tyrosine metabolism,1.6255752697108505,2
MAR03392,Tyrosine metabolism,1.1,0
MAR03393,Fatty acid oxidation,1.1445771955096646,4
MAR03394,Fatty acid oxidation,1.1,1
MAR03395,Fatty acid oxidation,1.1,1
MAR03399,Fatty acid oxidation,1.1445771955096646,4
MAR03400,Androgen metabolism,1.1,2
MAR03401,Fatty acid oxidation,1.1,1
MAR03402,Fatty acid oxidation,1.1,1
MAR03403,Fatty acid oxidation,1.1,1
MAR03404,Fatty acid oxidation,1.1445771955096646,4
MAR03405,Fatty acid oxidation,1.1,1
MAR03410,Fatty acid oxidation,1.1,1
MAR03412,Fatty acid oxidation,1.1,1
MAR03415,Fatty acid oxidation,1.1445771955096646,4
MAR03417,Fatty acid oxidation,1.1,1
MAR03418,Fatty acid oxidation,1.1,1
MAR03419,Cholesterol metabolism,1.1,0
MAR03420,Cholesterol metabolism,1.1,1
MAR03434,Cholesterol metabolism,1.1,1
MAR03435,Vitamin D metabolism,1.1,0
MAR03436,Vitamin D metabolism,1.1,1
MAR03437,Fatty acid oxidation,1.1,0
MAR03438,Fatty acid oxidation,1.1,1
MAR03439,Fatty acid oxidation,1.1445771955096646,4
MAR03440,Fatty acid oxidation,1.1445771955096646,4
MAR03442,Fatty acid oxidation,1.1,1
MAR03443,Fatty acid oxidation,1.1445771955096646,4
MAR03451,Fatty acid oxidation,1.1,1
MAR03465,Fatty acid oxidation,1.1,1
MAR03474,Fatty acid oxidation,1.1,1
MAR03479,Fatty acid oxidation,1.1,1
MAR03483,Fatty acid oxidation,0.37778898342797185,1
MAR03485,Fatty acid oxidation,1.1445771955096646,4
MAR03487,Fatty acid oxidation,1.1,1
MAR03490,Fatty acid oxidation,1.1,1
MAR03492,Fatty acid oxidation,1.1,1
MAR03494,Fatty acid oxidation,1.1445771955096646,4
MAR03495,Fatty acid oxidation,1.1,1
MAR03496,Fatty acid oxidation,1.1,1
MAR03497,Fatty acid oxidation,1.1,1
MAR03499,Fatty acid oxidation,1.1,1
MAR03500,Fatty acid oxidation,1.1445771955096646,4
MAR03502,Fatty acid oxidation,1.1,1
MAR03504,Fatty acid oxidation,1.1,1
MAR03507,Fatty acid oxidation,1.1,1
MAR03516,Fatty acid oxidation,1.1445771955096646,4
MAR03518,Fatty acid oxidation,1.1,1
MAR03535,Fatty acid oxidation,1.1,1
MAR03536,Cholesterol metabolism,1.1,0
MAR03598,Cholesterol metabolism,1.1,0
MAR03599,Tyrosine metabolism,1.1,0
MAR03600,Androgen metabolism,1.1,1
MAR03601,Androgen metabolism,1.1,1
MAR03602,Androgen metabolism,1.1,1
MAR03603,Androgen metabolism,1.1,1
MAR03604,Fatty acid biosynthesis,1.1445771955096646,4
MAR03605,Fatty acid biosynthesis,1.1445771955096646,4
MAR03606,Fatty acid biosynthesis,1.1445771955096646,4
MAR03607,Fatty acid biosynthesis,1.1,1
MAR03608,Fatty acid biosynthesis,1.1,1
MAR03609,Fatty acid biosynthesis,1.1,1
MAR03610,Fatty acid biosynthesis,1.1,1
MAR03611,Fatty acid biosynthesis,1.1,1
MAR03612,Fatty acid biosynthesis,1.1,1
MAR03613,Tyrosine metabolism,1.1,1
MAR03614,Tyrosine metabolism,1.1,1
MAR03615,Fatty acid biosynthesis,1.1,1
MAR03616,Fatty acid biosynthesis,1.1,1
MAR03617,Fatty acid biosynthesis,1.1,1
MAR03618,Fatty acid biosynthesis,1.1445771955096646,4
MAR03619,Fatty acid biosynthesis,1.1445771955096646,4
MAR03620,Fatty acid biosynthesis,1.1,0
MAR03621,Fatty acid biosynthesis,1.1,1
MAR03623,Fatty acid biosynthesis,1.1,0
MAR03624,Fatty acid biosynthesis,1.1,1
MAR03745,Fatty acid biosynthesis,1.1,0
MAR03749,Fatty acid biosynthesis,1.1,1
MAR03756,Fatty acid oxidation,3.2323120516620882,1
MAR03758,Fatty acid oxidation,1.1,0
MAR03764,Fatty acid oxidation,3.2323120516620882,2
MAR03766,Bile acid biosynthesis,1.1,0
MAR03768,Bile acid biosynthesis,1.1,1
MAR03774,Bile acid biosynthesis,1.1,0
MAR03776,Phosphatidylinositol phosphate metabolism,1.1,1
MAR03779,Phosphatidylinositol phosphate metabolism,0.6979005783262663,1
MAR03781,Phosphatidylinositol phosphate metabolism,0.17635393289076876,1
MAR03786,Phosphatidylinositol phosphate metabolism,0.17635393289076876,1
MAR03788,Arachidonic acid metabolism,1.2642988901571692,26
MAR03791,Glycerophospholipid metabolism,0.17635393289076876,1
MAR03798,Glycerophospholipid metabolism,0.17635393289076876,1
MAR03801,Eicosanoid metabolism,1.1,5
MAR03803,Eicosanoid metabolism,1.1,6
MAR03805,Eicosanoid metabolism,1.1,6
MAR03808,Eicosanoid metabolism,1.3318570618604553,1
MAR03810,Eicosanoid metabolism,1.1,3
MAR03812,Eicosanoid metabolism,1.3318570618604553,1
MAR03814,Eicosanoid metabolism,1.1,3
MAR03815,Bile acid biosynthesis,1.1,2
MAR03817,Bile acid biosynthesis,5.372116907323334,3
MAR03821,Bile acid biosynthesis,1.1,2
MAR03824,Glycerophospholipid metabolism,1.1,0
MAR03826,Miscellaneous,1.1,1
MAR03828,Miscellaneous,1.1,1
MAR03830,Linoleate metabolism,1.1,0
MAR03834,Eicosanoid metabolism,1.1,0
MAR03836,Eicosanoid metabolism,1.1,0
MAR03840,Eicosanoid metabolism,1.1,0
MAR03842,Eicosanoid metabolism,1.1,3
MAR03844,Eicosanoid metabolism,1.1,3
MAR03846,Eicosanoid metabolism,1.1,5
MAR03872,Eicosanoid metabolism,1.1,6
MAR03874,Eicosanoid metabolism,1.1,6
MAR03876,Eicosanoid metabolism,1.3318570618604553,1
MAR03878,Eicosanoid metabolism,1.1,0
MAR03880,Eicosanoid metabolism,1.1,0
MAR03882,Eicosanoid metabolism,1.1,0
MAR03884,Eicosanoid metabolism,1.1,0
MAR03886,Arachidonic acid metabolism,1.4936091957297755,2
MAR03887,Arachidonic acid metabolism,0.8438697130545026,1
MAR03888,Arachidonic acid metabolism,0.8438697130545026,1
MAR03891,Arachidonic acid metabolism,1.1,3
MAR03893,Arachidonic acid metabolism,0.43910183944561654,1
MAR03894,Arachidonic acid metabolism,0.8438697130545026,1
MAR03896,Arachidonic acid metabolism,0.8438697130545026,1
MAR03898,Eicosanoid metabolism,1.1,0
MAR03900,Eicosanoid metabolism,0.43910183944561654,1
MAR03902,Glycerophospholipid metabolism,1.9674925382742992,1
MAR03904,Glycerophospholipid metabolism,1.9674925382742992,1
MAR03906,Arachidonic acid metabolism,0.43910183944561654,1
MAR03909,Arachidonic acid metabolism,1.1,0
MAR03913,Arachidonic acid metabolism,1.1,3
MAR03914,Miscellaneous,1.1,0
MAR03918,Arachidonic acid metabolism,2.6406716124127634,2
MAR03924,Arachidonic acid metabolism,1.977590649270763,1
MAR03926,Arachidonic acid metabolism,1.1,3
MAR03927,Arachidonic acid metabolism,1.1,0
MAR03930,Arachidonic acid metabolism,1.1,0
MAR03932,Arachidonic acid metabolism,1.1,1
MAR03934,Arachidonic acid metabolism,1.1,0
MAR03936,Arachidonic acid metabolism,1.1,0
MAR03938,Eicosanoid metabolism,1.1,3
MAR03941,Eicosanoid metabolism,1.1,3
MAR03942,Eicosanoid metabolism,1.1,3
MAR03943,Eicosanoid metabolism,1.1,3
MAR03945,Eicosanoid metabolism,1.1,3
MAR03961,Eicosanoid metabolism,1.1,3
MAR03962,Eicosanoid metabolism,1.1,0
MAR03963,Eicosanoid metabolism,1.1,3
MAR03973,Eicosanoid metabolism,1.1,3
MAR03976,Eicosanoid metabolism,1.1,3
MAR03978,Eicosanoid metabolism,1.1,3
MAR03981,Eicosanoid metabolism,1.1,3
MAR03983,Eicosanoid metabolism,1.3318570618604553,1
MAR03985,Eicosanoid metabolism,1.1,1
MAR03990,Eicosanoid metabolism,0.8438697130545026,1
MAR03994,Eicosanoid metabolism,0.8438697130545026,1
MAR03997,Fatty acid oxidation,1.1,1
MAR04001,Fatty acid oxidation,1.5244486380569255,3
MAR04003,Fatty acid oxidation,1.1,1
MAR04007,Vitamin E metabolism,1.1,0
MAR04009,Metabolism of other amino acids,1.1,5
MAR04011,Metabolism of other amino acids,1.1,0
MAR04013,Metabolism of other amino acids,1.1,0
MAR04015,Tyrosine metabolism,1.1,0
MAR04017,Xenobiotics metabolism,1.1,0
MAR04019,Xenobiotics metabolism,1.2642988901571692,26
MAR04021,Xenobiotics metabolism,1.1,1
MAR04023,Xenobiotics metabolism,1.1,1
MAR04025,Xenobiotics metabolism,1.1,1
MAR04027,Xenobiotics metabolism,1.1,1
MAR04029,Xenobiotics metabolism,1.1,1
MAR04031,Xenobiotics metabolism,1.1,1
MAR04033,Xenobiotics metabolism,1.1,1
MAR04035,Xenobiotics metabolism,1.1,1
MAR04037,Xenobiotics metabolism,1.1,1
MAR04039,Xenobiotics metabolism,1.1,0
MAR04041,Xenobiotics metabolism,1.2642988901571692,26
MAR04043,Xenobiotics metabolism,1.1,1
MAR04045,Xenobiotics metabolism,1.1,1
MAR04047,Xenobiotics metabolism,1.1,1
MAR04049,Xenobiotics metabolism,1.1,0
MAR04051,Xenobiotics metabolism,1.2642988901571692,26
MAR04053,Xenobiotics metabolism,1.1,0
MAR04055,Xenobiotics metabolism,1.2642988901571692,26
MAR04057,Xenobiotics metabolism,1.1,1
MAR04074,Xenobiotics metabolism,1.1,1
MAR04076,Xenobiotics metabolism,1.1,1
MAR04088,Xenobiotics metabolism,1.1,0
MAR04090,Xenobiotics metabolism,1.2642988901571692,26
MAR04092,Exchange/demand reactions,1.1,0
MAR04094,Exchange/demand reactions,1.1,0
MAR04096,Exchange/demand reactions,1.1,0
MAR04098,Exchange/demand reactions,1.1,0
MAR04100,Exchange/demand reactions,1.1,0
MAR04102,Exchange/demand reactions,1.1,0
MAR04104,Exchange/demand reactions,1.1,0
MAR04110,Exchange/demand reactions,1.1,0
MAR04117,Exchange/demand reactions,1.1,0
MAR04119,Exchange/demand reactions,1.1,0
MAR04129,Exchange/demand reactions,1.1,0
MAR04138,Exchange/demand reactions,1.1,0
MAR04140,Exchange/demand reactions,1.1,0
MAR04142,Exchange/demand reactions,1.1,0
MAR04146,Exchange/demand reactions,1.1,0
MAR04148,Exchange/demand reactions,1.1,0
MAR04150,Exchange/demand reactions,1.1,0
MAR04151,Exchange/demand reactions,1.1,0
MAR04153,Exchange/demand reactions,1.1,0
MAR04154,Exchange/demand reactions,1.1,0
MAR04155,Exchange/demand reactions,1.1,0
MAR04157,Exchange/demand reactions,1.1,0
MAR04161,Exchange/demand reactions,1.1,0
MAR04164,Exchange/demand reactions,1.1,0
MAR04173,Exchange/demand reactions,1.1,0
MAR04178,Exchange/demand reactions,1.1,0
MAR04181,Exchange/demand reactions,1.1,0
MAR04195,Exchange/demand reactions,1.1,0
MAR04203,Exchange/demand reactions,1.1,0
MAR04213,Exchange/demand reactions,1.1,0
MAR04215,Exchange/demand reactions,1.1,0
MAR04217,Exchange/demand reactions,1.1,0
MAR04221,Exchange/demand reactions,1.1,0
MAR04223,Exchange/demand reactions,1.1,0
MAR04226,Exchange/demand reactions,1.1,0
MAR04229,Exchange/demand reactions,1.1,0
MAR04230,Exchange/demand reactions,1.1,0
MAR04234,Exchange/demand reactions,1.1,0
MAR04236,Exchange/demand reactions,1.1,0
MAR04238,Exchange/demand reactions,1.1,0
MAR04240,Exchange/demand reactions,1.1,0
MAR04247,Exchange/demand reactions,1.1,0
MAR04256,Exchange/demand reactions,1.1,0
MAR04258,Exchange/demand reactions,1.1,0
MAR04272,Exchange/demand reactions,1.1,0
MAR04273,Exchange/demand reactions,1.1,0
MAR04286,Exchange/demand reactions,1.1,0
MAR04289,Exchange/demand reactions,1.1,0
MAR04292,Exchange/demand reactions,1.1,0
MAR04293,Exchange/demand reactions,1.1,0
MAR04294,Exchange/demand reactions,1.1,0
MAR04298,Exchange/demand reactions,1.1,0
MAR04305,Exchange/demand reactions,1.1,0
MAR04307,Exchange/demand reactions,1.1,0
MAR04309,Exchange/demand reactions,1.1,0
MAR04311,Exchange/demand reactions,1.1,0
MAR04322,Exchange/demand reactions,1.1,0
MAR04325,Exchange/demand reactions,1.1,0
MAR04327,Exchange/demand reactions,1.1,0
MAR04334,Exchange/demand reactions,1.1,0
MAR04337,Exchange/demand reactions,1.1,0
MAR04339,Exchange/demand reactions,1.1,0
MAR04341,Exchange/demand reactions,1.1,0
MAR04349,Exchange/demand reactions,1.1,0
MAR04353,Exchange/demand reactions,1.1,0
MAR04357,Exchange/demand reactions,1.1,0
MAR04359,Exchange/demand reactions,1.1,0
MAR04361,Exchange/demand reactions,1.1,0
MAR04362,Exchange/demand reactions,1.1,0
MAR04364,Exchange/demand reactions,1.1,0
MAR04366,Exchange/demand reactions,1.1,0
MAR04369,Exchange/demand reactions,1.1,0
MAR04374,Exchange/demand reactions,1.1,0
MAR04376,Exchange/demand reactions,1.1,0
MAR04378,Exchange/demand reactions,1.1,0
MAR04380,Exchange/demand reactions,1.1,0
MAR04382,Exchange/demand reactions,1.1,0
MAR04384,Exchange/demand reactions,1.1,0
MAR04389,Exchange/demand reactions,1.1,0
MAR04392,Exchange/demand reactions,1.1,0
MAR04395,Exchange/demand reactions,1.1,0
MAR04397,Exchange/demand reactions,1.1,0
MAR04405,Exchange/demand reactions,1.1,0
MAR04407,Exchange/demand reactions,1.1,0
MAR04409,Exchange/demand reactions,1.1,0
MAR04413,Artificial reactions,1.1,0
MAR04438,Fatty acid oxidation,1.1,1
MAR04439,Fatty acid oxidation,1.1,1
MAR04441,Fatty acid oxidation,1.1,0
MAR04443,Fatty acid oxidation,1.1,0
MAR04445,Fatty acid oxidation,1.1,1
MAR04447,Fatty acid oxidation,0.28254470083297234,1
MAR04457,Fatty acid oxidation,1.1,3
MAR04462,Fatty acid oxidation,1.1,3
MAR04475,Fatty acid oxidation,1.1,3
MAR04479,Fatty acid oxidation,0.19844851435823227,1
MAR04491,Fatty acid oxidation,1.1,3
MAR04504,Fatty acid oxidation,1.1,3
MAR04508,Fatty acid oxidation,1.1,3
MAR04509,Fatty acid oxidation,0.28254470083297234,1
MAR04511,Fatty acid oxidation,1.1,0
MAR04515,Fatty acid oxidation,1.1,0
MAR04522,Fatty acid oxidation,1.1,3
MAR04566,Fatty acid oxidation,1.1,1
MAR04569,Fatty acid oxidation,1.1,3
MAR04571,Fatty acid oxidation,1.1,3
MAR04578,Fatty acid oxidation,1.1,1
MAR04581,Fatty acid oxidation,1.1,3
MAR04598,Fatty acid oxidation,1.1,3
MAR04610,Fatty acid oxidation,1.1,3
MAR04613,Fatty acid oxidation,1.1,3
MAR04616,Fatty acid oxidation,1.1,1
MAR04620,Fatty acid oxidation,1.1,3
MAR04624,Fatty acid oxidation,1.1,3
MAR04634,Fatty acid oxidation,1.1,3
MAR04636,Fatty acid oxidation,1.1,3
MAR04638,Fatty acid oxidation,1.1,3
MAR04639,Fatty acid oxidation,1.1,3
MAR04645,Transport reactions,0.19844851435823227,1
MAR04661,Fatty acid oxidation,0.19844851435823227,1
MAR04671,Fatty acid oxidation,1.1,3
MAR04674,Transport reactions,0.19844851435823227,1
MAR04677,Transport reactions,0.19844851435823227,1
MAR04678,Transport reactions,1.1,1
MAR04707,Fatty acid oxidation,1.1,3
MAR04711,Fatty acid oxidation,1.1,3
MAR04719,Fatty acid oxidation,1.1,3
MAR04722,Transport reactions,1.1,1
MAR04726,Transport reactions,0.19844851435823227,1
MAR04728,Fatty acid oxidation,0.19844851435823227,1
MAR04745,Fatty acid oxidation,1.1,3
MAR04749,Fatty acid oxidation,1.1,3
MAR04759,Fatty acid oxidation,1.1,3
MAR04782,Transport reactions,0.19844851435823227,1
MAR04783,Fatty acid oxidation,1.1,0
MAR04793,Transport reactions,1.1,2
MAR04803,Transport reactions,1.1,2
MAR04805,Fatty acid oxidation,1.1,6
MAR04807,Fatty acid oxidation,1.1,0
MAR04809,Fatty acid oxidation,1.1,0
MAR04811,Transport reactions,1.1,2
MAR04813,Fatty acid oxidation,1.1,0
MAR04815,Exchange/demand reactions,1.1,0
MAR04820,Exchange/demand reactions,1.1,0
MAR04821,Exchange/demand reactions,1.1,0
MAR04822,Exchange/demand reactions,1.1,0
MAR04823,Exchange/demand reactions,1.1,0
MAR04824,Exchange/demand reactions,1.1,0
MAR04825,Exchange/demand reactions,1.1,0
MAR04826,Exchange/demand reactions,1.1,0
MAR04827,Exchange/demand reactions,1.1,0
MAR04828,Exchange/demand reactions,1.1,0
MAR04829,Exchange/demand reactions,1.1,0
MAR04830,Exchange/demand reactions,1.1,0
MAR04853,Exchange/demand reactions,1.1,0
MAR04857,Exchange/demand reactions,1.1,0
MAR04859,Exchange/demand reactions,1.1,0
MAR04866,Exchange/demand reactions,1.1,0
MAR04869,Exchange/demand reactions,1.1,0
MAR04884,Exchange/demand reactions,1.1,0
MAR04886,Exchange/demand reactions,1.1,0
MAR04889,Exchange/demand reactions,1.1,0
MAR04891,Exchange/demand reactions,1.1,0
MAR04895,Exchange/demand reactions,1.1,0
MAR04897,Exchange/demand reactions,1.1,0
MAR04899,Exchange/demand reactions,1.1,0
MAR04901,Exchange/demand reactions,1.1,0
MAR04909,Exchange/demand reactions,1.1,0
MAR04918,Exchange/demand reactions,1.1,0
MAR04920,Exchange/demand reactions,1.1,0
MAR04921,Exchange/demand reactions,1.1,0
MAR04923,Exchange/demand reactions,1.1,0
MAR04925,Exchange/demand reactions,1.1,0
MAR04927,Exchange/demand reactions,1.1,0
MAR04929,Exchange/demand reactions,1.1,0
MAR04936,Exchange/demand reactions,1.1,0
MAR04943,Exchange/demand reactions,1.1,0
MAR04950,Exchange/demand reactions,1.1,0
MAR04965,Exchange/demand reactions,1.1,0
MAR04968,Fatty acid oxidation,0.37778898342797185,3
MAR04970,Fatty acid oxidation,1.0367450684563513,1
MAR04974,Fatty acid oxidation,1.563029339661942,1
MAR04978,Fatty acid oxidation,1.1,1
MAR04981,Fatty acid oxidation,1.1,1
MAR04984,Fatty acid oxidation,1.2253390278145715,3
MAR04987,Fatty acid oxidation,0.37778898342797185,3
MAR04988,Fatty acid oxidation,0.6080824866087469,1
MAR04991,Fatty acid oxidation,3.2323120516620882,2
MAR05001,Fatty acid oxidation,1.0367450684563513,1
MAR05017,Fatty acid oxidation,1.563029339661942,1
MAR05025,Fatty acid oxidation,0.5583417375709788,4
MAR05026,Fatty acid oxidation,0.5583417375709788,4
MAR05028,Fatty acid oxidation,0.5583417375709788,4
MAR05030,Fatty acid oxidation,1.1,4
MAR05044,Fatty acid oxidation,1.1,4
MAR05069,Fatty acid oxidation,0.37778898342797185,3
MAR05081,Fatty acid oxidation,3.2323120516620882,2
MAR05083,Fatty acid oxidation,1.2253390278145715,3
MAR05086,Fatty acid oxidation,0.37778898342797185,3
MAR05090,Fatty acid oxidation,0.6080824866087469,1
MAR05093,Fatty acid oxidation,3.2323120516620882,2
MAR05095,Fatty acid oxidation,1.1,4
MAR05097,Fatty acid oxidation,0.5583417375709788,4
MAR05098,Fatty acid oxidation,1.1,2
MAR05100,Fatty acid oxidation,0.5583417375709788,4
MAR05103,Fatty acid oxidation,0.19844851435823227,1
MAR05104,Fatty acid oxidation,1.1,3
MAR05106,Fatty acid oxidation,1.1,1
MAR05108,Fatty acid oxidation,0.5583417375709788,4
MAR05110,Fatty acid oxidation,0.41700507000316567,3
MAR05111,Fatty acid oxidation,0.41700507000316567,3
MAR05119,Fatty acid oxidation,0.5583417375709788,4
MAR05120,Fatty acid oxidation,0.41700507000316567,2
MAR05175,Fatty acid oxidation,0.5583417375709788,4
MAR05176,Fatty acid oxidation,0.41700507000316567,2
MAR05177,Fatty acid oxidation,0.41700507000316567,3
MAR05178,Fatty acid oxidation,0.5583417375709788,4
MAR05179,Fatty acid oxidation,0.41700507000316567,3
MAR05180,Fatty acid oxidation,0.5583417375709788,4
MAR05181,Fatty acid oxidation,0.41700507000316567,2
MAR05182,Fatty acid oxidation,0.5583417375709788,4
MAR05183,Fatty acid oxidation,1.1,1
MAR05184,Fatty acid oxidation,0.5583417375709788,4
MAR05185,Fatty acid oxidation,0.41700507000316567,3
MAR05188,Fatty acid oxidation,0.41700507000316567,3
MAR05189,Fatty acid oxidation,0.5583417375709788,4
MAR05190,Fatty acid oxidation,0.41700507000316567,2
MAR05192,Fatty acid oxidation,0.41700507000316567,2
MAR05193,Fatty acid oxidation,0.37778898342797185,3
MAR05194,Fatty acid oxidation,0.41700507000316567,3
MAR05196,Fatty acid oxidation,1.1,1
MAR05235,Fatty acid oxidation,3.2323120516620882,2
MAR05242,Fatty acid oxidation,2.520294331025919,2
MAR05256,Fatty acid oxidation,0.37778898342797185,3
MAR05293,Fatty acid oxidation,1.563029339661942,1
MAR05298,Fatty acid oxidation,0.41700507000316567,1
MAR05300,Fatty acid oxidation,1.1,1
MAR05306,Fatty acid oxidation,0.6080824866087469,1
MAR05309,Fatty acid oxidation,3.2323120516620882,2
MAR05312,Fatty acid oxidation,1.0367450684563513,1
MAR05321,Fatty acid oxidation,1.563029339661942,1
MAR05325,Fatty acid oxidation,0.41700507000316567,3
MAR05327,Fatty acid oxidation,0.5583417375709788,4
MAR05329,Fatty acid oxidation,0.41700507000316567,2
MAR05331,Fatty acid oxidation,0.5583417375709788,4
MAR05334,Fatty acid oxidation,1.1,1
MAR05341,Fatty acid oxidation,1.1,2
MAR05343,Fatty acid oxidation,0.41700507000316567,3
MAR05345,Fatty acid oxidation,0.41700507000316567,3
MAR05350,Fatty acid oxidation,0.5583417375709788,4
MAR05355,Fatty acid oxidation,0.41700507000316567,2
MAR05357,Fatty acid oxidation,0.41700507000316567,2
MAR05359,Fatty acid oxidation,0.41700507000316567,3
MAR05360,Fatty acid oxidation,2.520294331025919,2
MAR05364,Fatty acid oxidation,0.37778898342797185,3
MAR05365,Fatty acid oxidation,0.41700507000316567,3
MAR05366,Fatty acid oxidation,0.5583417375709788,4
MAR05367,Fatty acid oxidation,0.6080824866087469,1
MAR05368,Fatty acid oxidation,3.2323120516620882,2
MAR05369,Fatty acid oxidation,0.41700507000316567,3
MAR05370,Fatty acid oxidation,0.6080824866087469,1
MAR05371,Fatty acid oxidation,0.41700507000316567,2
MAR05372,Fatty acid oxidation,0.5583417375709788,4
MAR05373,Fatty acid oxidation,0.41700507000316567,3
MAR05374,Fatty acid oxidation,1.1,1
MAR05375,Fatty acid oxidation,0.37778898342797185,3
MAR05376,Fatty acid oxidation,0.41700507000316567,3
MAR05377,Fatty acid oxidation,0.5583417375709788,4
MAR05378,Fatty acid oxidation,2.520294331025919,2
MAR05379,Fatty acid oxidation,0.37778898342797185,3
MAR05380,Fatty acid oxidation,0.41700507000316567,1
MAR05382,Fatty acid oxidation,1.1,1
MAR05383,Fatty acid oxidation,0.6080824866087469,1
MAR05402,Fatty acid oxidation,3.2323120516620882,2
MAR05403,Fatty acid oxidation,0.41700507000316567,3
MAR05404,Fatty acid oxidation,1.0367450684563513,1
MAR05405,Fatty acid oxidation,1.563029339661942,1
MAR05408,Fatty acid oxidation,0.41700507000316567,1
MAR05410,Fatty acid oxidation,0.6080824866087469,1
MAR05412,Fatty acid oxidation,1.0367450684563513,1
MAR05421,Fatty acid oxidation,0.5583417375709788,4
MAR05425,Fatty acid oxidation,1.1,2
MAR05427,Fatty acid oxidation,1.1,2
MAR05428,Fatty acid oxidation,0.5583417375709788,4
MAR05431,Fatty acid oxidation,0.5583417375709788,4
MAR05456,Fatty acid oxidation,1.1,3
MAR05988,Fatty acid oxidation,1.2253390278145715,4
MAR05991,Fatty acid oxidation,1.1,3
MAR05999,Fatty acid oxidation,0.9823706632276948,1
MAR06278,Fatty acid oxidation,1.1,3
MAR06280,Fatty acid oxidation,0.37778898342797185,3
MAR06281,Fatty acid oxidation,0.6080824866087469,1
MAR06282,Fatty acid oxidation,3.2323120516620882,2
MAR06284,Fatty acid oxidation,0.5583417375709788,4
MAR06285,Fatty acid oxidation,0.5583417375709788,4
MAR06319,Fatty acid oxidation,1.1,4
MAR06320,Fatty acid oxidation,1.1,4
MAR06322,Fatty acid oxidation,0.5583417375709788,4
MAR06344,Fatty acid oxidation,0.5583417375709788,4
MAR06345,Fatty acid oxidation,0.5583417375709788,4
MAR06346,Fatty acid oxidation,1.1,0
MAR06347,Fatty acid oxidation,1.1,4
MAR06348,Fatty acid oxidation,1.1,2
MAR06349,Fatty acid oxidation,1.1,2
MAR06350,Fatty acid oxidation,1.1,2
MAR06376,Fatty acid oxidation,1.1,2
MAR06378,Fatty acid oxidation,1.1,1
MAR06390,Fatty acid oxidation,1.0367450684563513,1
MAR06407,Fatty acid oxidation,1.2253390278145715,3
MAR06418,Fatty acid oxidation,0.6080824866087469,1
MAR06437,Fatty acid oxidation,0.41700507000316567,3
MAR06449,Fatty acid oxidation,0.41700507000316567,3
MAR06452,Fatty acid oxidation,0.41700507000316567,3
MAR06483,Fatty acid oxidation,0.37778898342797185,3
MAR06485,Fatty acid oxidation,1.1,1
MAR06487,Fatty acid oxidation,1.1,1
MAR06489,Fatty acid oxidation,1.1,1
MAR06491,Fatty acid oxidation,1.1,1
MAR06493,Fatty acid oxidation,1.1,1
MAR06498,Fatty acid oxidation,1.1,0
MAR06499,Fatty acid oxidation,1.1,1
MAR06502,Fatty acid oxidation,1.1,1
MAR06503,Fatty acid oxidation,1.1,1
MAR06528,Fatty acid oxidation,1.1,1
MAR06538,Fatty acid oxidation,1.1,1
MAR06586,Fatty acid oxidation,1.1,1
MAR06593,Fatty acid oxidation,1.1,1
MAR06596,Transport reactions,1.1,2
MAR06597,Transport reactions,1.1,2
MAR06598,Fatty acid oxidation,1.1,3
MAR06599,Fatty acid oxidation,0.19844851435823227,1
MAR06600,Fatty acid oxidation,0.38031255008120957,1
MAR06604,Fatty acid oxidation,1.1,6
MAR06688,Fatty acid oxidation,1.1,1
MAR06689,Fatty acid oxidation,0.19844851435823227,1
MAR06696,Fatty acid oxidation,1.1,3
MAR06698,Fatty acid oxidation,0.38031255008120957,1
MAR06724,Fatty acid oxidation,1.1,0
MAR06769,Fatty acid oxidation,1.1,0
MAR06773,Fatty acid oxidation,1.1,0
MAR06775,Transport reactions,1.1,1
MAR06777,Fatty acid oxidation,0.28254470083297234,1
MAR06779,Transport reactions,1.1,1
MAR06804,Fatty acid oxidation,1.1,0
MAR06805,Fatty acid oxidation,1.1,0
MAR06809,Fatty acid oxidation,1.1,1
MAR06810,Fatty acid oxidation,0.28254470083297234,1
MAR06812,Transport reactions,1.1,1
MAR06816,Transport reactions,1.1,1
MAR06821,Fatty acid oxidation,1.1,0
MAR06825,Fatty acid oxidation,0.19844851435823227,1
MAR06832,Fatty acid oxidation,1.1,1
MAR06833,Fatty acid oxidation,1.1,0
MAR06846,Fatty acid oxidation,1.1,0
MAR06847,Fatty acid oxidation,1.1,1
MAR06852,Fatty acid oxidation,0.28254470083297234,2
MAR06859,Transport reactions,1.1,2
MAR06860,Transport reactions,1.1,2
MAR06861,Isolated,1.6946586116237805,2
MAR06862,Transport reactions,1.1,1
MAR06863,Transport reactions,1.1,3
MAR06864,Transport reactions,1.1,2
MAR06865,Transport reactions,1.1,1
MAR06866,Transport reactions,2.5177729862126252,1
MAR06867,Dietary fiber binding,1.1,0
MAR06868,Dietary fiber binding,1.1,0
MAR06869,Dietary fiber binding,1.1,0
MAR06870,Transport reactions,1.1,0
MAR06871,Transport reactions,1.1,1
MAR06872,Transport reactions,1.999743387283252,2
MAR06873,Transport reactions,1.1,0
MAR06884,Transport reactions,1.1,3
MAR06887,Transport reactions,1.1,1
MAR06891,Transport reactions,1.1,2
MAR06892,Transport reactions,1.1,2
MAR06893,Transport reactions,1.1,1
MAR06896,Transport reactions,1.1,1
MAR06897,Transport reactions,1.1,3
MAR06898,Transport reactions,1.6946586116237805,2
MAR06899,Transport reactions,1.1,1
MAR06900,Transport reactions,1.1,1
MAR06913,Transport reactions,1.1,1
MAR06915,Transport reactions,2.3879147255025037,1
MAR06917,Transport reactions,1.1,1
MAR06919,Dietary fiber binding,1.1,0
MAR06920,Dietary fiber binding,1.1,0
MAR06922,Dietary fiber binding,1.1,0
MAR07101,Transport reactions,1.999743387283252,2
MAR07102,Transport reactions,1.1,3
MAR07105,Transport reactions,1.1,3
MAR07107,Transport reactions,4.33482599085961,1
MAR07148,Transport reactions,1.1,1
MAR07149,Transport reactions,1.1,1
MAR07150,Transport reactions,1.1,1
MAR07151,Transport reactions,1.1,3
MAR07152,Transport reactions,1.1,1
MAR07153,Transport reactions,1.1,3
MAR07154,Transport reactions,1.1,1
MAR07155,Transport reactions,4.33482599085961,1
MAR07156,Transport reactions,1.1,1
MAR07157,Transport reactions,1.1,1
MAR07158,Transport reactions,1.1,0
MAR07159,Dietary fiber binding,1.1,0
MAR07176,Dietary fiber binding,1.1,0
MAR07177,Dietary fiber binding,1.1,0
MAR07178,Transport reactions,4.33482599085961,1
MAR07179,Transport reactions,1.1,1
MAR07189,Transport reactions,1.1,3
MAR07190,Transport reactions,4.33482599085961,1
MAR07192,Transport reactions,1.1,1
MAR07193,Transport reactions,0.8355837850425133,1
MAR07194,Transport reactions,1.1,2
MAR07195,Dietary fiber binding,1.1,0
MAR07255,Dietary fiber binding,1.1,0
MAR07439,Dietary fiber binding,1.1,0
MAR07589,Transport reactions,2.5177729862126252,1
MAR07592,Transport reactions,1.1,0
MAR07593,Transport reactions,1.1,1
MAR07595,Transport reactions,1.1,1
MAR07657,Transport reactions,1.1,1
MAR07658,Transport reactions,1.1,1
MAR07659,Transport reactions,1.1,0
MAR07750,Transport reactions,1.1,0
MAR07751,Transport reactions,1.1,0
MAR07752,Transport reactions,1.1,0
MAR07753,Transport reactions,1.1,1
MAR07754,Purine metabolism,1.1,0
MAR07803,Purine metabolism,1.1,0
MAR07805,Transport reactions,1.1,0
MAR07807,Transport reactions,1.1,0
MAR07809,Transport reactions,1.1,0
MAR07811,Transport reactions,1.1,1
MAR07813,Heme degradation,1.1,1
MAR07817,Transport reactions,1.1,0
MAR07819,Transport reactions,1.1,0
MAR07821,Transport reactions,1.1,0
MAR08111,Transport reactions,1.1,0
MAR08204,Pantothenate and CoA metabolism,1.1,0
MAR08218,Cholesterol metabolism,1.1,1
MAR08274,Pyrimidine metabolism,0.5004441643897447,1
MAR08301,Transport reactions,5.456734492033552,1
MAR08386,Exchange/demand reactions,1.1,0
MAR08400,Exchange/demand reactions,1.1,0
MAR08422,Exchange/demand reactions,1.1,0
MAR08423,Exchange/demand reactions,1.1,0
MAR08644,Exchange/demand reactions,1.1,0
MAR08646,Exchange/demand reactions,1.1,0
MAR08647,Exchange/demand reactions,1.1,0
MAR08649,Exchange/demand reactions,1.1,0
MAR08650,Exchange/demand reactions,1.1,0
MAR08701,Exchange/demand reactions,1.1,0
MAR08705,Exchange/demand reactions,1.1,0
MAR08707,Exchange/demand reactions,1.1,0
MAR08708,Exchange/demand reactions,1.1,0
MAR08832,Exchange/demand reactions,1.1,0
MAR08916,Exchange/demand reactions,1.1,0
MAR08948,Exchange/demand reactions,1.1,0
MAR08949,Exchange/demand reactions,1.1,0
MAR08950,Exchange/demand reactions,1.1,0
MAR08951,Exchange/demand reactions,1.1,0
MAR08952,Exchange/demand reactions,1.1,0
MAR08953,Exchange/demand reactions,1.1,0
MAR08954,Exchange/demand reactions,1.1,0
MAR08955,Exchange/demand reactions,1.1,0
MAR08956,Exchange/demand reactions,1.1,0
MAR08957,Exchange/demand reactions,1.1,0
MAR08958,Exchange/demand reactions,1.1,0
MAR08959,Exchange/demand reactions,1.1,0
MAR08960,Exchange/demand reactions,1.1,0
MAR08961,Exchange/demand reactions,1.1,0
MAR08962,Exchange/demand reactions,1.1,0
MAR08963,Exchange/demand reactions,1.1,0
MAR08964,Exchange/demand reactions,1.1,0
MAR08965,Exchange/demand reactions,1.1,0
MAR08966,Exchange/demand reactions,1.1,0
MAR08967,Exchange/demand reactions,1.1,0
MAR08968,Vitamin B2 metabolism,1.1,1
MAR08969,Transport reactions,6.636816930525274,1
MAR08970,Transport reactions,1.1,0
MAR08971,Pentose phosphate pathway,1.1,1
MAR08972,Transport reactions,1.1,1
MAR08974,Cysteine and methionine metabolism,1.1,0
MAR08975,Purine metabolism,1.1,0
MAR08976,Transport reactions,1.1,0
MAR08977,Transport reactions,1.1,0
MAR08978,Pantothenate and CoA metabolism,1.1,0
MAR08979,Transport reactions,1.1,0
MAR08980,Transport reactions,1.1,0
MAR08981,Tricarboxylic acid cycle and glyoxylate/dicarboxylate metabolism,1.1,0
MAR08982,Transport reactions,1.1,0
MAR08983,Transport reactions,1.1,0
MAR08984,Pantothenate and CoA metabolism,1.1,0
MAR08986,Transport reactions,1.1,0
MAR08987,Transport reactions,1.1,0
MAR08988,Transport reactions,1.1,0
MAR08989,Transport reactions,1.1,0
MAR08991,Transport reactions,1.1,0
MAR08993,Cysteine and methionine metabolism,1.1,0
MAR08994,Transport reactions,1.1,0
MAR08995,Transport reactions,1.1,0
MAR08996,Transport reactions,1.1,0
MAR08997,Transport reactions,1.1,0
MAR08998,Transport reactions,1.1,0
MAR08999,Transport reactions,1.1,0
MAR09000,Transport reactions,1.1,0
MAR09001,Transport reactions,1.1,0
MAR09002,Transport reactions,1.1,0
MAR09003,Transport reactions,1.1,0
MAR09004,Transport reactions,1.1,0
MAR09005,Transport reactions,1.1,0
MAR09006,Transport reactions,1.1,0
MAR09007,Transport reactions,1.1,0
MAR09008,Transport reactions,1.1,0
MAR09009,Transport reactions,1.1,0
MAR09010,Exchange/demand reactions,1.1,0
MAR09011,Exchange/demand reactions,1.1,0
MAR09012,Exchange/demand reactions,1.1,0
MAR09013,Exchange/demand reactions,1.1,0
MAR09021,Exchange/demand reactions,1.1,0
MAR09025,Exchange/demand reactions,1.1,0
MAR09026,Exchange/demand reactions,1.1,0
MAR09027,Exchange/demand reactions,1.1,0
MAR09028,Exchange/demand reactions,1.1,0
MAR09029,Exchange/demand reactions,1.1,0
MAR09030,Transport reactions,1.1,0
MAR09031,Transport reactions,1.1,1
MAR09057,Transport reactions,1.1,0
MAR09059,Transport reactions,1.1,1
MAR09060,Transport reactions,1.1,0
MAR09112,Transport reactions,1.1,0
MAR09170,Transport reactions,1.1,0
MAR09186,Transport reactions,1.1,0
MAR09274,Transport reactions,1.1,2
MAR09402,Transport reactions,1.1,1
MAR09403,Transport reactions,1.1,1
MAR09459,Transport reactions,1.1,0
MAR09526,Transport reactions,1.1,0
MAR09533,Transport reactions,1.1,0
MAR09576,Transport reactions,1.1,2
MAR09589,Transport reactions,1.1,0
MAR09723,Transport reactions,1.1,0
MAR09736,Transport reactions,1.1,1
MAR09819,Transport reactions,1.1,1
MAR09820,Transport reactions,1.1,0
MAR09821,Transport reactions,1.1,0
MAR09822,Transport reactions,1.1,0
MAR09823,Transport reactions,1.1,0
MAR09824,Transport reactions,1.1,0
MAR09825,Transport reactions,1.1,0
MAR09826,Transport reactions,1.1,0
MAR09827,Transport reactions,1.1,0
MAR09828,Transport reactions,1.1,0
MAR09829,Transport reactions,1.1,0
MAR09830,Transport reactions,1.1,0
MAR09831,Transport reactions,1.1,0
MAR09832,Transport reactions,1.1,0
MAR09833,Transport reactions,1.1,0
MAR09834,Transport reactions,1.1,0
MAR09835,Transport reactions,1.1,0
MAR09836,Transport reactions,1.1,0
MAR09837,Transport reactions,1.1,0
MAR09838,Transport reactions,1.1,0
MAR09839,Transport reactions,1.1,0
MAR09840,Transport reactions,1.1,0
MAR09841,Transport reactions,1.1,0
MAR09842,Exchange/demand reactions,1.1,0
MAR09843,Exchange/demand reactions,1.1,0
MAR09844,Exchange/demand reactions,1.1,0
MAR09845,Exchange/demand reactions,1.1,0
MAR09846,Exchange/demand reactions,1.1,0
MAR09847,Exchange/demand reactions,1.1,0
MAR09848,Exchange/demand reactions,1.1,0
MAR09849,Exchange/demand reactions,1.1,0
MAR09850,Exchange/demand reactions,1.1,0
MAR09851,Exchange/demand reactions,1.1,0
MAR09852,Exchange/demand reactions,1.1,0
MAR09853,Exchange/demand reactions,1.1,0
MAR09854,Exchange/demand reactions,1.1,0
MAR09855,Exchange/demand reactions,1.1,0
MAR09856,Exchange/demand reactions,1.1,0
MAR09857,Exchange/demand reactions,1.1,0
MAR09858,Exchange/demand reactions,1.1,0
MAR09859,Exchange/demand reactions,1.1,0
MAR09860,Exchange/demand reactions,1.1,0
MAR09861,Exchange/demand reactions,1.1,0
MAR09862,Exchange/demand reactions,1.1,0
MAR09863,Exchange/demand reactions,1.1,0
MAR09864,Exchange/demand reactions,1.1,0
MAR09865,Exchange/demand reactions,1.1,0
MAR09866,Exchange/demand reactions,1.1,0
MAR09867,Exchange/demand reactions,1.1,0
MAR09868,Exchange/demand reactions,1.1,0
MAR09869,Transport reactions,1.1,2
MAR09870,Transport reactions,1.1,2
MAR09871,Transport reactions,1.1,2
MAR09872,Transport reactions,1.1,2
MAR09873,Transport reactions,1.1,1
MAR09874,Transport reactions,1.1,1
MAR09875,Transport reactions,1.1,1
MAR09876,Transport reactions,1.1,2
MAR09877,Transport reactions,1.1,1
MAR09878,Transport reactions,1.1,1
MAR09879,Transport reactions,0.24343353409912882,1
MAR09880,Transport reactions,1.1,1
MAR09881,Transport reactions,0.24343353409912882,1
MAR09882,Transport reactions,1.1,7
MAR09883,Transport reactions,1.1,1
MAR09884,Transport reactions,1.1,3
MAR09885,Transport reactions,1.1,2
MAR09886,Transport reactions,1.1,1
MAR09888,Transport reactions,1.1,2
MAR09889,Transport reactions,1.1,1
MAR09890,Transport reactions,1.1,4
MAR09891,Transport reactions,1.1,2
MAR09892,Transport reactions,1.1,2
MAR09893,Transport reactions,0.24343353409912882,1
MAR09894,Transport reactions,1.1,2
MAR09895,Transport reactions,1.1,2
MAR09896,Transport reactions,1.1,1
MAR09897,Transport reactions,1.1,1
MAR09898,Transport reactions,1.1,2
MAR09899,Transport reactions,1.1,1
MAR09900,Transport reactions,1.1,1
MAR09901,Transport reactions,1.1,1
MAR09902,Transport reactions,1.1,1
MAR09903,Transport reactions,1.1,1
MAR09904,Transport reactions,1.1,2
MAR09905,Transport reactions,1.1,1
MAR09906,Transport reactions,0.24343353409912882,1
MAR09907,Transport reactions,1.1,2
MAR09908,Transport reactions,1.1,2
MAR09909,Transport reactions,1.1,2
MAR09910,Transport reactions,1.1,2
MAR09911,Transport reactions,1.1,0
MAR09912,Transport reactions,1.8569420648050194,1
MAR09913,Transport reactions,1.8569420648050194,1
MAR09914,Transport reactions,1.8569420648050194,1
MAR09915,Transport reactions,1.8569420648050194,1
MAR09916,Transport reactions,1.8569420648050194,1
MAR09917,Transport reactions,1.8569420648050194,1
MAR09918,Transport reactions,1.8569420648050194,1
MAR09919,Exchange/demand reactions,1.1,0
MAR09920,Exchange/demand reactions,1.1,0
MAR09921,Exchange/demand reactions,1.1,0
MAR09922,Exchange/demand reactions,1.1,0
MAR09923,Exchange/demand reactions,1.1,0
MAR09924,Exchange/demand reactions,1.1,0
MAR09925,Exchange/demand reactions,1.1,0
MAR09926,Exchange/demand reactions,1.1,0
MAR09927,Transport reactions,1.1,0
MAR09928,Transport reactions,1.1,0
MAR09929,Transport reactions,1.1,0
MAR09930,Transport reactions,1.1,0
MAR09931,Artificial reactions,1.1,0
MAR09932,Artificial reactions,1.1,0
MAR09933,Triacylglycerol synthesis,1.1,0
MAR09934,Eicosanoid metabolism,1.1,1
MAR09935,Lysine metabolism,1.1,0
MAR09936,Phenylalanine metabolism,1.1,0
MAR09937,Steroid metabolism,1.1,1
MAR09938,Fatty acid biosynthesis,1.1,1
MAR09939,Histidine metabolism,1.1,0
MAR09940,Lysine metabolism,1.1,0
MAR09941,"Valine, leucine, and isoleucine metabolism",1.1,0
MAR09942,Cholesterol metabolism,1.1,2
MAR09943,Cholesterol metabolism,1.1,2
MAR09944,Cholesterol metabolism,1.1,2
MAR09945,Cholesterol metabolism,1.1,2
MAR09946,Cholesterol metabolism,1.1,2
MAR09947,Cholesterol metabolism,1.1,2
MAR09948,Fatty acid oxidation,1.1,0
MAR09950,Fatty acid oxidation,1.1,0
MAR09951,Glycerophospholipid metabolism,1.1,1
MAR09952,Lysine metabolism,1.1,0
MAR09953,Cysteine and methionine metabolism,1.1,0
MAR09954,Cysteine and methionine metabolism,1.1,0
MAR09955,Transport reactions,1.1,0
MAR09956,Exchange/demand reactions,1.1,0
MAR09957,Transport reactions,1.1,0
MAR09958,Transport reactions,1.1,0
MAR09959,Transport reactions,1.1,0
MAR09960,Transport reactions,1.1,0
MAR09961,Transport reactions,1.1,0
MAR09962,Transport reactions,1.1,0
MAR09963,Transport reactions,1.1,0
MAR09964,Transport reactions,1.1,0
MAR09965,Transport reactions,1.1,0
MAR09966,Transport reactions,1.1,0
MAR09967,Transport reactions,1.1,0
MAR09968,Transport reactions,1.1,0
MAR09969,Transport reactions,1.1,0
MAR09970,Transport reactions,1.1,0
MAR09971,Phenylalanine metabolism,1.1,0
MAR09972,Transport reactions,1.1,0
MAR09973,Transport reactions,1.1,0
MAR09974,Transport reactions,1.1,0
MAR09975,Transport reactions,1.1,0
MAR09976,Transport reactions,1.1,0
MAR09977,Transport reactions,1.1,0
MAR09978,Transport reactions,1.1,0
MAR09979,Transport reactions,1.1,0
MAR09980,Transport reactions,1.1,0
MAR09981,Transport reactions,1.1,0
MAR09982,Transport reactions,1.1,0
MAR09983,Transport reactions,1.1,0
MAR09984,Transport reactions,1.1,0
MAR09985,Transport reactions,1.1,1
MAR09986,Transport reactions,1.1,0
MAR09987,Transport reactions,1.1,0
MAR09988,Transport reactions,1.1,0
MAR09989,Transport reactions,1.1,0
MAR09990,Transport reactions,1.1,0
MAR09991,Transport reactions,1.1,0
MAR09992,Pentose phosphate pathway,1.1,0
MAR09993,Transport reactions,1.1,0
MAR09994,Transport reactions,1.1,0
MAR09995,Transport reactions,1.1,0
MAR09996,Transport reactions,1.1,0
MAR09997,Transport reactions,1.1,0
MAR09998,Transport reactions,1.1,0
MAR09999,Transport reactions,1.1,0
MAR10000,Transport reactions,1.1,0
MAR10001,Transport reactions,1.1,0
MAR10002,Transport reactions,1.1,0
MAR10003,Transport reactions,1.1,0
MAR10004,Transport reactions,1.1,0
MAR10005,Transport reactions,1.1,0
MAR10006,Transport reactions,1.1,0
MAR10007,Transport reactions,1.1,0
MAR10008,Transport reactions,1.1,1
MAR10009,Transport reactions,1.1,0
MAR10010,Transport reactions,1.1,3
MAR10011,Transport reactions,1.1,1
MAR10012,Transport reactions,1.1,0
MAR10013,Transport reactions,1.1,0
MAR10014,Transport reactions,1.1,3
MAR10015,Transport reactions,1.1,0
MAR10016,Transport reactions,1.1,0
MAR10017,Transport reactions,1.1,0
MAR10018,Transport reactions,1.1,0
MAR10019,Transport reactions,1.1,0
MAR10020,Transport reactions,1.1,3
MAR10021,Transport reactions,1.1,0
MAR10022,Transport reactions,1.1,0
MAR10032,Transport reactions,1.1,0
MAR10133,Transport reactions,1.1,0
MAR10134,Transport reactions,1.1,0
MAR10135,Transport reactions,1.1,0
MAR10136,Transport reactions,1.1,0
MAR10137,Transport reactions,1.1,0
MAR10138,Transport reactions,1.1,0
MAR10139,Transport reactions,1.1,0
MAR10140,Transport reactions,1.1,0
MAR10141,Transport reactions,1.1,0
MAR10142,Transport reactions,1.1,0
MAR10143,Transport reactions,1.1,0
MAR10144,Transport reactions,1.1,0
MAR10145,Exchange/demand reactions,1.1,0
MAR10146,Transport reactions,1.1,0
MAR10147,Transport reactions,1.1,0
MAR10148,Transport reactions,1.1,0
MAR10149,Transport reactions,1.1,0
MAR10150,Transport reactions,1.1,0
MAR10151,Transport reactions,1.1,0
MAR10152,Transport reactions,1.1,0
MAR10153,Transport reactions,1.1,0
MAR10154,Transport reactions,1.1,0
MAR10155,Transport reactions,1.1,3
MAR10156,Transport reactions,1.1,0
MAR10157,Transport reactions,1.1,0
MAR10158,Transport reactions,1.1,0
MAR10159,Transport reactions,1.1,0
MAR10160,Transport reactions,1.1,0
MAR10161,Transport reactions,1.1,0
MAR10162,Transport reactions,1.1,0
MAR10163,Transport reactions,1.1,0
MAR10165,Transport reactions,1.1,0
MAR10166,Transport reactions,1.1,0
MAR10167,Transport reactions,1.1,0
MAR10168,Transport reactions,1.1,0
MAR10169,Transport reactions,1.1,0
MAR10170,Transport reactions,1.1,0
MAR10171,Transport reactions,1.1,0
MAR10172,Transport reactions,1.1,0
MAR10173,Transport reactions,1.1,0
MAR10174,Transport reactions,1.1,0
MAR10175,Transport reactions,1.1,0
MAR10176,Transport reactions,1.1,0
MAR10177,Transport reactions,1.1,0
MAR10178,Transport reactions,1.1,0
MAR10179,Exchange/demand reactions,1.1,0
MAR10180,Exchange/demand reactions,1.1,0
MAR10181,Exchange/demand reactions,1.1,0
MAR10182,Exchange/demand reactions,1.1,0
MAR10183,Exchange/demand reactions,1.1,0
MAR10184,Exchange/demand reactions,1.1,0
MAR10185,Exchange/demand reactions,1.1,0
MAR10186,Exchange/demand reactions,1.1,0
MAR10187,Exchange/demand reactions,1.1,0
MAR10188,Exchange/demand reactions,1.1,0
MAR10189,Exchange/demand reactions,1.1,0
MAR10190,Exchange/demand reactions,1.1,0
MAR10191,Exchange/demand reactions,1.1,0
MAR10192,Exchange/demand reactions,1.1,0
MAR10193,Exchange/demand reactions,1.1,0
MAR10194,Exchange/demand reactions,1.1,0
MAR10195,Exchange/demand reactions,1.1,0
MAR10196,Exchange/demand reactions,1.1,0
MAR10197,Exchange/demand reactions,1.1,0
MAR10198,Exchange/demand reactions,1.1,0
MAR10199,Exchange/demand reactions,1.1,0
MAR10200,Exchange/demand reactions,1.1,0
MAR10201,Exchange/demand reactions,1.1,0
MAR10202,Exchange/demand reactions,1.1,0
MAR10203,Exchange/demand reactions,1.1,0
MAR10204,Exchange/demand reactions,1.1,0
MAR10205,Exchange/demand reactions,1.1,0
MAR10206,Exchange/demand reactions,1.1,0
MAR10207,Exchange/demand reactions,1.1,0
MAR10208,Exchange/demand reactions,1.1,0
MAR10209,Exchange/demand reactions,1.1,0
MAR10210,Exchange/demand reactions,1.1,0
MAR10211,Exchange/demand reactions,1.1,0
MAR10212,Exchange/demand reactions,1.1,0
MAR10213,Exchange/demand reactions,1.1,0
MAR10214,Exchange/demand reactions,1.1,0
MAR10215,Exchange/demand reactions,1.1,0
MAR10216,Exchange/demand reactions,1.1,0
MAR10217,Exchange/demand reactions,1.1,0
MAR10218,Exchange/demand reactions,1.1,0
MAR10219,Exchange/demand reactions,1.1,0
MAR10220,Exchange/demand reactions,1.1,0
MAR10221,Exchange/demand reactions,1.1,0
MAR10222,Exchange/demand reactions,1.1,0
MAR10223,Exchange/demand reactions,1.1,0
MAR10224,Exchange/demand reactions,1.1,0
MAR10225,Exchange/demand reactions,1.1,0
MAR10226,Exchange/demand reactions,1.1,0
MAR10227,Exchange/demand reactions,1.1,0
MAR10228,Exchange/demand reactions,1.1,0
MAR10229,Exchange/demand reactions,1.1,0
MAR10230,Exchange/demand reactions,1.1,0
MAR10231,Exchange/demand reactions,1.1,0
MAR10232,Exchange/demand reactions,1.1,0
MAR10233,Exchange/demand reactions,1.1,0
MAR10234,Exchange/demand reactions,1.1,0
MAR10235,Exchange/demand reactions,1.1,0
MAR10236,Exchange/demand reactions,1.1,0
MAR10237,Exchange/demand reactions,1.1,0
MAR10238,Exchange/demand reactions,1.1,0
MAR10239,Exchange/demand reactions,1.1,0
MAR10240,Exchange/demand reactions,1.1,0
MAR10241,Exchange/demand reactions,1.1,0
MAR10242,Exchange/demand reactions,1.1,0
MAR10243,Exchange/demand reactions,1.1,0
MAR10244,Exchange/demand reactions,1.1,0
MAR10245,Exchange/demand reactions,1.1,0
MAR10246,Exchange/demand reactions,1.1,0
MAR10247,Exchange/demand reactions,1.1,0
MAR10248,Exchange/demand reactions,1.1,0
MAR10249,Exchange/demand reactions,1.1,0
MAR10250,Exchange/demand reactions,1.1,0
MAR10251,Exchange/demand reactions,1.1,0
MAR10252,Exchange/demand reactions,1.1,0
MAR10253,Exchange/demand reactions,1.1,0
MAR10254,Exchange/demand reactions,1.1,0
MAR10255,Exchange/demand reactions,1.1,0
MAR10256,Exchange/demand reactions,1.1,0
MAR10257,Exchange/demand reactions,1.1,0
MAR10258,Exchange/demand reactions,1.1,0
MAR10259,Exchange/demand reactions,1.1,0
MAR10260,Exchange/demand reactions,1.1,0
MAR10261,Exchange/demand reactions,1.1,0
MAR10262,Exchange/demand reactions,1.1,0
MAR10263,Exchange/demand reactions,1.1,0
MAR10264,Exchange/demand reactions,1.1,0
MAR10265,Exchange/demand reactions,1.1,0
MAR10266,Exchange/demand reactions,1.1,0
MAR10267,Exchange/demand reactions,1.1,0
MAR10268,Exchange/demand reactions,1.1,0
MAR10269,Exchange/demand reactions,1.1,0
MAR10270,Exchange/demand reactions,1.1,0
MAR10271,Exchange/demand reactions,1.1,0
MAR10272,Exchange/demand reactions,1.1,0
MAR10273,Exchange/demand reactions,1.1,0
MAR10274,Exchange/demand reactions,1.1,0
MAR10275,Exchange/demand reactions,1.1,0
MAR10276,Exchange/demand reactions,1.1,0
MAR10277,Exchange/demand reactions,1.1,0
MAR10278,Exchange/demand reactions,1.1,0
MAR10279,Exchange/demand reactions,1.1,0
MAR10280,Exchange/demand reactions,1.1,0
MAR10281,Exchange/demand reactions,1.1,0
MAR10282,Exchange/demand reactions,1.1,0
MAR10283,Exchange/demand reactions,1.1,0
MAR10284,Exchange/demand reactions,1.1,0
MAR10285,Exchange/demand reactions,1.1,0
MAR10286,Exchange/demand reactions,1.1,0
MAR10287,Exchange/demand reactions,1.1,0
MAR10288,Exchange/demand reactions,1.1,0
MAR10289,Exchange/demand reactions,1.1,0
MAR10290,Exchange/demand reactions,1.1,0
MAR10291,Exchange/demand reactions,1.1,0
MAR10292,Exchange/demand reactions,1.1,0
MAR10293,Exchange/demand reactions,1.1,0
MAR10294,Exchange/demand reactions,1.1,0
MAR10295,Exchange/demand reactions,1.1,0
MAR10296,Exchange/demand reactions,1.1,0
MAR10297,Exchange/demand reactions,1.1,0
MAR10298,Exchange/demand reactions,1.1,0
MAR10299,Exchange/demand reactions,1.1,0
MAR10300,Exchange/demand reactions,1.1,0
MAR10301,Exchange/demand reactions,1.1,0
MAR10302,Exchange/demand reactions,1.1,0
MAR10303,Exchange/demand reactions,1.1,0
MAR10304,Exchange/demand reactions,1.1,0
MAR10305,Exchange/demand reactions,1.1,0
MAR10306,Exchange/demand reactions,1.1,0
MAR10307,Exchange/demand reactions,1.1,0
MAR10308,Exchange/demand reactions,1.1,0
MAR10309,Exchange/demand reactions,1.1,0
MAR10310,Exchange/demand reactions,1.1,0
MAR10311,Exchange/demand reactions,1.1,0
MAR10312,Exchange/demand reactions,1.1,0
MAR10313,Exchange/demand reactions,1.1,0
MAR10314,Exchange/demand reactions,1.1,0
MAR10315,Exchange/demand reactions,1.1,0
MAR10316,Exchange/demand reactions,1.1,0
MAR10317,Exchange/demand reactions,1.1,0
MAR10318,Exchange/demand reactions,1.1,0
MAR10319,Exchange/demand reactions,1.1,0
MAR10320,Exchange/demand reactions,1.1,0
MAR10321,Exchange/demand reactions,1.1,0
MAR10322,Exchange/demand reactions,1.1,0
MAR10323,Exchange/demand reactions,1.1,0
MAR10324,Exchange/demand reactions,1.1,0
MAR10325,Exchange/demand reactions,1.1,0
MAR10326,Exchange/demand reactions,1.1,0
MAR10327,Exchange/demand reactions,1.1,0
MAR10328,Exchange/demand reactions,1.1,0
MAR10329,Exchange/demand reactions,1.1,0
MAR10330,Exchange/demand reactions,1.1,0
MAR10331,Exchange/demand reactions,1.1,0
MAR10332,Exchange/demand reactions,1.1,0
MAR10333,Exchange/demand reactions,1.1,0
MAR10334,Exchange/demand reactions,1.1,0
MAR10335,Exchange/demand reactions,1.1,0
MAR10336,Exchange/demand reactions,1.1,0
MAR10337,Exchange/demand reactions,1.1,0
MAR10338,Exchange/demand reactions,1.1,0
MAR10339,Exchange/demand reactions,1.1,0
MAR10340,Exchange/demand reactions,1.1,0
MAR10341,Exchange/demand reactions,1.1,0
MAR10342,Exchange/demand reactions,1.1,0
MAR10343,Exchange/demand reactions,1.1,0
MAR10344,Exchange/demand reactions,1.1,0
MAR10345,Exchange/demand reactions,1.1,0
MAR10346,Exchange/demand reactions,1.1,0
MAR10347,Exchange/demand reactions,1.1,0
MAR10348,Exchange/demand reactions,1.1,0
MAR10349,Exchange/demand reactions,1.1,0
MAR10350,Exchange/demand reactions,1.1,0
MAR10351,Exchange/demand reactions,1.1,0
MAR10352,Exchange/demand reactions,1.1,0
MAR10353,Exchange/demand reactions,1.1,0
MAR10354,Exchange/demand reactions,1.1,0
MAR10355,Transport reactions,1.1,0
MAR10356,Transport reactions,1.1,0
MAR10357,"Glycine, serine and threonine metabolism",1.1,0
MAR10358,Lysine metabolism,1.1,0
MAR10359,Transport reactions,1.1,0
MAR10360,Transport reactions,1.1,0
MAR10361,Transport reactions,1.1,0
MAR10362,Transport reactions,1.1,0
MAR10363,Transport reactions,1.1,0
MAR10364,Transport reactions,1.1,0
MAR10365,Transport reactions,1.1,0
MAR10366,Transport reactions,1.1,0
MAR10367,Transport reactions,1.1,0
MAR10368,Transport reactions,1.1,0
MAR10369,Transport reactions,1.1,0
MAR10370,Transport reactions,1.1,0
MAR10371,Transport reactions,1.1,0
MAR10372,Transport reactions,1.1,0
MAR10373,Transport reactions,1.1,0
MAR10374,Fatty acid oxidation,1.43181716582401,1
MAR10375,Transport reactions,1.1,0
MAR10376,Transport reactions,1.1,0
MAR10377,Fatty acid oxidation,0.28254470083297234,1
MAR10378,Transport reactions,1.1,0
MAR10379,Transport reactions,1.1,0
MAR10380,Transport reactions,1.1,0
MAR10381,Transport reactions,1.1,0
MAR10382,Transport reactions,1.1,0
MAR10383,Transport reactions,1.1,0
MAR10384,Transport reactions,1.1,0
MAR10385,Transport reactions,1.1,0
MAR10386,Transport reactions,1.1,0
MAR10387,Transport reactions,1.1,0
MAR10388,Transport reactions,1.1,0
MAR10389,Transport reactions,1.1,0
MAR10390,Transport reactions,1.1,0
MAR10391,Transport reactions,1.1,0
MAR10392,Transport reactions,1.1,0
MAR10393,Transport reactions,1.1,0
MAR10394,Transport reactions,1.1,0
MAR10395,Transport reactions,1.1,0
MAR10396,Transport reactions,1.1,0
MAR10397,Transport reactions,1.1,0
MAR10398,Transport reactions,1.1,0
MAR10399,Transport reactions,1.1,0
MAR10400,Transport reactions,1.1,0
MAR10401,Transport reactions,1.1,0
MAR10402,Transport reactions,1.1,0
MAR10403,"Glycine, serine and threonine metabolism",1.1,0
MAR10404,Transport reactions,1.1,0
MAR10405,Transport reactions,1.1,0
MAR10406,Eicosanoid metabolism,1.1,0
MAR10407,Transport reactions,1.1,0
MAR10408,Transport reactions,1.1,0
MAR10409,Transport reactions,1.1,0
MAR10411,Transport reactions,1.1,0
MAR10412,"Valine, leucine, and isoleucine metabolism",1.1,0
MAR10413,Transport reactions,1.1,0
MAR10414,Transport reactions,1.1,0
MAR10415,Exchange/demand reactions,1.1,0
MAR10416,"Valine, leucine, and isoleucine metabolism",1.1,0
MAR10417,Transport reactions,1.1,0
MAR10418,Transport reactions,1.1,0
MAR10419,Exchange/demand reactions,1.1,0
MAR10420,Transport reactions,1.1,0
MAR10421,Transport reactions,1.1,0
MAR10422,Exchange/demand reactions,1.1,0
MAR10423,Transport reactions,1.1,0
MAR10424,Exchange/demand reactions,1.1,0
MAR10425,Transport reactions,1.1,0
MAR10426,Exchange/demand reactions,1.1,0
MAR10427,Exchange/demand reactions,1.1,0
MAR10428,Exchange/demand reactions,1.1,0
MAR10429,Exchange/demand reactions,1.1,0
MAR10430,Exchange/demand reactions,1.1,0
MAR10431,Exchange/demand reactions,1.1,0
MAR10432,Exchange/demand reactions,1.1,0
MAR10434,Exchange/demand reactions,1.1,0
MAR10435,Exchange/demand reactions,1.1,0
MAR10436,Exchange/demand reactions,1.1,0
MAR10437,Exchange/demand reactions,1.1,0
MAR10438,Exchange/demand reactions,1.1,0
MAR10439,Exchange/demand reactions,1.1,0
MAR10440,Exchange/demand reactions,1.1,0
MAR10441,Exchange/demand reactions,1.1,0
MAR10442,Exchange/demand reactions,1.1,0
MAR10443,Phenylalanine metabolism,1.1,0
MAR10444,"Glycine, serine and threonine metabolism",1.1,0
MAR10445,Bile acid biosynthesis,1.1,1
MAR10446,Bile acid biosynthesis,1.1,1
MAR10448,Bile acid biosynthesis,1.1,0
MAR10449,Bile acid biosynthesis,1.1,0
MAR10450,Bile acid biosynthesis,1.1,0
MAR10451,Bile acid biosynthesis,1.1,3
MAR10452,Bile acid biosynthesis,1.1,3
MAR10453,Transport reactions,1.1,4
MAR10454,Transport reactions,1.1,4
MAR10455,Transport reactions,1.1,0
MAR10456,Transport reactions,1.1,0
MAR10457,Hippurate metabolism,1.1,0
MAR10458,Hippurate metabolism,1.1,0
MAR10459,Phenylalanine metabolism,3.6042878221315937,1
MAR10460,Miscellaneous,1.1,1
MAR10461,Miscellaneous,1.1,1
MAR10462,Miscellaneous,1.1,1
MAR10463,Transport reactions,1.1,0
MAR10464,Transport reactions,1.1,1
MAR10465,Transport reactions,1.1,0
MAR10466,Transport reactions,1.1,0
MAR10468,Transport reactions,1.1,0
MAR10470,Transport reactions,1.1,0
MAR10472,Exchange/demand reactions,1.1,0
MAR10473,Exchange/demand reactions,1.1,0
MAR10474,Exchange/demand reactions,1.1,0
MAR10475,Exchange/demand reactions,1.1,0
MAR10476,Exchange/demand reactions,1.1,0
MAR10477,Exchange/demand reactions,1.1,0
MAR10478,Exchange/demand reactions,1.1,0
MAR10479,Transport reactions,1.1,0
MAR10480,Transport reactions,1.1,0
MAR10481,Transport reactions,1.1,0
MAR10482,Transport reactions,1.1,0
MAR10483,Transport reactions,1.1,0
MAR10484,Transport reactions,1.1,0
MAR10485,Transport reactions,1.1,0
MAR10486,Transport reactions,1.1,0
MAR10487,Transport reactions,1.1,0
MAR10488,Transport reactions,1.1,0
MAR10489,Transport reactions,1.1,0
MAR10490,Exchange/demand reactions,1.1,0
MAR10491,Exchange/demand reactions,1.1,0
MAR10492,Exchange/demand reactions,1.1,0
MAR10493,Exchange/demand reactions,1.1,0
MAR10494,Exchange/demand reactions,1.1,0
MAR10495,Exchange/demand reactions,1.1,0
MAR10496,Exchange/demand reactions,1.1,0
MAR10497,Exchange/demand reactions,1.1,0
MAR10498,Exchange/demand reactions,1.1,0
MAR10499,Exchange/demand reactions,1.1,0
MAR10500,Exchange/demand reactions,1.1,0
MAR10501,Exchange/demand reactions,1.1,0
MAR10502,Exchange/demand reactions,1.1,0
MAR10503,Exchange/demand reactions,1.1,0
MAR10504,Exchange/demand reactions,1.1,0
MAR10505,Exchange/demand reactions,1.1,0
MAR10506,Exchange/demand reactions,1.1,0
MAR10507,Exchange/demand reactions,1.1,0
MAR10508,Exchange/demand reactions,1.1,0
MAR10509,Exchange/demand reactions,1.1,0
MAR10510,Exchange/demand reactions,1.1,0
MAR10511,Exchange/demand reactions,1.1,0
MAR10512,Exchange/demand reactions,1.1,0
MAR10513,Exchange/demand reactions,1.1,0
MAR10514,Exchange/demand reactions,1.1,0
MAR10515,Exchange/demand reactions,1.1,0
MAR10516,Exchange/demand reactions,1.1,0
MAR10517,Exchange/demand reactions,1.1,0
MAR10518,Exchange/demand reactions,1.1,0
MAR10519,Exchange/demand reactions,1.1,0
MAR10520,Exchange/demand reactions,1.1,0
MAR10521,Exchange/demand reactions,1.1,0
MAR10522,Exchange/demand reactions,1.1,0
MAR10523,Exchange/demand reactions,1.1,0
MAR10524,Exchange/demand reactions,1.1,0
MAR10525,Exchange/demand reactions,1.1,0
MAR10526,Exchange/demand reactions,1.1,0
MAR10527,Exchange/demand reactions,1.1,0
MAR10528,Exchange/demand reactions,1.1,0
MAR10529,Exchange/demand reactions,1.1,0
MAR10530,Exchange/demand reactions,1.1,0
MAR10531,Exchange/demand reactions,1.1,0
MAR10532,Exchange/demand reactions,1.1,0
MAR10533,Exchange/demand reactions,1.1,0
MAR10534,Exchange/demand reactions,1.1,0
MAR10535,Exchange/demand reactions,1.1,0
MAR10536,Exchange/demand reactions,1.1,0
MAR10537,Exchange/demand reactions,1.1,0
MAR10538,Exchange/demand reactions,1.1,0
MAR10539,Exchange/demand reactions,1.1,0
MAR10540,Exchange/demand reactions,1.1,0
MAR10541,Exchange/demand reactions,1.1,0
MAR10542,Exchange/demand reactions,1.1,0
MAR10543,Exchange/demand reactions,1.1,0
MAR10544,Exchange/demand reactions,1.1,0
MAR10545,Exchange/demand reactions,1.1,0
MAR10546,Exchange/demand reactions,1.1,0
MAR10547,Exchange/demand reactions,1.1,0
MAR10548,Exchange/demand reactions,1.1,0
MAR10549,Exchange/demand reactions,1.1,0
MAR10550,Exchange/demand reactions,1.1,0
MAR10551,Exchange/demand reactions,1.1,0
MAR10552,Exchange/demand reactions,1.1,0
MAR10553,Exchange/demand reactions,1.1,0
MAR10554,Exchange/demand reactions,1.1,0
MAR10555,Exchange/demand reactions,1.1,0
MAR10556,Exchange/demand reactions,1.1,0
MAR10557,Exchange/demand reactions,1.1,0
MAR10558,Exchange/demand reactions,1.1,0
MAR10559,Exchange/demand reactions,1.1,0
MAR10560,Exchange/demand reactions,1.1,0
MAR10561,Exchange/demand reactions,1.1,0
MAR10562,Exchange/demand reactions,1.1,0
MAR10563,Exchange/demand reactions,1.1,0
MAR10564,Exchange/demand reactions,1.1,0
MAR10565,Exchange/demand reactions,1.1,0
MAR10566,Exchange/demand reactions,1.1,0
MAR10567,Exchange/demand reactions,1.1,0
MAR10568,Exchange/demand reactions,1.1,0
MAR10569,Exchange/demand reactions,1.1,0
MAR10570,Exchange/demand reactions,1.1,0
MAR10571,Exchange/demand reactions,1.1,0
MAR10572,Exchange/demand reactions,1.1,0
MAR10573,Exchange/demand reactions,1.1,0
MAR10574,Exchange/demand reactions,1.1,0
MAR10575,Exchange/demand reactions,1.1,0
MAR10576,Exchange/demand reactions,1.1,0
MAR10577,Exchange/demand reactions,1.1,0
MAR10578,Exchange/demand reactions,1.1,0
MAR10579,Exchange/demand reactions,1.1,0
MAR10580,Exchange/demand reactions,1.1,0
MAR10581,Exchange/demand reactions,1.1,0
MAR10582,Exchange/demand reactions,1.1,0
MAR10583,Exchange/demand reactions,1.1,0
MAR10584,Exchange/demand reactions,1.1,0
MAR10585,Exchange/demand reactions,1.1,0
MAR10586,Exchange/demand reactions,1.1,0
MAR10587,Exchange/demand reactions,1.1,0
MAR10588,Exchange/demand reactions,1.1,0
MAR10589,Exchange/demand reactions,1.1,0
MAR10590,Exchange/demand reactions,1.1,0
MAR10591,Exchange/demand reactions,1.1,0
MAR10592,Exchange/demand reactions,1.1,0
MAR10593,Exchange/demand reactions,1.1,0
MAR10594,Exchange/demand reactions,1.1,0
MAR10595,Exchange/demand reactions,1.1,0
MAR10596,Exchange/demand reactions,1.1,0
MAR10597,Exchange/demand reactions,1.1,0
MAR10598,Exchange/demand reactions,1.1,0
MAR10599,Exchange/demand reactions,1.1,0
MAR10600,Exchange/demand reactions,1.1,0
MAR10601,Exchange/demand reactions,1.1,0
MAR10602,Exchange/demand reactions,1.1,0
MAR10603,Exchange/demand reactions,1.1,0
MAR10604,Exchange/demand reactions,1.1,0
MAR10605,Exchange/demand reactions,1.1,0
MAR10606,Exchange/demand reactions,1.1,0
MAR10607,Exchange/demand reactions,1.1,0
MAR10608,Exchange/demand reactions,1.1,0
MAR10609,Exchange/demand reactions,1.1,0
MAR10610,Exchange/demand reactions,1.1,0
MAR10611,Exchange/demand reactions,1.1,0
MAR10612,Exchange/demand reactions,1.1,0
MAR10613,Exchange/demand reactions,1.1,0
MAR10614,Exchange/demand reactions,1.1,0
MAR10615,Exchange/demand reactions,1.1,0
MAR10616,Exchange/demand reactions,1.1,0
MAR10617,Exchange/demand reactions,1.1,0
MAR10618,Exchange/demand reactions,1.1,0
MAR10619,Exchange/demand reactions,1.1,0
MAR10620,Exchange/demand reactions,1.1,0
MAR10621,Exchange/demand reactions,1.1,0
MAR10622,Exchange/demand reactions,1.1,0
MAR10623,Exchange/demand reactions,1.1,0
MAR10624,Exchange/demand reactions,1.1,0
MAR10625,Exchange/demand reactions,1.1,0
MAR10626,Exchange/demand reactions,1.1,0
MAR10627,Exchange/demand reactions,1.1,0
MAR10628,Exchange/demand reactions,1.1,0
MAR10629,Exchange/demand reactions,1.1,0
MAR10630,Exchange/demand reactions,1.1,0
MAR10631,Exchange/demand reactions,1.1,0
MAR10632,Exchange/demand reactions,1.1,0
MAR10633,Exchange/demand reactions,1.1,0
MAR10634,Exchange/demand reactions,1.1,0
MAR10635,Exchange/demand reactions,1.1,0
MAR10636,Exchange/demand reactions,1.1,0
MAR10637,Exchange/demand reactions,1.1,0
MAR10638,Exchange/demand reactions,1.1,0
MAR10639,Exchange/demand reactions,1.1,0
MAR10640,Exchange/demand reactions,1.1,0
MAR10641,Exchange/demand reactions,1.1,0
MAR10642,Exchange/demand reactions,1.1,0
MAR10643,Exchange/demand reactions,1.1,0
MAR10644,Exchange/demand reactions,1.1,0
MAR10645,Exchange/demand reactions,1.1,0
MAR10646,Exchange/demand reactions,1.1,0
MAR10647,Exchange/demand reactions,1.1,0
MAR10648,Exchange/demand reactions,1.1,0
MAR10649,Exchange/demand reactions,1.1,0
MAR10650,Exchange/demand reactions,1.1,0
MAR10651,Exchange/demand reactions,1.1,0
MAR10652,Exchange/demand reactions,1.1,0
MAR10653,Exchange/demand reactions,1.1,0
MAR10654,Exchange/demand reactions,1.1,0
MAR10655,Exchange/demand reactions,1.1,0
MAR10656,Exchange/demand reactions,1.1,0
MAR10657,Exchange/demand reactions,1.1,0
MAR10658,Exchange/demand reactions,1.1,0
MAR10659,Exchange/demand reactions,1.1,0
MAR10660,Exchange/demand reactions,1.1,0
MAR10661,Exchange/demand reactions,1.1,0
MAR10662,Exchange/demand reactions,1.1,0
MAR10663,Exchange/demand reactions,1.1,0
MAR10664,Exchange/demand reactions,1.1,0
MAR10665,Exchange/demand reactions,1.1,0
MAR10666,Exchange/demand reactions,1.1,0
MAR10667,Exchange/demand reactions,1.1,0
MAR10668,Exchange/demand reactions,1.1,0
MAR10669,Exchange/demand reactions,1.1,0
MAR10670,Exchange/demand reactions,1.1,0
MAR10671,Exchange/demand reactions,1.1,0
MAR10672,Exchange/demand reactions,1.1,0
MAR10673,Exchange/demand reactions,1.1,0
MAR10674,Exchange/demand reactions,1.1,0
MAR10675,Exchange/demand reactions,1.1,0
MAR10676,Exchange/demand reactions,1.1,0
MAR10677,Exchange/demand reactions,1.1,0
MAR10678,Exchange/demand reactions,1.1,0
MAR10679,Exchange/demand reactions,1.1,0
MAR10680,Exchange/demand reactions,1.1,0
MAR10681,Exchange/demand reactions,1.1,0
MAR10682,Exchange/demand reactions,1.1,0
MAR10683,Exchange/demand reactions,1.1,0
MAR10684,Exchange/demand reactions,1.1,0
MAR10685,Exchange/demand reactions,1.1,0
MAR10686,Exchange/demand reactions,1.1,0
MAR10687,Exchange/demand reactions,1.1,0
MAR10688,Exchange/demand reactions,1.1,0
MAR10689,Exchange/demand reactions,1.1,0
MAR10690,Exchange/demand reactions,1.1,0
MAR10691,Exchange/demand reactions,1.1,0
MAR10692,Exchange/demand reactions,1.1,0
MAR10693,Exchange/demand reactions,1.1,0
MAR10694,Exchange/demand reactions,1.1,0
MAR10695,Exchange/demand reactions,1.1,0
MAR10696,Exchange/demand reactions,1.1,0
MAR10697,Exchange/demand reactions,1.1,0
MAR10698,Exchange/demand reactions,1.1,0
MAR10699,Exchange/demand reactions,1.1,0
MAR10700,Exchange/demand reactions,1.1,0
MAR10701,Exchange/demand reactions,1.1,0
MAR10702,Exchange/demand reactions,1.1,0
MAR10703,Exchange/demand reactions,1.1,0
MAR10704,Exchange/demand reactions,1.1,0
MAR10705,Exchange/demand reactions,1.1,0
MAR10706,Exchange/demand reactions,1.1,0
MAR10707,Exchange/demand reactions,1.1,0
MAR10708,Exchange/demand reactions,1.1,0
MAR10709,Exchange/demand reactions,1.1,0
MAR10710,Exchange/demand reactions,1.1,0
MAR10711,Exchange/demand reactions,1.1,0
MAR10712,Exchange/demand reactions,1.1,0
MAR10713,Exchange/demand reactions,1.1,0
MAR10714,Exchange/demand reactions,1.1,0
MAR10715,Exchange/demand reactions,1.1,0
MAR10716,Exchange/demand reactions,1.1,0
MAR10717,Exchange/demand reactions,1.1,0
MAR10718,Exchange/demand reactions,1.1,0
MAR10719,Exchange/demand reactions,1.1,0
MAR10720,Exchange/demand reactions,1.1,0
MAR10721,Exchange/demand reactions,1.1,0
MAR10722,Exchange/demand reactions,1.1,0
MAR10723,Exchange/demand reactions,1.1,0
MAR10724,Exchange/demand reactions,1.1,0
MAR10725,Exchange/demand reactions,1.1,0
MAR10726,Exchange/demand reactions,1.1,0
MAR10727,Exchange/demand reactions,1.1,0
MAR10728,Exchange/demand reactions,1.1,0
MAR10729,Exchange/demand reactions,1.1,0
MAR10730,Exchange/demand reactions,1.1,0
MAR10731,Exchange/demand reactions,1.1,0
MAR10732,Exchange/demand reactions,1.1,0
MAR10733,Exchange/demand reactions,1.1,0
MAR10734,Exchange/demand reactions,1.1,0
MAR10735,Exchange/demand reactions,1.1,0
MAR10736,Exchange/demand reactions,1.1,0
MAR10737,Exchange/demand reactions,1.1,0
MAR10738,Exchange/demand reactions,1.1,0
MAR10739,Transport reactions,1.1,2
MAR10740,Transport reactions,1.1,2
MAR10741,Transport reactions,1.1,2
MAR10742,Transport reactions,1.1,2
MAR10743,Transport reactions,1.1,2
MAR10744,Transport reactions,1.1,2
MAR10745,Transport reactions,1.1,2
MAR10746,Transport reactions,1.1,2
MAR10747,Transport reactions,1.1,2
MAR10748,Transport reactions,1.1,2
MAR10749,Transport reactions,1.1,2
MAR10750,Transport reactions,1.1,2
MAR10751,Transport reactions,1.1,2
MAR10752,Transport reactions,1.1,2
MAR10753,Transport reactions,1.1,2
MAR10754,Transport reactions,1.1,2
MAR10755,Transport reactions,1.1,2
MAR10756,Transport reactions,1.1,2
MAR10757,Transport reactions,1.1,2
MAR10758,Transport reactions,1.1,2
MAR10759,Transport reactions,1.1,2
MAR10760,Transport reactions,1.1,2
MAR10761,Transport reactions,1.1,2
MAR10762,Transport reactions,1.1,2
MAR10763,Transport reactions,1.1,2
MAR10764,Transport reactions,1.1,2
MAR10765,Transport reactions,1.1,2
MAR10766,Transport reactions,1.1,2
MAR10767,Transport reactions,1.1,2
MAR10768,Transport reactions,1.1,2
MAR10769,Transport reactions,1.1,2
MAR10770,Transport reactions,1.1,2
MAR10771,Transport reactions,1.1,2
MAR10772,Transport reactions,1.1,2
MAR10773,Transport reactions,1.1,2
MAR10774,Transport reactions,1.1,2
MAR10775,Transport reactions,1.1,2
MAR10776,Transport reactions,1.1,2
MAR10777,Transport reactions,1.1,2
MAR10778,Transport reactions,1.1,2
MAR10779,Transport reactions,1.1,2
MAR10780,Transport reactions,1.1,2
MAR10781,Transport reactions,1.1,2
MAR10782,Transport reactions,1.1,2
MAR10783,Transport reactions,1.1,2
MAR10784,Transport reactions,1.1,2
MAR10785,Transport reactions,1.1,2
MAR10786,Transport reactions,1.1,2
MAR10787,Transport reactions,1.1,2
MAR10788,Transport reactions,1.1,2
MAR10789,Transport reactions,1.1,2
MAR10790,Transport reactions,1.1,2
MAR10791,Transport reactions,1.1,2
MAR10792,Transport reactions,1.1,2
MAR10793,Transport reactions,1.1,2
MAR10794,Transport reactions,1.1,2
MAR10795,Transport reactions,1.1,2
MAR10796,Transport reactions,1.1,2
MAR10797,Transport reactions,1.1,2
MAR10798,Transport reactions,1.1,2
MAR10799,Transport reactions,1.1,2
MAR10800,Transport reactions,1.1,2
MAR10801,Transport reactions,1.1,2
MAR10802,Transport reactions,1.1,2
MAR10803,Transport reactions,1.1,2
MAR10804,Transport reactions,1.1,2
MAR10805,Transport reactions,1.1,2
MAR10806,Transport reactions,1.1,2
MAR10807,Transport reactions,1.1,2
MAR10808,Transport reactions,1.1,2
MAR10809,Transport reactions,1.1,2
MAR10810,Transport reactions,1.1,2
MAR10811,Transport reactions,1.1,2
MAR10812,Transport reactions,1.1,2
MAR10813,Transport reactions,1.1,2
MAR10814,Transport reactions,1.1,2
MAR10815,Transport reactions,1.1,2
MAR10816,Transport reactions,1.1,2
MAR10817,Transport reactions,1.1,2
MAR10818,Transport reactions,1.1,2
MAR10819,Transport reactions,1.1,2
MAR10820,Transport reactions,1.1,2
MAR10821,Transport reactions,1.1,2
MAR10822,Transport reactions,1.1,2
MAR10823,Transport reactions,1.1,2
MAR10824,Transport reactions,1.1,2
MAR10825,Transport reactions,1.1,2
MAR10826,Transport reactions,1.1,2
MAR10827,Transport reactions,1.1,2
MAR10828,Transport reactions,1.1,2
MAR10829,Transport reactions,1.1,2
MAR10830,Transport reactions,1.1,2
MAR10831,Transport reactions,1.1,2
MAR10832,Transport reactions,1.1,2
MAR10833,Transport reactions,1.1,2
MAR10834,Transport reactions,1.1,2
MAR10835,Transport reactions,1.1,2
MAR10836,Transport reactions,1.1,2
MAR10837,Transport reactions,1.1,2
MAR10838,Transport reactions,1.1,2
MAR10839,Transport reactions,1.1,2
MAR10840,Transport reactions,1.1,2
MAR10841,Transport reactions,1.1,2
MAR10842,Transport reactions,1.1,2
MAR10843,Transport reactions,1.1,2
MAR10844,Transport reactions,1.1,2
MAR10845,Transport reactions,1.1,2
MAR10846,Transport reactions,1.1,2
MAR10847,Transport reactions,1.1,2
MAR10848,Transport reactions,1.1,2
MAR10849,Transport reactions,1.1,2
MAR10850,Transport reactions,1.1,2
MAR10851,Transport reactions,1.1,2
MAR10852,Transport reactions,1.1,2
MAR10853,Transport reactions,1.1,2
MAR10854,Transport reactions,1.1,2
MAR10855,Transport reactions,1.1,2
MAR10856,Transport reactions,1.1,2
MAR10857,Transport reactions,1.1,2
MAR10858,Transport reactions,1.1,2
MAR10859,Transport reactions,1.1,2
MAR10860,Transport reactions,1.1,2
MAR10861,Transport reactions,1.1,2
MAR10862,Transport reactions,1.1,2
MAR10863,Transport reactions,1.1,2
MAR10864,Transport reactions,1.1,2
MAR10865,Transport reactions,1.1,2
MAR10866,Transport reactions,1.1,2
MAR10867,Transport reactions,1.1,2
MAR10868,Transport reactions,1.1,2
MAR10869,Transport reactions,1.1,2
MAR10870,Transport reactions,1.1,2
MAR10871,Transport reactions,1.1,2
MAR10872,Transport reactions,1.1,2
MAR10873,Transport reactions,1.1,2
MAR10874,Transport reactions,1.1,2
MAR10875,Transport reactions,1.1,2
MAR10876,Transport reactions,1.1,2
MAR10877,Transport reactions,1.1,2
MAR10878,Transport reactions,1.1,2
MAR10879,Transport reactions,1.1,2
MAR10880,Transport reactions,1.1,2
MAR10881,Transport reactions,1.1,2
MAR10882,Transport reactions,1.1,2
MAR10883,Transport reactions,1.1,2
MAR10884,Transport reactions,1.1,2
MAR10885,Transport reactions,1.1,2
MAR10886,Transport reactions,1.1,2
MAR10887,Transport reactions,1.1,2
MAR10888,Transport reactions,1.1,2
MAR10889,Transport reactions,1.1,2
MAR10890,Transport reactions,1.1,2
MAR10891,Transport reactions,1.1,2
MAR10892,Transport reactions,1.1,2
MAR10893,Transport reactions,1.1,2
MAR10894,Transport reactions,1.1,2
MAR10895,Transport reactions,1.1,2
MAR10896,Transport reactions,1.1,2
MAR10897,Transport reactions,1.1,2
MAR10898,Transport reactions,1.1,2
MAR10899,Transport reactions,1.1,2
MAR10900,Transport reactions,1.1,2
MAR10901,Transport reactions,1.1,2
MAR10902,Transport reactions,1.1,2
MAR10903,Transport reactions,1.1,2
MAR10904,Transport reactions,1.1,2
MAR10905,Transport reactions,1.1,2
MAR10906,Transport reactions,1.1,2
MAR10907,Transport reactions,1.1,2
MAR10908,Transport reactions,1.1,2
MAR10909,Transport reactions,1.1,2
MAR10910,Transport reactions,1.1,2
MAR10911,Transport reactions,1.1,2
MAR10912,Transport reactions,1.1,2
MAR10913,Transport reactions,1.1,2
MAR10914,Transport reactions,1.1,2
MAR10915,Transport reactions,1.1,2
MAR10916,Transport reactions,1.1,2
MAR10917,Transport reactions,1.1,2
MAR10918,Transport reactions,1.1,2
MAR10919,Transport reactions,1.1,2
MAR10920,Transport reactions,1.1,2
MAR10921,Transport reactions,1.1,2
MAR10922,Transport reactions,1.1,2
MAR10923,Transport reactions,1.1,2
MAR10924,Transport reactions,1.1,2
MAR10925,Transport reactions,1.1,2
MAR10926,Transport reactions,1.1,2
MAR10927,Transport reactions,1.1,2
MAR10928,Transport reactions,1.1,2
MAR10929,Transport reactions,1.1,2
MAR10930,Transport reactions,1.1,2
MAR10931,Transport reactions,1.1,2
MAR10932,Transport reactions,1.1,2
MAR10933,Transport reactions,1.1,2
MAR10934,Transport reactions,1.1,2
MAR10935,Transport reactions,1.1,2
MAR10936,Transport reactions,1.1,2
MAR10937,Transport reactions,1.1,2
MAR10938,Transport reactions,1.1,2
MAR10939,Transport reactions,1.1,2
MAR10940,Transport reactions,1.1,2
MAR10941,Transport reactions,1.1,2
MAR10942,Transport reactions,1.1,2
MAR10943,Transport reactions,1.1,2
MAR10944,Transport reactions,1.1,2
MAR10945,Transport reactions,1.1,2
MAR10946,Transport reactions,1.1,2
MAR10947,Transport reactions,1.1,2
MAR10948,Transport reactions,1.1,2
MAR10949,Transport reactions,1.1,2
MAR10950,Transport reactions,1.1,2
MAR10951,Transport reactions,1.1,2
MAR10952,Transport reactions,1.1,2
MAR10953,Transport reactions,1.1,2
MAR10954,Transport reactions,1.1,2
MAR10955,Transport reactions,1.1,2
MAR10956,Transport reactions,1.1,2
MAR10957,Transport reactions,1.1,2
MAR10958,Transport reactions,1.1,2
MAR10959,Transport reactions,1.1,2
MAR10960,Transport reactions,1.1,2
MAR10961,Transport reactions,1.1,2
MAR10962,Transport reactions,1.1,2
MAR10963,Transport reactions,1.1,2
MAR10964,Transport reactions,1.1,2
MAR10965,Transport reactions,1.1,2
MAR10966,Transport reactions,1.1,2
MAR10967,Transport reactions,1.1,2
MAR10968,Transport reactions,1.1,2
MAR10969,Transport reactions,1.1,2
MAR10970,Transport reactions,1.1,2
MAR10971,Transport reactions,1.1,2
MAR10972,Transport reactions,1.1,2
MAR10973,Transport reactions,1.1,2
MAR10974,Transport reactions,1.1,2
MAR10975,Transport reactions,1.1,2
MAR10976,Transport reactions,1.1,2
MAR10977,Transport reactions,1.1,2
MAR10978,Transport reactions,1.1,2
MAR10979,Transport reactions,1.1,2
MAR10980,Transport reactions,1.1,2
MAR10981,Peptide metabolism,1.1,0
MAR10982,Peptide metabolism,1.1,0
MAR10983,Peptide metabolism,1.1,0
MAR10984,Peptide metabolism,1.1,0
MAR10985,Peptide metabolism,1.1,0
MAR10986,Peptide metabolism,1.1,0
MAR10987,Peptide metabolism,1.1,0
MAR10988,Peptide metabolism,1.1,0
MAR10989,Peptide metabolism,1.1,0
MAR10990,Peptide metabolism,1.1,0
MAR10991,Peptide metabolism,1.1,0
MAR10992,Peptide metabolism,1.1,0
MAR10993,Peptide metabolism,1.1,0
MAR10994,Peptide metabolism,1.1,0
MAR10995,Peptide metabolism,1.1,0
MAR10996,Peptide metabolism,1.1,0
MAR10997,Peptide metabolism,1.1,0
MAR10998,Peptide metabolism,1.1,0
MAR10999,Peptide metabolism,1.1,0
MAR11000,Peptide metabolism,1.1,0
MAR11001,Peptide metabolism,1.1,0
MAR11002,Peptide metabolism,1.1,0
MAR11003,Peptide metabolism,1.1,0
MAR11004,Peptide metabolism,1.1,0
MAR11005,Peptide metabolism,1.1,0
MAR11006,Peptide metabolism,1.1,0
MAR11007,Peptide metabolism,1.1,0
MAR11008,Peptide metabolism,1.1,0
MAR11009,Peptide metabolism,1.1,0
MAR11010,Peptide metabolism,1.1,0
MAR11011,Peptide metabolism,1.1,0
MAR11012,Peptide metabolism,1.1,0
MAR11013,Peptide metabolism,1.1,0
MAR11014,Peptide metabolism,1.1,0
MAR11015,Peptide metabolism,1.1,0
MAR11016,Peptide metabolism,1.1,0
MAR11017,Peptide metabolism,1.1,0
MAR11018,Peptide metabolism,1.1,0
MAR11019,Peptide metabolism,1.1,0
MAR11020,Peptide metabolism,1.1,0
MAR11021,Peptide metabolism,1.1,0
MAR11022,Peptide metabolism,1.1,0
MAR11023,Peptide metabolism,1.1,0
MAR11024,Peptide metabolism,1.1,0
MAR11025,Peptide metabolism,1.1,0
MAR11026,Peptide metabolism,1.1,0
MAR11027,Peptide metabolism,1.1,0
MAR11028,Peptide metabolism,1.1,0
MAR11029,Peptide metabolism,1.1,0
MAR11030,Peptide metabolism,1.1,0
MAR11031,Peptide metabolism,1.1,0
MAR11032,Peptide metabolism,1.1,0
MAR11033,Peptide metabolism,1.1,0
MAR11034,Peptide metabolism,1.1,0
MAR11035,Peptide metabolism,1.1,0
MAR11036,Peptide metabolism,1.1,0
MAR11037,Peptide metabolism,1.1,0
MAR11038,Peptide metabolism,1.1,0
MAR11039,Peptide metabolism,1.1,0
MAR11040,Peptide metabolism,1.1,0
MAR11041,Peptide metabolism,1.1,0
MAR11042,Peptide metabolism,1.1,0
MAR11043,Peptide metabolism,1.1,0
MAR11044,Peptide metabolism,1.1,0
MAR11045,Peptide metabolism,1.1,0
MAR11046,Peptide metabolism,1.1,0
MAR11047,Peptide metabolism,1.1,0
MAR11048,Peptide metabolism,1.1,0
MAR11049,Peptide metabolism,1.1,0
MAR11050,Peptide metabolism,1.1,0
MAR11051,Peptide metabolism,1.1,0
MAR11052,Peptide metabolism,1.1,0
MAR11053,Peptide metabolism,1.1,0
MAR11054,Peptide metabolism,1.1,0
MAR11055,Peptide metabolism,1.1,0
MAR11056,Peptide metabolism,1.1,0
MAR11057,Peptide metabolism,1.1,0
MAR11058,Peptide metabolism,1.1,0
MAR11059,Peptide metabolism,1.1,0
MAR11060,Peptide metabolism,1.1,0
MAR11061,Peptide metabolism,1.1,0
MAR11062,Peptide metabolism,1.1,0
MAR11063,Peptide metabolism,1.1,0
MAR11064,Peptide metabolism,1.1,0
MAR11065,Peptide metabolism,1.1,0
MAR11066,Peptide metabolism,1.1,0
MAR11067,Peptide metabolism,1.1,0
MAR11068,Peptide metabolism,1.1,0
MAR11069,Peptide metabolism,1.1,0
MAR11070,Peptide metabolism,1.1,0
MAR11071,Peptide metabolism,1.1,0
MAR11072,Peptide metabolism,1.1,0
MAR11073,Peptide metabolism,1.1,0
MAR11074,Peptide metabolism,1.1,0
MAR11075,Peptide metabolism,1.1,0
MAR11076,Peptide metabolism,1.1,0
MAR11077,Peptide metabolism,1.1,0
MAR11078,Peptide metabolism,1.1,0
MAR11079,Peptide metabolism,1.1,0
MAR11080,Peptide metabolism,1.1,0
MAR11081,Peptide metabolism,1.1,0
MAR11082,Peptide metabolism,1.1,0
MAR11083,Peptide metabolism,1.1,0
MAR11084,Peptide metabolism,1.1,0
MAR11085,Peptide metabolism,1.1,0
MAR11086,Peptide metabolism,1.1,0
MAR11087,Peptide metabolism,1.1,0
MAR11088,Peptide metabolism,1.1,0
MAR11089,Peptide metabolism,1.1,0
MAR11090,Peptide metabolism,1.1,0
MAR11091,Peptide metabolism,1.1,0
MAR11092,Peptide metabolism,1.1,0
MAR11093,Peptide metabolism,1.1,0
MAR11094,Peptide metabolism,1.1,0
MAR11095,Peptide metabolism,1.1,0
MAR11096,Peptide metabolism,1.1,0
MAR11097,Peptide metabolism,1.1,0
MAR11098,Peptide metabolism,1.1,0
MAR11099,Peptide metabolism,1.1,0
MAR11100,Peptide metabolism,1.1,0
MAR11101,Peptide metabolism,1.1,0
MAR11102,Peptide metabolism,1.1,0
MAR11103,Peptide metabolism,1.1,0
MAR11104,Peptide metabolism,1.1,0
MAR11105,Peptide metabolism,1.1,0
MAR11106,Peptide metabolism,1.1,0
MAR11107,Peptide metabolism,1.1,0
MAR11108,Peptide metabolism,1.1,0
MAR11109,Peptide metabolism,1.1,0
MAR11110,Peptide metabolism,1.1,0
MAR11111,Peptide metabolism,1.1,0
MAR11112,Peptide metabolism,1.1,0
MAR11113,Peptide metabolism,1.1,0
MAR11114,Peptide metabolism,1.1,0
MAR11115,Peptide metabolism,1.1,0
MAR11116,Peptide metabolism,1.1,0
MAR11117,Peptide metabolism,1.1,0
MAR11118,Peptide metabolism,1.1,0
MAR11119,Peptide metabolism,1.1,0
MAR11120,Peptide metabolism,1.1,0
MAR11121,Peptide metabolism,1.1,0
MAR11122,Peptide metabolism,1.1,0
MAR11123,Peptide metabolism,1.1,0
MAR11124,Peptide metabolism,1.1,0
MAR11125,Peptide metabolism,1.1,0
MAR11126,Peptide metabolism,1.1,0
MAR11127,Peptide metabolism,1.1,0
MAR11128,Peptide metabolism,1.1,0
MAR11129,Peptide metabolism,1.1,0
MAR11130,Peptide metabolism,1.1,0
MAR11131,Peptide metabolism,1.1,0
MAR11132,Peptide metabolism,1.1,0
MAR11133,Peptide metabolism,1.1,0
MAR11134,Peptide metabolism,1.1,0
MAR11135,Peptide metabolism,1.1,0
MAR11136,Peptide metabolism,1.1,0
MAR11137,Peptide metabolism,1.1,0
MAR11138,Peptide metabolism,1.1,0
MAR11139,Peptide metabolism,1.1,0
MAR11140,Peptide metabolism,1.1,0
MAR11141,Peptide metabolism,1.1,0
MAR11142,Peptide metabolism,1.1,0
MAR11143,Peptide metabolism,1.1,0
MAR11144,Peptide metabolism,1.1,0
MAR11145,Peptide metabolism,1.1,0
MAR11146,Peptide metabolism,1.1,0
MAR11147,Peptide metabolism,1.1,0
MAR11148,Peptide metabolism,1.1,0
MAR11149,Peptide metabolism,1.1,0
MAR11150,Peptide metabolism,1.1,0
MAR11151,Peptide metabolism,1.1,0
MAR11152,Peptide metabolism,1.1,0
MAR11153,Peptide metabolism,1.1,0
MAR11154,Peptide metabolism,1.1,0
MAR11155,Peptide metabolism,1.1,0
MAR11156,Peptide metabolism,1.1,0
MAR11157,Peptide metabolism,1.1,0
MAR11158,Peptide metabolism,1.1,0
MAR11159,Peptide metabolism,1.1,0
MAR11160,Peptide metabolism,1.1,0
MAR11161,Peptide metabolism,1.1,0
MAR11162,Peptide metabolism,1.1,0
MAR11163,Peptide metabolism,1.1,0
MAR11164,Peptide metabolism,1.1,0
MAR11165,Peptide metabolism,1.1,0
MAR11166,Peptide metabolism,1.1,0
MAR11167,Peptide metabolism,1.1,0
MAR11168,Peptide metabolism,1.1,0
MAR11169,Peptide metabolism,1.1,0
MAR11170,Peptide metabolism,1.1,0
MAR11171,Peptide metabolism,1.1,0
MAR11172,Peptide metabolism,1.1,0
MAR11173,Peptide metabolism,1.1,0
MAR11174,Peptide metabolism,1.1,0
MAR11175,Peptide metabolism,1.1,0
MAR11176,Peptide metabolism,1.1,0
MAR11177,Peptide metabolism,1.1,0
MAR11178,Peptide metabolism,1.1,0
MAR11179,Peptide metabolism,1.1,0
MAR11180,Peptide metabolism,1.1,0
MAR11181,Peptide metabolism,1.1,0
MAR11182,Peptide metabolism,1.1,0
MAR11183,Peptide metabolism,1.1,0
MAR11184,Peptide metabolism,1.1,0
MAR11185,Peptide metabolism,1.1,0
MAR11186,Peptide metabolism,1.1,0
MAR11187,Peptide metabolism,1.1,0
MAR11188,Peptide metabolism,1.1,0
MAR11189,Peptide metabolism,1.1,0
MAR11190,Peptide metabolism,1.1,0
MAR11191,Peptide metabolism,1.1,0
MAR11192,Peptide metabolism,1.1,0
MAR11193,Peptide metabolism,1.1,0
MAR11194,Peptide metabolism,1.1,0
MAR11195,Peptide metabolism,1.1,0
MAR11196,Peptide metabolism,1.1,0
MAR11197,Peptide metabolism,1.1,0
MAR11198,Peptide metabolism,1.1,0
MAR11199,Peptide metabolism,1.1,0
MAR11200,Peptide metabolism,1.1,0
MAR11201,Peptide metabolism,1.1,0
MAR11202,Peptide metabolism,1.1,0
MAR11203,Peptide metabolism,1.1,0
MAR11204,Peptide metabolism,1.1,0
MAR11205,Peptide metabolism,1.1,0
MAR11206,Peptide metabolism,1.1,0
MAR11207,Peptide metabolism,1.1,0
MAR11208,Peptide metabolism,1.1,0
MAR11209,Peptide metabolism,1.1,0
MAR11210,Peptide metabolism,1.1,0
MAR11211,Peptide metabolism,1.1,0
MAR11212,Peptide metabolism,1.1,0
MAR11213,Peptide metabolism,1.1,0
MAR11214,Peptide metabolism,1.1,0
MAR11215,Peptide metabolism,1.1,0
MAR11216,Peptide metabolism,1.1,0
MAR11217,Peptide metabolism,1.1,0
MAR11218,Peptide metabolism,1.1,0
MAR11219,Peptide metabolism,1.1,0
MAR11220,Peptide metabolism,1.1,0
MAR11221,Peptide metabolism,1.1,0
MAR11222,Peptide metabolism,1.1,0
MAR11223,Transport reactions,1.1,1
MAR11224,Tyrosine metabolism,1.1,0
MAR11225,Tyrosine metabolism,1.1,0
MAR11226,Transport reactions,1.1,0
MAR11227,Transport reactions,1.1,0
MAR11228,Transport reactions,1.1,0
MAR11229,Transport reactions,1.1,0
MAR11230,Transport reactions,1.1,0
MAR11231,Transport reactions,1.1,0
MAR11232,Transport reactions,1.1,0
MAR11233,Transport reactions,1.1,0
MAR11234,Transport reactions,1.1,0
MAR11235,Transport reactions,1.1,0
MAR11236,Transport reactions,1.1,0
MAR11237,Transport reactions,1.1,0
MAR11238,Transport reactions,1.1,0
MAR11239,Transport reactions,1.1,0
MAR11240,Transport reactions,1.1,0
MAR11241,Transport reactions,1.1,0
MAR11242,Transport reactions,1.1,0
MAR11243,Transport reactions,1.1,0
MAR11244,Transport reactions,1.1,0
MAR11245,Transport reactions,1.1,0
MAR11246,Transport reactions,1.1,0
MAR11247,Transport reactions,1.1,0
MAR11248,Transport reactions,1.1,0
MAR11249,Transport reactions,1.1,0
MAR11250,Transport reactions,1.1,0
MAR11251,Transport reactions,1.1,0
MAR11252,Transport reactions,1.1,0
MAR11253,Transport reactions,1.1,0
MAR11254,Transport reactions,1.1,0
MAR11255,Transport reactions,1.1,0
MAR11256,Transport reactions,1.1,0
MAR11257,Transport reactions,1.1,0
MAR11258,Transport reactions,1.1,0
MAR11259,Transport reactions,1.1,0
MAR11260,Transport reactions,1.1,0
MAR11261,Transport reactions,1.1,0
MAR11262,Transport reactions,1.1,0
MAR11263,Transport reactions,1.1,0
MAR11264,Transport reactions,1.1,0
MAR11265,Transport reactions,1.1,0
MAR11266,Transport reactions,1.1,0
MAR11267,Transport reactions,1.1,0
MAR11268,Transport reactions,1.1,0
MAR11270,Transport reactions,1.1,0
MAR11271,Transport reactions,1.1,0
MAR11272,Transport reactions,1.1,0
MAR11274,Transport reactions,1.1,0
MAR11276,Transport reactions,1.1,0
MAR11277,Transport reactions,1.1,0
MAR11278,Transport reactions,1.1,0
MAR11279,Transport reactions,1.1,0
MAR11280,Transport reactions,1.1,0
MAR11281,Exchange/demand reactions,1.1,0
MAR11282,Transport reactions,1.1,0
MAR11283,Transport reactions,1.1,0
MAR11284,Transport reactions,1.1,0
MAR11285,Transport reactions,1.1,0
MAR11286,Transport reactions,1.1,0
MAR11287,Transport reactions,1.1,0
MAR11288,Transport reactions,1.1,0
MAR11289,Transport reactions,1.1,0
MAR11290,Transport reactions,1.1,0
MAR11291,Transport reactions,1.1,0
MAR11294,Fatty acid oxidation,1.1,1
MAR11295,Phenylalanine metabolism,1.1,0
MAR11296,Transport reactions,1.1,0
MAR11297,Transport reactions,1.1,0
MAR11298,Transport reactions,1.1,0
MAR11299,Cysteine and methionine metabolism,1.1,0
MAR11300,Transport reactions,1.1,0
MAR11301,Exchange/demand reactions,1.1,0
MAR11302,Transport reactions,1.1,0
MAR11303,Transport reactions,1.1,0
MAR11304,Transport reactions,1.1,0
MAR11305,Fatty acid biosynthesis,1.1,0
MAR11306,Transport reactions,1.1,0
MAR11307,Transport reactions,1.8088864931063127,2
MAR11308,Transport reactions,1.1,0
MAR11309,Miscellaneous,1.1,0
MAR11311,Transport reactions,1.1,0
MAR11312,Transport reactions,1.1,0
MAR11313,Transport reactions,1.1,0
MAR11314,Transport reactions,1.1,0
MAR11315,Transport reactions,1.1,0
MAR11316,Porphyrin metabolism,1.1,0
MAR11317,Transport reactions,1.1,0
MAR11318,Transport reactions,1.1,0
MAR11319,Transport reactions,1.1,0
MAR11320,Transport reactions,1.1,0
MAR11321,Heme degradation,1.1,0
MAR11322,Transport reactions,1.1,0
MAR11323,Transport reactions,1.1,0
MAR11324,Transport reactions,1.1,0
MAR11325,Transport reactions,1.1,0
MAR11326,Transport reactions,1.1,0
MAR11327,Transport reactions,1.1,0
MAR11328,Transport reactions,1.1,0
MAR11329,Transport reactions,1.1,0
MAR11330,Transport reactions,1.1,0
MAR11331,Transport reactions,1.1,0
MAR11332,Transport reactions,1.1,0
MAR11333,Transport reactions,1.1,0
MAR11334,Transport reactions,1.1,0
MAR11335,Transport reactions,1.1,0
MAR11336,Exchange/demand reactions,1.1,0
MAR11337,Exchange/demand reactions,1.1,0
MAR11338,Exchange/demand reactions,1.1,0
MAR11339,Exchange/demand reactions,1.1,0
MAR11340,Exchange/demand reactions,1.1,0
MAR11341,Exchange/demand reactions,1.1,0
MAR11342,Exchange/demand reactions,1.1,0
MAR11343,Exchange/demand reactions,1.1,0
MAR11344,Exchange/demand reactions,1.1,0
MAR11345,Exchange/demand reactions,1.1,0
MAR11346,Transport reactions,1.1,0
MAR11347,Exchange/demand reactions,1.1,0
MAR11348,Exchange/demand reactions,1.1,0
MAR11349,Exchange/demand reactions,1.1,0
MAR11350,Exchange/demand reactions,1.1,0
MAR11351,Exchange/demand reactions,1.1,0
MAR11352,Exchange/demand reactions,1.1,0
MAR11353,Exchange/demand reactions,1.1,0
MAR11354,Transport reactions,1.1,0
MAR11355,Transport reactions,1.1,0
MAR11356,Transport reactions,1.1,0
MAR11357,Transport reactions,1.1,0
MAR11358,Transport reactions,1.1,0
MAR11359,Transport reactions,1.1,0
MAR11360,Transport reactions,1.1,0
MAR11361,Transport reactions,1.1,0
MAR11362,Transport reactions,1.1,0
MAR11363,Transport reactions,1.1,0
MAR11364,Transport reactions,1.1,0
MAR11365,Transport reactions,1.1,0
MAR11366,Transport reactions,1.1,0
MAR11367,Transport reactions,1.1,0
MAR11368,Steroid metabolism,1.1,0
MAR11369,Steroid metabolism,1.1,0
MAR11370,Transport reactions,1.1,0
MAR11371,Transport reactions,1.1,0
MAR11372,Transport reactions,1.1,0
MAR11373,Exchange/demand reactions,1.1,0
MAR11374,Transport reactions,1.1,3
MAR11375,Transport reactions,1.1,1
MAR11376,Exchange/demand reactions,1.1,0
MAR11377,Transport reactions,1.1,3
MAR11378,Transport reactions,1.1,1
MAR11379,Exchange/demand reactions,1.1,0
MAR11380,Transport reactions,1.1,3
MAR11381,Transport reactions,1.1,1
MAR11382,Exchange/demand reactions,1.1,0
MAR11383,Transport reactions,1.1,3
MAR11384,Transport reactions,1.1,1
MAR11385,Exchange/demand reactions,1.1,0
MAR11386,Transport reactions,1.1,3
MAR11387,Exchange/demand reactions,1.1,0
MAR11388,Transport reactions,1.1,3
MAR11389,Transport reactions,1.1,1
MAR11390,Exchange/demand reactions,1.1,0
MAR11391,Exchange/demand reactions,1.1,0
MAR11392,Exchange/demand reactions,1.1,0
MAR11393,Exchange/demand reactions,1.1,0
MAR11394,Propanoate metabolism,1.1,1
MAR11395,Transport reactions,1.1,2
MAR11396,Transport reactions,1.1,1
MAR11397,Transport reactions,1.1,1
MAR11398,Pyrimidine metabolism,1.1,0
MAR11399,Arginine and proline metabolism,1.1,1
MAR11400,Exchange/demand reactions,1.1,0
MAR11401,Exchange/demand reactions,1.1,0
MAR11402,Exchange/demand reactions,1.1,0
MAR11403,Exchange/demand reactions,1.1,0
MAR11404,Exchange/demand reactions,1.1,0
MAR11405,Exchange/demand reactions,1.1,0
MAR11406,Porphyrin metabolism,1.1,0
MAR11407,Vitamin B2 metabolism,1.1,1
MAR11408,Cholesterol metabolism,1.3658999596582244,1
MAR11409,N-glycan metabolism,1.1,0
MAR11410,Transport reactions,1.3149588414300697,1
MAR11411,Transport reactions,1.3973293058118903,2
MAR11412,Transport reactions,1.1,1
MAR11413,Pentose phosphate pathway,1.1,0
MAR11414,Transport reactions,0.8355837850425133,1
MAR11415,Transport reactions,1.1,1
MAR11416,Pantothenate and CoA metabolism,0.5282351633407009,1
MAR11417,Transport reactions,1.1,1
MAR11418,Transport reactions,1.1,1
MAR11419,Exchange/demand reactions,1.1,0
MAR11420,Exchange/demand reactions,1.1,0
MAR11422,Exchange/demand reactions,1.1,0
MAR11423,Exchange/demand reactions,1.1,0
MAR11424,Exchange/demand reactions,1.1,0
MAR11425,Exchange/demand reactions,1.1,0
MAR11426,Exchange/demand reactions,1.1,0
MAR11427,Exchange/demand reactions,1.1,0
MAR11428,Exchange/demand reactions,1.1,0
MAR11429,Propanoate metabolism,1.1,0
MAR11430,Miscellaneous,1.5507949883086078,1
MAR11431,Exchange/demand reactions,1.1,0
MAR11432,Exchange/demand reactions,1.1,0
MAR11433,Transport reactions,1.1,2
MAR11434,Exchange/demand reactions,1.1,0
MAR11435,Transport reactions,1.1,0
MAR11436,Exchange/demand reactions,1.1,0
MAR11437,Exchange/demand reactions,1.1,0
MAR11438,Exchange/demand reactions,1.1,0
MAR11439,Exchange/demand reactions,1.1,0
MAR11440,Exchange/demand reactions,1.1,0
MAR11441,Exchange/demand reactions,1.1,0
MAR11442,Transport reactions,1.1,3
MAR11443,Transport reactions,0.9832626362032458,2
MAR11444,Transport reactions,1.1,0
MAR11445,Transport reactions,1.1,0
MAR11446,Exchange/demand reactions,1.1,0
MAR11447,Transport reactions,1.1,0
MAR11448,Exchange/demand reactions,1.1,0
MAR11449,Transport reactions,1.1,0
MAR11450,Transport reactions,1.1,1
MAR11451,Exchange/demand reactions,1.1,0
MAR11452,Transport reactions,1.1,0
MAR11453,Transport reactions,1.1,1
MAR11454,Exchange/demand reactions,1.1,0
MAR11455,Transport reactions,1.1,0
MAR11456,Transport reactions,1.1,1
MAR11457,Exchange/demand reactions,1.1,0
MAR11458,Tyrosine metabolism,1.1,0
MAR11459,Transport reactions,1.1,0
MAR11460,Transport reactions,1.1,0
MAR11461,Exchange/demand reactions,1.1,0
MAR11462,Tyrosine metabolism,1.1,0
MAR11463,Tyrosine metabolism,1.1,0
MAR11464,Tyrosine metabolism,1.1,0
MAR11465,Transport reactions,1.1,0
MAR11466,Exchange/demand reactions,1.1,0
MAR11467,Tyrosine metabolism,1.1,2
MAR11468,Tyrosine metabolism,1.1,0
MAR11469,Transport reactions,1.1,0
MAR11470,Tyrosine metabolism,1.1,0
MAR11471,Transport reactions,1.1,0
MAR11472,Transport reactions,1.1,0
MAR11473,Transport reactions,1.1,0
MAR11474,Exchange/demand reactions,1.1,0
MAR11475,Exchange/demand reactions,1.1,0
MAR11476,"Valine, leucine, and isoleucine metabolism",1.1,6
MAR11477,Transport reactions,1.1,0
MAR11478,Exchange/demand reactions,1.1,0
MAR11479,"Valine, leucine, and isoleucine metabolism",1.1,6
MAR11480,Transport reactions,1.1,0
MAR11481,Exchange/demand reactions,1.1,0
MAR11482,"Valine, leucine, and isoleucine metabolism",1.1,0
MAR11483,Transport reactions,1.1,0
MAR11484,Transport reactions,1.1,0
MAR11485,Exchange/demand reactions,1.1,0
MAR11486,Propanoate metabolism,0.8993885206723214,1
MAR11487,Propanoate metabolism,1.1,0
MAR11488,Transport reactions,1.1,0
MAR11489,Propanoate metabolism,1.1,0
MAR11490,Transport reactions,1.1,0
MAR11491,Exchange/demand reactions,1.1,0
MAR11492,"Valine, leucine, and isoleucine metabolism",1.1,0
MAR11493,Transport reactions,1.1,0
MAR11494,Exchange/demand reactions,1.1,0
MAR11495,"Valine, leucine, and isoleucine metabolism",1.1,0
MAR11496,Transport reactions,1.1,0
MAR11497,Transport reactions,1.1,0
MAR11498,Exchange/demand reactions,1.1,0
MAR11499,"Valine, leucine, and isoleucine metabolism",1.1,0
MAR11500,Transport reactions,1.1,0
MAR11501,Exchange/demand reactions,1.1,0
MAR11502,"Glycine, serine and threonine metabolism",3.6042878221315937,1
MAR11503,Transport reactions,1.1,0
MAR11504,Transport reactions,1.1,0
MAR11505,Exchange/demand reactions,1.1,0
MAR11506,Cholesterol metabolism,1.1,0
MAR11507,Transport reactions,1.1,0
MAR11508,Exchange/demand reactions,1.1,0
MAR11509,"Glycine, serine and threonine metabolism",3.6042878221315937,1
MAR11510,Transport reactions,1.1,0
MAR11511,Transport reactions,1.1,0
MAR11512,Exchange/demand reactions,1.1,0
MAR11513,Lysine metabolism,1.1,0
MAR11514,Lysine metabolism,0.9823706632276948,1
MAR11515,Lysine metabolism,1.1,0
MAR11516,Transport reactions,1.1,0
MAR11517,Transport reactions,1.1,0
MAR11518,Transport reactions,1.1,1
MAR11519,Exchange/demand reactions,1.1,0
MAR11520,Lysine metabolism,1.1,0
MAR11521,Lysine metabolism,1.1,0
MAR11522,Transport reactions,1.1,0
MAR11523,Transport reactions,1.1,0
MAR11524,Exchange/demand reactions,1.1,0
MAR11525,"Valine, leucine, and isoleucine metabolism",1.1,0
MAR11526,Transport reactions,1.1,0
MAR11527,Transport reactions,1.1,0
MAR11528,Exchange/demand reactions,1.1,0
MAR11529,Fatty acid oxidation,1.1,3
MAR11530,Fatty acid oxidation,1.1,0
MAR11531,Transport reactions,1.1,0
MAR11532,Transport reactions,1.1,0
MAR11533,Exchange/demand reactions,1.1,0
MAR11534,Fatty acid oxidation,1.1,3
MAR11535,Fatty acid oxidation,1.1,0
MAR11536,Transport reactions,1.1,0
MAR11537,Transport reactions,1.1,0
MAR11538,Exchange/demand reactions,1.1,0
MAR11539,Fatty acid oxidation,1.1,3
MAR11540,Fatty acid oxidation,1.1,0
MAR11541,Transport reactions,1.1,0
MAR11542,Transport reactions,1.1,0
MAR11543,Exchange/demand reactions,1.1,0
MAR11544,Fatty acid oxidation,1.5175365145798996,1
MAR11545,Fatty acid oxidation,1.1,0
MAR11546,Transport reactions,1.1,0
MAR11547,Exchange/demand reactions,1.1,0
MAR11548,Fatty acid oxidation,1.1,0
MAR11549,Transport reactions,1.1,0
MAR11550,Exchange/demand reactions,1.1,0
MAR11551,Fatty acid oxidation,1.1,0
MAR11552,Fatty acid oxidation,1.1,0
MAR11553,Transport reactions,1.1,0
MAR11554,Exchange/demand reactions,1.1,0
MAR11555,"Glycine, serine and threonine metabolism",3.6042878221315937,1
MAR11556,Transport reactions,1.1,0
MAR11557,Exchange/demand reactions,1.1,0
MAR11558,Fatty acid oxidation,1.1,0
MAR11559,Fatty acid oxidation,1.1,0
MAR11560,Transport reactions,1.1,0
MAR11561,Exchange/demand reactions,1.1,0
MAR11562,"Glycine, serine and threonine metabolism",3.6042878221315937,1
MAR11563,Transport reactions,1.1,0
MAR11564,Exchange/demand reactions,1.1,0
MAR11565,"Alanine, aspartate and glutamate metabolism",1.1,0
MAR11566,Transport reactions,1.1,0
MAR11567,Transport reactions,1.1,0
MAR11568,Exchange/demand reactions,1.1,0
MAR11569,Transport reactions,1.1,0
MAR11570,Transport reactions,1.1,0
MAR11571,Transport reactions,1.1,0
MAR11572,Transport reactions,1.3934331731796539,5
MAR11573,Transport reactions,1.1,0
MAR11574,Transport reactions,1.1,0
MAR11575,Transport reactions,1.1,0
MAR11576,Transport reactions,1.1,0
MAR11577,Transport reactions,1.1,6
MAR11578,Transport reactions,1.1,6
MAR11579,Transport reactions,1.1,0
MAR11580,Transport reactions,1.1,0
MAR11581,Transport reactions,1.1,6
MAR11582,Transport reactions,1.3934331731796539,5
MAR11583,Transport reactions,1.1,0
MAR11584,Transport reactions,1.1,0
MAR11585,Transport reactions,1.1,0
MAR11586,Transport reactions,1.1,0
MAR11587,Transport reactions,1.3934331731796539,5
MAR11588,Transport reactions,1.3934331731796539,5
MAR11589,Transport reactions,1.3934331731796539,5
MAR11590,Transport reactions,1.3934331731796539,5
MAR11591,Transport reactions,1.3934331731796539,5
MAR11592,Transport reactions,1.3934331731796539,5
MAR11593,Transport reactions,1.3934331731796539,5
MAR11594,Transport reactions,1.3934331731796539,5
MAR11595,Transport reactions,1.3934331731796539,5
MAR11596,Transport reactions,1.3934331731796539,5
MAR11597,Transport reactions,1.3934331731796539,5
MAR11598,Transport reactions,1.3934331731796539,5
MAR11599,Transport reactions,1.3934331731796539,5
MAR11600,Transport reactions,1.3934331731796539,5
MAR11601,Transport reactions,1.3934331731796539,5
MAR11602,Transport reactions,1.3934331731796539,5
MAR11603,Transport reactions,1.3934331731796539,5
MAR11604,Transport reactions,1.3934331731796539,5
MAR11605,Transport reactions,1.3934331731796539,5
MAR11606,Transport reactions,1.3934331731796539,5
MAR11607,Transport reactions,1.3934331731796539,5
MAR11608,Transport reactions,1.3934331731796539,5
MAR11609,Transport reactions,1.3934331731796539,5
MAR11610,Transport reactions,1.3934331731796539,5
MAR11611,Transport reactions,1.3934331731796539,5
MAR11612,Transport reactions,1.3934331731796539,5
MAR11613,Transport reactions,1.1,2
MAR11614,Transport reactions,1.1,2
MAR11615,Transport reactions,1.1,2
MAR11616,Transport reactions,1.1,2
MAR11617,Transport reactions,1.1,2
MAR11618,Transport reactions,1.1,2
MAR11619,Transport reactions,1.1,2
MAR11620,Transport reactions,1.1,2
MAR11621,Transport reactions,1.1,2
MAR11622,Transport reactions,1.1,2
MAR11623,Transport reactions,1.1,2
MAR11624,Transport reactions,1.1,2
MAR11625,Transport reactions,1.1,2
MAR11626,Transport reactions,1.1,2
MAR11627,Transport reactions,1.3934331731796539,5
MAR11628,Transport reactions,1.1,2
MAR11629,Transport reactions,1.1,0
MAR11630,Transport reactions,1.1,0
MAR11631,Transport reactions,1.1,0
MAR11632,Transport reactions,1.1,0
MAR11633,Transport reactions,1.1,0
MAR11634,Transport reactions,1.1,0
MAR11635,Transport reactions,1.1,0
MAR11636,Transport reactions,1.1,0
MAR11637,Transport reactions,1.1,0
MAR11638,Transport reactions,1.1,0
MAR11639,Transport reactions,1.1,0
MAR11640,Transport reactions,1.1,0
MAR11641,Transport reactions,1.1,0
MAR11642,Transport reactions,1.1,0
MAR11643,Transport reactions,1.1,0
MAR11644,Transport reactions,1.1,0
MAR11645,Transport reactions,1.1,0
MAR11646,Transport reactions,1.1,0
MAR11647,Transport reactions,1.1,1
MAR11648,Transport reactions,1.1,2
MAR11653,Transport reactions,1.1,0
MAR11654,Transport reactions,1.1,0
MAR11655,Transport reactions,1.1,0
MAR11656,Transport reactions,1.1,0
MAR11657,Transport reactions,1.1,0
MAR11658,Transport reactions,1.1,0
MAR11659,Transport reactions,1.1,0
MAR11660,Transport reactions,1.1,0
MAR11661,Transport reactions,1.1,0
MAR11662,Transport reactions,1.1,0
MAR11663,Transport reactions,1.1,0
MAR11664,Transport reactions,1.1,0
MAR11665,Transport reactions,1.1,0
MAR11666,Transport reactions,1.1,0
MAR11667,Transport reactions,1.1,0
MAR11668,Transport reactions,1.1,0
MAR11669,Transport reactions,1.1,0
MAR11670,Transport reactions,1.1,0
MAR11671,Transport reactions,1.1,0
MAR11672,Transport reactions,1.1,0
MAR11673,Transport reactions,1.1,0
MAR11674,Transport reactions,1.1,0
MAR11675,Transport reactions,1.1,0
MAR11676,Transport reactions,1.1,0
MAR11677,Transport reactions,1.1,0
MAR11678,Transport reactions,1.1,0
MAR11679,Transport reactions,1.1,0
MAR11680,Transport reactions,1.1,0
MAR11681,Transport reactions,1.1,0
MAR11682,Transport reactions,1.1,0
MAR11683,Transport reactions,1.1,0
MAR11684,Transport reactions,1.1,0
MAR11685,Transport reactions,1.1,0
MAR11686,Transport reactions,1.1,0
MAR11687,Transport reactions,1.1,0
MAR11688,Transport reactions,1.1,0
MAR11689,Transport reactions,1.1,0
MAR11690,Transport reactions,1.1,0
MAR11691,Transport reactions,1.1,0
MAR11692,Transport reactions,1.1,0
MAR11693,Transport reactions,1.1,0
MAR11694,Transport reactions,1.1,0
MAR11695,Transport reactions,1.1,2
MAR11696,Transport reactions,1.1,2
MAR11698,Transport reactions,1.1,2
MAR11700,Transport reactions,1.1,2
MAR11702,Transport reactions,1.1,2
MAR11704,Transport reactions,1.1,2
MAR11706,Transport reactions,1.1,2
MAR11708,Transport reactions,1.1,2
MAR11710,Transport reactions,1.1,2
MAR11712,Transport reactions,1.1,2
MAR11714,Transport reactions,1.1,2
MAR11716,Transport reactions,1.1,2
MAR11718,Transport reactions,1.1,2
MAR11720,Transport reactions,1.1,2
MAR11722,Transport reactions,1.1,2
MAR11724,Transport reactions,1.1,2
MAR11726,Transport reactions,1.1,2
MAR11728,Transport reactions,1.1,0
MAR11730,Exchange/demand reactions,1.1,0
MAR11731,Transport reactions,1.1,1
MAR11732,Exchange/demand reactions,1.1,0
MAR11733,Transport reactions,1.1,0
MAR11734,Transport reactions,1.1,1
MAR11735,Transport reactions,1.1,0
MAR11736,Fatty acid oxidation,1.1574668749954389,4
MAR11737,Transport reactions,1.1,1
MAR11738,Transport reactions,1.1,0
MAR11739,Exchange/demand reactions,1.1,0
MAR11740,Fatty acid oxidation,1.1574668749954389,4
MAR11741,Transport reactions,1.1,1
MAR11742,Transport reactions,1.1,0
MAR11743,Exchange/demand reactions,1.1,0
MAR11744,Fatty acid oxidation,2.7753789570681757,1
MAR11745,Fatty acid oxidation,1.1574668749954389,4
MAR11746,Transport reactions,1.1,1
MAR11747,Transport reactions,1.1,0
MAR11748,Exchange/demand reactions,1.1,0
MAR11749,Fatty acid oxidation,1.1,4
MAR11750,Transport reactions,1.1,0
MAR11751,Exchange/demand reactions,1.1,0
MAR11752,Fatty acid oxidation,1.1574668749954389,4
MAR11753,Transport reactions,1.1,1
MAR11754,Transport reactions,1.1,0
MAR11755,Exchange/demand reactions,1.1,0
MAR11756,Transport reactions,1.1,1
MAR11757,Transport reactions,0.3397627512753525,1
MAR11758,Transport reactions,0.3397627512753525,1
MAR11759,Transport reactions,0.3397627512753525,1
MAR11760,Transport reactions,0.3397627512753525,1
MAR11761,Transport reactions,0.3397627512753525,1
MAR11762,Transport reactions,0.3397627512753525,1
MAR11763,Transport reactions,0.3397627512753525,1
MAR11764,Transport reactions,0.3397627512753525,1
MAR11765,Transport reactions,0.3397627512753525,1
MAR11766,Transport reactions,0.3397627512753525,1
MAR11767,Transport reactions,0.3397627512753525,1
MAR11768,Transport reactions,0.3397627512753525,1
MAR11769,Transport reactions,0.3397627512753525,1
MAR11770,Transport reactions,0.3397627512753525,1
MAR11771,Transport reactions,0.3397627512753525,1
MAR11772,Transport reactions,0.3397627512753525,1
MAR11773,Transport reactions,0.3397627512753525,1
MAR11774,Transport reactions,0.3397627512753525,1
MAR11775,Transport reactions,1.1,1
MAR11776,Transport reactions,1.1,1
MAR11777,Transport reactions,0.6150339029048325,1
MAR11778,Transport reactions,1.1,1
MAR11779,Transport reactions,1.1,1
MAR11780,Transport reactions,1.1,1
MAR11781,Transport reactions,1.1,1
MAR11782,Transport reactions,1.1,1
MAR11783,Transport reactions,1.1,1
MAR11784,Transport reactions,1.1,1
MAR11785,Transport reactions,1.1,1
MAR11786,Transport reactions,1.1,1
MAR11787,Transport reactions,1.1,1
MAR11788,Transport reactions,1.1,1
MAR11789,Transport reactions,1.1,1
MAR11790,Transport reactions,1.1,1
MAR11791,Transport reactions,1.2261570108008366,6
MAR11792,Transport reactions,1.1,2
MAR11793,Transport reactions,1.1,2
MAR11794,Transport reactions,1.1,2
MAR11795,Transport reactions,1.1,2
MAR11796,Transport reactions,1.1,2
MAR11797,Transport reactions,1.1,2
MAR11798,Transport reactions,1.1232643110503822,3
MAR11799,Transport reactions,1.1,2
MAR11800,Transport reactions,1.1,3
MAR11801,Transport reactions,1.1,2
MAR11802,Transport reactions,1.1,2
MAR11803,Transport reactions,1.1,2
MAR11804,Transport reactions,1.1,2
MAR11805,Transport reactions,1.1,1
MAR11806,Transport reactions,1.1,3
MAR11807,Transport reactions,1.1,3
MAR11808,Transport reactions,1.4784710324025099,2
MAR11809,Transport reactions,1.1,7
MAR11810,Transport reactions,1.1,2
MAR11811,Transport reactions,1.1,2
MAR11812,Transport reactions,1.1,2
MAR11813,Transport reactions,1.1,2
MAR11814,Transport reactions,1.1,2
MAR11815,Transport reactions,1.1,3
MAR11816,Transport reactions,1.1,0
MAR11817,Transport reactions,1.1,0
MAR11818,Exchange/demand reactions,1.1,0
MAR11819,Transport reactions,1.1,0
MAR11820,Transport reactions,1.1,0
MAR11821,Exchange/demand reactions,1.1,0
MAR11822,Transport reactions,1.1,0
MAR11823,Exchange/demand reactions,1.1,0
MAR11824,Transport reactions,1.1,0
MAR11825,Transport reactions,1.1,0
MAR11826,Transport reactions,1.1,0
MAR11827,Exchange/demand reactions,1.1,0
MAR11828,Transport reactions,1.1,0
MAR11829,Transport reactions,1.1,0
MAR11830,Exchange/demand reactions,1.1,0
MAR11831,Transport reactions,1.1,0
MAR11832,Transport reactions,1.1,0
MAR11833,Exchange/demand reactions,1.1,0
MAR11834,Transport reactions,1.1,0
MAR11835,Transport reactions,1.1,0
MAR11836,Exchange/demand reactions,1.1,0
MAR11837,Transport reactions,1.1,0
MAR11838,Transport reactions,1.1,0
MAR11839,Exchange/demand reactions,1.1,0
MAR11840,Transport reactions,1.1,0
MAR11841,Transport reactions,1.1,0
MAR11842,Exchange/demand reactions,1.1,0
MAR11843,Transport reactions,1.1,0
MAR11844,Transport reactions,1.1,0
MAR11845,Transport reactions,1.1,0
MAR11846,Transport reactions,1.1,0
MAR11847,Exchange/demand reactions,1.1,0
MAR11848,Exchange/demand reactions,1.1,0
MAR11849,Transport reactions,1.1,0
MAR11850,Exchange/demand reactions,1.1,0
MAR11851,Transport reactions,1.1,0
MAR11852,Exchange/demand reactions,1.1,0
MAR11853,Transport reactions,1.1,0
MAR11854,Transport reactions,1.1,0
MAR11855,Exchange/demand reactions,1.1,0
MAR11856,Exchange/demand reactions,1.1,0
MAR11857,Transport reactions,1.1,0
MAR11858,Exchange/demand reactions,1.1,0
MAR11859,Transport reactions,1.1,0
MAR11860,Exchange/demand reactions,1.1,0
MAR11861,Exchange/demand reactions,1.1,0
MAR11862,Exchange/demand reactions,1.1,0
MAR11863,Exchange/demand reactions,1.1,0
MAR11864,Exchange/demand reactions,1.1,0
MAR11865,Exchange/demand reactions,1.1,0
MAR11866,Exchange/demand reactions,1.1,0
MAR11867,Exchange/demand reactions,1.1,0
MAR11868,Exchange/demand reactions,1.1,0
MAR11869,Exchange/demand reactions,1.1,0
MAR11870,Exchange/demand reactions,1.1,0
MAR11871,Exchange/demand reactions,1.1,0
MAR11872,Transport reactions,1.1,0
MAR11873,Transport reactions,1.1,0
MAR11874,Exchange/demand reactions,1.1,0
MAR11875,Exchange/demand reactions,1.1,0
MAR11876,Exchange/demand reactions,1.1,0
MAR11877,Transport reactions,1.1,0
MAR11878,Transport reactions,1.1,0
MAR11879,Exchange/demand reactions,1.1,0
MAR11880,Transport reactions,1.1,0
MAR11881,Exchange/demand reactions,1.1,0
MAR11882,Transport reactions,1.1,0
MAR11883,Transport reactions,1.1,0
MAR11884,Exchange/demand reactions,1.1,0
MAR11885,Transport reactions,1.1,0
MAR11886,Transport reactions,1.1,0
MAR11887,Exchange/demand reactions,1.1,0
MAR11888,Transport reactions,1.1,0
MAR11889,Exchange/demand reactions,1.1,0
MAR11890,Transport reactions,1.1,0
MAR11891,Exchange/demand reactions,1.1,0
MAR11892,Transport reactions,1.1,0
MAR11893,Exchange/demand reactions,1.1,0
MAR11894,Transport reactions,1.1,0
MAR11895,Exchange/demand reactions,1.1,0
MAR11896,Transport reactions,1.1,0
MAR11897,Exchange/demand reactions,1.1,0
MAR11898,Glycerophospholipid metabolism,1.1,0
MAR11899,Glycerophospholipid metabolism,1.1,0
MAR11900,Transport reactions,1.1,0
MAR11901,Exchange/demand reactions,1.1,0
MAR11902,Exchange/demand reactions,1.1,0
MAR11903,Transport reactions,1.1,0
MAR11904,Exchange/demand reactions,1.1,0
MAR11905,Transport reactions,1.1,0
MAR11906,Exchange/demand reactions,1.1,0
MAR11907,Exchange/demand reactions,1.1,0
MAR11908,Exchange/demand reactions,1.1,0
MAR11909,Exchange/demand reactions,1.1,0
MAR11910,Exchange/demand reactions,1.1,0
MAR11911,Exchange/demand reactions,1.1,0
MAR11912,Exchange/demand reactions,1.1,0
MAR11913,Transport reactions,1.1,0
MAR11914,Exchange/demand reactions,1.1,0
MAR11915,Transport reactions,1.1,0
MAR11916,Exchange/demand reactions,1.1,0
MAR11917,Exchange/demand reactions,1.1,0
MAR11918,Exchange/demand reactions,1.1,0
MAR11919,Transport reactions,1.1,0
MAR11920,Exchange/demand reactions,1.1,0
MAR11921,Transport reactions,1.1,0
MAR11922,Exchange/demand reactions,1.1,0
MAR11923,Exchange/demand reactions,1.1,0
MAR11924,Transport reactions,1.1,0
MAR11925,Exchange/demand reactions,1.1,0
MAR11926,Exchange/demand reactions,1.1,0
MAR11927,Exchange/demand reactions,1.1,0
MAR11928,Transport reactions,1.1,0
MAR11929,Exchange/demand reactions,1.1,0
MAR11930,Exchange/demand reactions,1.1,0
MAR11931,Transport reactions,1.1,0
MAR11932,Exchange/demand reactions,1.1,0
MAR11933,Exchange/demand reactions,1.1,0
MAR11934,Exchange/demand reactions,1.1,0
MAR11935,Transport reactions,1.1,0
MAR11936,Exchange/demand reactions,1.1,0
MAR11937,Transport reactions,1.1,0
MAR11938,Exchange/demand reactions,1.1,0
MAR11939,Transport reactions,1.1,0
MAR11940,Exchange/demand reactions,1.1,0
MAR11941,Transport reactions,1.1,0
MAR11942,Exchange/demand reactions,1.1,0
MAR11943,Transport reactions,1.1,0
MAR11944,Transport reactions,1.1,0
MAR11945,Exchange/demand reactions,1.1,0
MAR11946,Transport reactions,1.1,0
MAR11947,Exchange/demand reactions,1.1,0
MAR11948,Transport reactions,1.1,0
MAR11949,Exchange/demand reactions,1.1,0
MAR11950,Transport reactions,1.1,0
MAR11951,Exchange/demand reactions,1.1,0
MAR11952,Exchange/demand reactions,1.1,0
MAR11953,Exchange/demand reactions,1.1,0
MAR11954,Exchange/demand reactions,1.1,0
MAR11955,Transport reactions,1.1,0
MAR11956,Exchange/demand reactions,1.1,0
MAR11957,Exchange/demand reactions,1.1,0
MAR11958,Transport reactions,1.1,0
MAR11959,Exchange/demand reactions,1.1,0
MAR11960,Transport reactions,1.1,0
MAR11961,Exchange/demand reactions,1.1,0
MAR11962,Exchange/demand reactions,1.1,0
MAR11963,Transport reactions,1.1,0
MAR11964,Transport reactions,1.1,0
MAR11965,Exchange/demand reactions,1.1,0
MAR11966,Transport reactions,1.1,0
MAR11967,Exchange/demand reactions,1.1,0
MAR11968,Transport reactions,1.1,0
MAR11969,Exchange/demand reactions,1.1,0
MAR11970,Transport reactions,1.1,0
MAR11971,Exchange/demand reactions,1.1,0
MAR11972,Transport reactions,1.1,0
MAR11973,Transport reactions,1.1,0
MAR11974,Exchange/demand reactions,1.1,0
MAR11975,Exchange/demand reactions,1.1,0
MAR11976,Transport reactions,1.1,0
MAR11977,Transport reactions,1.1,0
MAR11978,Exchange/demand reactions,1.1,0
MAR11979,Transport reactions,1.1,0
MAR11980,Transport reactions,1.1,0
MAR11981,Transport reactions,1.1,0
MAR11982,Exchange/demand reactions,1.1,0
MAR11983,Exchange/demand reactions,1.1,0
MAR11984,Exchange/demand reactions,1.1,0
MAR11985,Exchange/demand reactions,1.1,0
MAR11986,Transport reactions,1.1,0
MAR11987,Exchange/demand reactions,1.1,0
MAR11989,Transport reactions,1.1,0
MAR11990,Exchange/demand reactions,1.1,0
MAR11992,Transport reactions,1.1,0
MAR11993,Exchange/demand reactions,1.1,0
MAR11995,Transport reactions,1.1,0
MAR11996,Exchange/demand reactions,1.1,0
MAR11998,Transport reactions,1.1,0
MAR11999,Exchange/demand reactions,1.1,0
MAR12001,Tyrosine metabolism,1.1,2
MAR12002,Tyrosine metabolism,1.1,5
MAR12003,Tyrosine metabolism,1.1,5
MAR12004,Tyrosine metabolism,1.1,1
MAR12005,Tyrosine metabolism,1.0026888723286511,1
MAR12006,Transport reactions,1.1,0
MAR12007,Exchange/demand reactions,1.1,0
MAR12008,Transport reactions,1.1,1
MAR12009,Exchange/demand reactions,1.1,0
MAR12010,Transport reactions,1.1,1
MAR12011,Exchange/demand reactions,1.1,0
MAR12012,Tyrosine metabolism,1.1,0
MAR12013,Transport reactions,1.1,2
MAR12014,Tyrosine metabolism,0.6443535438247422,1
MAR12015,Tyrosine metabolism,1.1,0
MAR12016,Transport reactions,1.1,0
MAR12017,Tyrosine metabolism,1.1,0
MAR12018,Tyrosine metabolism,1.1,0
MAR12019,Tyrosine metabolism,1.1,0
MAR12020,Tyrosine metabolism,1.1,1
MAR12021,Tyrosine metabolism,1.1,1
MAR12022,Tyrosine metabolism,1.1,0
MAR12023,Tyrosine metabolism,1.9635899352285533,1
MAR12024,Tyrosine metabolism,1.1,1
MAR12025,Transport reactions,1.1,0
MAR12026,Exchange/demand reactions,1.1,0
MAR12027,Transport reactions,1.1,0
MAR12028,Exchange/demand reactions,1.1,0
MAR12029,Transport reactions,1.1,2
MAR12030,Exchange/demand reactions,1.1,0
MAR12031,Transport reactions,1.1,0
MAR12032,Exchange/demand reactions,1.1,0
MAR12033,Transport reactions,1.1,0
MAR12034,Exchange/demand reactions,1.1,0
MAR12035,Sphingolipid metabolism,1.5124531102376948,1
MAR12036,Sphingolipid metabolism,1.8337054420454075,6
MAR12037,Sphingolipid metabolism,1.8337054420454075,6
MAR12038,Sphingolipid metabolism,1.5124531102376948,1
MAR12039,Sphingolipid metabolism,1.5124531102376948,1
MAR12040,Sphingolipid metabolism,1.1,0
MAR12041,Sphingolipid metabolism,1.1,1
MAR12042,Exchange/demand reactions,1.1,0
MAR12043,Exchange/demand reactions,1.1,0
MAR12044,Exchange/demand reactions,1.1,0
MAR12045,Transport reactions,1.1,0
MAR12046,Transport reactions,1.1,0
MAR12047,Transport reactions,1.1,0
MAR12048,Transport reactions,1.1,0
MAR12049,Transport reactions,1.1,0
MAR12050,Sphingolipid metabolism,1.1,1
MAR12051,Transport reactions,1.1,0
MAR12052,Transport reactions,1.1,0
MAR12053,Sphingolipid metabolism,1.1,2
MAR12054,Transport reactions,1.1,0
MAR12055,Transport reactions,1.1,0
MAR12056,Transport reactions,1.1,0
MAR12057,Transport reactions,1.1,0
MAR12058,Transport reactions,1.1,0
MAR12059,Transport reactions,1.1,0
MAR12060,Transport reactions,1.1,0
MAR12061,Sphingolipid metabolism,1.2191361221346277,3
MAR12062,Sphingolipid metabolism,1.2191361221346277,2
MAR12063,Sphingolipid metabolism,1.2191361221346277,3
MAR12064,Sphingolipid metabolism,1.2191361221346277,3
MAR12065,Sphingolipid metabolism,0.8354198839302335,4
MAR12066,Sphingolipid metabolism,1.1,1
MAR12067,Sphingolipid metabolism,1.1,1
MAR12068,Sphingolipid metabolism,1.1,1
MAR12069,Sphingolipid metabolism,1.1,0
MAR12070,Sphingolipid metabolism,1.1,1
MAR12071,Sphingolipid metabolism,1.1,1
MAR12072,Sphingolipid metabolism,1.1,1
MAR12073,Sphingolipid metabolism,1.1,1
MAR12074,Sphingolipid metabolism,1.1,1
MAR12075,Sphingolipid metabolism,1.1,1
MAR12076,Sphingolipid metabolism,1.1,1
MAR12077,Sphingolipid metabolism,1.1,2
MAR12078,Sphingolipid metabolism,1.1,1
MAR12079,Sphingolipid metabolism,1.1,1
MAR12080,Sphingolipid metabolism,1.1,0
MAR12081,Sphingolipid metabolism,1.8010846465615926,1
MAR12082,Sphingolipid metabolism,0.39758479323234397,1
MAR12083,Sphingolipid metabolism,0.39758479323234397,1
MAR12084,Transport reactions,1.1,0
MAR12085,Transport reactions,1.1,0
MAR12086,Sphingolipid metabolism,1.1,1
MAR12087,Sphingolipid metabolism,1.1,1
MAR12088,Transport reactions,1.1,0
MAR12089,Transport reactions,1.1,0
MAR12090,Transport reactions,1.1,0
MAR12091,Transport reactions,1.1,0
MAR12092,Transport reactions,1.1,0
MAR12093,Transport reactions,1.1,0
MAR12094,Transport reactions,1.1,0
MAR12095,Transport reactions,1.1,0
MAR12096,Transport reactions,1.1,0
MAR12097,Transport reactions,1.1,0
MAR12098,Transport reactions,1.1,0
MAR12099,Transport reactions,1.1,0
MAR12100,Transport reactions,1.1,0
MAR12101,Transport reactions,1.1,0
MAR12102,Transport reactions,1.1,0
MAR12103,Transport reactions,1.1,0
MAR12104,Exchange/demand reactions,1.1,0
MAR12105,Exchange/demand reactions,1.1,0
MAR12106,Exchange/demand reactions,1.1,0
MAR12107,Transport reactions,1.1,0
MAR12108,Transport reactions,1.1,0
MAR12109,Transport reactions,1.1,0
MAR12110,Transport reactions,1.1,0
MAR12111,Sphingolipid metabolism,1.1,0
MAR12112,Transport reactions,1.1,0
MAR12113,Transport reactions,1.1,0
MAR12114,Exchange/demand reactions,1.1,0
MAR12115,Transport reactions,1.1,0
MAR12116,Transport reactions,1.1,0
MAR12117,Transport reactions,1.1,0
MAR12118,Transport reactions,1.1,0
MAR12119,Transport reactions,1.1,0
MAR12120,Transport reactions,1.1,0
MAR12121,Transport reactions,1.1,0
MAR12122,Transport reactions,1.1,0
MAR12123,Transport reactions,1.1,0
MAR12124,Transport reactions,1.1,0
MAR12125,ROS detoxification,1.1,0
MAR12126,Miscellaneous,1.1,0
MAR12127,Exchange/demand reactions,1.1,0
MAR12128,Exchange/demand reactions,1.1,0
MAR12129,Exchange/demand reactions,1.1,0
MAR12130,Exchange/demand reactions,1.1,0
MAR12131,Exchange/demand reactions,1.1,0
MAR12132,Exchange/demand reactions,1.1,0
MAR12133,Exchange/demand reactions,1.1,0
MAR12134,Exchange/demand reactions,1.1,0
MAR12135,Exchange/demand reactions,1.1,0
MAR12136,Exchange/demand reactions,1.1,0
MAR12137,Exchange/demand reactions,1.1,0
MAR12138,Exchange/demand reactions,1.1,0
MAR12139,Exchange/demand reactions,1.1,0
MAR12140,Artificial reactions,1.1,0
MAR12141,Exchange/demand reactions,1.1,0
MAR12142,Transport reactions,1.1,4
MAR12143,Transport reactions,1.1,4
MAR12144,Transport reactions,1.1,2
MAR12145,Bile acid biosynthesis,1.1,1
MAR12146,Bile acid biosynthesis,1.1,1
MAR12147,Transport reactions,1.1,4
MAR12148,Transport reactions,1.1,4
MAR12149,Transport reactions,1.1,2
MAR12150,Transport reactions,1.1,4
MAR12151,Transport reactions,1.1,4
MAR12152,Transport reactions,1.1,2
MAR12153,Transport reactions,1.1,3
MAR12154,Bile acid biosynthesis,1.1,1
MAR12155,Transport reactions,1.1,4
MAR12156,Transport reactions,1.1,2
MAR12157,Transport reactions,1.1,3
MAR12158,Bile acid biosynthesis,1.1,1
MAR12159,Transport reactions,1.1,4
MAR12160,Transport reactions,1.1,2
MAR12161,Transport reactions,1.1,4
MAR12162,Transport reactions,1.1,4
MAR12163,Transport reactions,1.1,2
MAR12164,Transport reactions,1.1,4
MAR12165,Transport reactions,1.1,4
MAR12166,Transport reactions,1.1,2
MAR12167,Bile acid biosynthesis,1.1,1
MAR12168,Bile acid biosynthesis,1.1,1
MAR12169,Transport reactions,1.1,3
MAR12170,Transport reactions,1.1,0
MAR12171,Transport reactions,1.1,4
MAR12172,Transport reactions,1.1,2
MAR12173,Bile acid biosynthesis,1.1,1
MAR12174,Bile acid biosynthesis,1.1,3
MAR12175,Bile acid biosynthesis,1.1,3
MAR12176,Transport reactions,1.1,4
MAR12177,Transport reactions,1.1,0
MAR12178,Bile acid biosynthesis,1.1,3
MAR12179,Bile acid biosynthesis,1.1,3
MAR12180,Transport reactions,1.1,4
MAR12181,Transport reactions,1.1,0
MAR12182,Transport reactions,1.1,2
MAR12183,Bile acid biosynthesis,1.1,1
MAR12184,Transport reactions,1.1,4
MAR12185,Transport reactions,1.1,4
MAR12186,Transport reactions,1.1,2
MAR12187,Bile acid biosynthesis,1.1,2
MAR12188,Bile acid biosynthesis,1.1,2
MAR12189,Transport reactions,1.1,4
MAR12190,Transport reactions,1.1,0
MAR12191,Bile acid biosynthesis,1.1,2
MAR12192,Bile acid biosynthesis,1.1,2
MAR12193,Transport reactions,1.1,4
MAR12194,Transport reactions,1.1,0
MAR12195,Transport reactions,1.1,4
MAR12196,Transport reactions,1.1,2
MAR12197,Bile acid biosynthesis,1.1,1
MAR12198,Exchange/demand reactions,1.1,0
MAR12199,Exchange/demand reactions,1.1,0
MAR12200,Exchange/demand reactions,1.1,0
MAR12201,Exchange/demand reactions,1.1,0
MAR12202,Exchange/demand reactions,1.1,0
MAR12203,Exchange/demand reactions,1.1,0
MAR12204,Exchange/demand reactions,1.1,0
MAR12205,Exchange/demand reactions,1.1,0
MAR12206,Exchange/demand reactions,1.1,0
MAR12207,Exchange/demand reactions,1.1,0
MAR12208,Exchange/demand reactions,1.1,0
MAR12209,Exchange/demand reactions,1.1,0
MAR12210,Exchange/demand reactions,1.1,0
MAR12211,Exchange/demand reactions,1.1,0
MAR12212,Exchange/demand reactions,1.1,0
MAR12213,Exchange/demand reactions,1.1,0
MAR12214,Exchange/demand reactions,1.1,0
MAR12215,Exchange/demand reactions,1.1,0
MAR12216,Exchange/demand reactions,1.1,0
MAR12217,Exchange/demand reactions,1.1,0
MAR12218,Exchange/demand reactions,1.1,0
MAR12219,Exchange/demand reactions,1.1,0
MAR12220,Exchange/demand reactions,1.1,0
MAR12221,Exchange/demand reactions,1.1,0
MAR12222,Exchange/demand reactions,1.1,0
MAR12223,Exchange/demand reactions,1.1,0
MAR12224,Exchange/demand reactions,1.1,0
MAR12225,Exchange/demand reactions,1.1,0
MAR12226,Exchange/demand reactions,1.1,0
MAR12227,Exchange/demand reactions,1.1,0
MAR12228,Exchange/demand reactions,1.1,0
MAR12229,Exchange/demand reactions,1.1,0
MAR12230,Exchange/demand reactions,1.1,0
MAR12231,Exchange/demand reactions,1.1,0
MAR12232,Exchange/demand reactions,1.1,0
MAR12233,Exchange/demand reactions,1.1,0
MAR12234,Transport reactions,1.1,4
MAR12235,Transport reactions,1.1,2
MAR12236,Bile acid biosynthesis,1.1,1
MAR12237,Transport reactions,1.1,4
MAR12238,Transport reactions,1.1,2
MAR12239,Bile acid biosynthesis,1.1,1
MAR12240,Transport reactions,1.1,4
MAR12241,Transport reactions,1.1,2
MAR12242,Bile acid biosynthesis,1.1,1
MAR12243,Transport reactions,1.1,4
MAR12244,Transport reactions,1.1,2
MAR12245,Bile acid biosynthesis,1.1,1
MAR12246,Bile acid biosynthesis,1.1,3
MAR12247,Bile acid biosynthesis,1.1,3
MAR12248,Transport reactions,1.1,4
MAR12249,Transport reactions,1.1,0
MAR12250,Bile acid biosynthesis,1.1,2
MAR12251,Bile acid biosynthesis,1.1,2
MAR12252,Transport reactions,1.1,4
MAR12253,Transport reactions,1.1,0
MAR12254,Bile acid biosynthesis,1.1,3
MAR12255,Bile acid biosynthesis,1.1,3
MAR12256,Transport reactions,1.1,4
MAR12257,Transport reactions,1.1,0
MAR12258,Bile acid biosynthesis,1.1,4
MAR12259,Bile acid biosynthesis,1.1,4
MAR12260,Transport reactions,1.1,4
MAR12261,Transport reactions,1.1,0
MAR12262,Transport reactions,1.1,3
MAR12263,Transport reactions,1.1,4
MAR12264,Transport reactions,1.1,2
MAR12265,Transport reactions,1.1,0
MAR12266,Transport reactions,1.1,4
MAR12267,Transport reactions,1.1,4
MAR12268,Transport reactions,1.1,2
MAR12269,Transport reactions,1.1,4
MAR12270,Transport reactions,1.1,4
MAR12271,Transport reactions,1.1,2
MAR12272,Bile acid biosynthesis,1.1,4
MAR12273,Bile acid biosynthesis,1.1,4
MAR12274,Transport reactions,1.1,4
MAR12275,Transport reactions,1.1,0
MAR12276,Bile acid biosynthesis,1.1,3
MAR12277,Bile acid biosynthesis,1.1,3
MAR12278,Transport reactions,1.1,4
MAR12279,Transport reactions,1.1,0
MAR12280,Transport reactions,1.1,4
MAR12281,Transport reactions,1.1,2
MAR12282,Bile acid biosynthesis,1.1,1
MAR12283,Transport reactions,1.1,0
MAR12284,Transport reactions,1.1,4
MAR12285,Transport reactions,1.1,2
MAR12286,Bile acid biosynthesis,1.1,1
MAR12287,Transport reactions,1.1,4
MAR12288,Transport reactions,1.1,2
MAR12289,Bile acid biosynthesis,1.1,1
MAR12290,Bile acid biosynthesis,1.1,1
MAR12291,Transport reactions,1.1,4
MAR12292,Transport reactions,1.1,2
MAR12293,Bile acid biosynthesis,1.1,1
MAR12294,Transport reactions,1.1,3
MAR12295,Transport reactions,1.1,4
MAR12296,Transport reactions,1.1,2
MAR12297,Transport reactions,1.1,4
MAR12298,Transport reactions,1.1,2
MAR12299,Bile acid biosynthesis,1.1,1
MAR12300,Transport reactions,1.1,4
MAR12301,Transport reactions,1.1,4
MAR12302,Transport reactions,1.1,2
MAR12303,Transport reactions,1.1,4
MAR12304,Transport reactions,1.1,2
MAR12305,Bile acid biosynthesis,1.1,1
MAR12306,Transport reactions,1.1,4
MAR12307,Transport reactions,1.1,2
MAR12308,Drug metabolism,1.1,2
MAR12309,Drug metabolism,1.1,0
MAR12310,Drug metabolism,1.1,0
MAR12311,Drug metabolism,1.1,0
MAR12312,Drug metabolism,1.1,0
MAR12313,Drug metabolism,1.1,0
MAR12314,Drug metabolism,1.1,0
MAR12315,Drug metabolism,1.1,0
MAR12316,Drug metabolism,1.1,0
MAR12317,Drug metabolism,1.1,0
MAR12318,Drug metabolism,1.1,2
MAR12319,Drug metabolism,1.1,2
MAR12320,Drug metabolism,1.1,0
MAR12321,Drug metabolism,1.1,0
MAR12322,Drug metabolism,1.1,0
MAR12323,Drug metabolism,1.1,0
MAR12324,Drug metabolism,1.1,0
MAR12325,Drug metabolism,1.1,0
MAR12326,Drug metabolism,1.1,0
MAR12327,Drug metabolism,1.1,0
MAR12328,Drug metabolism,1.1,0
MAR12329,Drug metabolism,1.1,0
MAR12330,Drug metabolism,1.1,0
MAR12331,Drug metabolism,1.1,0
MAR12332,Drug metabolism,1.1,0
MAR12333,Drug metabolism,1.1,3
MAR12334,Drug metabolism,1.1,0
MAR12335,Drug metabolism,1.1,3
MAR12336,Drug metabolism,1.1,0
MAR12337,Drug metabolism,1.1,2
MAR12338,Drug metabolism,1.1,0
MAR12339,Drug metabolism,1.1,0
MAR12340,Drug metabolism,1.1,2
MAR12341,Drug metabolism,1.1,2
MAR12342,Drug metabolism,1.1,3
MAR12343,Drug metabolism,1.1,1
MAR12344,Drug metabolism,1.1,2
MAR12345,Drug metabolism,1.1,0
MAR12346,Drug metabolism,1.1348964665755732,2
MAR12347,Drug metabolism,1.1,2
MAR12348,Drug metabolism,1.1,2
MAR12349,Drug metabolism,1.1,2
MAR12350,Drug metabolism,1.1,2
MAR12351,Drug metabolism,1.1,0
MAR12352,Drug metabolism,1.1348964665755732,2
MAR12353,Drug metabolism,1.1,0
MAR12354,Drug metabolism,1.1,0
MAR12355,Drug metabolism,1.1,3
MAR12356,Drug metabolism,1.1,0
MAR12357,Drug metabolism,1.1,0
MAR12358,Drug metabolism,1.1,0
MAR12359,Drug metabolism,1.1,0
MAR12360,Drug metabolism,1.1,1
MAR12361,Drug metabolism,1.1,0
MAR12362,Drug metabolism,1.1348964665755732,2
MAR12363,Drug metabolism,1.1,4
MAR12364,Drug metabolism,1.1,0
MAR12365,Drug metabolism,1.1,0
MAR12366,Drug metabolism,1.1,0
MAR12367,Drug metabolism,1.1,3
MAR12368,Drug metabolism,1.1,0
MAR12369,Drug metabolism,1.1,1
MAR12370,Drug metabolism,1.1,0
MAR12371,Drug metabolism,2.7813674929074903,3
MAR12372,Drug metabolism,2.699234038746566,4
MAR12373,Drug metabolism,1.1,3
MAR12374,Drug metabolism,1.1,0
MAR12375,Drug metabolism,1.1,3
MAR12376,Drug metabolism,1.1,3
MAR12377,Drug metabolism,1.1,0
MAR12378,Drug metabolism,1.1348964665755732,2
MAR12379,Drug metabolism,1.1,1
MAR12380,Drug metabolism,1.1,0
MAR12381,Drug metabolism,1.1,4
MAR12382,Drug metabolism,1.1,0
MAR12383,Drug metabolism,1.1,3
MAR12384,Drug metabolism,1.1,0
MAR12385,Drug metabolism,1.1348964665755732,2
MAR12386,Drug metabolism,1.1,0
MAR12387,Drug metabolism,1.1,2
MAR12388,Drug metabolism,1.1,0
MAR12389,Drug metabolism,1.1,0
MAR12390,Drug metabolism,1.1,0
MAR12391,Drug metabolism,1.1,0
MAR12392,Drug metabolism,1.1,3
MAR12393,Drug metabolism,1.1,1
MAR12394,Drug metabolism,1.1,2
MAR12395,Drug metabolism,1.1,0
MAR12396,Drug metabolism,1.1348964665755732,2
MAR12397,Drug metabolism,1.1,2
MAR12398,Drug metabolism,1.1,0
MAR12399,Drug metabolism,1.1,2
MAR12400,Drug metabolism,1.1,0
MAR12401,Drug metabolism,1.1348964665755732,2
MAR12402,Drug metabolism,1.1,0
MAR12403,Drug metabolism,1.1,3
MAR12404,Drug metabolism,1.1,2
MAR12405,Drug metabolism,1.1,0
MAR12406,Drug metabolism,1.1,1
MAR12407,Drug metabolism,1.1,3
MAR12408,Drug metabolism,1.1,0
MAR12409,Drug metabolism,1.1,1
MAR12410,Drug metabolism,1.1,3
MAR12411,Drug metabolism,1.1,0
MAR12412,Drug metabolism,1.1,0
MAR12413,Drug metabolism,1.1,0
MAR12414,Drug metabolism,1.1,4
MAR12415,Drug metabolism,1.1,0
MAR12416,Drug metabolism,1.1,0
MAR12417,Drug metabolism,1.1,0
MAR12418,Drug metabolism,1.1,0
MAR12419,Drug metabolism,1.1,0
MAR12420,Drug metabolism,1.1,0
MAR12421,Drug metabolism,1.1,0
MAR12422,Drug metabolism,1.1,0
MAR12423,Drug metabolism,1.1,4
MAR12424,Drug metabolism,1.1,0
MAR12425,Drug metabolism,1.1,1
MAR12426,Drug metabolism,1.1,0
MAR12427,Drug metabolism,1.1,4
MAR12428,Drug metabolism,1.1,3
MAR12429,Drug metabolism,1.1,0
MAR12430,Drug metabolism,1.1,0
MAR12431,Drug metabolism,1.1348964665755732,2
MAR12432,Drug metabolism,1.1,1
MAR12433,Drug metabolism,1.1,0
MAR12434,Drug metabolism,1.1,1
MAR12435,Drug metabolism,1.1,0
MAR12436,Drug metabolism,1.1,4
MAR12437,Drug metabolism,1.1,1
MAR12438,Drug metabolism,1.1,0
MAR12439,Drug metabolism,1.1,4
MAR12440,Drug metabolism,1.1,1
MAR12441,Drug metabolism,0.3397627512753525,1
MAR12442,Drug metabolism,1.1,0
MAR12443,Drug metabolism,1.1,4
MAR12444,Drug metabolism,1.1,0
MAR12445,Drug metabolism,1.1,0
MAR12446,Drug metabolism,1.1,1
MAR12447,Drug metabolism,1.1,0
MAR12448,Drug metabolism,1.1,0
MAR12449,Drug metabolism,1.1,0
MAR12450,Drug metabolism,1.1,0
MAR12451,Drug metabolism,1.1,0
MAR12452,Drug metabolism,1.1,0
MAR12453,Drug metabolism,1.1,0
MAR12454,Drug metabolism,1.1,0
MAR12455,Drug metabolism,1.1,3
MAR12456,Drug metabolism,1.1,0
MAR12457,Drug metabolism,1.1,1
MAR12458,Drug metabolism,1.1,3
MAR12459,Drug metabolism,1.1,0
MAR12460,Drug metabolism,1.1,1
MAR12461,Drug metabolism,0.3397627512753525,1
MAR12462,Drug metabolism,1.1,3
MAR12463,Drug metabolism,1.1,0
MAR12464,Drug metabolism,1.1,1
MAR12465,Drug metabolism,1.1,1
MAR12466,Drug metabolism,1.1,1
MAR12467,Drug metabolism,1.1,1
MAR12468,Drug metabolism,1.1,1
MAR12469,Drug metabolism,1.1,0
MAR12470,Drug metabolism,1.1,1
MAR12471,Drug metabolism,1.1,3
MAR12472,Drug metabolism,1.7167683698519465,2
MAR12473,Drug metabolism,1.1,1
MAR12474,Drug metabolism,1.1,2
MAR12475,Drug metabolism,1.1,0
MAR12476,Drug metabolism,1.1,0
MAR12477,Drug metabolism,1.1,0
MAR12478,Drug metabolism,1.1,0
MAR12479,Drug metabolism,1.1,0
MAR12480,Drug metabolism,1.1,0
MAR12481,Drug metabolism,1.1,0
MAR12482,Drug metabolism,1.1,0
MAR12483,Drug metabolism,1.1,0
MAR12484,Drug metabolism,1.1,0
MAR12485,Drug metabolism,1.1,0
MAR12486,Drug metabolism,1.1,0
MAR12487,Drug metabolism,1.1,0
MAR12488,Drug metabolism,1.1,0
MAR12489,Drug metabolism,1.1,0
MAR12490,Drug metabolism,1.1,0
MAR12491,Drug metabolism,1.1,0
MAR12492,Drug metabolism,1.1,0
MAR12493,Drug metabolism,1.1,0
MAR12494,Drug metabolism,1.1,0
MAR12495,Drug metabolism,1.1,0
MAR12496,Drug metabolism,1.1,0
MAR12497,Drug metabolism,1.1,2
MAR12498,Drug metabolism,1.1,0
MAR12499,Drug metabolism,1.1,0
MAR12500,Drug metabolism,1.1,0
MAR12501,Drug metabolism,1.1,0
MAR12502,Drug metabolism,1.1,0
MAR12503,Drug metabolism,1.1,0
MAR12504,Drug metabolism,1.1,0
MAR12505,Drug metabolism,1.1,0
MAR12506,Drug metabolism,1.1,2
MAR12507,Drug metabolism,1.1,0
MAR12508,Drug metabolism,1.1,0
MAR12509,Drug metabolism,1.1,1
MAR12510,Drug metabolism,1.169792933151146,1
MAR12511,Drug metabolism,1.1,1
MAR12512,Drug metabolism,1.1,0
MAR12513,Drug metabolism,1.1,0
MAR12514,Drug metabolism,0.3397627512753525,1
MAR12515,Drug metabolism,1.1,5
MAR12516,Drug metabolism,1.1,3
MAR12517,Drug metabolism,1.1,5
MAR12518,Drug metabolism,1.1348964665755732,2
MAR12519,Drug metabolism,1.1,0
MAR12520,Drug metabolism,1.1,0
MAR12521,Drug metabolism,1.1,0
MAR12522,Drug metabolism,1.1,0
MAR12523,Drug metabolism,0.3397627512753525,1
MAR12524,Drug metabolism,1.1,0
MAR12525,Drug metabolism,1.1,0
MAR12526,Drug metabolism,1.1,0
MAR12527,Drug metabolism,1.1,0
MAR12528,Drug metabolism,1.1,3
MAR12529,Drug metabolism,1.1,0
MAR12530,Drug metabolism,1.1,0
MAR12531,Drug metabolism,1.1,0
MAR12532,Drug metabolism,1.1,0
MAR12533,Drug metabolism,1.1,2
MAR12534,Drug metabolism,1.1,0
MAR12535,Drug metabolism,1.1,2
MAR12536,Drug metabolism,1.1,0
MAR12537,Drug metabolism,1.1,2
MAR12538,Drug metabolism,1.1,0
MAR12539,Drug metabolism,1.1,2
MAR12540,Drug metabolism,1.1,1
MAR12541,Drug metabolism,1.1,1
MAR12542,Drug metabolism,1.1,0
MAR12543,Drug metabolism,1.1,1
MAR12544,Drug metabolism,1.1,1
MAR12545,Drug metabolism,1.1,1
MAR12546,Drug metabolism,1.1,0
MAR12547,Drug metabolism,1.1,1
MAR12548,Drug metabolism,1.1,0
MAR12549,Drug metabolism,1.1,0
MAR12550,Drug metabolism,1.1,0
MAR12551,Drug metabolism,1.1,1
MAR12552,Drug metabolism,1.1,0
MAR12553,Drug metabolism,1.1,0
MAR12554,Drug metabolism,1.1,0
MAR12555,Drug metabolism,1.1,0
MAR12556,Drug metabolism,0.3397627512753525,1
MAR12557,Drug metabolism,1.1,2
MAR12558,Drug metabolism,1.1,2
MAR12559,Drug metabolism,1.1,0
MAR12560,Drug metabolism,1.1,0
MAR12561,Drug metabolism,1.1,0
MAR12562,Drug metabolism,2.699234038746566,4
MAR12563,Drug metabolism,1.1,0
MAR12564,Drug metabolism,1.1,1
MAR12565,Drug metabolism,1.1,0
MAR12566,Drug metabolism,1.1,0
MAR12567,Drug metabolism,1.1,0
MAR12568,Drug metabolism,1.1,0
MAR12569,Drug metabolism,1.1,1
MAR12570,Drug metabolism,1.1,3
MAR12571,Drug metabolism,1.1,0
MAR12572,Drug metabolism,1.1,0
MAR12573,Drug metabolism,1.1,0
MAR12574,Drug metabolism,1.1,0
MAR12575,Exchange/demand reactions,1.1,0
MAR12576,Exchange/demand reactions,1.1,0
MAR12577,Exchange/demand reactions,1.1,0
MAR12578,Exchange/demand reactions,1.1,0
MAR12579,Exchange/demand reactions,1.1,0
MAR12580,Exchange/demand reactions,1.1,0
MAR12581,Exchange/demand reactions,1.1,0
MAR12582,Exchange/demand reactions,1.1,0
MAR12583,Exchange/demand reactions,1.1,0
MAR12584,Exchange/demand reactions,1.1,0
MAR12585,Exchange/demand reactions,1.1,0
MAR12586,Exchange/demand reactions,1.1,0
MAR12587,Exchange/demand reactions,1.1,0
MAR12588,Exchange/demand reactions,1.1,0
MAR12589,Exchange/demand reactions,1.1,0
MAR12590,Exchange/demand reactions,1.1,0
MAR12591,Exchange/demand reactions,1.1,0
MAR12592,Exchange/demand reactions,1.1,0
MAR12593,Exchange/demand reactions,1.1,0
MAR12594,Exchange/demand reactions,1.1,0
MAR12595,Exchange/demand reactions,1.1,0
MAR12596,Exchange/demand reactions,1.1,0
MAR12597,Exchange/demand reactions,1.1,0
MAR12598,Exchange/demand reactions,1.1,0
MAR12599,Exchange/demand reactions,1.1,0
MAR12600,Exchange/demand reactions,1.1,0
MAR12601,Exchange/demand reactions,1.1,0
MAR12602,Exchange/demand reactions,1.1,0
MAR12603,Exchange/demand reactions,1.1,0
MAR12604,Exchange/demand reactions,1.1,0
MAR12605,Exchange/demand reactions,1.1,0
MAR12606,Exchange/demand reactions,1.1,0
MAR12607,Exchange/demand reactions,1.1,0
MAR12608,Exchange/demand reactions,1.1,0
MAR12609,Exchange/demand reactions,1.1,0
MAR12610,Exchange/demand reactions,1.1,0
MAR12611,Exchange/demand reactions,1.1,0
MAR12612,Exchange/demand reactions,1.1,0
MAR12613,Exchange/demand reactions,1.1,0
MAR12614,Exchange/demand reactions,1.1,0
MAR12615,Exchange/demand reactions,1.1,0
MAR12616,Exchange/demand reactions,1.1,0
MAR12617,Exchange/demand reactions,1.1,0
MAR12618,Exchange/demand reactions,1.1,0
MAR12619,Exchange/demand reactions,1.1,0
MAR12620,Exchange/demand reactions,1.1,0
MAR12621,Exchange/demand reactions,1.1,0
MAR12622,Exchange/demand reactions,1.1,0
MAR12623,Exchange/demand reactions,1.1,0
MAR12624,Exchange/demand reactions,1.1,0
MAR12625,Exchange/demand reactions,1.1,0
MAR12626,Exchange/demand reactions,1.1,0
MAR12627,Exchange/demand reactions,1.1,0
MAR12628,Exchange/demand reactions,1.1,0
MAR12629,Exchange/demand reactions,1.1,0
MAR12630,Exchange/demand reactions,1.1,0
MAR12631,Exchange/demand reactions,1.1,0
MAR12632,Exchange/demand reactions,1.1,0
MAR12633,Exchange/demand reactions,1.1,0
MAR12634,Exchange/demand reactions,1.1,0
MAR12635,Exchange/demand reactions,1.1,0
MAR12636,Exchange/demand reactions,1.1,0
MAR12637,Exchange/demand reactions,1.1,0
MAR12638,Exchange/demand reactions,1.1,0
MAR12639,Exchange/demand reactions,1.1,0
MAR12640,Exchange/demand reactions,1.1,0
MAR12641,Exchange/demand reactions,1.1,0
MAR12642,Exchange/demand reactions,1.1,0
MAR12643,Exchange/demand reactions,1.1,0
MAR12644,Exchange/demand reactions,1.1,0
MAR12645,Exchange/demand reactions,1.1,0
MAR12646,Exchange/demand reactions,1.1,0
MAR12647,Exchange/demand reactions,1.1,0
MAR12648,Exchange/demand reactions,1.1,0
MAR12649,Exchange/demand reactions,1.1,0
MAR12650,Exchange/demand reactions,1.1,0
MAR12651,Exchange/demand reactions,1.1,0
MAR12652,Exchange/demand reactions,1.1,0
MAR12653,Exchange/demand reactions,1.1,0
MAR12654,Exchange/demand reactions,1.1,0
MAR12655,Exchange/demand reactions,1.1,0
MAR12656,Exchange/demand reactions,1.1,0
MAR12657,Exchange/demand reactions,1.1,0
MAR12658,Exchange/demand reactions,1.1,0
MAR12659,Exchange/demand reactions,1.1,0
MAR12660,Exchange/demand reactions,1.1,0
MAR12661,Exchange/demand reactions,1.1,0
MAR12662,Exchange/demand reactions,1.1,0
MAR12663,Exchange/demand reactions,1.1,0
MAR12664,Exchange/demand reactions,1.1,0
MAR12665,Exchange/demand reactions,1.1,0
MAR12666,Exchange/demand reactions,1.1,0
MAR12667,Exchange/demand reactions,1.1,0
MAR12668,Exchange/demand reactions,1.1,0
MAR12669,Exchange/demand reactions,1.1,0
MAR12670,Exchange/demand reactions,1.1,0
MAR12671,Exchange/demand reactions,1.1,0
MAR12672,Exchange/demand reactions,1.1,0
MAR12673,Exchange/demand reactions,1.1,0
MAR12674,Exchange/demand reactions,1.1,0
MAR12675,Exchange/demand reactions,1.1,0
MAR12676,Exchange/demand reactions,1.1,0
MAR12677,Exchange/demand reactions,1.1,0
MAR12678,Exchange/demand reactions,1.1,0
MAR12679,Exchange/demand reactions,1.1,0
MAR12680,Exchange/demand reactions,1.1,0
MAR12681,Exchange/demand reactions,1.1,0
MAR12682,Exchange/demand reactions,1.1,0
MAR12683,Exchange/demand reactions,1.1,0
MAR12684,Exchange/demand reactions,1.1,0
MAR12685,Exchange/demand reactions,1.1,0
MAR12686,Exchange/demand reactions,1.1,0
MAR12687,Exchange/demand reactions,1.1,0
MAR12688,Exchange/demand reactions,1.1,0
MAR12689,Exchange/demand reactions,1.1,0
MAR12690,Exchange/demand reactions,1.1,0
MAR12691,Exchange/demand reactions,1.1,0
MAR12692,Exchange/demand reactions,1.1,0
MAR12693,Exchange/demand reactions,1.1,0
MAR12694,Exchange/demand reactions,1.1,0
MAR12695,Exchange/demand reactions,1.1,0
MAR12696,Exchange/demand reactions,1.1,0
MAR12697,Exchange/demand reactions,1.1,0
MAR12698,Exchange/demand reactions,1.1,0
MAR12699,Exchange/demand reactions,1.1,0
MAR12700,Exchange/demand reactions,1.1,0
MAR12701,Exchange/demand reactions,1.1,0
MAR12702,Exchange/demand reactions,1.1,0
MAR12703,Exchange/demand reactions,1.1,0
MAR12704,Exchange/demand reactions,1.1,0
MAR12705,Exchange/demand reactions,1.1,0
MAR12706,Exchange/demand reactions,1.1,0
MAR12707,Exchange/demand reactions,1.1,0
MAR12708,Exchange/demand reactions,1.1,0
MAR12709,Exchange/demand reactions,1.1,0
MAR12710,Exchange/demand reactions,1.1,0
MAR12711,Exchange/demand reactions,1.1,0
MAR12712,Exchange/demand reactions,1.1,0
MAR12713,Exchange/demand reactions,1.1,0
MAR12714,Exchange/demand reactions,1.1,0
MAR12715,Exchange/demand reactions,1.1,0
MAR12716,Exchange/demand reactions,1.1,0
MAR12717,Exchange/demand reactions,1.1,0
MAR12718,Exchange/demand reactions,1.1,0
MAR12719,Exchange/demand reactions,1.1,0
MAR12720,Drug metabolism,1.1,0
MAR12721,Drug metabolism,1.1,0
MAR12722,Drug metabolism,1.1,0
MAR12723,Drug metabolism,1.1,0
MAR12724,Drug metabolism,1.1,0
MAR12725,Drug metabolism,1.1,0
MAR12726,Drug metabolism,1.1,0
MAR12727,Drug metabolism,1.169792933151146,1
MAR12728,Drug metabolism,1.1,3
MAR12729,Drug metabolism,1.1,0
MAR12730,Drug metabolism,1.1,0
MAR12731,Drug metabolism,1.1,0
MAR12732,Drug metabolism,1.1,0
MAR12733,Drug metabolism,1.1,0
MAR12734,Drug metabolism,1.1,0
MAR12735,Drug metabolism,1.1,0
MAR12736,Drug metabolism,1.1,3
MAR12737,Drug metabolism,0.5768941269930161,1
MAR12738,Drug metabolism,1.1,4
MAR12739,Drug metabolism,1.1,4
MAR12740,Drug metabolism,1.1,1
MAR12741,Drug metabolism,1.1,1
MAR12742,Drug metabolism,1.1,0
MAR12743,Drug metabolism,1.1,0
MAR12744,Drug metabolism,1.1574668749954389,4
MAR12745,Drug metabolism,1.1,0
MAR12746,Drug metabolism,1.1,1
MAR12747,Drug metabolism,1.1,4
MAR12748,Drug metabolism,1.1,4
MAR12749,Drug metabolism,1.1,1
MAR12750,Drug metabolism,1.1,0
MAR12751,Drug metabolism,1.1,0
MAR12752,Drug metabolism,1.1,0
MAR12753,Drug metabolism,1.1,0
MAR12754,Drug metabolism,0.3397627512753525,1
MAR12755,Drug metabolism,1.1,0
MAR12756,Drug metabolism,1.1,2
MAR12757,Drug metabolism,1.1,0
MAR12758,Drug metabolism,1.1,1
MAR12759,Drug metabolism,1.1,0
MAR12760,Drug metabolism,0.3397627512753525,1
MAR12761,Drug metabolism,1.1,2
MAR12762,Drug metabolism,1.1,0
MAR12763,Drug metabolism,1.1,2
MAR12764,Drug metabolism,1.1,0
MAR12765,Drug metabolism,1.1,0
MAR12766,Drug metabolism,1.1,0
MAR12767,Drug metabolism,1.1,2
MAR12768,Drug metabolism,1.1,0
MAR12769,Drug metabolism,1.1,0
MAR12770,Drug metabolism,1.1,9
MAR12771,Drug metabolism,1.1,0
MAR12772,Drug metabolism,1.1,0
MAR12773,Drug metabolism,1.1,0
MAR12774,Drug metabolism,1.1,0
MAR12775,Drug metabolism,1.1,1
MAR12776,Drug metabolism,0.3397627512753525,1
MAR12777,Drug metabolism,1.1,3
MAR12778,Drug metabolism,1.1,3
MAR12779,Drug metabolism,1.1,3
MAR12780,Drug metabolism,1.1,3
MAR12781,Drug metabolism,1.1,3
MAR12782,Drug metabolism,0.3397627512753525,1
MAR12783,Drug metabolism,1.1,0
MAR12784,Drug metabolism,1.1,0
MAR12785,Drug metabolism,1.1,0
MAR12786,Drug metabolism,0.3397627512753525,1
MAR12787,Drug metabolism,1.1,1
MAR12788,Drug metabolism,1.1,1
MAR12789,Drug metabolism,1.1,0
MAR12790,Drug metabolism,1.1,3
MAR12791,Drug metabolism,1.1,0
MAR12792,Drug metabolism,1.1,2
MAR12793,Drug metabolism,1.1,1
MAR12794,Drug metabolism,1.1,2
MAR12795,Drug metabolism,1.1,0
MAR12796,Drug metabolism,1.1,0
MAR12797,Drug metabolism,1.1,0
MAR12798,Drug metabolism,1.1,0
MAR12799,Drug metabolism,1.1,0
MAR12800,Drug metabolism,1.1,0
MAR12801,Drug metabolism,1.1,0
MAR12802,Drug metabolism,1.1,0
MAR12803,Drug metabolism,1.1,0
MAR12804,Drug metabolism,1.1,0
MAR12805,Drug metabolism,1.1,0
MAR12806,Drug metabolism,1.1,1
MAR12807,Drug metabolism,1.1,0
MAR12808,Drug metabolism,2.379387230997253,5
MAR12809,Drug metabolism,1.1,0
MAR12810,Drug metabolism,1.1,0
MAR12811,Drug metabolism,1.1,1
MAR12812,Drug metabolism,1.1,5
MAR12813,Drug metabolism,1.1,0
MAR12814,Drug metabolism,1.1,0
MAR12815,Drug metabolism,1.1,2
MAR12816,Drug metabolism,1.1,1
MAR12817,Drug metabolism,1.1,1
MAR12818,Drug metabolism,1.1,1
MAR12819,Drug metabolism,1.1,0
MAR12820,Drug metabolism,1.1348964665755732,2
MAR12821,Drug metabolism,1.1,2
MAR12822,Drug metabolism,1.1,0
MAR12823,Drug metabolism,1.1,3
MAR12824,Drug metabolism,1.1,0
MAR12825,Drug metabolism,1.1,0
MAR12826,Drug metabolism,1.169792933151146,1
MAR12827,Drug metabolism,1.1,0
MAR12828,Drug metabolism,1.1,1
MAR12829,Drug metabolism,1.1,0
MAR12830,Drug metabolism,1.1,0
MAR12831,Drug metabolism,1.1,1
MAR12832,Drug metabolism,1.1,1
MAR12833,Drug metabolism,1.1,0
MAR12834,Drug metabolism,1.1,0
MAR12835,Drug metabolism,1.1348964665755732,2
MAR12836,Drug metabolism,1.1,0
MAR12837,Drug metabolism,1.1,0
MAR12838,Drug metabolism,0.3397627512753525,1
MAR12839,Drug metabolism,1.1,1
MAR12840,Drug metabolism,1.1,0
MAR12841,Drug metabolism,0.3397627512753525,1
MAR12842,Drug metabolism,1.1,0
MAR12843,Drug metabolism,1.1,2
MAR12844,Drug metabolism,1.1,1
MAR12845,Drug metabolism,1.1,0
MAR12846,Drug metabolism,1.1,0
MAR12847,Drug metabolism,1.1,1
MAR12848,Drug metabolism,1.1,0
MAR12849,Drug metabolism,1.1,0
MAR12850,Drug metabolism,1.1,2
MAR12851,Drug metabolism,1.1,0
MAR12852,Drug metabolism,0.3397627512753525,1
MAR12853,Drug metabolism,1.1,0
MAR12854,Drug metabolism,1.1,0
MAR12855,Drug metabolism,1.1,0
MAR12856,Drug metabolism,1.1,0
MAR12857,Drug metabolism,1.1,0
MAR12858,Drug metabolism,1.1,0
MAR12859,Drug metabolism,1.1,0
MAR12860,Drug metabolism,1.1,1
MAR12861,Drug metabolism,1.1,0
MAR12862,Drug metabolism,1.1,0
MAR12863,Drug metabolism,1.1,0
MAR12864,Drug metabolism,1.1,1
MAR12865,Drug metabolism,1.1,0
MAR12866,Drug metabolism,1.1,0
MAR12867,Drug metabolism,1.1,1
MAR12868,Drug metabolism,1.1,0
MAR12869,Drug metabolism,1.1,1
MAR12870,Drug metabolism,1.1,3
MAR12871,Drug metabolism,1.1,0
MAR12872,Drug metabolism,1.1,0
MAR12873,Drug metabolism,1.1,0
MAR12874,Drug metabolism,1.1,0
MAR12875,Drug metabolism,1.1,0
MAR12876,Drug metabolism,1.1,0
MAR12877,Drug metabolism,1.1,0
MAR12878,Drug metabolism,1.1,0
MAR12879,Drug metabolism,1.1,0
MAR12880,Drug metabolism,1.1,0
MAR12881,Drug metabolism,1.1,0
MAR12882,Drug metabolism,1.1,0
MAR12883,Drug metabolism,1.1,0
MAR12884,Drug metabolism,1.1,0
MAR12885,Drug metabolism,1.1,0
MAR12886,Drug metabolism,1.1,0
MAR12887,Drug metabolism,1.1,0
MAR12888,Drug metabolism,1.1,0
MAR12889,Drug metabolism,1.1,0
MAR12890,Drug metabolism,1.1,0
MAR12891,Drug metabolism,1.1,0
MAR12892,Drug metabolism,1.1,0
MAR12893,Drug metabolism,1.1,0
MAR12894,Drug metabolism,1.1,0
MAR12895,Drug metabolism,1.1,0
MAR12896,Drug metabolism,1.1,0
MAR12897,Drug metabolism,1.1,0
MAR12898,Drug metabolism,1.1,0
MAR12899,Drug metabolism,1.1,0
MAR12900,Drug metabolism,1.1,0
MAR12901,Drug metabolism,1.1,0
MAR12902,Drug metabolism,1.1,0
MAR12903,Drug metabolism,1.1,0
MAR12904,Drug metabolism,1.1,0
MAR12905,Drug metabolism,1.1,0
MAR12906,Drug metabolism,1.1,0
MAR12907,Drug metabolism,1.1,0
MAR12908,Drug metabolism,1.1,0
MAR12909,Drug metabolism,1.1,0
MAR12910,Drug metabolism,1.1,0
MAR12911,Drug metabolism,1.1,0
MAR12912,Drug metabolism,1.1,0
MAR12913,Drug metabolism,1.1,0
MAR12914,Drug metabolism,1.1,0
MAR12915,Drug metabolism,1.1,0
MAR12916,Drug metabolism,1.1,0
MAR12917,Drug metabolism,1.1,0
MAR12918,Drug metabolism,1.1,0
MAR12919,Drug metabolism,1.1,0
MAR12920,Drug metabolism,1.1,0
MAR12921,Drug metabolism,1.1,0
MAR12922,Drug metabolism,1.1,0
MAR12923,Drug metabolism,1.1,0
MAR12924,Drug metabolism,1.1,0
MAR12925,Drug metabolism,1.1,0
MAR12926,Drug metabolism,1.1,0
MAR12927,Drug metabolism,1.1,0
MAR12928,Drug metabolism,1.1,0
MAR12929,Drug metabolism,1.1,0
MAR12930,Drug metabolism,1.1,0
MAR12931,Drug metabolism,1.1,0
MAR12932,Drug metabolism,1.1,0
MAR12933,Drug metabolism,1.1,0
MAR12934,Drug metabolism,1.1,0
MAR12935,Drug metabolism,1.1,0
MAR12936,Drug metabolism,1.1,0
MAR12937,Drug metabolism,1.1,0
MAR12938,Drug metabolism,1.1,0
MAR12939,Drug metabolism,1.1,0
MAR12940,Drug metabolism,1.1,0
MAR12941,Drug metabolism,1.1,0
MAR12942,Drug metabolism,1.1,0
MAR12943,Drug metabolism,1.1,0
MAR12944,Drug metabolism,1.1,0
MAR12945,Drug metabolism,1.1,0
MAR12946,Drug metabolism,1.1,0
MAR12947,Drug metabolism,1.1,0
MAR12948,Drug metabolism,1.1,0
MAR12949,Drug metabolism,1.1,0
MAR12950,Drug metabolism,1.1,0
MAR12951,Drug metabolism,1.1,0
MAR12952,Drug metabolism,1.1,0
MAR12953,Drug metabolism,1.1,0
MAR12954,Drug metabolism,1.1,0
MAR12955,Drug metabolism,1.1,0
MAR12956,Drug metabolism,1.1,0
MAR12957,Drug metabolism,1.1,0
MAR12958,Drug metabolism,1.1,0
MAR12959,Drug metabolism,1.1,0
MAR12960,Drug metabolism,1.1,0
MAR12961,Drug metabolism,1.1,0
MAR12962,Drug metabolism,1.1,0
MAR12963,Drug metabolism,1.1,0
MAR12964,Drug metabolism,1.1,0
MAR12965,Drug metabolism,1.1,0
MAR12966,Xenobiotics metabolism,1.1,0
MAR12967,Drug metabolism,1.1,0
MAR12968,Drug metabolism,1.1,0
MAR12969,Drug metabolism,1.1,0
MAR12970,Drug metabolism,1.1,0
MAR12971,Drug metabolism,1.1,0
MAR12972,Drug metabolism,1.1,0
MAR12973,Drug metabolism,1.1,0
MAR12974,Drug metabolism,1.1,0
MAR12975,Drug metabolism,1.1,0
MAR12976,Drug metabolism,1.1,0
MAR12977,Xenobiotics metabolism,1.1,0
MAR12978,Drug metabolism,1.1,0
MAR12979,Drug metabolism,1.1,0
MAR12980,Drug metabolism,1.1,0
MAR12981,Drug metabolism,1.1,0
MAR12982,Drug metabolism,1.1,0
MAR12983,Drug metabolism,1.1,0
MAR12984,Drug metabolism,1.1,0
MAR12985,Drug metabolism,1.1,0
MAR12986,Drug metabolism,1.1,0
MAR12987,Drug metabolism,1.1,0
MAR12988,Drug metabolism,1.1,0
MAR12989,Drug metabolism,1.1,0
MAR12990,Drug metabolism,1.1,0
MAR12991,Drug metabolism,1.1,0
MAR12992,Drug metabolism,1.1,0
MAR12993,Drug metabolism,1.1,0
MAR12994,Drug metabolism,1.1,0
MAR12995,Drug metabolism,1.1,0
MAR12996,Drug metabolism,1.1,0
MAR12997,Drug metabolism,1.1,0
MAR12998,Drug metabolism,1.1,0
MAR12999,Drug metabolism,1.1,0
MAR13000,Drug metabolism,1.1,0
MAR13001,Drug metabolism,1.1,0
MAR13002,Drug metabolism,1.1,0
MAR13003,Drug metabolism,1.1,0
MAR13004,Drug metabolism,1.1,0
MAR13005,Drug metabolism,1.1,0
MAR13006,Drug metabolism,1.1,0
MAR13007,Drug metabolism,1.1,0
MAR13008,Drug metabolism,1.1,0
MAR13009,Drug metabolism,1.1,0
MAR13010,Drug metabolism,1.1,0
MAR13011,Drug metabolism,1.1,0
MAR13012,Drug metabolism,1.1,0
MAR13013,Drug metabolism,1.1,0
MAR13014,Drug metabolism,1.1,0
MAR13015,Drug metabolism,1.1,0
MAR13016,Drug metabolism,1.1,0
MAR13017,Drug metabolism,1.1,0
MAR13018,Drug metabolism,1.1,0
MAR13019,Drug metabolism,1.1,0
MAR13020,Drug metabolism,1.1,0
MAR13021,Drug metabolism,1.1,0
MAR13022,Drug metabolism,1.1,0
MAR13023,Drug metabolism,1.1,0
MAR13024,Drug metabolism,1.1,0
MAR13025,Drug metabolism,1.1,0
MAR13026,Drug metabolism,1.1,0
MAR13027,Transport reactions,1.1,0
MAR13028,Transport reactions,1.1,0
MAR13029,Transport reactions,1.1,0
MAR13030,Exchange/demand reactions,1.1,0
MAR13031,Exchange/demand reactions,1.1,0
MAR13032,Exchange/demand reactions,1.1,0
MAR13033,Exchange/demand reactions,1.1,0
MAR13034,Exchange/demand reactions,1.1,0
MAR13035,Exchange/demand reactions,1.1,0
MAR13036,Exchange/demand reactions,1.1,0
MAR13037,Exchange/demand reactions,1.1,0
MAR13038,Exchange/demand reactions,1.1,0
MAR13039,Exchange/demand reactions,1.1,0
MAR13040,Exchange/demand reactions,1.1,0
MAR13041,Exchange/demand reactions,1.1,0
MAR13042,Exchange/demand reactions,1.1,0
MAR13043,Exchange/demand reactions,1.1,0
MAR13044,Exchange/demand reactions,1.1,0
MAR13045,Exchange/demand reactions,1.1,0
MAR13046,Exchange/demand reactions,1.1,0
MAR13047,Exchange/demand reactions,1.1,0
MAR13048,Exchange/demand reactions,1.1,0
MAR13049,Exchange/demand reactions,1.1,0
MAR13050,Exchange/demand reactions,1.1,0
MAR13051,Exchange/demand reactions,1.1,0
MAR13052,Exchange/demand reactions,1.1,0
MAR13053,Exchange/demand reactions,1.1,0
MAR13054,Exchange/demand reactions,1.1,0
MAR13055,Exchange/demand reactions,1.1,0
MAR13056,Exchange/demand reactions,1.1,0
MAR13057,Exchange/demand reactions,1.1,0
MAR13058,Exchange/demand reactions,1.1,0
MAR13059,Exchange/demand reactions,1.1,0
MAR13060,Exchange/demand reactions,1.1,0
MAR13061,Exchange/demand reactions,1.1,0
MAR13062,Exchange/demand reactions,1.1,0
MAR13063,Exchange/demand reactions,1.1,0
MAR13065,Exchange/demand reactions,1.1,0
MAR13067,Exchange/demand reactions,1.1,0
MAR13068,Exchange/demand reactions,1.1,0
MAR13069,Exchange/demand reactions,1.1,0
MAR13070,Exchange/demand reactions,1.1,0
MAR13071,Exchange/demand reactions,1.1,0
MAR13072,Exchange/demand reactions,1.1,0
MAR13073,Exchange/demand reactions,1.1,0
MAR13074,Exchange/demand reactions,1.1,0
MAR13075,Transport reactions,1.1,0
MAR13076,Transport reactions,1.1,0
MAR13077,Transport reactions,1.1,0
MAR13078,Protein assembly,1.1,0
MAR13079,Transport reactions,1.1,1
MAR13080,Transport reactions,1.1,5
MAR13081,Oxidative phosphorylation,0.8881861726416728,19
MAR10023,Transport reactions,1.1,0
MAR10024,Exchange/demand reactions,1.1,0
MAR10026,Exchange/demand reactions,1.1,0
MAR10027,Exchange/demand reactions,1.1,0
MAR10028,Exchange/demand reactions,1.1,0
MAR10029,Exchange/demand reactions,1.1,0
MAR10030,Exchange/demand reactions,1.1,0
MAR10031,Exchange/demand reactions,1.1,0
MAR10033,Pool reactions,1.1,0
MAR10034,Pool reactions,1.1,0
MAR10035,Pool reactions,1.1,0
MAR10036,Pool reactions,1.1,0
MAR10037,Pool reactions,1.1,0
MAR10038,Pool reactions,1.1,0
MAR10039,Transport reactions,1.1,0
MAR10040,Transport reactions,1.1,0
MAR10041,Transport reactions,1.1,0
MAR10042,Transport reactions,1.1,0
MAR10043,Transport reactions,1.1,0
MAR10044,Transport reactions,1.1,0
MAR10045,Transport reactions,1.1,0
MAR10046,Transport reactions,1.1,0
MAR10047,Exchange/demand reactions,1.1,0
MAR10048,Transport reactions,1.1,0
MAR10049,Transport reactions,1.1,0
MAR10050,Transport reactions,1.1,0
MAR10051,Transport reactions,1.1,0
MAR10052,Transport reactions,1.1,0
MAR10053,Transport reactions,1.1,0
MAR10054,Transport reactions,1.1,0
MAR10055,Transport reactions,1.1,0
MAR10056,Transport reactions,1.1,0
MAR10057,Transport reactions,1.1,0
MAR10058,Transport reactions,1.1,0
MAR10059,Transport reactions,1.1,0
MAR10060,Exchange/demand reactions,1.1,0
MAR10061,Ether lipid metabolism,1.1,2
MAR10062,Artificial reactions,1.1,0
MAR10063,Artificial reactions,1.1,0
MAR10064,Artificial reactions,1.1,0
MAR10065,Artificial reactions,1.1,0
MAR13082,Artificial reactions,1.1,0
MAR10066,Steroid metabolism,1.1,1
MAR10067,Inositol phosphate metabolism,1.1,1
MAR10068,Inositol phosphate metabolism,1.1,0
MAR10069,Bile acid biosynthesis,1.1,0
MAR10070,Miscellaneous,1.1,0
MAR10071,Steroid metabolism,1.1,1
MAR10072,Steroid metabolism,1.1,1
MAR10073,Transport reactions,1.1,2
MAR10074,Exchange/demand reactions,1.1,0
MAR10075,Transport reactions,1.1,2
MAR10076,Exchange/demand reactions,1.1,0
MAR10077,Exchange/demand reactions,1.1,0
MAR10078,Exchange/demand reactions,1.1,0
MAR10079,Transport reactions,1.1,2
MAR10080,Bile acid biosynthesis,1.1,0
MAR10081,Exchange/demand reactions,1.1,0
MAR10082,Transport reactions,1.1,2
MAR10083,Exchange/demand reactions,1.1,0
MAR10084,Exchange/demand reactions,1.1,0
MAR10085,Exchange/demand reactions,1.1,0
MAR10086,Exchange/demand reactions,1.1,0
MAR10087,Exchange/demand reactions,1.1,0
MAR10088,Exchange/demand reactions,1.1,0
MAR10089,Exchange/demand reactions,1.1,0
MAR10090,Exchange/demand reactions,1.1,0
MAR10091,Exchange/demand reactions,1.1,0
MAR10092,Bile acid biosynthesis,1.1,0
MAR10093,Bile acid biosynthesis,1.1,0
MAR10094,Bile acid biosynthesis,1.1,0
MAR10095,Bile acid biosynthesis,1.1,0
MAR10096,Bile acid biosynthesis,1.1,0
MAR10097,Bile acid biosynthesis,1.1,0
MAR10098,Bile acid biosynthesis,1.1,0
MAR10099,Bile acid biosynthesis,1.1,0
MAR10100,Transport reactions,1.1,2
MAR10101,Transport reactions,1.1,2
MAR10102,Transport reactions,1.1,2
MAR10103,Transport reactions,1.1,2
MAR10104,Transport reactions,1.1,2
MAR10105,Bile acid biosynthesis,1.1,0
MAR10106,Bile acid biosynthesis,1.1,0
MAR10107,Bile acid biosynthesis,1.1,0
MAR10108,Bile acid biosynthesis,1.1,0
MAR10109,Transport reactions,1.1,2
MAR10110,Transport reactions,1.1,2
MAR10111,Bile acid biosynthesis,1.1,0
MAR10112,Bile acid biosynthesis,1.1,0
MAR10113,Bile acid biosynthesis,1.1,0
MAR10114,Bile acid biosynthesis,1.1,0
MAR10115,Transport reactions,1.1,2
MAR10116,Purine metabolism,1.1,1
MAR10117,Transport reactions,1.1,2
MAR10118,Transport reactions,1.1,1
MAR10119,Transport reactions,1.1,1
MAR10120,Transport reactions,1.1,1
MAR10121,Bile acid biosynthesis,1.1,0
MAR10122,Bile acid biosynthesis,1.1,0
MAR10123,Bile acid biosynthesis,1.1,0
MAR10124,Bile acid biosynthesis,1.1,0
MAR10125,Transport reactions,1.1,2
MAR10126,Transport reactions,1.1,2
MAR10127,Transport reactions,1.1,1
MAR10128,Bile acid biosynthesis,1.1,0
MAR10129,Bile acid biosynthesis,1.1,0
MAR10130,Bile acid biosynthesis,1.1,0
MAR10131,Bile acid biosynthesis,1.1,0
MAR10132,Exchange/demand reactions,1.1,0
MAR13083,Metabolism of other amino acids,0.8828349301073338,1
MAR13084,Transport reactions,1.1,0
MAR13085,Transport reactions,1.1,0
MAR13086,Transport reactions,0.40408856953768535,32
MAR13087,C5-branched dibasic acid metabolism,1.1,1
MAR20001,Retinol metabolism,0.6057915222491549,1
MAR20003,Retinol metabolism,0.6057915222491549,1
MAR20005,Retinol metabolism,0.6057915222491549,1
MAR20006,Retinol metabolism,3.1912272234404284,2
MAR20007,Retinol metabolism,0.6057915222491549,1
MAR20008,Retinol metabolism,3.1912272234404284,2
MAR20009,Isolated,0.6057915222491549,1
MAR20010,Isolated,0.6057915222491549,1
MAR20011,Retinol metabolism,1.1,1
MAR20013,Isolated,0.9685794158289341,1
MAR20016,Fatty acid metabolism,1.1,3
MAR20017,octane oxidation,1.1,3
MAR20018, Arachidonic acid metabolism,1.1,1
MAR20019, Arachidonic acid metabolism,1.1,1
MAR20021,Fatty acid metabolism,1.1,1
MAR20022,Fatty acid metabolism,1.1,1
MAR20023,Fatty acid metabolism,1.1,1
MAR20024,Fatty acid metabolism,1.1,1
MAR20025,Fatty acid metabolism,1.1,1
MAR20026,Fatty acid metabolism,1.1,1
MAR20027,Fatty acid metabolism,1.1,1
MAR20028,Fatty acid metabolism,1.1,1
MAR20029,Fatty acid metabolism,1.1,1
MAR20030,Fatty acid metabolism,1.1,1
MAR20031,Fatty acid metabolism,1.1,1
MAR20032,Fatty acid metabolism,1.1,1
MAR20033,Galactose metabolism,1.946044113846941,1
MAR20034,Galactose metabolism,1.946044113846941,1
MAR20035,Glycolysis / Gluconeogenesis,1.946044113846941,1
MAR20036,Glycolysis / Gluconeogenesis,1.946044113846941,1
MAR20037,Glycolysis / Gluconeogenesis,0.2045738739691664,1
MAR20038,Toluene degradation,0.2045738739691664,1
MAR20039,Toluene degradation,0.2045738739691664,1
MAR20040,Glycolysis / Gluconeogenesis,0.2045738739691664,1
MAR20041,Glycolysis / Gluconeogenesis,0.2045738739691664,1
MAR20042,Glycolysis / Gluconeogenesis,0.2045738739691664,1
MAR20043,Glycolysis / Gluconeogenesis,0.2045738739691664,1
MAR20044,Isolated,3.1912272234404284,1
MAR20046,Fatty acid metabolism,1.1,1
MAR20047,Fatty acid metabolism,1.1,1
MAR20048,Fatty acid metabolism,1.1,1
MAR20049,Fatty acid metabolism,1.1,1
MAR20050,Fatty acid metabolism,1.1,1
MAR20051,Fatty acid metabolism,1.1,1
MAR20053,Fatty acid metabolism,1.1,1
MAR20054,Fatty acid metabolism,1.1,1
MAR20055,Fatty acid metabolism,1.1,1
MAR20056,Fatty acid metabolism,1.1,1
MAR20057,Fatty acid metabolism,1.1,1
MAR20058,Fatty acid metabolism,1.1,1
MAR20059,Fatty acid metabolism,1.1,1
MAR20060,Fatty acid metabolism,1.1,1
MAR20061,octane oxidation,1.1,1
MAR20062,Fatty acid metabolism,1.1,1
MAR20063,Fatty acid metabolism,1.1,1
MAR20064,Insect hormone biosynthesis,1.1,1
MAR20065,Insect hormone biosynthesis,1.1,1
MAR20067,Fatty acid metabolism,3.4540283195230717,1
MAR20068,Fatty acid degradation,3.4540283195230717,1
MAR20069,Glycolysis / Gluconeogenesis,1.1,4
MAR20070,Pentose Phosphate Pathway,2.5237018402090423,2
MAR20071,"Alanine, aspartate and glutamate metabolism",1.9985692005469717,1
MAR20072,"Alanine, aspartate and glutamate metabolism",1.9985692005469717,1
MAR20073,Fatty acid metabolism,1.1,1
MAR20074,Fatty acid metabolism,1.1,1
MAR20075,Fatty acid metabolism,1.1,1
MAR20076,Fatty acid metabolism,1.1,1
MAR20077,Fatty acid metabolism,1.1,1
MAR20078,Fatty acid metabolism,1.1,1
MAR20079,Fatty acid metabolism,1.1,1
MAR20080,Fatty acid metabolism,1.1,1
MAR20081,Fatty acid metabolism,1.1,1
MAR20082,Fatty acid metabolism,1.1,1
MAR20083,Fatty acid metabolism,1.1,1
MAR20084,Fatty acid metabolism,1.1,1
MAR20085,Fatty acid metabolism,1.1,1
MAR20086,Fatty acid metabolism,1.1,1
MAR20087,Fatty acid metabolism,1.1,1
MAR20088,Fatty acid metabolism,1.1,1
MAR20090,Porphyrin metabolism,0.9283003938359373,1
MAR20091,Porphyrin metabolism,0.9283003938359373,1
MAR20092,Porphyrin metabolism,0.9283003938359373,1
MAR20093,Fatty acid metabolism,1.1,1
MAR20094,Fatty acid metabolism,1.1,1
MAR20095,Fatty acid metabolism,1.1,1
MAR20096,Fatty acid metabolism,1.1,1
MAR20097,Fatty acid metabolism,1.1,1
MAR20098,Terpenoid backbone biosynthesis,1.1,1
MAR20099,Isolated,1.1,3
MAR20100,Isolated,1.1,3
MAR20101,Isolated,1.1,1
MAR20102,Isolated,1.1,1
MAR20103,Isolated,1.1,1
MAR20104,Isolated,1.1,1
MAR20105,Isolated,1.1,1
MAR20106,Ubiquinone and other terpenoid-quinone biosynthesis,1.1,1
MAR20107,Ubiquinone and other terpenoid-quinone biosynthesis,1.1,1
MAR20108,Ubiquinone and other terpenoid-quinone biosynthesis,1.1,1
MAR20109,Ubiquinone and other terpenoid-quinone biosynthesis,1.1,1
MAR20110,Miscellaneous,1.5507949883086078,1
MAR20111,Miscellaneous,1.1,1
MAR20112,Fatty acid biosynthesis (even-chain),1.7850937342800068,1
MAR20113,Transport reactions,1.1,0
MAR20114,Miscellaneous,2.536543769282915,9
MAR20115,Transport reactions,0.2985451432691032,1
MAR20116,Transport reactions,0.2985451432691032,1
MAR20117,Riboflavin metabolism,0.5187692169888933,1
MAR20118,Transport reactions,0.2985451432691032,1
MAR20119,Transport reactions,0.2985451432691032,1
MAR20120,Transport reactions,0.2985451432691032,1
MAR20121,Transport reactions,0.2985451432691032,1
MAR20122,Transport reactions,0.2985451432691032,1
MAR20123,Transport reactions,0.2985451432691032,1
MAR20124,Transport reactions,0.2985451432691032,1
MAR20125,Transport reactions,0.2985451432691032,1
MAR20126,Transport reactions,0.2985451432691032,1
MAR20127,Transport reactions,0.2985451432691032,1
MAR20128,Transport reactions,0.2985451432691032,1
MAR20129,Transport reactions,0.2985451432691032,1
MAR20130,Transport reactions,0.2985451432691032,1
MAR20131,Transport reactions,0.2985451432691032,1
MAR20132,Transport reactions,1.1,1
MAR20133,Transport reactions,1.1,1
MAR20134,Transport reactions,1.1,1
MAR20135,Transport reactions,1.1,1
MAR20136,Transport reactions,1.1,1
MAR20137,Transport reactions,1.1,1
MAR20138,Transport reactions,1.1,1
MAR20139,Transport reactions,1.1,1
MAR20140,Transport reactions,1.1,1
MAR20141,Transport reactions,1.1,1
MAR20142,Transport reactions,1.1,1
MAR20143,Transport reactions,1.1,1
MAR20144,Transport reactions,1.1,1
MAR20145,Transport reactions,1.1,1
MAR20146,Transport reactions,3.278367246016776,2
MAR20147,Transport reactions,1.1,1
MAR20148,Transport reactions,1.1,1
MAR20149,Transport reactions,1.1,1
MAR20150,Transport reactions,1.1,1
MAR20151,Transport reactions,1.1,1
MAR20152,Transport reactions,5.456734492033552,1
MAR20153,Transport reactions,5.456734492033552,1
MAR20154,Transport reactions,5.456734492033552,1
MAR20155,Transport reactions,5.456734492033552,1
MAR20156,Transport reactions,5.456734492033552,1
MAR20157,Transport reactions,5.456734492033552,1
MAR20158,Transport reactions,5.456734492033552,1
MAR20159,Transport reactions,5.456734492033552,1
MAR20160,Transport reactions,5.456734492033552,1
MAR20161,Transport reactions,5.456734492033552,1
MAR20162,Transport reactions,5.456734492033552,1
MAR20163,Transport reactions,5.456734492033552,1
MAR20164,Transport reactions,3.278367246016776,2
MAR20165,Transport reactions,3.278367246016776,2
MAR20166,Transport reactions,3.278367246016776,2
MAR20167,Miscellaneous,1.1,1
MAR20168,Miscellaneous,1.4536614200927789,1
MAR20169,Acyl-CoA hydrolysis,1.5175365145798996,1
MAR20170,Acyl-CoA hydrolysis,1.1,1
MAR20171,Acyl-CoA hydrolysis,1.1,1
MAR20172,Acyl-CoA hydrolysis,1.1,1
MAR20173,Lysine metabolism,1.331967983802723,2
MAR20174,"Valine, leucine, and isoleucine metabolism",1.1,2
MAR20175,"Valine, leucine, and isoleucine metabolism",1.1,2
MAR20176,"Valine, leucine, and isoleucine metabolism",1.1,2
MAR20177,Propanoate metabolism,1.1,3
MAR20178,Propanoate metabolism,1.846266573129229,1
MAR20179,Transport reactions,1.1,0
MAR20180,Exchange/demand reactions,1.1,0
MAR20181,Transport reactions,1.1,1
MAR20182,Transport reactions,1.1,1
MAR20183,Transport reactions,1.1,1
