cell_line,panel_size,trial,topology_distortion,proteomics_distortion,delta_distortion
BR:MCF7,50,1,1.2380878797458865,1.2374256398752101,-0.0006622398706763732
BR:MCF7,50,2,1.3190264175559414,1.2924608857736273,-0.026565531782314133
BR:MCF7,50,3,1.2323439102048834,1.243247561644217,0.010903651439333473
BR:MCF7,50,4,1.262302193990158,1.2877366936290413,0.025434499638883334
BR:MCF7,50,5,1.2797238224030976,1.2650144647096118,-0.014709357693485803
BR:MCF7,50,6,1.3388850772196488,1.3496318006563064,0.010746723436657613
BR:MCF7,50,7,1.2205282694961332,1.273140122045527,0.05261185254939371
BR:MCF7,50,8,1.2942552238203497,1.3062269256632268,0.011971701842877103
BR:MCF7,50,9,1.300278882362044,1.3073914611474864,0.007112578785442469
BR:MCF7,50,10,1.2622580082654318,1.2729520543200827,0.010694046054650963
BR:MCF7,100,1,1.3716796548504577,1.3513961080358514,-0.020283546814606312
BR:MCF7,100,2,1.3896047928559578,1.367848416679978,-0.021756376175979808
BR:MCF7,100,3,1.3315746732144451,1.3301588144631171,-0.0014158587513279919
BR:MCF7,100,4,1.376865385388546,1.3909389253787745,0.014073539990228534
BR:MCF7,100,5,1.3587514668514955,1.393523189164701,0.03477172231320558
BR:MCF7,100,6,1.3222101254750502,1.3933567092257446,0.07114658375069438
BR:MCF7,100,7,1.3430283253207012,1.335729426762444,-0.007298898558257161
BR:MCF7,100,8,1.397944630530909,1.3962318929675384,-0.0017127375633705366
BR:MCF7,100,9,1.3973187549371036,1.3857230507319973,-0.01159570420510625
BR:MCF7,100,10,1.314851506568514,1.3576129996199588,0.04276149305144483
BR:MCF7,200,1,1.395117703012524,1.4120645660623652,0.016946863049841276
BR:MCF7,200,2,1.4064858866437895,1.4074048332609295,0.0009189466171399818
BR:MCF7,200,3,1.357860721864272,1.3806636989424397,0.022802977078167697
BR:MCF7,200,4,1.384832795412742,1.3990462670585428,0.01421347164580089
BR:MCF7,200,5,,1.4010723036995916,
BR:MCF7,200,6,1.4072167225412382,1.4029196573655767,-0.00429706517566153
BR:MCF7,200,7,1.3908326496134944,1.3865328339646326,-0.004299815648861838
BR:MCF7,200,8,1.3854196637583518,1.3986419798301146,0.01322231607176283
BR:MCF7,200,9,,1.3977209501165047,
BR:MCF7,200,10,1.3748368449903883,1.3786552521710973,0.003818407180709027
BR:MCF7,500,1,1.3921031170091447,1.3933215006538693,0.0012183836447245966
BR:MCF7,500,2,1.357705141694972,1.4104732005997327,0.05276805890476077
BR:MCF7,500,3,1.3972434626903836,1.410795025721705,0.013551563031321434
BR:MCF7,500,4,1.3559948634789738,1.3570639815136718,0.0010691180346980023
BR:MCF7,500,5,1.4116188812655375,1.4111861214401868,-0.00043275982535062596
BR:MCF7,500,6,1.4078917027195628,1.41096840863413,0.0030767059145673237
BR:MCF7,500,7,1.4085039880121664,1.4114400894140113,0.0029361014018449705
BR:MCF7,500,8,1.3905980446724098,1.3902658944165867,-0.00033215025582311597
BR:MCF7,500,9,1.4108263925691193,1.4137371517849375,0.0029107592158181816
BR:MCF7,500,10,1.4131757465018993,1.4134829380651222,0.0003071915632228972
BR:MDA-MB-231,50,1,1.3158154088559524,1.2644553678359904,-0.051360041019961944
BR:MDA-MB-231,50,2,1.3203641037845064,1.327286200239761,0.006922096455254545
BR:MDA-MB-231,50,3,1.339532946730045,1.3387334220659521,-0.0007995246640928322
BR:MDA-MB-231,50,4,1.3636033408165302,1.373760110627096,0.010156769810565791
BR:MDA-MB-231,50,5,1.2725915281162565,1.2188510490964402,-0.05374047901981638
BR:MDA-MB-231,50,6,1.3059436579184662,1.2694545876370926,-0.0364890702813736
BR:MDA-MB-231,50,7,1.2968705209996896,1.3390120716723366,0.04214155067264702
BR:MDA-MB-231,50,8,1.3090755770659794,1.252593839976182,-0.056481737089797424
BR:MDA-MB-231,50,9,1.28487210045838,1.2543756097467575,-0.030496490711622526
BR:MDA-MB-231,50,10,1.3602865476628574,1.343197112056512,-0.01708943560634535
BR:MDA-MB-231,100,1,1.3442777604986362,1.3300470783488219,-0.014230682149814378
BR:MDA-MB-231,100,2,1.3945069406536326,1.3956631563142012,0.0011562156605686713
BR:MDA-MB-231,100,3,1.391011162151784,1.390699944673643,-0.00031121747814100154
BR:MDA-MB-231,100,4,1.3772270626947967,1.3627179573008052,-0.014509105393991417
BR:MDA-MB-231,100,5,1.3606831606032277,1.3125992425430086,-0.048083918060219055
BR:MDA-MB-231,100,6,1.3801971405834579,1.3503299593714135,-0.029867181212044347
BR:MDA-MB-231,100,7,1.4103410662714155,1.4098327729495577,-0.0005082933218578667
BR:MDA-MB-231,100,8,1.362118240159451,1.3593204685951248,-0.002797771564326146
BR:MDA-MB-231,100,9,1.3822200824444528,1.3756283778772265,-0.006591704567226353
BR:MDA-MB-231,100,10,1.3184835772596548,1.3410891540334933,0.022605576773838454
BR:MDA-MB-231,200,1,,1.397298755110744,
BR:MDA-MB-231,200,2,1.3388813683707008,1.319593282314069,-0.019288086056631792
BR:MDA-MB-231,200,3,1.3597135636970648,1.3643626587413011,0.004649095044236384
BR:MDA-MB-231,200,4,1.361335301462062,1.399292553781473,0.03795725231941116
BR:MDA-MB-231,200,5,1.3843827260752612,1.372869580262846,-0.01151314581241536
BR:MDA-MB-231,200,6,1.3818031338416257,1.3693506299735871,-0.012452503868038534
BR:MDA-MB-231,200,7,1.3943064167414203,1.4098210562861309,0.015514639544710551
BR:MDA-MB-231,200,8,1.4067240278160322,1.4080396033235378,0.0013155755075056064
BR:MDA-MB-231,200,9,1.4009523631432557,1.406178710509729,0.005226347366473316
BR:MDA-MB-231,200,10,1.3711156842950343,1.392579970783528,0.021464286488493745
BR:MDA-MB-231,500,1,1.410181239592078,1.4095990493535926,-0.0005821902384854916
BR:MDA-MB-231,500,2,1.411910846757364,1.409672469902874,-0.0022383768544900207
BR:MDA-MB-231,500,3,1.4121042856028945,1.4101184650598926,-0.0019858205430018927
BR:MDA-MB-231,500,4,1.4095263595949363,1.4099112552021473,0.0003848956072109999
BR:MDA-MB-231,500,5,1.3621651877674568,1.4063885023111802,0.04422331454372341
BR:MDA-MB-231,500,6,1.4121629308536,1.4125461378762267,0.00038320702262684136
BR:MDA-MB-231,500,7,1.4128748890655118,1.4124567150511957,-0.00041817401431609724
BR:MDA-MB-231,500,8,1.4112088909884373,1.4136966590876119,0.0024877680991746143
BR:MDA-MB-231,500,9,1.3935145313103785,1.4134734807639537,0.019958949453575237
BR:MDA-MB-231,500,10,1.4130500321316146,1.4120746360854999,-0.0009753960461147404
BR:HS 578T,50,1,1.277320063445789,1.30568223462017,0.02836217117438089
BR:HS 578T,50,2,1.2991539331308852,1.2970333299777865,-0.002120603153098699
BR:HS 578T,50,3,1.2856513627888422,1.2869534353601029,0.0013020725712606929
BR:HS 578T,50,4,1.2910512792842745,1.3369839974697861,0.04593271818551159
BR:HS 578T,50,5,1.3255811333449377,1.319193148224185,-0.0063879851207526706
BR:HS 578T,50,6,1.2688459283031723,1.2257358700949315,-0.043110058208240876
BR:HS 578T,50,7,1.2011831103720279,1.219419803544018,0.01823669317199017
BR:HS 578T,50,8,1.2317363598816347,1.1774366386887178,-0.05429972119291682
BR:HS 578T,50,9,1.2837096984476346,1.3353210617385678,0.05161136329093319
BR:HS 578T,50,10,1.3575671465324386,1.357547518333844,-1.9628198594690005e-05
BR:HS 578T,100,1,1.3902512822102946,1.389968994981852,-0.0002822872284427014
BR:HS 578T,100,2,1.2788930348791658,1.2632552233543195,-0.015637811524846335
BR:HS 578T,100,3,1.3715584002242365,1.3599372274644115,-0.011621172759824994
BR:HS 578T,100,4,1.3950596845509604,1.3781051259319816,-0.016954558618978766
BR:HS 578T,100,5,1.348255332790238,1.3451599034091344,-0.0030954293811036315
BR:HS 578T,100,6,1.3217014705549042,1.3095224988867749,-0.012178971668129313
BR:HS 578T,100,7,1.410696599473565,1.411231768623902,0.0005351691503370226
BR:HS 578T,100,8,1.3450658503110218,1.3276384193189106,-0.017427430992111193
BR:HS 578T,100,9,1.384569701853824,1.3811479408339429,-0.003421761019881231
BR:HS 578T,100,10,1.3816184115766261,1.385290523375821,0.0036721117991949104
BR:HS 578T,200,1,1.3899619990402325,1.4093774729700705,0.019415473929838
BR:HS 578T,200,2,1.4098185032969255,1.4115786724752484,0.00176016917832289
BR:HS 578T,200,3,,1.4066954680005526,
BR:HS 578T,200,4,1.3925902900077343,1.4092001200269768,0.016609830019242544
BR:HS 578T,200,5,1.398793613370365,1.413060681081465,0.01426706771110009
BR:HS 578T,200,6,1.4001385824831494,1.4003953345499949,0.00025675206684550034
BR:HS 578T,200,7,1.3543524157972366,1.3639606808881513,0.009608265090914614
BR:HS 578T,200,8,1.408900118593278,1.409199284722261,0.00029916612898306383
BR:HS 578T,200,9,1.3920080622337787,1.4104423963048778,0.018434334071099068
BR:HS 578T,200,10,1.3520366982598495,1.3960060846771478,0.043969386417298306
BR:HS 578T,500,1,1.4067569377355615,1.3956082405485624,-0.011148697186999179
BR:HS 578T,500,2,1.3789907069166583,1.4071852419017115,0.0281945349850532
BR:HS 578T,500,3,1.396833433868592,1.3966755420495158,-0.00015789181907610583
BR:HS 578T,500,4,1.3932126377397678,1.371322962285783,-0.02188967545398479
BR:HS 578T,500,5,1.4020762383721384,1.3680923255145157,-0.0339839128576227
BR:HS 578T,500,6,1.4049058880089285,1.4107750918279596,0.00586920381903111
BR:HS 578T,500,7,1.4040686559712134,1.409141531376627,0.005072875405413457
BR:HS 578T,500,8,1.3829916483539815,1.3814993161710203,-0.0014923321829611869
BR:HS 578T,500,9,1.368913332867853,1.3688763291016484,-3.7003766204746213e-05
BR:HS 578T,500,10,1.3495578132343253,1.3480250654000878,-0.0015327478342375134
BR:BT-549,50,1,1.3026229309280164,1.2988532853782906,-0.0037696455497258086
BR:BT-549,50,2,1.258395130622774,1.2773005339797112,0.018905403356937134
BR:BT-549,50,3,1.3305683018281853,1.2834885623482362,-0.047079739479949145
BR:BT-549,50,4,1.3164755492992053,1.3309389204904576,0.014463371191252294
BR:BT-549,50,5,1.2923820999273312,1.3048259040110477,0.012443804083716481
BR:BT-549,50,6,1.2790929456674212,1.3169510166493648,0.0378580709819436
BR:BT-549,50,7,1.2681621973555188,1.3358740302460983,0.06771183289057947
BR:BT-549,50,8,1.3129645487855157,1.312792934571751,-0.00017161421376465924
BR:BT-549,50,9,1.2848659505579185,1.264618855479776,-0.020247095078142596
BR:BT-549,50,10,1.0754822447130876,1.106836890492187,0.03135464577909941
BR:BT-549,100,1,1.3402100032894766,1.3345512561522495,-0.005658747137227138
BR:BT-549,100,2,1.2989351621131056,1.2969406336984675,-0.001994528414638097
BR:BT-549,100,3,1.3720311090744515,1.3740529476920305,0.002021838617578986
BR:BT-549,100,4,1.3285654773540228,1.3334962946022684,0.0049308172482456225
BR:BT-549,100,5,1.4126493849447403,1.4132005879839327,0.0005512030391923162
BR:BT-549,100,6,1.3405665344271636,1.386443377040436,0.04587684261327252
BR:BT-549,100,7,1.407998380899142,1.404401827856247,-0.0035965530428951897
BR:BT-549,100,8,1.392568077402114,1.3550362417786763,-0.03753183562343776
BR:BT-549,100,9,1.3939999227275623,1.399708963589646,0.005709040862083681
BR:BT-549,100,10,1.3337419410327744,1.3123761864551566,-0.0213657545776178
BR:BT-549,200,1,1.4075889856757677,1.4029634054786655,-0.0046255801971022414
BR:BT-549,200,2,1.4093108692652154,1.3842052470569879,-0.02510562220822754
BR:BT-549,200,3,1.3930884593580202,1.3532633941430496,-0.039825065214970534
BR:BT-549,200,4,1.3906194501059497,1.3694787723916626,-0.02114067771428707
BR:BT-549,200,5,1.4054875419250175,1.4121440018959204,0.006656459970902917
BR:BT-549,200,6,1.3974380536115936,1.389089913402433,-0.008348140209160526
BR:BT-549,200,7,1.4112450774323309,1.4110206567539543,-0.00022442067837658009
BR:BT-549,200,8,1.395042102410813,1.398507828147744,0.003465725736931047
BR:BT-549,200,9,1.4036261300188253,1.4062287785391343,0.0026026485203090033
BR:BT-549,200,10,1.406354293255107,1.3709318065065745,-0.035422486748532434
BR:BT-549,500,1,1.4128141024327645,1.4139595279051238,0.001145425472359296
BR:BT-549,500,2,1.411347494862437,1.4095322839289381,-0.0018152109334987898
BR:BT-549,500,3,1.4122543835246744,1.4113997723089995,-0.000854611215674872
BR:BT-549,500,4,1.4115684962776742,1.4115792359329526,1.0739655278424465e-05
BR:BT-549,500,5,1.4042640589642459,1.4133175863724738,0.009053527408227957
BR:BT-549,500,6,1.3929152519764159,1.399877379332624,0.006962127356208159
BR:BT-549,500,7,1.3415945734560637,1.4133508527644076,0.07175627930834394
BR:BT-549,500,8,1.4019359032710828,1.4138888920628587,0.011952988791775976
BR:BT-549,500,9,1.3980699817682536,1.4007634442120833,0.0026934624438297305
BR:BT-549,500,10,1.4073309610868792,1.409873688823627,0.0025427277367477963
BR:T-47D,50,1,1.3046853078358722,1.332849340571181,0.028164032735308764
BR:T-47D,50,2,1.248258538142324,1.2886225747060995,0.04036403656377563
BR:T-47D,50,3,1.20380046060971,1.1841140060634892,-0.019686454546220755
BR:T-47D,50,4,1.2878782889786775,1.2798679584979993,-0.00801033048067823
BR:T-47D,50,5,1.2780085625828106,1.2696602728459143,-0.008348289736896275
BR:T-47D,50,6,1.209240541792908,1.2644726640082558,0.05523212221534779
BR:T-47D,50,7,1.2908721885130827,1.2852423255370704,-0.005629862976012312
BR:T-47D,50,8,1.2729745246135828,1.2834548004629496,0.010480275849366727
BR:T-47D,50,9,1.3131823667437283,1.3619854111322085,0.048803044388480155
BR:T-47D,50,10,1.298952391620849,1.2968285890300801,-0.0021238025907688307
BR:T-47D,100,1,1.3917706229837072,1.3718953278275967,-0.01987529515611053
BR:T-47D,100,2,1.3929396928018227,1.4100322241412284,0.017092531339405692
BR:T-47D,100,3,1.3895166606020153,1.3729004047326625,-0.01661625586935278
BR:T-47D,100,4,1.3642688031873635,1.3456182563731294,-0.01865054681423417
BR:T-47D,100,5,1.3679430774522494,1.3770524859783566,0.009109408526107199
BR:T-47D,100,6,1.403036065232425,1.4031875115906762,0.00015144635825126151
BR:T-47D,100,7,1.3852174702306748,1.4000605384651756,0.014843068234500878
BR:T-47D,100,8,1.3983048064091286,1.3968216379265797,-0.0014831684825489244
BR:T-47D,100,9,1.3933862058887472,1.392169322927801,-0.0012168829609462417
BR:T-47D,100,10,1.289900614038903,1.3365241255897562,0.04662351155085309
BR:T-47D,200,1,1.4010338283050692,1.4015267541677967,0.0004929258627275335
BR:T-47D,200,2,1.3957247628524612,1.4079466454122354,0.012221882559774189
BR:T-47D,200,3,1.4037384355952862,1.398550156158555,-0.00518827943673128
BR:T-47D,200,4,1.37878399733826,1.404509024425559,0.025725027087298846
BR:T-47D,200,5,1.3871669358392742,1.3948974636638813,0.007730527824607147
BR:T-47D,200,6,1.4008888707639773,1.4008187304636146,-7.014030036267549e-05
BR:T-47D,200,7,1.4061284047179732,1.3987358180862788,-0.007392586631694398
BR:T-47D,200,8,1.405728450935755,1.402957695862351,-0.002770755073403963
BR:T-47D,200,9,1.3888616992351674,1.3935508445246307,0.004689145289463292
BR:T-47D,200,10,1.3753825774879607,1.3883978984070704,0.01301532091910973
BR:T-47D,500,1,1.41375049492876,1.4140927633786742,0.0003422684499141404
BR:T-47D,500,2,1.413355773276371,1.4129938628113334,-0.00036191046503764035
BR:T-47D,500,3,1.408255257413123,1.4077065442731054,-0.0005487131400176981
BR:T-47D,500,4,1.4120807881804853,1.4135664873338512,0.001485699153365827
BR:T-47D,500,5,1.3994214138920142,1.3998567589500213,0.0004353450580070195
BR:T-47D,500,6,1.411494837315589,1.410567448664646,-0.0009273886509428841
BR:T-47D,500,7,1.4087548900679534,1.409662574438472,0.000907684370518691
BR:T-47D,500,8,1.4022304988756171,1.412508245207537,0.010277746331919912
BR:T-47D,500,9,1.400669108600825,1.4026638528697644,0.001994744268939419
BR:T-47D,500,10,1.4093921991151346,1.4094537607883255,6.15616731909352e-05
CNS:SF-268,50,1,1.2602423372542728,1.259126434856946,-0.00111590239732684
CNS:SF-268,50,2,1.2551443521737686,1.3301107193124484,0.07496636713867977
CNS:SF-268,50,3,1.2110596885561138,1.210405119229353,-0.0006545693267607788
CNS:SF-268,50,4,1.3614421937573256,1.3753287128728118,0.013886519115486218
CNS:SF-268,50,5,1.1238372173691007,1.1343144306274204,0.01047721325831974
CNS:SF-268,50,6,1.3047942548001468,1.310686487029638,0.005892232229491201
CNS:SF-268,50,7,1.2389525038538896,1.2336731048248253,-0.005279399029064269
CNS:SF-268,50,8,1.2431858328419176,1.3128795073847734,0.0696936745428558
CNS:SF-268,50,9,1.3231806148106748,1.3439083584685634,0.020727743657888542
CNS:SF-268,50,10,1.207689919554154,1.2034644954069167,-0.004225424147237256
CNS:SF-268,100,1,1.4119137217096145,1.41192219353105,8.471821435485083e-06
CNS:SF-268,100,2,1.4034863990378794,1.4010504072847803,-0.002435991753099165
CNS:SF-268,100,3,1.296650293688192,1.2932358660350245,-0.0034144276531675732
CNS:SF-268,100,4,1.393214622796889,1.3901825178262401,-0.0030321049706487635
CNS:SF-268,100,5,1.3504786259458996,1.356330928963228,0.005852303017328309
CNS:SF-268,100,6,1.4122983958730362,1.4124808839449012,0.00018248807186505012
CNS:SF-268,100,7,1.3848644015166247,1.4050188902821301,0.020154488765505407
CNS:SF-268,100,8,1.3654680097727192,1.3332364663088898,-0.03223154346382939
CNS:SF-268,100,9,1.3483143804103201,1.3438044074981461,-0.004509972912174032
CNS:SF-268,100,10,1.3517519138027148,1.34181314904336,-0.009938764759354735
CNS:SF-268,200,1,1.408752570411022,1.408163627949631,-0.0005889424613909622
CNS:SF-268,200,2,1.410901404464526,1.3955823475339217,-0.015319056930604313
CNS:SF-268,200,3,1.3967479787164045,1.4048709415946323,0.00812296287822778
CNS:SF-268,200,4,1.4056124986479024,1.379382021485704,-0.026230477162198396
CNS:SF-268,200,5,1.3947897633301718,1.4106506698232828,0.015860906493111004
CNS:SF-268,200,6,1.3962879438406248,1.4077095333114962,0.011421589470871352
CNS:SF-268,200,7,,1.376229020883076,
CNS:SF-268,200,8,1.3905736427248068,1.3647965844294365,-0.025777058295370248
CNS:SF-268,200,9,1.4121880769108515,1.4068192846810292,-0.005368792229822228
CNS:SF-268,200,10,1.4067009159644432,1.4068453363098212,0.00014442034537798243
CNS:SF-268,500,1,1.40846104230989,1.4097645576320967,0.0013035153222067386
CNS:SF-268,500,2,1.4125478314703053,1.4081265918107344,-0.004421239659570864
CNS:SF-268,500,3,1.3992064381013167,1.405238190497942,0.006031752396625345
CNS:SF-268,500,4,1.4124760091932542,1.4135987236430383,0.001122714449784068
CNS:SF-268,500,5,1.409435691118191,1.4047686128041184,-0.004667078314072537
CNS:SF-268,500,6,1.4021548710892566,1.4117804538023393,0.00962558271308267
CNS:SF-268,500,7,1.4002879283308602,1.4031559020088564,0.002867973677996183
CNS:SF-268,500,8,1.4114887430785341,1.4125987949379462,0.0011100518594120423
CNS:SF-268,500,9,1.3960018575141724,1.3943523289098956,-0.0016495286042768065
CNS:SF-268,500,10,1.3983913206383831,1.4104317106502986,0.01204039001191548
CNS:SF-295,50,1,1.3416364892518555,1.339116338943578,-0.002520150308277458
CNS:SF-295,50,2,1.3231692731508364,1.2673050158917973,-0.055864257259039096
CNS:SF-295,50,3,1.275444997865958,1.2917150349460578,0.016270037080099664
CNS:SF-295,50,4,1.2587329599407993,1.258213595668721,-0.0005193642720782154
CNS:SF-295,50,5,1.3714098538481176,1.370581300924856,-0.0008285529232616717
CNS:SF-295,50,6,1.13672904941255,1.0838822797250873,-0.0528467696874626
CNS:SF-295,50,7,1.3673897407958622,1.4022514190026363,0.034861678206774105
CNS:SF-295,50,8,1.2371555492023465,1.2361759962173504,-0.0009795529849960793
CNS:SF-295,50,9,1.235139628397864,1.290978752569617,0.055839124171753074
CNS:SF-295,50,10,1.3292115520775374,1.276326119521532,-0.05288543255600531
CNS:SF-295,100,1,1.3879384647568425,1.3845559290392329,-0.0033825357176096027
CNS:SF-295,100,2,1.2549004087084283,1.2621478935912966,0.007247484882868305
CNS:SF-295,100,3,1.385543373919883,1.3724063170436196,-0.013137056876263431
CNS:SF-295,100,4,1.4070353909133047,1.4072230912646493,0.00018770035134463292
CNS:SF-295,100,5,1.2260380210262762,1.2535345362811379,0.02749651525486163
CNS:SF-295,100,6,1.4010360933225887,1.406449426074072,0.0054133327514833685
CNS:SF-295,100,7,1.3683492964979844,1.3723860802043677,0.0040367837063832734
CNS:SF-295,100,8,1.3751191418606545,1.4126040900061723,0.03748494814551773
CNS:SF-295,100,9,1.3618242329745898,1.3352458995340029,-0.02657833344058691
CNS:SF-295,100,10,1.375414889352443,1.3799662252657734,0.0045513359133304565
CNS:SF-295,200,1,1.4075085603491917,1.4036887051326834,-0.0038198552165082944
CNS:SF-295,200,2,1.3901452573795898,1.3857725730329924,-0.004372684346597433
CNS:SF-295,200,3,1.3981863447029916,1.3818352944743049,-0.01635105022868677
CNS:SF-295,200,4,1.4025741792174056,1.410261350661799,0.007687171444393348
CNS:SF-295,200,5,1.3489173120133233,1.3691584223790385,0.020241110365715187
CNS:SF-295,200,6,1.383906220432651,1.3987881091019245,0.014881888669273424
CNS:SF-295,200,7,1.37956273693497,1.3962599517220897,0.01669721478711983
CNS:SF-295,200,8,1.4023371925553259,1.3635685133848527,-0.03876867917047311
CNS:SF-295,200,9,1.4004939461960866,1.4104092271235777,0.009915280927491166
CNS:SF-295,200,10,1.3890863593400218,1.3928052663314774,0.003718906991455606
CNS:SF-295,500,1,1.4016353320725896,1.403368591199368,0.0017332591267784636
CNS:SF-295,500,2,1.410343423817478,1.4052466617482766,-0.005096762069201288
CNS:SF-295,500,3,1.392909209204604,1.3947766096315675,0.0018674004269634281
CNS:SF-295,500,4,1.4116601472348775,1.4120179710526344,0.0003578238177568416
CNS:SF-295,500,5,1.411316667127416,1.4108026329933723,-0.0005140341340437171
CNS:SF-295,500,6,1.4109872675355621,1.4105849286494987,-0.0004023388860634469
CNS:SF-295,500,7,1.3981761961442596,1.4046780136663728,0.006501817522113207
CNS:SF-295,500,8,1.4022438466100333,1.3994995754926352,-0.002744271117398167
CNS:SF-295,500,9,1.4055074244213168,1.4043054555176095,-0.0012019689037072734
CNS:SF-295,500,10,1.4109523667065158,1.4116872903776119,0.000734923671096066
CNS:SNB-19,50,1,1.3485934177654513,1.3546351703370267,0.006041752571575465
CNS:SNB-19,50,2,1.2689351644442883,1.2911442062989384,0.022209041854650113
CNS:SNB-19,50,3,1.3076126814505318,1.2783024418504367,-0.029310239600095045
CNS:SNB-19,50,4,1.2880969983791521,1.3129388560227602,0.024841857643608023
CNS:SNB-19,50,5,1.2427544004406617,1.1930931985995374,-0.049661201841124214
CNS:SNB-19,50,6,1.237780698699783,1.2336862426081843,-0.004094456091598753
CNS:SNB-19,50,7,1.2214082833270241,1.1668381019757201,-0.05457018135130398
CNS:SNB-19,50,8,1.2749139963121063,1.2558250992638529,-0.01908889704825345
CNS:SNB-19,50,9,1.2210065090407718,1.2647546781807417,0.04374816913996993
CNS:SNB-19,50,10,1.2835982707692462,1.3240329332765572,0.04043466250731109
CNS:SNB-19,100,1,1.396016404009088,1.3999331632797003,0.003916759270612191
CNS:SNB-19,100,2,1.371065370604021,1.374800112993628,0.0037347423896070264
CNS:SNB-19,100,3,1.3888914785435864,1.3714720426678104,-0.01741943587577599
CNS:SNB-19,100,4,1.322700355463707,1.3171947698853683,-0.005505585578338579
CNS:SNB-19,100,5,1.3759465838308946,1.391393378501492,0.015446794670597397
CNS:SNB-19,100,6,1.3672349572504339,1.365195744742024,-0.0020392125084098822
CNS:SNB-19,100,7,1.3949553990333852,1.395053177948489,9.777891510376335e-05
CNS:SNB-19,100,8,1.3633929712344781,1.3612737610450203,-0.002119210189457821
CNS:SNB-19,100,9,1.2597338610779683,1.2321976829444954,-0.027536178133472866
CNS:SNB-19,100,10,1.410815596640979,1.4030955019372657,-0.007720094703713265
CNS:SNB-19,200,1,1.325992060031998,1.3466195257272864,0.020627465695288283
CNS:SNB-19,200,2,1.3708287292126329,1.3782203438509624,0.007391614638329491
CNS:SNB-19,200,3,1.3811869724799457,1.4002163422862075,0.019029369806261798
CNS:SNB-19,200,4,1.2913295900441573,1.32782703839097,0.03649744834681279
CNS:SNB-19,200,5,1.3998203426243951,1.4054973317028716,0.005676989078476469
CNS:SNB-19,200,6,1.3876950569910433,1.3809639418591042,-0.006731115131939136
CNS:SNB-19,200,7,1.3595398890350783,1.3476261985033968,-0.011913690531681453
CNS:SNB-19,200,8,,1.3890142253511895,
CNS:SNB-19,200,9,1.4064217731397108,1.3915421157171253,-0.014879657422585568
CNS:SNB-19,200,10,1.3971035793313267,1.4050382298908095,0.007934650559482836
CNS:SNB-19,500,1,1.273353853563578,1.2736892321689324,0.000335378605354375
CNS:SNB-19,500,2,1.3936773338663762,1.405920309856306,0.01224297598992985
CNS:SNB-19,500,3,1.4076791119448802,1.4111036018906555,0.0034244899457753775
CNS:SNB-19,500,4,1.411583835261868,1.4126593351018875,0.0010754998400195337
CNS:SNB-19,500,5,1.409410643109961,1.4094462590866608,3.5615976699876484e-05
CNS:SNB-19,500,6,1.40129830914206,1.4099875287549,0.00868921961283986
CNS:SNB-19,500,7,1.3862322611482567,1.4138882290631622,0.027655967914905544
CNS:SNB-19,500,8,1.407107382562883,1.4123079725578123,0.005200589994929228
CNS:SNB-19,500,9,1.3926808486695252,1.3913802666105237,-0.0013005820590015205
CNS:SNB-19,500,10,1.4123861498496868,1.411107087866954,-0.0012790619827327543
CNS:SNB-75,50,1,1.2702707536777034,1.266047301358419,-0.004223452319284338
CNS:SNB-75,50,2,1.2724008626291836,1.2838292851882465,0.011428422559062845
CNS:SNB-75,50,3,1.2506832207109946,1.2291776342402976,-0.021505586470697002
CNS:SNB-75,50,4,1.22398404879252,1.2504672691349872,0.026483220342467195
CNS:SNB-75,50,5,1.270553147829925,1.2947427613899494,0.02418961356002436
CNS:SNB-75,50,6,1.2278220466381247,1.2617117031040486,0.0338896564659239
CNS:SNB-75,50,7,1.3165233326378578,1.28937998409655,-0.027143348541307732
CNS:SNB-75,50,8,1.3115790778818863,1.3359026645726362,0.024323586690749854
CNS:SNB-75,50,9,1.307429301565528,1.2949790265357042,-0.012450275029823876
CNS:SNB-75,50,10,1.2316245704468713,1.236225462830499,0.004600892383627597
CNS:SNB-75,100,1,1.3922043086312277,1.3854389508504077,-0.006765357780819992
CNS:SNB-75,100,2,1.3897636349634255,1.3972679853861951,0.007504350422769646
CNS:SNB-75,100,3,1.357613798272703,1.3316466816107253,-0.025967116661977707
CNS:SNB-75,100,4,1.332287272791845,1.3990950804114137,0.06680780761956884
CNS:SNB-75,100,5,1.398918682641734,1.3936568040810775,-0.005261878560656408
CNS:SNB-75,100,6,1.384429947324775,1.3427134526832631,-0.041716494641511837
CNS:SNB-75,100,7,1.324830599576664,1.3181678039979403,-0.006662795578723735
CNS:SNB-75,100,8,1.3955014628746454,1.3982377875445184,0.002736324669873058
CNS:SNB-75,100,9,1.3460303906567452,1.3583429647211591,0.012312574064413884
CNS:SNB-75,100,10,1.3901981768523521,1.3265138868760207,-0.06368428997633147
CNS:SNB-75,200,1,1.3958694320080254,1.4057135621566215,0.009844130148596086
CNS:SNB-75,200,2,1.3859277856919938,1.3970398928913226,0.011112107199328758
CNS:SNB-75,200,3,1.3805429138519514,1.3964788011565825,0.015935887304631136
CNS:SNB-75,200,4,,1.4063981832843169,
CNS:SNB-75,200,5,,1.4112529877130857,
CNS:SNB-75,200,6,1.4110463612527695,1.4108105527251078,-0.00023580852766169613
CNS:SNB-75,200,7,1.4114502866324259,1.412176277770007,0.0007259911375812056
CNS:SNB-75,200,8,1.4021580449348345,1.4026889224557304,0.0005308775208958671
CNS:SNB-75,200,9,1.4086071752634621,1.40911867101656,0.0005114957530978348
CNS:SNB-75,200,10,1.350244947463294,1.4023792970056932,0.05213434954239915
CNS:SNB-75,500,1,1.4125648313594117,1.4127668315431068,0.00020200018369509465
CNS:SNB-75,500,2,1.408082165798197,1.4083664999671526,0.00028433416895556896
CNS:SNB-75,500,3,1.4007514791927145,1.4009395995024425,0.00018812030972803484
CNS:SNB-75,500,4,1.3585361527863404,1.3572092265337719,-0.0013269262525685832
CNS:SNB-75,500,5,1.3663782410921568,1.3650900966947705,-0.001288144397386226
CNS:SNB-75,500,6,1.4139495258811057,1.4141340866002865,0.00018456071918082628
CNS:SNB-75,500,7,1.4109806078558742,1.412087706200068,0.0011070983441938687
CNS:SNB-75,500,8,1.3433782391810989,1.3437883444527532,0.0004101052716543041
CNS:SNB-75,500,9,1.407801967218884,1.404595674411161,-0.003206292807722999
CNS:SNB-75,500,10,1.3341099998664325,1.4105067907077689,0.07639679084133633
CNS:U251,50,1,1.3210977964125674,1.270436193361839,-0.05066160305072831
CNS:U251,50,2,1.2775092788787845,1.240039936211443,-0.03746934266734159
CNS:U251,50,3,1.2051850202618266,1.1954827800221401,-0.009702240239686466
CNS:U251,50,4,1.2916667853661197,1.3006186984714876,0.008951913105367915
CNS:U251,50,5,1.2403121955160943,1.1782771086266672,-0.06203508688942705
CNS:U251,50,6,1.2081305051419602,1.2135011371763764,0.005370632034416234
CNS:U251,50,7,1.313759150033972,1.241749514337228,-0.07200963569674412
CNS:U251,50,8,1.2481438480284839,1.2800149974934345,0.03187114946495062
CNS:U251,50,9,1.297737797295753,1.2997816782191316,0.0020438809233787048
CNS:U251,50,10,1.2230121595267616,1.2208491120883662,-0.002163047438395349
CNS:U251,100,1,1.3847787140575387,1.3544953925007093,-0.030283321556829446
CNS:U251,100,2,1.387457932858262,1.3781353732964452,-0.009322559561816712
CNS:U251,100,3,1.3863099776846879,1.3854550589062964,-0.0008549187783915002
CNS:U251,100,4,1.4020885113796764,1.403462734885683,0.0013742235060065777
CNS:U251,100,5,1.3295554989434655,1.395107729093964,0.06555223015049849
CNS:U251,100,6,1.4022157145843634,1.3886068914963092,-0.013608823088054223
CNS:U251,100,7,1.3898376165908797,1.3791358057533172,-0.010701810837562498
CNS:U251,100,8,1.3396933985195179,1.3505961633411838,0.010902764821665967
CNS:U251,100,9,1.3997654555925636,1.3955047005898567,-0.004260755002706951
CNS:U251,100,10,1.3608140316096826,1.3609626238789365,0.0001485922692538999
CNS:U251,200,1,1.3546984110113036,1.3684937020428198,0.013795291031516221
CNS:U251,200,2,,1.4107180072949463,
CNS:U251,200,3,1.3774936831618245,1.3602703030651058,-0.017223380096718754
CNS:U251,200,4,1.3456999109030294,1.3466195810831403,0.0009196701801108542
CNS:U251,200,5,1.3868291458704936,1.3842217446741574,-0.0026074011963361787
CNS:U251,200,6,,1.3992022300869527,
CNS:U251,200,7,1.386532108942703,1.4003632388844574,0.013831129941754394
CNS:U251,200,8,1.4044971711626406,1.3927579184661105,-0.01173925269653009
CNS:U251,200,9,1.3969122849556077,1.4046013291456372,0.00768904419002947
CNS:U251,200,10,1.4019211223151786,1.40023849880074,-0.001682623514438708
CNS:U251,500,1,1.4030324778028733,1.4026099240462302,-0.0004225537566431292
CNS:U251,500,2,1.3922794408579444,1.4002723615047021,0.007992920646757717
CNS:U251,500,3,1.3843543571857928,1.3861019193752566,0.0017475621894638138
CNS:U251,500,4,1.4032735975584447,1.4008579850590193,-0.002415612499425457
CNS:U251,500,5,1.4003719008792803,1.40127307942291,0.0009011785436296993
CNS:U251,500,6,1.3492214192980696,1.3435722400501147,-0.0056491792479549385
CNS:U251,500,7,1.411626409756229,1.413637730374431,0.0020113206182019727
CNS:U251,500,8,1.401200332042904,1.4031641817005398,0.001963849657635741
CNS:U251,500,9,1.412411096755731,1.4126718395820548,0.00026074282632371215
CNS:U251,500,10,1.3999274745161583,1.4108138979965787,0.01088642348042046
CO:COLO 205,50,1,1.3291071097412395,1.2483293175081818,-0.0807777922330577
CO:COLO 205,50,2,1.3230382901949334,1.2793236279114497,-0.04371466228348364
CO:COLO 205,50,3,1.315194509783278,1.3628943278908634,0.04769981810758539
CO:COLO 205,50,4,1.3715289493609337,1.3847869125731247,0.01325796321219097
CO:COLO 205,50,5,1.319385739140356,1.2228999017151605,-0.09648583742519556
CO:COLO 205,50,6,1.3147470886361847,1.3249826969769871,0.010235608340802393
CO:COLO 205,50,7,1.291535568795494,1.3364959588176772,0.04496039002218333
CO:COLO 205,50,8,1.2822988246629852,1.2309462878533335,-0.05135253680965168
CO:COLO 205,50,9,1.3375721895632346,1.3328479501462176,-0.004724239417017051
CO:COLO 205,50,10,1.3374371837826484,1.3333269274299104,-0.004110256352737984
CO:COLO 205,100,1,1.3710758354310428,1.3570973759634772,-0.013978459467565596
CO:COLO 205,100,2,1.3246805727070714,1.3097633274275449,-0.014917245279526536
CO:COLO 205,100,3,1.2908263369130415,1.3154580585855462,0.024631721672504714
CO:COLO 205,100,4,1.347412442442557,1.3293443187861893,-0.018068123656367785
CO:COLO 205,100,5,1.3217215377230553,1.33571141386823,0.013989876145174662
CO:COLO 205,100,6,1.3318378387471506,1.3378707868967017,0.006032948149551132
CO:COLO 205,100,7,1.394917720179855,1.3950670297067342,0.0001493095268791933
CO:COLO 205,100,8,1.391055019307719,1.3726639302675459,-0.01839108904017306
CO:COLO 205,100,9,1.3884128839876775,1.385540579615059,-0.0028723043726184283
CO:COLO 205,100,10,1.3767281657025032,1.3867312043494147,0.010003038646911433
CO:COLO 205,200,1,1.3986488370967027,1.374112769863654,-0.024536067233048797
CO:COLO 205,200,2,1.3284492914037933,1.3266561877667618,-0.0017931036370315567
CO:COLO 205,200,3,1.3936935961374626,1.3903267733057274,-0.0033668228317351723
CO:COLO 205,200,4,1.3884647238113752,1.3801707966595906,-0.008293927151784564
CO:COLO 205,200,5,,1.3864552521199887,
CO:COLO 205,200,6,1.4016207724906635,1.4117085427704477,0.010087770279784136
CO:COLO 205,200,7,1.4102668866690504,1.408134592475296,-0.0021322941937544915
CO:COLO 205,200,8,1.3998454160482665,1.4083081057980809,0.008462689749814345
CO:COLO 205,200,9,1.3902006349389013,1.389696724636673,-0.0005039103022284053
CO:COLO 205,200,10,1.4059618490695875,1.4071575415204363,0.0011956924508487177
CO:COLO 205,500,1,1.4129545579941232,1.412162045934453,-0.0007925120596701252
CO:COLO 205,500,2,1.403439986220434,1.4057376984211354,0.0022977122007012962
CO:COLO 205,500,3,1.3821874265646297,1.3924569993046163,0.010269572739986632
CO:COLO 205,500,4,1.4044655034098152,1.4072156644236309,0.002750161013815644
CO:COLO 205,500,5,1.4062553046325061,1.4102590029730682,0.004003698340562023
CO:COLO 205,500,6,1.3667273336985135,1.360874056045823,-0.005853277652690503
CO:COLO 205,500,7,1.4101493056513605,1.4110562083274991,0.0009069026761385768
CO:COLO 205,500,8,1.3955656317159681,1.400984907823925,0.005419276107956783
CO:COLO 205,500,9,1.2833743400559516,1.283209553694532,-0.0001647863614195888
CO:COLO 205,500,10,1.3548778068703295,1.4138399216726738,0.058962114802344257
CO:HCC-2998,50,1,1.2906045398885349,1.3189293498802284,0.02832480999169351
CO:HCC-2998,50,2,1.3154753374769304,1.2723723374957399,-0.04310299998119049
CO:HCC-2998,50,3,1.3283053709229804,1.3188515719493994,-0.009453798973581007
CO:HCC-2998,50,4,1.3711032239604537,1.3715003717193386,0.00039714775888488596
CO:HCC-2998,50,5,1.2658778782736269,1.202821244557046,-0.06305663371658077
CO:HCC-2998,50,6,1.3531864882121176,1.2603194165499825,-0.09286707166213515
CO:HCC-2998,50,7,1.2895791790385938,1.3326556932513258,0.043076514212732064
CO:HCC-2998,50,8,1.277290305133241,1.2238455962794161,-0.053444708853824796
CO:HCC-2998,50,9,1.3364869351912472,1.265866802139487,-0.07062013305176018
CO:HCC-2998,50,10,1.3795320671968134,1.3237731296499307,-0.05575893754688277
CO:HCC-2998,100,1,1.3509355604727016,1.3794813576343967,0.02854579716169514
CO:HCC-2998,100,2,1.406014274010782,1.4038640518089185,-0.00215022220186345
CO:HCC-2998,100,3,1.3631073037241743,1.333846460841223,-0.029260842882951277
CO:HCC-2998,100,4,1.373291271273486,1.411380837815612,0.03808956654212614
CO:HCC-2998,100,5,1.3498579814688259,1.322463308782079,-0.02739467268674689
CO:HCC-2998,100,6,1.409269109570369,1.4000122650884343,-0.009256844481934756
CO:HCC-2998,100,7,1.3619358332209852,1.412375573163422,0.05043973994243678
CO:HCC-2998,100,8,1.3973796725185719,1.4013819082739754,0.004002235755403483
CO:HCC-2998,100,9,1.3893245967505894,1.3568640143289095,-0.03246058242167993
CO:HCC-2998,100,10,1.3732141772351434,1.2982211614290198,-0.07499301580612361
CO:HCC-2998,200,1,1.4084465310661343,1.4127721406286133,0.004325609562479071
CO:HCC-2998,200,2,1.4005614736505294,1.3991594634964521,-0.00140201015407726
CO:HCC-2998,200,3,1.3738150922571184,1.364386511902202,-0.009428580354916338
CO:HCC-2998,200,4,1.3893873745627792,1.3967682335559994,0.007380858993220274
CO:HCC-2998,200,5,1.4049472537283838,1.4111541069922258,0.0062068532638419605
CO:HCC-2998,200,6,1.3948649095693797,1.3927288985302972,-0.0021360110390824527
CO:HCC-2998,200,7,1.3536657295280423,1.3402597894713841,-0.013405940056658183
CO:HCC-2998,200,8,1.4089770973663631,1.4087808456548798,-0.00019625171148329734
CO:HCC-2998,200,9,1.3998728572067387,1.4134286261960773,0.013555768989338635
CO:HCC-2998,200,10,1.4015801385843913,1.4103549910524729,0.008774852468081518
CO:HCC-2998,500,1,1.3381416229789416,1.3245792883862146,-0.013562334592726932
CO:HCC-2998,500,2,1.4049313441348839,1.4139328799782283,0.0090015358433444
CO:HCC-2998,500,3,1.3869398070482135,1.4013832647383504,0.014443457690136885
CO:HCC-2998,500,4,1.379195028529492,1.3813905215013482,0.002195492971856172
CO:HCC-2998,500,5,1.4094259562638358,1.4134676852090335,0.00404172894519772
CO:HCC-2998,500,6,1.4055335380077123,1.4083954164432069,0.0028618784354945692
CO:HCC-2998,500,7,1.4139127396572102,1.41366387583701,-0.00024886382020028464
CO:HCC-2998,500,8,1.413381072529561,1.4107437018726703,-0.0026373706568907362
CO:HCC-2998,500,9,1.3790789720026673,1.3968990206283902,0.01782004862572295
CO:HCC-2998,500,10,1.4093103269021983,1.4122129681373095,0.002902641235111192
CO:HCT-116,50,1,1.2498401347798196,1.262558016324243,0.012717881544423326
CO:HCT-116,50,2,1.3119526647990682,1.3083018436366676,-0.0036508211624006748
CO:HCT-116,50,3,1.3718596159067225,1.3388290286640563,-0.033030587242666165
CO:HCT-116,50,4,1.3022522250121653,1.2251954632719302,-0.07705676174023512
CO:HCT-116,50,5,1.2867183754409481,1.2521850237750969,-0.03453335166585125
CO:HCT-116,50,6,1.2978792056395074,1.1858524029568804,-0.11202680268262699
CO:HCT-116,50,7,1.2214606530855996,1.1751984800428068,-0.04626217304279279
CO:HCT-116,50,8,1.3064409307828049,1.319238250761933,0.01279731997912803
CO:HCT-116,50,9,1.2967532102063353,1.2954429381866008,-0.0013102720197344375
CO:HCT-116,50,10,1.2546781419656106,1.2303819254341244,-0.02429621653148617
CO:HCT-116,100,1,1.365931345308299,1.370222064932413,0.004290719624113981
CO:HCT-116,100,2,1.4099116173770536,1.4102838962272053,0.00037227885015167494
CO:HCT-116,100,3,1.3477244164745854,1.3419229537547899,-0.005801462719795536
CO:HCT-116,100,4,1.4089967514440869,1.4109591353191182,0.001962383875031337
CO:HCT-116,100,5,1.3767006443073637,1.3441996007166874,-0.03250104359067629
CO:HCT-116,100,6,1.3577953017679483,1.3457907773965805,-0.012004524371367786
CO:HCT-116,100,7,1.406551986559596,1.4039786511339272,-0.0025733354256687324
CO:HCT-116,100,8,1.4005537132485908,1.4005948907580816,4.117750949084176e-05
CO:HCT-116,100,9,1.3766724555086522,1.36826860716486,-0.008403848343792264
CO:HCT-116,100,10,1.3928135940911588,1.395197336450434,0.002383742359275187
CO:HCT-116,200,1,1.4099982465742789,1.4110001948121063,0.0010019482378273992
CO:HCT-116,200,2,1.369350179710346,1.3697066141101166,0.0003564343997706221
CO:HCT-116,200,3,1.3828892823958654,1.396534887921056,0.013645605525190563
CO:HCT-116,200,4,1.3849613108192262,1.397800424343333,0.012839113524106827
CO:HCT-116,200,5,1.4027251780235646,1.401152383349924,-0.0015727946736405762
CO:HCT-116,200,6,1.3561382107247892,1.3677394555892808,0.011601244864491544
CO:HCT-116,200,7,1.3685356285731765,1.3937586761978913,0.025223047624714834
CO:HCT-116,200,8,1.4104763126522473,1.4103476854347534,-0.00012862721749384853
CO:HCT-116,200,9,,1.4064659037027205,
CO:HCT-116,200,10,1.4027143592795468,1.4009021132119939,-0.001812246067552925
CO:HCT-116,500,1,1.3959347172106868,1.4052269873360252,0.009292270125338398
CO:HCT-116,500,2,1.4089745507974247,1.4088829834826608,-9.156731476389623e-05
CO:HCT-116,500,3,1.4028582866927837,1.4097461424260787,0.006887855733294979
CO:HCT-116,500,4,1.4107818108680656,1.4112677719634799,0.0004859610954142113
CO:HCT-116,500,5,1.4109320624016475,1.4129686393102519,0.0020365769086043706
CO:HCT-116,500,6,1.4133425498648104,1.4099152775498058,-0.0034272723150046147
CO:HCT-116,500,7,1.4071918745540366,1.4071937545672923,1.8800132557394988e-06
CO:HCT-116,500,8,1.4103005581691743,1.4116221366213608,0.0013215784521865004
CO:HCT-116,500,9,1.4010773853872411,1.4091400611585259,0.008062675771284722
CO:HCT-116,500,10,1.4119596490797919,1.4129019553303828,0.0009423062505908852
CO:HCT-15,50,1,1.2532738558692715,1.098391870844251,-0.15488198502502049
CO:HCT-15,50,2,1.2700670576719808,1.225759331600388,-0.044307726071592723
CO:HCT-15,50,3,1.21386311905563,1.348823088800193,0.13495996974456315
CO:HCT-15,50,4,1.3382188477238557,1.3406511767934377,0.0024323290695820177
CO:HCT-15,50,5,1.3015223763553188,1.4061818038044056,0.10465942744908685
CO:HCT-15,50,6,1.352120275395321,1.2866165799316958,-0.06550369546362522
CO:HCT-15,50,7,1.2931674932847617,1.4056435934601685,0.11247610017540688
CO:HCT-15,50,8,1.2434153628507387,1.4073786555366696,0.1639632926859309
CO:HCT-15,50,9,1.270185995931041,1.371298406517313,0.10111241058627196
CO:HCT-15,50,10,1.1855111925321684,1.1205856058450652,-0.06492558668710324
CO:HCT-15,100,1,1.3370732602797804,1.3388090075018537,0.0017357472220733694
CO:HCT-15,100,2,1.3607855936203623,1.3734162388597495,0.012630645239387173
CO:HCT-15,100,3,1.3221950036118846,1.2500641405726187,-0.07213086303926586
CO:HCT-15,100,4,1.3731181361174831,1.1572910530959302,-0.21582708302155296
CO:HCT-15,100,5,1.3565222321447807,1.228483407677553,-0.1280388244672277
CO:HCT-15,100,6,1.3900749594338082,1.1011284933101253,-0.2889464661236829
CO:HCT-15,100,7,1.2593413105829536,1.349688256491713,0.09034694590875936
CO:HCT-15,100,8,1.3942549854503963,1.2839650126273794,-0.11028997282301689
CO:HCT-15,100,9,1.3196076422165122,1.3287970555130015,0.009189413296489368
CO:HCT-15,100,10,1.3442519486734437,1.3944633831908266,0.05021143451738297
CO:HCT-15,200,1,1.3789478213106157,1.3700924331270035,-0.0088553881836122
CO:HCT-15,200,2,1.408730150084887,1.391839910146609,-0.016890239938277984
CO:HCT-15,200,3,1.368823663757689,1.367415105208571,-0.001408558549117922
CO:HCT-15,200,4,1.3687164682898056,1.413892833262135,0.04517636497232935
CO:HCT-15,200,5,1.3922153913276438,1.4027972373583146,0.010581846030670805
CO:HCT-15,200,6,1.3667239244078893,1.410372721003897,0.04364879659600773
CO:HCT-15,200,7,1.4116080730447234,1.4073484274155799,-0.004259645629143494
CO:HCT-15,200,8,1.4037895342350384,1.4116056878662702,0.007816153631231781
CO:HCT-15,200,9,1.4011310196088622,1.4045258532707634,0.0033948336619011865
CO:HCT-15,200,10,1.3873208995879234,1.4130054445888323,0.025684545000908887
CO:HCT-15,500,1,1.386902691723096,1.4137417441213256,0.02683905239822959
CO:HCT-15,500,2,1.4030030812609737,1.4135287596016537,0.010525678340679967
CO:HCT-15,500,3,1.4097961324732597,1.4129583781919575,0.0031622457186977204
CO:HCT-15,500,4,1.4102189075685037,1.3839193361520878,-0.026299571416415812
CO:HCT-15,500,5,1.4095509834028772,1.40843901388332,-0.0011119695195571655
CO:HCT-15,500,6,1.411683246175194,1.406989212328923,-0.004694033846271095
CO:HCT-15,500,7,1.4128591776052155,1.4132576855844936,0.00039850797927809545
CO:HCT-15,500,8,1.369269235451416,1.414033286719268,0.04476405126785199
CO:HCT-15,500,9,1.344119014368506,1.4142044379301826,0.07008542356167657
CO:HCT-15,500,10,1.3667433745834616,1.3997672332528937,0.03302385866943203
CO:HT29,50,1,1.2175319875257813,1.214180352543486,-0.003351634982295293
CO:HT29,50,2,1.1216935788027342,1.2370563812283013,0.11536280242556707
CO:HT29,50,3,1.3327981162920963,1.3320628901614042,-0.0007352261306921015
CO:HT29,50,4,1.3239098903760658,1.3401858674794729,0.016275977103407113
CO:HT29,50,5,1.2892419122025955,1.2888031997587017,-0.00043871244389381836
CO:HT29,50,6,1.3672180760862491,1.3027474044723917,-0.06447067161385744
CO:HT29,50,7,1.2880460631693682,1.2967585674030413,0.00871250423367309
CO:HT29,50,8,1.2731886895630837,1.1942128159713394,-0.0789758735917443
CO:HT29,50,9,1.345483746376994,1.3394356176988131,-0.006048128678180831
CO:HT29,50,10,1.2913055569049172,1.3135885251251729,0.02228296822025566
CO:HT29,100,1,1.392249447492713,1.3957722178582999,0.0035227703655869025
CO:HT29,100,2,1.3879347899314345,1.391653898615605,0.00371910868417058
CO:HT29,100,3,1.3929672827133854,1.3894042572761178,-0.0035630254372676085
CO:HT29,100,4,1.3258152029498598,1.3204105026354316,-0.00540470031442819
CO:HT29,100,5,1.4058942913809738,1.405223099209083,-0.000671192171890711
CO:HT29,100,6,1.3968707603380721,1.3984524679687087,0.0015817076306365863
CO:HT29,100,7,1.3875967027501492,1.4122212566644297,0.024624553914280423
CO:HT29,100,8,1.335323847160548,1.3347214963895728,-0.0006023507709751463
CO:HT29,100,9,1.3764486427503586,1.3617044497784994,-0.014744192971859249
CO:HT29,100,10,1.354080830996348,1.3643418369235496,0.010261005927201694
CO:HT29,200,1,,1.4042722807720898,
CO:HT29,200,2,1.4063444605932014,1.4023006501618225,-0.004043810431378914
CO:HT29,200,3,1.4007863414825796,1.4009161455486585,0.00012980406607887574
CO:HT29,200,4,1.3885408001878126,1.3760430790357274,-0.01249772115208514
CO:HT29,200,5,,1.3924888229144639,
CO:HT29,200,6,1.4071672672676503,1.404941178260181,-0.002226089007469234
CO:HT29,200,7,1.389287722295918,1.3824224116539714,-0.006865310641946509
CO:HT29,200,8,1.3970449029000678,1.395019824339474,-0.0020250785605937516
CO:HT29,200,9,1.3961167873969085,1.4108603394853947,0.014743552088486211
CO:HT29,200,10,1.3878330318872556,1.4118165980490582,0.02398356616180264
CO:HT29,500,1,1.4018201830472488,1.4097490600875364,0.007928877040287663
CO:HT29,500,2,1.4013212801906993,1.4067059295533608,0.0053846493626614755
CO:HT29,500,3,1.408277180613079,1.4071052557528787,-0.0011719248602002352
CO:HT29,500,4,1.4116369858393154,1.4117784233418829,0.00014143750256745413
CO:HT29,500,5,1.337070903673394,1.4125247471924776,0.07545384351908346
CO:HT29,500,6,1.3993490306594476,1.4076870606558005,0.008338029996352914
CO:HT29,500,7,1.4140159282624458,1.4126696240684633,-0.001346304193982517
CO:HT29,500,8,1.4122835012219432,1.4130551288844901,0.0007716276625469032
CO:HT29,500,9,1.4112787459588416,1.41236405298023,0.0010853070213883154
CO:HT29,500,10,1.4052022446589043,1.4136179337944628,0.008415689135558457
CO:KM12,50,1,1.2705089434932637,1.1363695850082203,-0.13413935848504344
CO:KM12,50,2,1.245451459113503,1.2485498914770115,0.0030984323635083744
CO:KM12,50,3,1.3477268396448265,1.1642303404579686,-0.18349649918685795
CO:KM12,50,4,1.298953702017066,1.3765085967110209,0.07755489469395482
CO:KM12,50,5,1.337562520330638,1.296030084841436,-0.04153243548920216
CO:KM12,50,6,1.262890241723928,1.3551038623032299,0.09221362057930182
CO:KM12,50,7,1.2555675609979315,1.2020543021267687,-0.05351325887116287
CO:KM12,50,8,1.3213779037972035,1.3760458002447207,0.05466789644751713
CO:KM12,50,9,1.3131001164398575,1.3410166246239883,0.027916508184130828
CO:KM12,50,10,1.1907225871951959,1.2905654734295597,0.09984288623436388
CO:KM12,100,1,1.381902512636562,1.36587531041373,-0.01602720222283205
CO:KM12,100,2,1.4053556473271054,1.3937464558983979,-0.011609191428707533
CO:KM12,100,3,1.37005646056734,1.37783688824101,0.007780427673669932
CO:KM12,100,4,1.2101186930838008,1.3334036379740057,0.12328494489020492
CO:KM12,100,5,1.3811639074292394,1.3972217304073082,0.016057822978068792
CO:KM12,100,6,1.3299761818461804,1.369370571619098,0.03939438977291765
CO:KM12,100,7,1.340880292971401,1.359098078669372,0.018217785697971056
CO:KM12,100,8,1.3994129519823015,1.345421029542023,-0.053991922440278506
CO:KM12,100,9,1.4069517714942865,1.3153434873378862,-0.09160828415640032
CO:KM12,100,10,1.3616713591676002,1.413883674750384,0.05221231558278383
CO:KM12,200,1,1.385949103158937,1.3966592902400639,0.01071018708112681
CO:KM12,200,2,1.3991162629960756,1.370131901175258,-0.02898436182081765
CO:KM12,200,3,1.4057588450772507,1.3872123276890076,-0.01854651738824309
CO:KM12,200,4,1.3903047596426938,1.3938938651930168,0.0035891055503229907
CO:KM12,200,5,,1.4000376549024318,
CO:KM12,200,6,1.3743200741415258,1.3040453209058713,-0.07027475323565446
CO:KM12,200,7,1.376538144163701,1.2879549123070078,-0.08858323185669326
CO:KM12,200,8,1.3943037010805002,1.4006670195586033,0.006363318478103119
CO:KM12,200,9,1.4070961490802332,1.348747123006756,-0.05834902607347714
CO:KM12,200,10,1.3861446328923215,1.3987846928558003,0.012640059963478834
CO:KM12,500,1,1.4113966697211804,1.4133587143568975,0.0019620446357171417
CO:KM12,500,2,1.3575689307386567,1.413990910771476,0.0564219800328194
CO:KM12,500,3,1.4023223840910206,1.4131113353702012,0.010788951279180559
CO:KM12,500,4,1.413623903241311,1.414176298003411,0.0005523947621000058
CO:KM12,500,5,1.4039102075109526,1.4131755408200783,0.009265333309125712
CO:KM12,500,6,1.4120182422651884,1.413564369684702,0.0015461274195136543
CO:KM12,500,7,1.4082378417295771,1.414198115015211,0.005960273285633866
CO:KM12,500,8,1.4015869094973261,1.4137239180758154,0.012137008578489317
CO:KM12,500,9,1.412603844433192,1.4141345534036567,0.0015307089704645893
CO:KM12,500,10,1.3960991067524504,1.411065930707822,0.014966823955371522
CO:SW-620,50,1,1.2832685241028363,1.365720764918894,0.08245224081605773
CO:SW-620,50,2,1.2503272241979804,1.250690252933945,0.00036302873596461005
CO:SW-620,50,3,1.2856072096053592,1.3325858470246352,0.04697863741927599
CO:SW-620,50,4,1.2719036605076541,1.3074134052029531,0.035509744695298995
CO:SW-620,50,5,1.2207438370294013,1.28234177672067,0.0615979396912687
CO:SW-620,50,6,1.2891769831914288,1.3002039302147184,0.011026947023289546
CO:SW-620,50,7,1.2758355797784584,1.3148083203124343,0.038972740533975925
CO:SW-620,50,8,1.3221087489496866,1.292135320645038,-0.029973428304648442
CO:SW-620,50,9,1.2254897570554928,1.1635453128404263,-0.06194444421506651
CO:SW-620,50,10,1.3343056570312144,1.2942812822971324,-0.04002437473408205
CO:SW-620,100,1,1.3792858915817314,1.377798801149886,-0.0014870904318453615
CO:SW-620,100,2,1.3915004739102708,1.387787807701692,-0.0037126662085786855
CO:SW-620,100,3,1.2236070475239713,1.255314725065135,0.03170767754116377
CO:SW-620,100,4,1.3543330164426428,1.3531606611500746,-0.0011723552925682057
CO:SW-620,100,5,1.2631635712795082,1.257175471760326,-0.005988099519182111
CO:SW-620,100,6,1.4072921947921588,1.407079231408101,-0.0002129633840577405
CO:SW-620,100,7,1.399378638543202,1.3955631404308078,-0.0038154981123943443
CO:SW-620,100,8,1.3620247267500885,1.3525683205553087,-0.00945640619477972
CO:SW-620,100,9,1.3407307590259796,1.3570678198646302,0.016337060838650608
CO:SW-620,100,10,1.402274585302327,1.3774047697227716,-0.024869815579555477
CO:SW-620,200,1,1.4041242744486568,1.401500641667476,-0.002623632781180829
CO:SW-620,200,2,1.400869827661784,1.4002693974506544,-0.0006004302111295434
CO:SW-620,200,3,1.4066501607828723,1.3962384065597735,-0.010411754223098812
CO:SW-620,200,4,1.4077323665285424,1.3607734528567366,-0.046958913671805824
CO:SW-620,200,5,1.4084732889196145,1.4055151312720426,-0.002958157647571902
CO:SW-620,200,6,1.393949499736454,1.351896293439158,-0.04205320629729603
CO:SW-620,200,7,1.3952523489149395,1.4016608189237438,0.00640847000880429
CO:SW-620,200,8,1.348611560097581,1.3707130375390681,0.02210147744148716
CO:SW-620,200,9,1.40193970758311,1.396856568236552,-0.005083139346558019
CO:SW-620,200,10,1.3984789389441057,1.379775868173849,-0.01870307077025668
CO:SW-620,500,1,1.41258480967229,1.4124918468201635,-9.296285212645472e-05
CO:SW-620,500,2,1.3664945292478277,1.4110512353115805,0.04455670606375284
CO:SW-620,500,3,1.4137923107342054,1.4111272283353216,-0.0026650823988838557
CO:SW-620,500,4,1.4083292181094103,1.4094371987450502,0.0011079806356399935
CO:SW-620,500,5,1.4100155695880245,1.4129349699955829,0.002919400407558337
CO:SW-620,500,6,1.4123590976825735,1.4119752837721278,-0.00038381391044572943
CO:SW-620,500,7,1.3953029232758174,1.409920799798438,0.014617876522620588
CO:SW-620,500,8,1.3978182503680114,1.3982103533840364,0.00039210301602499165
CO:SW-620,500,9,1.4045146700963187,1.4074076111013627,0.002892941005044003
CO:SW-620,500,10,1.399559841827383,1.41201129419778,0.012451452370397131
LE:CCRF-CEM,50,1,1.3233541352130955,1.4087385438508524,0.08538440863775687
LE:CCRF-CEM,50,2,1.2535190783368955,1.4140669191529363,0.1605478408160408
LE:CCRF-CEM,50,3,1.2653705161657578,1.2409127025517552,-0.024457813614002566
LE:CCRF-CEM,50,4,1.2349915896796546,1.4087963013904865,0.1738047117108319
LE:CCRF-CEM,50,5,1.2240875045739406,1.4025476619012736,0.178460157327333
LE:CCRF-CEM,50,6,1.2848570977079494,1.4130688807984102,0.12821178309046077
LE:CCRF-CEM,50,7,1.281189949694837,1.3865133687849784,0.10532341909014153
LE:CCRF-CEM,50,8,1.275865249996184,1.3016367868275414,0.025771536831357356
LE:CCRF-CEM,50,9,1.2078388970213814,1.3564347006583808,0.14859580363699942
LE:CCRF-CEM,50,10,1.2727973045045662,1.4138950922228841,0.14109778771831794
LE:CCRF-CEM,100,1,1.3686332041745606,1.399243205491686,0.030610001317125324
LE:CCRF-CEM,100,2,1.3670965958284493,1.4044401192238827,0.03734352339543334
LE:CCRF-CEM,100,3,1.381576455348519,1.3968610772369139,0.015284621888394856
LE:CCRF-CEM,100,4,1.39938052659805,1.4130865987900885,0.013706072192038565
LE:CCRF-CEM,100,5,1.342461165046375,1.3884813059779937,0.04602014093161877
LE:CCRF-CEM,100,6,1.2779000269937437,1.3369251725304094,0.05902514553666571
LE:CCRF-CEM,100,7,1.3621618563314641,1.4141450992700935,0.051983242938629326
LE:CCRF-CEM,100,8,1.3628995527006003,1.4030051674266264,0.04010561472602614
LE:CCRF-CEM,100,9,1.3278707713801945,1.4054267262927338,0.0775559549125393
LE:CCRF-CEM,100,10,1.3662222195190201,1.4141790926243856,0.04795687310536545
LE:CCRF-CEM,200,1,1.3359800291274317,1.414072510866657,0.07809248173922523
LE:CCRF-CEM,200,2,1.4039651011608965,1.3991184758734614,-0.004846625287435069
LE:CCRF-CEM,200,3,1.3676013120190929,1.414129279488677,0.04652796746958421
LE:CCRF-CEM,200,4,1.3819281001543302,1.4142029104297003,0.03227481027537005
LE:CCRF-CEM,200,5,1.397797570223133,1.397828709166146,3.1138943013209186e-05
LE:CCRF-CEM,200,6,1.386985533947269,1.393244284670832,0.006258750723562967
LE:CCRF-CEM,200,7,1.3983994186576936,1.4079672489412107,0.009567830283517154
LE:CCRF-CEM,200,8,1.3894706199963405,1.4141557993418141,0.02468517934547365
LE:CCRF-CEM,200,9,1.4127220490724184,1.4142123007356042,0.0014902516631858376
LE:CCRF-CEM,200,10,1.3334822953004573,1.3766554974662812,0.04317320216582399
LE:CCRF-CEM,500,1,1.4109709926403293,1.4141545556325448,0.0031835629922154496
LE:CCRF-CEM,500,2,1.3790437427482631,1.4139537870003478,0.03491004425208466
LE:CCRF-CEM,500,3,1.3781045863459005,1.4005099507510093,0.022405364405108763
LE:CCRF-CEM,500,4,1.3999148850858332,1.414211434242505,0.014296549156671778
LE:CCRF-CEM,500,5,1.412287959725721,1.4141996258697949,0.001911666144073898
LE:CCRF-CEM,500,6,1.412834746826905,1.413782262208719,0.0009475153818141457
LE:CCRF-CEM,500,7,1.3807270944923566,1.414200821100157,0.03347372660780046
LE:CCRF-CEM,500,8,1.4033093526399176,1.4060449354618247,0.002735582821907112
LE:CCRF-CEM,500,9,1.410881329838439,1.414081967085622,0.0032006372471828914
LE:CCRF-CEM,500,10,1.4025261830683482,1.411746802997603,0.009220619929254825
LE:HL-60(TB),50,1,1.2513609858123356,1.179263281757049,-0.0720977040552866
LE:HL-60(TB),50,2,1.268252131581552,1.2242910421822906,-0.043961089399261466
LE:HL-60(TB),50,3,1.199118790121586,1.1782684486839499,-0.0208503414376362
LE:HL-60(TB),50,4,1.293531886651604,1.2968313881035922,0.003299501451988318
LE:HL-60(TB),50,5,1.2502360347850485,1.3161333352574331,0.06589730047238462
LE:HL-60(TB),50,6,1.1492053939333033,1.1492765646809866,7.117074768325793e-05
LE:HL-60(TB),50,7,1.3117987039388845,1.2845859101137544,-0.02721279382513009
LE:HL-60(TB),50,8,1.2121997614119384,1.2396497729929759,0.027450011581037437
LE:HL-60(TB),50,9,1.123822429342085,1.1563602265938127,0.03253779725172756
LE:HL-60(TB),50,10,1.3102363010866873,1.3105652119809188,0.00032891089423148223
LE:HL-60(TB),100,1,1.3731220364891419,1.3710570765564103,-0.0020649599327315915
LE:HL-60(TB),100,2,1.3579483931825465,1.3704916151125937,0.0125432219300472
LE:HL-60(TB),100,3,1.4051718388078958,1.4067630694336712,0.001591230625775486
LE:HL-60(TB),100,4,1.40952823686787,1.3808138076145602,-0.028714429253309914
LE:HL-60(TB),100,5,1.3964574946078152,1.391841699873344,-0.004615794734471157
LE:HL-60(TB),100,6,1.3408875790847445,1.3456625094669807,0.004774930382236198
LE:HL-60(TB),100,7,1.3970627979588093,1.3950590356668562,-0.002003762291953093
LE:HL-60(TB),100,8,1.3564653440836334,1.346818993340332,-0.009646350743301335
LE:HL-60(TB),100,9,1.3235188943345,1.360815892741709,0.037296998407209125
LE:HL-60(TB),100,10,1.372226562364297,1.3714364847603242,-0.0007900776039728719
LE:HL-60(TB),200,1,1.4041709882722024,1.4056128045242058,0.0014418162520033473
LE:HL-60(TB),200,2,1.3891724645274959,1.3400836070526423,-0.04908885747485359
LE:HL-60(TB),200,3,1.4012920258302217,1.3951408115834898,-0.006151214246731929
LE:HL-60(TB),200,4,1.403385055051062,1.3916727065739076,-0.01171234847715441
LE:HL-60(TB),200,5,1.4075657815726623,1.3959909793351761,-0.011574802237486193
LE:HL-60(TB),200,6,1.3579130166543893,1.3813989359057346,0.023485919251345244
LE:HL-60(TB),200,7,1.4077389505553362,1.4068676184464528,-0.0008713321088833492
LE:HL-60(TB),200,8,1.3994697481944494,1.399136271764751,-0.0003334764296982762
LE:HL-60(TB),200,9,1.3535922034606205,1.4138297496467216,0.06023754618610111
LE:HL-60(TB),200,10,1.3825218167036692,1.3602128780306282,-0.022308938673041068
LE:HL-60(TB),500,1,1.4035202505772724,1.4069291430648452,0.003408892487572812
LE:HL-60(TB),500,2,1.4126245735898233,1.4136264103808618,0.0010018367910384907
LE:HL-60(TB),500,3,1.4115863121594487,1.4132021575789386,0.001615845419489892
LE:HL-60(TB),500,4,1.411091108802101,1.4137917657604515,0.0027006569583505335
LE:HL-60(TB),500,5,1.3387556386422,1.3411860847026151,0.0024304460604152034
LE:HL-60(TB),500,6,1.4102943183053385,1.409201936463614,-0.0010923818417245545
LE:HL-60(TB),500,7,1.4126991467027532,1.4130075322697828,0.00030838556702961206
LE:HL-60(TB),500,8,1.3958212194504245,1.3843208123456359,-0.011500407104788613
LE:HL-60(TB),500,9,1.4124657014225046,1.411661585892511,-0.0008041155299935987
LE:HL-60(TB),500,10,1.3289140269043265,1.3440383410167982,0.015124314112471726
LE:K-562,50,1,1.2009307923961663,1.3297594405788276,0.12882864818266127
LE:K-562,50,2,1.1425730680102513,1.1634044872127822,0.020831419202530954
LE:K-562,50,3,1.3160134915107826,1.218584421804628,-0.09742906970615461
LE:K-562,50,4,1.3031073869295289,1.301209635598503,-0.0018977513310258765
LE:K-562,50,5,1.3026705085969092,1.0873313129607651,-0.21533919563614412
LE:K-562,50,6,1.2858361393669717,1.3179307756261278,0.032094636259156095
LE:K-562,50,7,1.1224349527363249,1.0766725400982367,-0.04576241263808822
LE:K-562,50,8,1.2479321630731728,1.1983295906523561,-0.04960257242081667
LE:K-562,50,9,1.2853102296253214,1.2222932063316088,-0.06301702329371262
LE:K-562,50,10,1.288143672236188,1.1679494476181977,-0.12019422461799034
LE:K-562,100,1,1.3890001783017383,1.3176111884549895,-0.0713889898467488
LE:K-562,100,2,1.3889523216026485,1.3815020263513642,-0.007450295251284267
LE:K-562,100,3,1.334698789545077,1.2127882913683823,-0.12191049817669475
LE:K-562,100,4,1.351762699031967,1.3379764881549063,-0.013786210877060778
LE:K-562,100,5,1.3830684832976459,1.2595483499011344,-0.12352013339651147
LE:K-562,100,6,1.3993161658764581,1.2305511599663044,-0.16876500591015375
LE:K-562,100,7,1.3990398516325155,1.2947786841710576,-0.10426116746145797
LE:K-562,100,8,1.363757299838846,1.1960146766942314,-0.16774262314461463
LE:K-562,100,9,1.3872208383136124,1.1045665291542512,-0.2826543091593612
LE:K-562,100,10,1.4048462404956028,1.2604846593529035,-0.14436158114269926
LE:K-562,200,1,1.3980386165043235,1.3928967301740025,-0.005141886330320977
LE:K-562,200,2,1.3816271398079618,1.2667089867185373,-0.11491815308942455
LE:K-562,200,3,1.4022354858168329,1.2084151579164077,-0.19382032790042514
LE:K-562,200,4,1.4006230094742917,1.2625316231621162,-0.13809138631217555
LE:K-562,200,5,1.3987940928942775,1.3828020293376624,-0.015992063556615088
LE:K-562,200,6,,1.4084543655443345,
LE:K-562,200,7,1.4017770942839822,1.3633907904587543,-0.038386303825227897
LE:K-562,200,8,,1.051808932532636,
LE:K-562,200,9,1.4083492051787103,1.2439037673800255,-0.1644454377986848
LE:K-562,200,10,1.4019802722119223,1.4045256946609685,0.0025454224490462085
LE:K-562,500,1,1.3577776895085387,1.4133527522132874,0.05557506270474866
LE:K-562,500,2,1.4074148547389769,1.4117042332119103,0.004289378472933425
LE:K-562,500,3,1.410365197915134,1.3961066125390722,-0.014258585376061728
LE:K-562,500,4,1.3920731637965749,1.4137783948635974,0.02170523106702249
LE:K-562,500,5,1.3972215787450553,1.4102702498137156,0.013048671068660367
LE:K-562,500,6,1.4138841824947797,1.3986249900244743,-0.015259192470305383
LE:K-562,500,7,1.3967644647518227,1.3925418044738311,-0.004222660277991563
LE:K-562,500,8,1.359854173999027,1.2282791590036775,-0.13157501499534963
LE:K-562,500,9,1.4102322800057578,1.4112276462823181,0.0009953662765602722
LE:K-562,500,10,1.4097701805116827,1.4131903408841917,0.003420160372509029
LE:MOLT-4,50,1,1.3532441987901496,1.3464349865981986,-0.006809212191950964
LE:MOLT-4,50,2,1.2423462541864871,1.1907290020232877,-0.051617252163199456
LE:MOLT-4,50,3,1.3270593166486282,1.2892552862410993,-0.03780403040752889
LE:MOLT-4,50,4,1.3251585013079727,1.3621140145449842,0.036955513237011406
LE:MOLT-4,50,5,1.2780967155898366,1.2829879988727149,0.004891283282878245
LE:MOLT-4,50,6,1.2892579099320454,1.3183481890213706,0.029090279089325266
LE:MOLT-4,50,7,1.2776660597941134,1.2786902146302483,0.0010241548361349384
LE:MOLT-4,50,8,1.3470126975251284,1.3606533235024887,0.013640625977360266
LE:MOLT-4,50,9,1.2191115143681768,1.1972596295725946,-0.0218518847955822
LE:MOLT-4,50,10,1.2025953572742736,1.2875764539625432,0.08498109668826959
LE:MOLT-4,100,1,1.3975068032079605,1.4025812221988507,0.005074418990890228
LE:MOLT-4,100,2,1.364324193136953,1.3795665857232928,0.015242392586339859
LE:MOLT-4,100,3,1.359983276826985,1.3763115164767097,0.01632823964972463
LE:MOLT-4,100,4,1.3838146754300356,1.3884360618044127,0.0046213863743771455
LE:MOLT-4,100,5,1.3583449683260331,1.3674526191779648,0.009107650851931659
LE:MOLT-4,100,6,1.4116949199733182,1.4124810241941541,0.0007861042208359148
LE:MOLT-4,100,7,1.3897521495133593,1.3974857203194708,0.007733570806111478
LE:MOLT-4,100,8,1.358059169866113,1.3476780571205342,-0.010381112745578847
LE:MOLT-4,100,9,1.4104131373267281,1.4090670518799309,-0.0013460854467972627
LE:MOLT-4,100,10,1.352404233275178,1.3553854142298085,0.0029811809546305135
LE:MOLT-4,200,1,,1.4037336648556502,
LE:MOLT-4,200,2,1.3863041488384613,1.3752618389334907,-0.01104230990497057
LE:MOLT-4,200,3,1.3940655486315436,1.4041105677810812,0.010045019149537593
LE:MOLT-4,200,4,1.3987967292603245,1.400165959261044,0.0013692300007195346
LE:MOLT-4,200,5,1.363125616369333,1.3940209234508014,0.03089530708146837
LE:MOLT-4,200,6,1.3881431576274177,1.3987159961893656,0.010572838561947906
LE:MOLT-4,200,7,1.366274542359914,1.3667788937972782,0.0005043514373641589
LE:MOLT-4,200,8,1.345751018017658,1.348567869533697,0.002816851516038943
LE:MOLT-4,200,9,1.38398197794908,1.3658675193559857,-0.01811445859309435
LE:MOLT-4,200,10,1.3994333467547848,1.3769724467817905,-0.022460899972994275
LE:MOLT-4,500,1,1.36339538626767,1.3610525497844754,-0.0023428364831945547
LE:MOLT-4,500,2,1.4068594825531542,1.4107598741245913,0.0039003915714370674
LE:MOLT-4,500,3,1.3565442740999591,1.3565303830289868,-1.3891070972382735e-05
LE:MOLT-4,500,4,1.4104675244041285,1.409144429224882,-0.0013230951792464474
LE:MOLT-4,500,5,1.4096351264609732,1.4140267678333602,0.004391641372387012
LE:MOLT-4,500,6,1.412457369688488,1.4120446273402476,-0.00041274234824029143
LE:MOLT-4,500,7,1.4075090477946492,1.410190108224624,0.0026810604299747354
LE:MOLT-4,500,8,1.4102162212067382,1.4088496386607081,-0.0013665825460300596
LE:MOLT-4,500,9,1.3982636628179044,1.3954349803655746,-0.0028286824523298115
LE:MOLT-4,500,10,1.4119225860948823,1.4111847095265484,-0.0007378765683339061
LE:RPMI-8226,50,1,1.2015367140882856,1.202835413318053,0.0012986992297674416
LE:RPMI-8226,50,2,1.3094413130363118,1.3424672714678125,0.03302595843150069
LE:RPMI-8226,50,3,1.3484597374582765,1.3286837847643436,-0.019775952693932952
LE:RPMI-8226,50,4,1.3861814666018137,1.3898928858405397,0.003711419238725977
LE:RPMI-8226,50,5,1.2740286404798353,1.2929548962938122,0.01892625581397689
LE:RPMI-8226,50,6,1.2403379964892756,1.216338854298933,-0.023999142190342493
LE:RPMI-8226,50,7,1.3076381604712084,1.3236506705914286,0.016012510120220202
LE:RPMI-8226,50,8,1.2985274627740016,1.1891723919568895,-0.10935507081711204
LE:RPMI-8226,50,9,1.3102345128098467,1.3084628633385156,-0.001771649471331127
LE:RPMI-8226,50,10,1.2608337946358723,1.2472059105016668,-0.013627884134205459
LE:RPMI-8226,100,1,1.342178352721684,1.3556821239552221,0.013503771233538187
LE:RPMI-8226,100,2,1.399064557056851,1.3992179291338682,0.0001533720770172664
LE:RPMI-8226,100,3,1.3642450645438118,1.3982464623239186,0.0340013977801068
LE:RPMI-8226,100,4,1.3472137244717692,1.356548613013211,0.00933488854144171
LE:RPMI-8226,100,5,1.340759440827152,1.3201402611130468,-0.020619179714105096
LE:RPMI-8226,100,6,1.3851736458849395,1.3792497820234348,-0.005923863861504675
LE:RPMI-8226,100,7,1.3675981562775161,1.3713566670184125,0.0037585107408963925
LE:RPMI-8226,100,8,1.3911714153674841,1.3906549335818499,-0.0005164817856342374
LE:RPMI-8226,100,9,1.409330614097298,1.4123298930632806,0.0029992789659825103
LE:RPMI-8226,100,10,1.3954693657810082,1.3961336916790092,0.000664325898001028
LE:RPMI-8226,200,1,1.3987199231886325,1.409562334135675,0.010842410947042636
LE:RPMI-8226,200,2,1.3956386370732312,1.396595834397742,0.0009571973245108278
LE:RPMI-8226,200,3,1.4025618448670218,1.3924227585638085,-0.010139086303213363
LE:RPMI-8226,200,4,1.4014568192382375,1.3927630457338003,-0.00869377350443723
LE:RPMI-8226,200,5,1.3791350722774303,1.3636130955642718,-0.01552197671315847
LE:RPMI-8226,200,6,1.409126401334008,1.406509633527831,-0.002616767806176812
LE:RPMI-8226,200,7,1.3309136046073455,1.281434170634842,-0.04947943397250354
LE:RPMI-8226,200,8,,1.4100161495816717,
LE:RPMI-8226,200,9,1.3627691803558812,1.3785327445802416,0.015763564224360316
LE:RPMI-8226,200,10,1.4039131885102745,1.4071276700809967,0.0032144815707222385
LE:RPMI-8226,500,1,1.356964577726049,1.4026531649163152,0.04568858719026614
LE:RPMI-8226,500,2,1.4124110075118648,1.4133854309070908,0.0009744233952260206
LE:RPMI-8226,500,3,1.3845690993527737,1.3897661339292102,0.005197034576436499
LE:RPMI-8226,500,4,1.4125949108394833,1.4134244812479217,0.0008295704084384514
LE:RPMI-8226,500,5,1.4027328370775496,1.40186460298811,-0.0008682340894394791
LE:RPMI-8226,500,6,1.4120215130383067,1.4140352352978451,0.002013722259538442
LE:RPMI-8226,500,7,1.4077212110855828,1.4089703515753762,0.00124914048979341
LE:RPMI-8226,500,8,1.349384465846067,1.351026477461598,0.0016420116155311248
LE:RPMI-8226,500,9,1.4105584986276056,1.4108585452862712,0.0003000466586655648
LE:RPMI-8226,500,10,1.2621803384263144,1.2708578387017098,0.008677500275395378
LE:SR,50,1,1.2576172991173693,1.2558218834720394,-0.001795415645329923
LE:SR,50,2,1.2681941205100415,1.2423975724519272,-0.025796548058114377
LE:SR,50,3,1.377200713660533,1.3757370911810758,-0.001463622479457305
LE:SR,50,4,1.390783241937589,1.3182105417208614,-0.07257270021672757
LE:SR,50,5,1.2965574413624397,1.3133948634665618,0.01683742210412209
LE:SR,50,6,1.1712108893559396,1.2396699668281908,0.0684590774722511
LE:SR,50,7,1.2348953491431889,1.2050462116463452,-0.029849137496843703
LE:SR,50,8,1.3078393074884722,1.3042552537358316,-0.0035840537526405924
LE:SR,50,9,1.3421401518683849,1.287628299175293,-0.05451185269309189
LE:SR,50,10,1.3383521022786946,1.3262469546226316,-0.012105147656062965
LE:SR,100,1,1.378177525603102,1.362373977128373,-0.01580354847472898
LE:SR,100,2,1.367314143593503,1.3578046287602494,-0.009509514833253574
LE:SR,100,3,1.394676422961566,1.3926118809644923,-0.002064541997073732
LE:SR,100,4,1.366272690004584,1.3473971713474182,-0.018875518657165857
LE:SR,100,5,1.3481095435994708,1.3692019094577412,0.021092365858270457
LE:SR,100,6,1.2830746313008858,1.3009042866494862,0.01782965534860037
LE:SR,100,7,1.3552234203414821,1.3302616808563912,-0.02496173948509095
LE:SR,100,8,1.3722697306840614,1.3664751496977332,-0.005794580986328235
LE:SR,100,9,1.3773306871012747,1.3786940927573608,0.0013634056560860586
LE:SR,100,10,1.3164299938576385,1.326212662135796,0.009782668278157436
LE:SR,200,1,1.390863804071816,1.3914743028899854,0.000610498818169436
LE:SR,200,2,1.4050454734045799,1.4087017244247915,0.0036562510202116094
LE:SR,200,3,1.3587469540568526,1.3876196961761003,0.02887274211924762
LE:SR,200,4,1.3076656629784686,1.343470929059543,0.03580526608107437
LE:SR,200,5,1.390735290043357,1.4017327974590896,0.010997507415732688
LE:SR,200,6,1.4064420357093845,1.4054248909147207,-0.00101714479466386
LE:SR,200,7,1.4028830796370673,1.4020551437310216,-0.0008279359060456848
LE:SR,200,8,1.3873110000465616,1.3802898513553423,-0.007021148691219281
LE:SR,200,9,1.4090521617101355,1.404171637442052,-0.004880524268083386
LE:SR,200,10,1.3652479748107123,1.3834924961043824,0.018244521293670157
LE:SR,500,1,1.41244255986308,1.4137785422504316,0.001335982387351553
LE:SR,500,2,1.405149991031563,1.4076980077034307,0.002548016671867659
LE:SR,500,3,1.4076747448939282,1.410519092383781,0.0028443474898527388
LE:SR,500,4,1.3347415427243599,1.3303263179733207,-0.004415224751039171
LE:SR,500,5,1.4102009970897873,1.4126329003524252,0.002431903262637869
LE:SR,500,6,1.329342858034822,1.356884938652113,0.0275420806172908
LE:SR,500,7,1.3913854095239353,1.4132636659984383,0.021878256474503033
LE:SR,500,8,1.4123613193246891,1.4131383400439506,0.0007770207192614453
LE:SR,500,9,1.3564487688797502,1.3566877111639677,0.00023894228421750263
LE:SR,500,10,1.412329121634986,1.4123201833566335,-8.9382783525771e-06
ME:LOX IMVI,50,1,1.2969108118662298,1.298016250054925,0.0011054381886952402
ME:LOX IMVI,50,2,1.339049132601705,1.3532732840931494,0.014224151491444292
ME:LOX IMVI,50,3,1.3115876360528382,1.3045791332206118,-0.0070085028322264264
ME:LOX IMVI,50,4,1.3298654907328153,1.3438916364264946,0.014026145693679215
ME:LOX IMVI,50,5,1.2594540547472903,1.3380098685516513,0.07855581380436094
ME:LOX IMVI,50,6,1.2917886653715127,1.2920264018749095,0.00023773650339675712
ME:LOX IMVI,50,7,1.323731949411263,1.3163644976698785,-0.007367451741384423
ME:LOX IMVI,50,8,1.3637303855435576,1.3316675515589838,-0.03206283398457388
ME:LOX IMVI,50,9,1.2271132286448028,1.3534231523311864,0.1263099236863836
ME:LOX IMVI,50,10,1.305999449412527,1.3038342432933803,-0.002165206119146834
ME:LOX IMVI,100,1,1.3227646831267026,1.3222973051065263,-0.00046737802017626784
ME:LOX IMVI,100,2,1.4032953027447763,1.4056116051168108,0.0023163023720345066
ME:LOX IMVI,100,3,1.3434934323991319,1.3694455630339168,0.025952130634784965
ME:LOX IMVI,100,4,1.3723093517456904,1.3589457502428943,-0.01336360150279603
ME:LOX IMVI,100,5,1.3897831905726068,1.4036271864163903,0.013843995843783485
ME:LOX IMVI,100,6,1.4016427067758346,1.3955503588080955,-0.0060923479677390535
ME:LOX IMVI,100,7,1.3058518980309988,1.303363916562659,-0.0024879814683398394
ME:LOX IMVI,100,8,1.3820915429724938,1.3913477404259904,0.009256197453496595
ME:LOX IMVI,100,9,1.355668827469571,1.340943432932108,-0.014725394537463021
ME:LOX IMVI,100,10,1.3866714131952567,1.386460242549304,-0.000211170645952663
ME:LOX IMVI,200,1,1.3784616235942988,1.4021571322535502,0.023695508659251407
ME:LOX IMVI,200,2,1.4079655521213443,1.4050174286350368,-0.0029481234863075745
ME:LOX IMVI,200,3,1.3908047996378605,1.397946013583471,0.007141213945610403
ME:LOX IMVI,200,4,1.3659471192917008,1.4017848483597095,0.03583772906800875
ME:LOX IMVI,200,5,1.3890455632771403,1.4091986564543453,0.020153093177204928
ME:LOX IMVI,200,6,1.4008544872731945,1.398566000207471,-0.002288487065723599
ME:LOX IMVI,200,7,1.4078767689470395,1.397734781668039,-0.010141987279000508
ME:LOX IMVI,200,8,1.4137543655532976,1.413865084488291,0.00011071893499337015
ME:LOX IMVI,200,9,1.3746386802415398,1.3858844924707177,0.011245812229177865
ME:LOX IMVI,200,10,1.353311516875776,1.3553592066281566,0.002047689752380455
ME:LOX IMVI,500,1,1.3931620552848878,1.3943141677467157,0.0011521124618278922
ME:LOX IMVI,500,2,1.4085358316874599,1.409677538575261,0.0011417068878010195
ME:LOX IMVI,500,3,1.3643090221824155,1.4071465811060684,0.04283755892365293
ME:LOX IMVI,500,4,1.3690268000838344,1.3687037425257604,-0.0003230575580739359
ME:LOX IMVI,500,5,1.4010082695570127,1.4011523483578676,0.00014407880085487434
ME:LOX IMVI,500,6,1.3412922893706964,1.3429539137524094,0.0016616243817129117
ME:LOX IMVI,500,7,1.410738830445788,1.412870293437726,0.0021314629919380046
ME:LOX IMVI,500,8,1.34805812350688,1.3499549432060767,0.001896819699196639
ME:LOX IMVI,500,9,1.408697196475599,1.4116475060357039,0.002950309560104891
ME:LOX IMVI,500,10,1.4127048668688564,1.4136599714598104,0.0009551045909539368
ME:MALME-3M,50,1,1.2202589666627919,1.2408404597030571,0.020581493040265242
ME:MALME-3M,50,2,1.2948037781725106,1.2532139324995362,-0.04158984567297441
ME:MALME-3M,50,3,1.3378230743042665,1.346132832437806,0.008309758133539402
ME:MALME-3M,50,4,1.2154808161714246,1.2172205691881413,0.0017397530167166941
ME:MALME-3M,50,5,1.2396437804356664,1.3205457336888564,0.08090195325319005
ME:MALME-3M,50,6,1.3427555617703109,1.3573626109534132,0.014607049183102294
ME:MALME-3M,50,7,1.2505132522954459,1.2361323774288706,-0.014380874866575244
ME:MALME-3M,50,8,1.310702576626702,1.3424741238950022,0.031771547268300226
ME:MALME-3M,50,9,1.2587540080098976,1.2867350409547302,0.027981032944832673
ME:MALME-3M,50,10,1.2292060113611616,1.199657213459675,-0.029548797901486568
ME:MALME-3M,100,1,1.339591012765564,1.3350362372782092,-0.004554775487354723
ME:MALME-3M,100,2,1.3921306249565475,1.390743707955149,-0.00138691700139848
ME:MALME-3M,100,3,1.3677613439540797,1.3664844218834697,-0.0012769220706099205
ME:MALME-3M,100,4,1.4058854848715865,1.4037537732263485,-0.0021317116452379548
ME:MALME-3M,100,5,1.356761831988661,1.3337895615230702,-0.022972270465590805
ME:MALME-3M,100,6,1.403526871407423,1.4038404312662178,0.00031355985879488735
ME:MALME-3M,100,7,1.3918786876308857,1.387267198241973,-0.0046114893889126485
ME:MALME-3M,100,8,1.3712254710811347,1.3665919579028833,-0.004633513178251336
ME:MALME-3M,100,9,1.4081621396179114,1.4081016680921592,-6.047152575217041e-05
ME:MALME-3M,100,10,1.4089032069900111,1.4084665294166094,-0.00043667757340171143
ME:MALME-3M,200,1,1.3635262173641496,1.3343991181251964,-0.02912709923895318
ME:MALME-3M,200,2,1.4073040968490451,1.4097219677451245,0.002417870896079366
ME:MALME-3M,200,3,1.3947977145474653,1.4079285961103891,0.013130881562923857
ME:MALME-3M,200,4,1.3863017994671416,1.3204185164500561,-0.06588328301708546
ME:MALME-3M,200,5,1.389764977451912,1.4090266184292648,0.019261640977352723
ME:MALME-3M,200,6,1.3934740909862853,1.3950589041046733,0.0015848131183879843
ME:MALME-3M,200,7,1.3571370952350768,1.3934957890748432,0.03635869383976642
ME:MALME-3M,200,8,1.363187292978488,1.3743696077154217,0.011182314736933652
ME:MALME-3M,200,9,1.407400757912749,1.4106781447361258,0.00327738682337686
ME:MALME-3M,200,10,1.3801940351975301,1.4073979789620492,0.027203943764519067
ME:MALME-3M,500,1,1.3836940999763192,1.3831810500453914,-0.0005130499309278225
ME:MALME-3M,500,2,1.358606650169306,1.410401180607221,0.05179453043791504
ME:MALME-3M,500,3,1.4089171723371547,1.4068482639170927,-0.002068908420062021
ME:MALME-3M,500,4,1.4101801388286377,1.4116262923954443,0.0014461535668066627
ME:MALME-3M,500,5,1.3821364603527335,1.3838415880405792,0.0017051276878456978
ME:MALME-3M,500,6,1.4134698053988504,1.4135090580217387,3.9252622888286126e-05
ME:MALME-3M,500,7,1.4121878921765891,1.411380941787226,-0.0008069503893630703
ME:MALME-3M,500,8,1.4093021954311886,1.4098632442536734,0.0005610488224847554
ME:MALME-3M,500,9,1.4119368656614746,1.412056834250085,0.00011996858861040849
ME:MALME-3M,500,10,1.412636552959915,1.4134358319165188,0.0007992789566038105
ME:M14,50,1,1.351294803938875,1.3649307496717094,0.013635945732834331
ME:M14,50,2,1.2242818754713074,1.2348000351860389,0.010518159714731468
ME:M14,50,3,1.26068707811734,1.2869293740456536,0.026242295928313508
ME:M14,50,4,1.2923428969888895,1.3023634072323014,0.010020510243411884
ME:M14,50,5,1.276974675305447,1.332050631640745,0.05507595633529805
ME:M14,50,6,1.194709540575675,1.1424638662337556,-0.05224567434191929
ME:M14,50,7,1.2446535008902149,1.313873481698753,0.06921998080853808
ME:M14,50,8,1.3102038476650726,1.3429218838060963,0.032718036141023754
ME:M14,50,9,1.2365882370740917,1.2214955570108363,-0.01509268006325537
ME:M14,50,10,1.2351578832386023,1.2636617932341394,0.02850390999553709
ME:M14,100,1,1.3685805922787293,1.3553110973584568,-0.013269494920272518
ME:M14,100,2,1.3810182832592983,1.3746908926122032,-0.006327390647095088
ME:M14,100,3,1.3797671157103846,1.372985135562017,-0.006781980148367506
ME:M14,100,4,1.3134741010371145,1.3053452382791617,-0.00812886275795277
ME:M14,100,5,1.4013525977025363,1.399786302699834,-0.0015662950027022227
ME:M14,100,6,1.4027271407635267,1.401138254651337,-0.001588886112189769
ME:M14,100,7,1.3882484106557986,1.378834129056661,-0.009414281599137597
ME:M14,100,8,1.3407240010201311,1.3424144016226813,0.0016904006025502127
ME:M14,100,9,1.369949550698581,1.379925251263945,0.00997570056536401
ME:M14,100,10,1.3874574572592142,1.3881267580314274,0.0006693007722131661
ME:M14,200,1,1.3660712615463735,1.3951174958786519,0.029046234332278376
ME:M14,200,2,1.3944756853521862,1.383079942880308,-0.011395742471878245
ME:M14,200,3,1.399284327835183,1.388894869387418,-0.010389458447765065
ME:M14,200,4,1.3839493235783453,1.3973879451733842,0.013438621595038835
ME:M14,200,5,1.3873312373594608,1.3567575728292773,-0.03057366453018351
ME:M14,200,6,1.3749733517375935,1.375870492686034,0.0008971409484404003
ME:M14,200,7,,1.3996718348769002,
ME:M14,200,8,1.3854942951923706,1.387541476241309,0.002047181048938418
ME:M14,200,9,1.3159359267136774,1.2867178303255278,-0.02921809638814965
ME:M14,200,10,1.4033628192591967,1.39872129256778,-0.004641526691416598
ME:M14,500,1,1.3458655997015907,1.3543425312303279,0.008476931528737186
ME:M14,500,2,1.410722631789973,1.4110059754763722,0.0002833436863991512
ME:M14,500,3,1.4024555898881883,1.4101195447351877,0.007663954846999443
ME:M14,500,4,1.395643048001266,1.4112446183593323,0.015601570358066308
ME:M14,500,5,1.3938399249430393,1.3972388637346937,0.0033989387916544267
ME:M14,500,6,1.4096976102315113,1.413749937966726,0.004052327735214689
ME:M14,500,7,1.411331926959938,1.4122563517653515,0.0009244248054134374
ME:M14,500,8,1.3576021677493495,1.3576355877739958,3.3420024646346747e-05
ME:M14,500,9,1.4091916252239007,1.4091754660356393,-1.6159188261477553e-05
ME:M14,500,10,1.3460800344692718,1.3416277129025833,-0.004452321566688511
ME:SK-MEL-2,50,1,1.3138372404210936,1.3100996826983822,-0.0037375577227114487
ME:SK-MEL-2,50,2,1.3725948554586278,1.3756173050377511,0.003022449579123343
ME:SK-MEL-2,50,3,1.2806084826394668,1.2767816333797248,-0.003826849259741971
ME:SK-MEL-2,50,4,1.2567923319439054,1.2217507949066249,-0.035041537037280523
ME:SK-MEL-2,50,5,1.1994254425322135,1.2130930062581653,0.013667563725951792
ME:SK-MEL-2,50,6,1.271578879926034,1.331920664050457,0.06034178412442315
ME:SK-MEL-2,50,7,1.254509810846297,1.2044053140753597,-0.05010449677093742
ME:SK-MEL-2,50,8,1.3387436409970708,1.3295114237581793,-0.00923221723889145
ME:SK-MEL-2,50,9,1.2750467507428829,1.325843339614679,0.050796588871796056
ME:SK-MEL-2,50,10,1.3276541882331907,1.3472723796868988,0.019618191453708134
ME:SK-MEL-2,100,1,1.313629280353936,1.3180383501549555,0.004409069801019516
ME:SK-MEL-2,100,2,1.3649184667164673,1.3591116972563104,-0.005806769460156902
ME:SK-MEL-2,100,3,1.405345374598586,1.4111820429588555,0.005836668360269526
ME:SK-MEL-2,100,4,1.2709768014729808,1.268167615671563,-0.0028091858014176463
ME:SK-MEL-2,100,5,1.303887942770173,1.3032779378202588,-0.0006100049499142557
ME:SK-MEL-2,100,6,1.3681590717907648,1.370488821938129,0.0023297501473642512
ME:SK-MEL-2,100,7,1.3798528221950297,1.3797223737801174,-0.00013044841491227643
ME:SK-MEL-2,100,8,1.3240579806471804,1.3239801092684604,-7.787137871995142e-05
ME:SK-MEL-2,100,9,1.3629531001497026,1.34505229405625,-0.01790080609345268
ME:SK-MEL-2,100,10,1.3876458533348979,1.3904914839380975,0.0028456306031996448
ME:SK-MEL-2,200,1,1.3815845914319753,1.3820267933147818,0.0004422018828065255
ME:SK-MEL-2,200,2,1.3774951946455685,1.3872017025162187,0.009706507870650194
ME:SK-MEL-2,200,3,1.3907642387041823,1.3923455903683333,0.001581351664150965
ME:SK-MEL-2,200,4,1.408726696126458,1.4114443698809345,0.002717673754476513
ME:SK-MEL-2,200,5,1.4014121436614322,1.4076488054722482,0.006236661810816058
ME:SK-MEL-2,200,6,1.3960828319040905,1.398216948937984,0.0021341170338935456
ME:SK-MEL-2,200,7,1.3694351877035456,1.3798980615581482,0.01046287385460265
ME:SK-MEL-2,200,8,1.4037145240268565,1.393523712608884,-0.010190811417972512
ME:SK-MEL-2,200,9,1.3843430135149246,1.3570594183693812,-0.02728359514554346
ME:SK-MEL-2,200,10,1.3908977511696046,1.3865841219276083,-0.004313629241996297
ME:SK-MEL-2,500,1,1.4115148345194268,1.413182564459876,0.0016677299404490586
ME:SK-MEL-2,500,2,1.3997235311572638,1.4063379049849831,0.006614373827719344
ME:SK-MEL-2,500,3,1.4079496339297848,1.411722432103277,0.0037727981734922977
ME:SK-MEL-2,500,4,1.4141336281580321,1.3937467892843722,-0.020386838873659885
ME:SK-MEL-2,500,5,1.4048823324432946,1.406897529798647,0.0020151973553523828
ME:SK-MEL-2,500,6,1.399520603612302,1.3985892978290626,-0.0009313057832394112
ME:SK-MEL-2,500,7,1.4053251870768018,1.4113719254855335,0.006046738408731711
ME:SK-MEL-2,500,8,1.3876652250688495,1.4011194687808215,0.013454243711972014
ME:SK-MEL-2,500,9,1.4094862541289888,1.4091967462671549,-0.0002895078618339042
ME:SK-MEL-2,500,10,1.3695543692263459,1.3696773070689452,0.00012293784259931329
ME:SK-MEL-28,50,1,1.2945842069353806,1.401730945746627,0.10714673881124637
ME:SK-MEL-28,50,2,1.331138116420681,1.3004163069430872,-0.030721809477593842
ME:SK-MEL-28,50,3,1.3303073620917218,1.2749192184687934,-0.05538814362292843
ME:SK-MEL-28,50,4,1.277753407261596,1.4014209834310996,0.12366757616950363
ME:SK-MEL-28,50,5,1.2885018407120663,1.3759471043443487,0.08744526363228244
ME:SK-MEL-28,50,6,1.3059589204304076,1.319031585340223,0.013072664909815401
ME:SK-MEL-28,50,7,1.2007197303504369,1.07115230691072,-0.12956742343971683
ME:SK-MEL-28,50,8,1.2122728933111273,1.10649201131216,-0.1057808819989674
ME:SK-MEL-28,50,9,1.3508669813504655,1.4134903311558817,0.06262334980541628
ME:SK-MEL-28,50,10,1.255639384632249,1.2557676419799215,0.00012825734767263341
ME:SK-MEL-28,100,1,1.331700583295031,1.3417060221116763,0.010005438816645285
ME:SK-MEL-28,100,2,1.3463836985819193,1.4081801790212285,0.06179648043930919
ME:SK-MEL-28,100,3,1.3738110869493,1.403740592298575,0.029929505349274965
ME:SK-MEL-28,100,4,1.3639025252830084,1.3261981599951365,-0.03770436528787191
ME:SK-MEL-28,100,5,1.3834687232348006,1.2804483459753422,-0.10302037725945845
ME:SK-MEL-28,100,6,1.3769916830967108,1.3567686880924963,-0.02022299500421454
ME:SK-MEL-28,100,7,1.3404665978467916,1.3988378626416726,0.058371264794881084
ME:SK-MEL-28,100,8,1.3706736219106272,1.187819657872831,-0.1828539640377962
ME:SK-MEL-28,100,9,1.3391859153129515,1.3600646133074041,0.020878697994452633
ME:SK-MEL-28,100,10,1.4022821456406973,1.4116781365651934,0.009395990924496056
ME:SK-MEL-28,200,1,1.3907140989308646,1.3875094999820952,-0.003204598948769455
ME:SK-MEL-28,200,2,1.4010372524627446,1.4130534600194729,0.012016207556728276
ME:SK-MEL-28,200,3,1.4074727108478868,1.411583181964187,0.004110471116300252
ME:SK-MEL-28,200,4,1.35529930468719,1.384612439198561,0.029313134511371075
ME:SK-MEL-28,200,5,1.4120375257879878,1.4023138001647166,-0.009723725623271173
ME:SK-MEL-28,200,6,1.398803102746047,1.4038998737261517,0.005096770980104637
ME:SK-MEL-28,200,7,1.3459509974687367,1.386877710433881,0.040926712965144274
ME:SK-MEL-28,200,8,1.3908077706557416,1.3448914927849316,-0.045916277870809985
ME:SK-MEL-28,200,9,1.4127422438765032,1.2773610764901218,-0.1353811673863814
ME:SK-MEL-28,200,10,1.3979619976687938,1.4141183940377395,0.016156396368945725
ME:SK-MEL-28,500,1,1.4128148537096208,1.411064748407213,-0.0017501053024078228
ME:SK-MEL-28,500,2,1.4135170843832745,1.4119568146014634,-0.0015602697818111189
ME:SK-MEL-28,500,3,1.4023814780713162,1.410990334836615,0.008608856765298878
ME:SK-MEL-28,500,4,1.4118055835276,1.4141739707523435,0.002368387224743529
ME:SK-MEL-28,500,5,1.4127188030579596,1.413803313099125,0.0010845100411653874
ME:SK-MEL-28,500,6,1.4021795733433855,1.4139882535042225,0.011808680160837026
ME:SK-MEL-28,500,7,1.4092360675335476,1.3929779852322537,-0.016258082301293886
ME:SK-MEL-28,500,8,1.4135331669637174,1.4140874389062206,0.0005542719425031262
ME:SK-MEL-28,500,9,1.4028989187565917,1.3985320498989493,-0.00436686885764237
ME:SK-MEL-28,500,10,1.3497389721446338,1.4124589493016255,0.06271997715699174
ME:SK-MEL-5,50,1,1.1777605359377648,1.214534251886568,0.0367737159488033
ME:SK-MEL-5,50,2,1.2786767749736838,1.36756153920576,0.08888476423207625
ME:SK-MEL-5,50,3,1.338043491919087,1.3601306579581918,0.022087166039104877
ME:SK-MEL-5,50,4,1.2555038718373328,1.333328969087734,0.0778250972504011
ME:SK-MEL-5,50,5,1.2927713675281949,1.293417119547927,0.0006457520197320488
ME:SK-MEL-5,50,6,1.164782793692962,1.2526810761307918,0.08789828243782982
ME:SK-MEL-5,50,7,1.2602615969518578,1.270325111503797,0.010063514551939212
ME:SK-MEL-5,50,8,1.2298732669856771,1.2070190618055843,-0.022854205180092846
ME:SK-MEL-5,50,9,1.3546796091440343,1.2903582847985005,-0.06432132434553384
ME:SK-MEL-5,50,10,1.2505186682444918,1.2725531346586212,0.022034466414129428
ME:SK-MEL-5,100,1,1.3636925446804464,1.3648176884171843,0.001125143736737888
ME:SK-MEL-5,100,2,1.3303477833948356,1.364762806207155,0.03441502281231945
ME:SK-MEL-5,100,3,1.3859938606466164,1.380522192086055,-0.00547166856056136
ME:SK-MEL-5,100,4,1.3849500126419039,1.3912786223802844,0.006328609738380564
ME:SK-MEL-5,100,5,1.3848689249446509,1.3854500423845266,0.0005811174398757668
ME:SK-MEL-5,100,6,1.3722372584160523,1.3849158871005305,0.012678628684478221
ME:SK-MEL-5,100,7,1.3145036070724774,1.3740134051137787,0.0595097980413013
ME:SK-MEL-5,100,8,1.3638264460777003,1.3478231924213455,-0.0160032536563548
ME:SK-MEL-5,100,9,1.272756080415768,1.3169325209667753,0.04417644055100722
ME:SK-MEL-5,100,10,1.3775984143785982,1.3774962319259665,-0.0001021824526317161
ME:SK-MEL-5,200,1,1.4051457411705772,1.402805857738559,-0.002339883432018297
ME:SK-MEL-5,200,2,1.38998045105656,1.3792695559023216,-0.010710895154238509
ME:SK-MEL-5,200,3,1.411899267165028,1.412011950922229,0.00011268375720119295
ME:SK-MEL-5,200,4,1.4045104469329535,1.4035413450292653,-0.0009691019036881521
ME:SK-MEL-5,200,5,1.3704219418582795,1.3939766917591978,0.023554749900918326
ME:SK-MEL-5,200,6,1.376226849181243,1.3718242260936282,-0.004402623087614854
ME:SK-MEL-5,200,7,1.410026955829629,1.397909363568366,-0.012117592261263077
ME:SK-MEL-5,200,8,1.4057736181621132,1.4113366189097318,0.005563000747618618
ME:SK-MEL-5,200,9,1.3610848078897317,1.3484321298727635,-0.012652678016968233
ME:SK-MEL-5,200,10,1.3676561056706606,1.3893710379859097,0.021714932315249014
ME:SK-MEL-5,500,1,1.408757023947184,1.412807351234233,0.004050327287048905
ME:SK-MEL-5,500,2,1.411328191378956,1.411600403202565,0.00027221182360914753
ME:SK-MEL-5,500,3,1.4089630967791515,1.4103629088136687,0.0013998120345171117
ME:SK-MEL-5,500,4,1.3600710559926725,1.4098217724204378,0.049750716427765296
ME:SK-MEL-5,500,5,1.4031482748190662,1.402566432814145,-0.0005818420049212847
ME:SK-MEL-5,500,6,1.4110742588575793,1.4133959152441404,0.0023216563865611217
ME:SK-MEL-5,500,7,1.337684887974088,1.3404218576141136,0.002736969640025677
ME:SK-MEL-5,500,8,1.4082075157486453,1.410831799991093,0.002624284242447761
ME:SK-MEL-5,500,9,1.3902998553885524,1.3931041548668484,0.0028042994782959685
ME:SK-MEL-5,500,10,1.4060835354546883,1.4099778228377402,0.0038942873830518643
ME:UACC-257,50,1,1.323563257093394,1.3634430520851495,0.039879794991755535
ME:UACC-257,50,2,1.2800251137682526,1.2950417025517316,0.015016588783479001
ME:UACC-257,50,3,1.2526331625905973,1.2891733432665886,0.036540180675991296
ME:UACC-257,50,4,1.347471321027371,1.3771704508332556,0.029699129805884628
ME:UACC-257,50,5,1.3039231362259707,1.332112799877137,0.028189663651166263
ME:UACC-257,50,6,1.2827147287124099,1.3099606969896536,0.027245968277243682
ME:UACC-257,50,7,1.3142975082914214,1.2930075381653028,-0.021289970126118662
ME:UACC-257,50,8,1.3106289097328925,1.3194395375950376,0.008810627862145148
ME:UACC-257,50,9,1.3385121099108879,1.3380954915354204,-0.00041661837546747016
ME:UACC-257,50,10,1.28940489942774,1.3216270697100851,0.032222170282345086
ME:UACC-257,100,1,1.3734451185388945,1.3772628868684773,0.0038177683295828047
ME:UACC-257,100,2,1.3774911109331132,1.3470749432451403,-0.03041616768797284
ME:UACC-257,100,3,1.3309476657263841,1.3307903697907586,-0.00015729593562552324
ME:UACC-257,100,4,1.409062000596706,1.393870341034214,-0.015191659562492132
ME:UACC-257,100,5,1.334042671504673,1.3317607536984732,-0.0022819178061996848
ME:UACC-257,100,6,1.3883161438017644,1.379992400930703,-0.008323742871061413
ME:UACC-257,100,7,1.4009787071203765,1.4023211032869838,0.0013423961666072515
ME:UACC-257,100,8,1.3605411749250396,1.3449468929556037,-0.015594281969435908
ME:UACC-257,100,9,1.3473396651894591,1.328131720440961,-0.019207944748498074
ME:UACC-257,100,10,1.3714882512101447,1.351092266939194,-0.020395984270950684
ME:UACC-257,200,1,1.3864643792205789,1.4067537210425898,0.02028934182201092
ME:UACC-257,200,2,1.3817804531640425,1.384508145137195,0.0027276919731524796
ME:UACC-257,200,3,1.4076259690253596,1.4075979808203078,-2.7988205051787673e-05
ME:UACC-257,200,4,1.3675690915732335,1.3218383657920987,-0.045730725781134796
ME:UACC-257,200,5,1.378252374338787,1.3839782234846427,0.0057258491458558325
ME:UACC-257,200,6,1.4102756477133351,1.4109590288416365,0.0006833811283013524
ME:UACC-257,200,7,,1.3467752412045289,
ME:UACC-257,200,8,1.4104907629056347,1.379713817452423,-0.030776945453211635
ME:UACC-257,200,9,1.3367668342697894,1.4118036175095448,0.07503678323975538
ME:UACC-257,200,10,1.376801654836965,1.4077761773753754,0.030974522538410376
ME:UACC-257,500,1,1.4070497666276742,1.4070874120537773,3.764542610307231e-05
ME:UACC-257,500,2,1.4041843984064108,1.4116867051216706,0.0075023067152597545
ME:UACC-257,500,3,1.361168442328606,1.3778049384932596,0.01663649616465368
ME:UACC-257,500,4,1.4116710860552923,1.4126771937068292,0.0010061076515368583
ME:UACC-257,500,5,1.3511718566818889,1.3522237633770517,0.001051906695162863
ME:UACC-257,500,6,1.3343847450955884,1.3343246585560835,-6.008653950484444e-05
ME:UACC-257,500,7,1.4015257377712589,1.4019709479187608,0.00044521014750187327
ME:UACC-257,500,8,1.411890736421656,1.4085824513089293,-0.0033082851127266277
ME:UACC-257,500,9,1.3649024586641838,1.3672574894701714,0.0023550308059876457
ME:UACC-257,500,10,1.410986737957259,1.4109012188640053,-8.55190932536054e-05
ME:UACC-62,50,1,1.3391171178207522,1.3928266914581848,0.05370957363743267
ME:UACC-62,50,2,1.3542671432125717,1.3826871306302895,0.028419987417717785
ME:UACC-62,50,3,1.3396886310708913,1.337339524443053,-0.002349106627838271
ME:UACC-62,50,4,1.314001599874138,1.2941183935388338,-0.01988320633530405
ME:UACC-62,50,5,1.2627618787233423,1.2624103747902036,-0.0003515039331387637
ME:UACC-62,50,6,1.216286019004789,1.1513427067761186,-0.06494331222867045
ME:UACC-62,50,7,1.3603679296981492,1.3588487525549744,-0.0015191771431748435
ME:UACC-62,50,8,1.2320153474250868,1.279531248857578,0.04751590143249129
ME:UACC-62,50,9,1.3017136472624296,1.3617740663244113,0.060060419061981785
ME:UACC-62,50,10,1.3107005208164018,1.3024226756787363,-0.008277845137665496
ME:UACC-62,100,1,1.1837314288097223,1.2285580944186951,0.04482666560897286
ME:UACC-62,100,2,1.3849343017483728,1.3801658187561945,-0.004768482992178358
ME:UACC-62,100,3,1.392657853031281,1.379209347829138,-0.013448505202142913
ME:UACC-62,100,4,1.3750833235185143,1.3852598384095698,0.010176514891055533
ME:UACC-62,100,5,1.3812576419753138,1.3485791187007792,-0.03267852327453458
ME:UACC-62,100,6,1.392855473138533,1.3924912866207795,-0.0003641865177534953
ME:UACC-62,100,7,1.342194321798261,1.376755891940418,0.03456157014215688
ME:UACC-62,100,8,1.387261789839377,1.337242974257069,-0.05001881558230803
ME:UACC-62,100,9,1.3640680201909972,1.3616597471269691,-0.0024082730640280214
ME:UACC-62,100,10,1.4065822417207474,1.4038228282969443,-0.0027594134238031476
ME:UACC-62,200,1,1.3841989672427666,1.391564567360558,0.007365600117791304
ME:UACC-62,200,2,1.4074471182235708,1.4089421944298588,0.0014950762062879708
ME:UACC-62,200,3,,1.3811612828417035,
ME:UACC-62,200,4,1.3677391015851037,1.387102178140432,0.019363076555328318
ME:UACC-62,200,5,1.3737927220157986,1.3954489047725627,0.021656182756764064
ME:UACC-62,200,6,1.3585753911882874,1.3678663310602355,0.009290939871948067
ME:UACC-62,200,7,1.3976474460302042,1.4105524213983642,0.012904975368160043
ME:UACC-62,200,8,1.3761276517995251,1.3817339528360064,0.005606301036481298
ME:UACC-62,200,9,1.3839258732057165,1.3774938814550912,-0.006431991750625254
ME:UACC-62,200,10,1.4012925311264017,1.4030798959918838,0.0017873648654820329
ME:UACC-62,500,1,1.4123963824177024,1.4130439190250121,0.0006475366073097621
ME:UACC-62,500,2,1.3731756030352003,1.4044315360215804,0.031255932986380186
ME:UACC-62,500,3,1.400323382503333,1.4102044972557566,0.009881114752423592
ME:UACC-62,500,4,1.4131790386394654,1.4063107134491841,-0.006868325190281244
ME:UACC-62,500,5,1.4034569314870935,1.4026269413068533,-0.0008299901802402143
ME:UACC-62,500,6,1.413408040045834,1.4133850874871319,-2.2952558702105108e-05
ME:UACC-62,500,7,1.41060239540513,1.4108065523416835,0.00020415693655340128
ME:UACC-62,500,8,1.4005665669218326,1.3972693889946322,-0.003297177927200412
ME:UACC-62,500,9,1.3786799267801548,1.4135002821929947,0.0348203554128399
ME:UACC-62,500,10,1.3840558303207182,1.4121634380865273,0.028107607765809117
ME:MDA-MB-435,50,1,1.2520771549184981,1.2993319070799212,0.04725475216142305
ME:MDA-MB-435,50,2,1.2872474622454222,1.2549437447700384,-0.03230371747538374
ME:MDA-MB-435,50,3,1.3363745822644104,1.2975629825644657,-0.03881159969994474
ME:MDA-MB-435,50,4,1.3057060618625773,1.337738406228696,0.03203234436611879
ME:MDA-MB-435,50,5,1.3043070712666167,1.3113012871637122,0.006994215897095479
ME:MDA-MB-435,50,6,1.3121891788017996,1.2900623721768723,-0.022126806624927386
ME:MDA-MB-435,50,7,1.2520269931186392,1.262828895507584,0.01080190238894474
ME:MDA-MB-435,50,8,1.3185281221640766,1.296487564254863,-0.022040557909213554
ME:MDA-MB-435,50,9,1.199936289886802,1.2170297254873021,0.01709343560050014
ME:MDA-MB-435,50,10,1.305408612701438,1.2690747870295573,-0.03633382567188059
ME:MDA-MB-435,100,1,1.3675598888416753,1.3823920875352593,0.014832198693583987
ME:MDA-MB-435,100,2,1.3880865301011698,1.3830395552468664,-0.005046974854303388
ME:MDA-MB-435,100,3,1.3482319201822435,1.3651657163857691,0.016933796203525642
ME:MDA-MB-435,100,4,1.382851677271291,1.3818955601498049,-0.0009561171214862441
ME:MDA-MB-435,100,5,1.3394671639995206,1.3394985060592888,3.1342059768180164e-05
ME:MDA-MB-435,100,6,1.4072452877870643,1.4073078614934296,6.257370636530979e-05
ME:MDA-MB-435,100,7,1.3927469624041844,1.3849679010293707,-0.007779061374813656
ME:MDA-MB-435,100,8,1.3887477628892049,1.3864744278368943,-0.0022733350523105322
ME:MDA-MB-435,100,9,1.3757255596741358,1.3821486654729722,0.006423105798836426
ME:MDA-MB-435,100,10,1.3708512153846155,1.3475522722148312,-0.023298943169784314
ME:MDA-MB-435,200,1,1.405066420626276,1.4091408573210686,0.0040744366947926824
ME:MDA-MB-435,200,2,1.4092493226671379,1.4078509407873907,-0.001398381879747168
ME:MDA-MB-435,200,3,1.3611967300476666,1.3792131305306443,0.0180164004829777
ME:MDA-MB-435,200,4,1.319934192194227,1.3231759640445422,0.003241771850315267
ME:MDA-MB-435,200,5,1.404133698160126,1.4037378979036261,-0.0003958002564998786
ME:MDA-MB-435,200,6,1.39902102687701,1.4035854261881842,0.004564399311174139
ME:MDA-MB-435,200,7,1.4042644094193726,1.4123167859247912,0.008052376505418568
ME:MDA-MB-435,200,8,1.3950656281268168,1.4044597660182043,0.009394137891387544
ME:MDA-MB-435,200,9,1.4125152205685867,1.4092152498217458,-0.0032999707468408523
ME:MDA-MB-435,200,10,1.3689267121467752,1.3691405308886992,0.00021381874192405448
ME:MDA-MB-435,500,1,1.4138421281900462,1.4139047050221762,6.257683213006793e-05
ME:MDA-MB-435,500,2,1.3864209401105672,1.3815045223805422,-0.004916417730024936
ME:MDA-MB-435,500,3,1.4110390077213038,1.409784914641185,-0.0012540930801188122
ME:MDA-MB-435,500,4,1.4122417071645927,1.4111518083789838,-0.0010898987856089448
ME:MDA-MB-435,500,5,1.4114474991258839,1.408586296070312,-0.002861203055571915
ME:MDA-MB-435,500,6,1.3713547447514007,1.3717409042382978,0.00038615948689701973
ME:MDA-MB-435,500,7,1.399553402171315,1.3974340952546285,-0.002119306916686492
ME:MDA-MB-435,500,8,1.4103412847137804,1.4079861205136333,-0.002355164200147142
ME:MDA-MB-435,500,9,1.4111313668670409,1.4107255782078725,-0.00040578865916840456
ME:MDA-MB-435,500,10,1.368269463147899,1.4095890641670137,0.04131960101911458
LC:A549/ATCC,50,1,1.358758077452305,1.4137879622940417,0.055029884841736765
LC:A549/ATCC,50,2,1.3115260100530188,1.366129897451025,0.054603887398006146
LC:A549/ATCC,50,3,1.3545092210966028,1.4133306324047465,0.05882141130814378
LC:A549/ATCC,50,4,1.25989260183523,1.4140980853281502,0.15420548349292007
LC:A549/ATCC,50,5,1.296861730571549,1.3624185265314208,0.06555679595987174
LC:A549/ATCC,50,6,1.3018256810056335,1.349320854324698,0.0474951733190645
LC:A549/ATCC,50,7,1.3437767751097807,1.3846774633528405,0.04090068824305981
LC:A549/ATCC,50,8,1.3070241437521148,1.390614334899429,0.08359019114731425
LC:A549/ATCC,50,9,1.2996574276022874,1.414116479585622,0.11445905198333461
LC:A549/ATCC,50,10,1.2632557085538656,1.4028721731661904,0.1396164646123248
LC:A549/ATCC,100,1,1.3606744102829034,1.3863809170119434,0.02570650672904007
LC:A549/ATCC,100,2,1.388827657082502,1.3909083721895792,0.002080715107077191
LC:A549/ATCC,100,3,1.3943365226604665,1.4117453677237901,0.01740884506332363
LC:A549/ATCC,100,4,1.4074765093321,1.4138763318560525,0.0063998225239525475
LC:A549/ATCC,100,5,1.380391038837542,1.413345537939493,0.03295449910195103
LC:A549/ATCC,100,6,1.3947003736993184,1.4120479855059884,0.017347611806669994
LC:A549/ATCC,100,7,1.401205363155794,1.411704766194014,0.010499403038220168
LC:A549/ATCC,100,8,1.3763710214159903,1.3916354238581972,0.015264402442206837
LC:A549/ATCC,100,9,1.32720148495459,1.3627583422734086,0.035556857318818746
LC:A549/ATCC,100,10,1.36744509689202,1.3829769413420498,0.015531844450029864
LC:A549/ATCC,200,1,1.4088687954208985,1.4136614411987167,0.0047926457778182385
LC:A549/ATCC,200,2,1.4108141146843465,1.4021887613572066,-0.008625353327139873
LC:A549/ATCC,200,3,1.4083565025117957,1.404836938500333,-0.0035195640114626947
LC:A549/ATCC,200,4,1.4113493067057887,1.410368944911594,-0.0009803617941948062
LC:A549/ATCC,200,5,1.405498155915751,1.4032623323000575,-0.002235823615693411
LC:A549/ATCC,200,6,1.3926886725257257,1.4141426351352404,0.02145396260951471
LC:A549/ATCC,200,7,1.4114610765684907,1.414029469069435,0.0025683925009443165
LC:A549/ATCC,200,8,1.4078956321856797,1.4140882683426181,0.006192636156938436
LC:A549/ATCC,200,9,1.412147544938036,1.4141627458303334,0.002015200892297342
LC:A549/ATCC,200,10,1.406097334807538,1.4094250136407445,0.0033276788332063933
LC:A549/ATCC,500,1,1.3966103872989344,1.411245441525957,0.014635054227022604
LC:A549/ATCC,500,2,1.3607946952212044,1.4142116595961585,0.053416964374954023
LC:A549/ATCC,500,3,1.3875151961859942,1.3852485865166086,-0.002266609669385522
LC:A549/ATCC,500,4,1.4119314116354105,1.4136044839369,0.0016730723014894977
LC:A549/ATCC,500,5,1.4116012009827097,1.4140739923998844,0.0024727914171747134
LC:A549/ATCC,500,6,1.4093050722516873,1.414211936779442,0.004906864527754573
LC:A549/ATCC,500,7,1.3982390952175403,1.4142133396770924,0.01597424445955209
LC:A549/ATCC,500,8,1.3748225018386213,1.414195104057895,0.039372602219273745
LC:A549/ATCC,500,9,1.3896312939656434,1.4141783066833926,0.024547012717749173
LC:A549/ATCC,500,10,1.402221274424709,1.4141487448646306,0.011927470439921706
LC:EKVX,50,1,1.3708719172447321,1.3807652782648205,0.00989336102008842
LC:EKVX,50,2,1.333734227965735,1.3695322145462328,0.03579798658049782
LC:EKVX,50,3,1.2154853672191162,1.2229558640467166,0.007470496827600481
LC:EKVX,50,4,1.3279497807895921,1.326479565396714,-0.0014702153928780604
LC:EKVX,50,5,1.4141251943191664,1.4141161045885007,-9.089730665712281e-06
LC:EKVX,50,6,1.2789393392294393,1.2377136715397357,-0.04122566768970359
LC:EKVX,50,7,1.3351412133222056,1.3540952294277961,0.018954016105590554
LC:EKVX,50,8,1.2887282544394272,1.3303388595523284,0.04161060511290127
LC:EKVX,50,9,1.3026408712509914,1.282356035443597,-0.020284835807394375
LC:EKVX,50,10,1.3227360250321294,1.3266152324036804,0.003879207371551008
LC:EKVX,100,1,1.3924807396174028,1.3967252209942096,0.004244481376806775
LC:EKVX,100,2,1.3483830838577866,1.3805318081051432,0.0321487242473566
LC:EKVX,100,3,1.3436170363842335,1.3502080165563348,0.006590980172101357
LC:EKVX,100,4,1.346004710768405,1.3445955491714372,-0.0014091615969678006
LC:EKVX,100,5,1.329291130593878,1.3376052678529933,0.00831413725911534
LC:EKVX,100,6,1.3702760105456917,1.3782212548325858,0.007945244286894138
LC:EKVX,100,7,1.4016648961900071,1.4010549752629373,-0.0006099209270697958
LC:EKVX,100,8,1.325340253064385,1.3437288567653354,0.018388603700950412
LC:EKVX,100,9,1.3870980705771159,1.3872370398224811,0.00013896924536527244
LC:EKVX,100,10,1.3246912930639938,1.3238327157017773,-0.000858577362216506
LC:EKVX,200,1,,1.3685160321586536,
LC:EKVX,200,2,1.36665882297075,1.365927586957857,-0.0007312360128928219
LC:EKVX,200,3,1.404295776342141,1.4022916499520088,-0.002004126390132255
LC:EKVX,200,4,1.4108919379264704,1.4122524359992557,0.0013604980727852656
LC:EKVX,200,5,1.4075274874701218,1.4065914118096716,-0.0009360756604501752
LC:EKVX,200,6,1.4026608007019958,1.39762487350591,-0.00503592719608581
LC:EKVX,200,7,1.3880480137118019,1.4032787282184287,0.01523071450662683
LC:EKVX,200,8,1.401543574114286,1.4077413247332013,0.006197750618915254
LC:EKVX,200,9,1.3867915287749553,1.405584066530899,0.018792537755943695
LC:EKVX,200,10,1.3773320401190696,1.3172426404945585,-0.0600893996245111
LC:EKVX,500,1,1.409137214056366,1.4113099224282182,0.002172708371852128
LC:EKVX,500,2,1.3935494134811033,1.4027735222321374,0.009224108751034077
LC:EKVX,500,3,1.4137824535193477,1.4138341614600507,5.170794070297191e-05
LC:EKVX,500,4,1.3919776778807214,1.4033773417127395,0.011399663832018181
LC:EKVX,500,5,1.4081463039950397,1.4117451249810808,0.00359882098604114
LC:EKVX,500,6,1.4068700396153742,1.4074749227724297,0.0006048831570555357
LC:EKVX,500,7,1.4038039214208222,1.4038097980179332,5.876597110932025e-06
LC:EKVX,500,8,1.4038259624620353,1.406498216421941,0.0026722539599057793
LC:EKVX,500,9,1.3918731713434196,1.3918135009565713,-5.9670386848287293e-05
LC:EKVX,500,10,1.4113991637727512,1.4108343089552633,-0.0005648548174879142
LC:HOP-62,50,1,1.270790965025968,1.3019724692515673,0.0311815042255994
LC:HOP-62,50,2,1.2615844089078954,1.2484892158516743,-0.013095193056221088
LC:HOP-62,50,3,1.2576135772854788,1.257569715060863,-4.386222461594258e-05
LC:HOP-62,50,4,1.290564874237867,1.2905297113343681,-3.516290349891982e-05
LC:HOP-62,50,5,1.2046263151581926,1.2500917523189001,0.0454654371607075
LC:HOP-62,50,6,1.3036115321129238,1.3416241725753928,0.038012640462468994
LC:HOP-62,50,7,1.3549507173516306,1.3540175818271758,-0.0009331355244548423
LC:HOP-62,50,8,1.2672106226162119,1.2927936805320583,0.025583057915846474
LC:HOP-62,50,9,1.3011102087182937,1.3007752870427896,-0.00033492167550419616
LC:HOP-62,50,10,1.3729114190403766,1.3721901506198657,-0.000721268420510901
LC:HOP-62,100,1,1.365360043831585,1.3696255212578103,0.004265477426225406
LC:HOP-62,100,2,1.3345380218791993,1.3902779489684747,0.05573992708927533
LC:HOP-62,100,3,1.406636484914474,1.4067018352625793,6.535034810539742e-05
LC:HOP-62,100,4,1.2742561922473425,1.2885308967365405,0.014274704489197987
LC:HOP-62,100,5,1.3371405741777573,1.3358317391473067,-0.0013088350304506502
LC:HOP-62,100,6,1.3919888650807062,1.3985721084968887,0.006583243416182549
LC:HOP-62,100,7,1.373471737355526,1.3732689911339577,-0.00020274622156835065
LC:HOP-62,100,8,1.3771770904484573,1.3433086980179751,-0.03386839243048212
LC:HOP-62,100,9,1.3590554325466708,1.356435304645585,-0.002620127901085789
LC:HOP-62,100,10,1.3824770414566085,1.3571888828600918,-0.025288158596516785
LC:HOP-62,200,1,,1.4065512901326749,
LC:HOP-62,200,2,1.3551885487140998,1.3782772627656867,0.023088714051586967
LC:HOP-62,200,3,1.3687806684034338,1.3559051721732884,-0.012875496230145389
LC:HOP-62,200,4,1.4051954776516062,1.408243188661931,0.0030477110103248606
LC:HOP-62,200,5,1.3706821390180424,1.3693715467018341,-0.0013105923162082256
LC:HOP-62,200,6,1.4089585721265812,1.4102822096606014,0.0013236375340202056
LC:HOP-62,200,7,1.3929232392119073,1.4008806536453318,0.007957414433424459
LC:HOP-62,200,8,1.4032661637845112,1.4135934320203434,0.010327268235832188
LC:HOP-62,200,9,1.4078517223641431,1.4020035193506166,-0.0058482030135265095
LC:HOP-62,200,10,1.4108675771713466,1.3670601680529513,-0.04380740911839531
LC:HOP-62,500,1,1.4124313416122871,1.411912559818075,-0.0005187817942120532
LC:HOP-62,500,2,1.4137295102014087,1.4106353202364226,-0.003094189964986116
LC:HOP-62,500,3,1.3387377797706073,1.347029113596743,0.008291333826135672
LC:HOP-62,500,4,1.4095051053949244,1.4104654103332765,0.0009603049383521967
LC:HOP-62,500,5,1.3912160674999596,1.4122963511801114,0.0210802836801518
LC:HOP-62,500,6,1.4111113152919874,1.4139560539028038,0.0028447386108163553
LC:HOP-62,500,7,1.3597816690510718,1.3597799058978297,-1.7631532420736562e-06
LC:HOP-62,500,8,1.3561321314720116,1.412325503652106,0.05619337218009446
LC:HOP-62,500,9,1.4077708449706163,1.4120809762390552,0.0043101312684388216
LC:HOP-62,500,10,1.406881366325378,1.4107027501678375,0.003821383842459447
LC:HOP-92,50,1,1.3426591674710273,1.2957706457276637,-0.046888521743363665
LC:HOP-92,50,2,1.2952030930325793,1.2964628509603093,0.001259757927730032
LC:HOP-92,50,3,1.2826395518291744,1.2827392682322916,9.971640311712271e-05
LC:HOP-92,50,4,1.1914235843921117,1.258892270901348,0.06746868650923621
LC:HOP-92,50,5,1.3415147049213574,1.2643356997153896,-0.07717900520596777
LC:HOP-92,50,6,1.3161485742297285,1.3203174871085752,0.004168912878846687
LC:HOP-92,50,7,1.2775932012966702,1.303027212469838,0.025434011173167903
LC:HOP-92,50,8,1.1787523099056763,1.1588127890344564,-0.019939520871219862
LC:HOP-92,50,9,1.3451629908863365,1.3156290939003865,-0.029533896985949992
LC:HOP-92,50,10,1.291274770135096,1.2848695019082887,-0.006405268226807204
LC:HOP-92,100,1,1.3152000938633979,1.3043226022086944,-0.01087749165470342
LC:HOP-92,100,2,1.341944719453391,1.3814408757815013,0.03949615632811021
LC:HOP-92,100,3,1.2636384481643221,1.2669751427193368,0.0033366945550146188
LC:HOP-92,100,4,1.3960836518314979,1.3824965293358327,-0.013587122495665183
LC:HOP-92,100,5,1.3335125248818167,1.3451708931186044,0.011658368236787675
LC:HOP-92,100,6,1.3740592843064665,1.3935761606635726,0.019516876357106083
LC:HOP-92,100,7,1.3597536003181268,1.3499054646246311,-0.00984813569349563
LC:HOP-92,100,8,1.3624406859575993,1.3888113411320229,0.026370655174423607
LC:HOP-92,100,9,1.402857817151479,1.4030482404800186,0.00019042332853969057
LC:HOP-92,100,10,1.3707817115358443,1.369403382874206,-0.0013783286616382284
LC:HOP-92,200,1,1.4103338994221197,1.3950044207590995,-0.015329478663020257
LC:HOP-92,200,2,1.4101433876902087,1.4095266144774712,-0.0006167732127375647
LC:HOP-92,200,3,,1.4126556149478802,
LC:HOP-92,200,4,1.378660924397823,1.395842738825683,0.017181814427860154
LC:HOP-92,200,5,1.400738222423283,1.4098429669502501,0.00910474452696719
LC:HOP-92,200,6,1.4038983016071331,1.4070314299674014,0.0031331283602682447
LC:HOP-92,200,7,1.3888325009560698,1.3318633610229655,-0.05696913993310426
LC:HOP-92,200,8,1.3873243894644447,1.3668628582061328,-0.02046153125831185
LC:HOP-92,200,9,1.3875144573033338,1.378125531487712,-0.009388925815621674
LC:HOP-92,200,10,1.3808101464883733,1.3632522260066637,-0.017557920481709566
LC:HOP-92,500,1,1.3732566992294877,1.3736356691247078,0.00037896989522012703
LC:HOP-92,500,2,1.3917031375828417,1.4101668961670943,0.018463758584252643
LC:HOP-92,500,3,1.3804053397095721,1.3806843246694138,0.00027898495984168825
LC:HOP-92,500,4,1.4121051477292714,1.4101875080951982,-0.0019176396340732094
LC:HOP-92,500,5,1.4114214388098139,1.4118651284015329,0.000443689591719032
LC:HOP-92,500,6,1.4063374931765262,1.4057801115541064,-0.0005573816224198058
LC:HOP-92,500,7,1.4072365527703996,1.410293096178377,0.0030565434079774523
LC:HOP-92,500,8,1.4114427496182023,1.4104684348545447,-0.0009743147636576133
LC:HOP-92,500,9,1.4092042904735707,1.4130735494134092,0.0038692589398385824
LC:HOP-92,500,10,1.36867110115751,1.3658848915466202,-0.0027862096108897116
LC:NCI-H226,50,1,1.2626150168946315,1.2604971836022427,-0.0021178332923887933
LC:NCI-H226,50,2,1.199047483591776,1.283624803947542,0.08457732035576604
LC:NCI-H226,50,3,1.3441224484484853,1.3450346829499817,0.0009122345014964672
LC:NCI-H226,50,4,1.2716650521360862,1.2549407626837816,-0.01672428945230453
LC:NCI-H226,50,5,1.3016592543688812,1.2889809686007818,-0.012678285768099373
LC:NCI-H226,50,6,1.2861454485194719,1.1411517050609576,-0.14499374345851423
LC:NCI-H226,50,7,1.3791677993867273,1.3792911700775818,0.00012337069085455177
LC:NCI-H226,50,8,1.2655741360638317,1.2609338331919504,-0.00464030287188133
LC:NCI-H226,50,9,1.355047359671435,1.3775696771713886,0.022522317499953592
LC:NCI-H226,50,10,1.2587926901628104,1.2540604264045836,-0.0047322637582267735
LC:NCI-H226,100,1,1.4108508507108162,1.4093694848436948,-0.0014813658671213314
LC:NCI-H226,100,2,1.342199985234729,1.3250046558299904,-0.01719532940473867
LC:NCI-H226,100,3,1.4009895462690785,1.400148399963157,-0.0008411463059214697
LC:NCI-H226,100,4,1.3454075346335208,1.3226861133056567,-0.022721421327864144
LC:NCI-H226,100,5,1.3781524401782566,1.3950054784191745,0.016853038240917995
LC:NCI-H226,100,6,1.378401602238566,1.3673375725054355,-0.011064029733130365
LC:NCI-H226,100,7,1.395052589008611,1.398809303829495,0.0037567148208841328
LC:NCI-H226,100,8,1.3279154498697616,1.3324284063285794,0.004512956458817774
LC:NCI-H226,100,9,1.3807348989709978,1.3521771731222882,-0.028557725848709525
LC:NCI-H226,100,10,1.3539370864102565,1.3642759133678042,0.010338826957547731
LC:NCI-H226,200,1,1.3709891850500273,1.3473596489893436,-0.023629536060683742
LC:NCI-H226,200,2,1.397102633733238,1.3968109292459245,-0.0002917044873134156
LC:NCI-H226,200,3,1.411941391120034,1.4140315056934996,0.002090114573465529
LC:NCI-H226,200,4,1.391295654427269,1.3573741045055436,-0.03392154992172536
LC:NCI-H226,200,5,1.383106916154219,1.3409204427612915,-0.04218647339292758
LC:NCI-H226,200,6,1.379480037835737,1.3993829751150637,0.019902937279326682
LC:NCI-H226,200,7,1.3941348876552162,1.4097451855542364,0.015610297899020242
LC:NCI-H226,200,8,,1.408429990740419,
LC:NCI-H226,200,9,1.3636222611904125,1.3558259808030426,-0.007796280387369903
LC:NCI-H226,200,10,1.3634815901400719,1.340846780247085,-0.02263480989298694
LC:NCI-H226,500,1,1.4098940197545407,1.4098673770302903,-2.6642724250347527e-05
LC:NCI-H226,500,2,1.4114158490201965,1.411078645326011,-0.0003372036941855505
LC:NCI-H226,500,3,1.3924369296689052,1.410822507754007,0.018385578085101884
LC:NCI-H226,500,4,1.4066757628684115,1.4066555256831637,-2.0237185247795608e-05
LC:NCI-H226,500,5,1.411532168435506,1.4113527537035246,-0.00017941473198135327
LC:NCI-H226,500,6,1.4008627101222966,1.4006453120973863,-0.00021739802491027582
LC:NCI-H226,500,7,1.4039500617051162,1.4041277366653904,0.00017767496027421004
LC:NCI-H226,500,8,1.3963477702575962,1.3961920598922066,-0.00015571036538952754
LC:NCI-H226,500,9,1.4135023171558425,1.4119878383775457,-0.0015144787782968017
LC:NCI-H226,500,10,1.369406953541347,1.3671303223206344,-0.0022766312207125328
LC:NCI-H322M,50,1,1.2381051491218058,1.2264065685054686,-0.011698580616337217
LC:NCI-H322M,50,2,1.2675830597550992,1.311831048646002,0.04424798889090287
LC:NCI-H322M,50,3,1.3412204506418952,1.3452847969085127,0.004064346266617447
LC:NCI-H322M,50,4,1.267379985863636,1.2980486396309883,0.030668653767352172
LC:NCI-H322M,50,5,1.2185297537171653,1.1865245103486413,-0.03200524336852406
LC:NCI-H322M,50,6,1.3161045973783434,1.323672741815834,0.007568144437490654
LC:NCI-H322M,50,7,1.2723725442937377,1.301849318237637,0.029476773943899248
LC:NCI-H322M,50,8,1.2023748740778968,1.2274870128137554,0.025112138735858602
LC:NCI-H322M,50,9,1.2311223833275062,1.231023149259448,-9.923406805834034e-05
LC:NCI-H322M,50,10,1.2680448613873436,1.3206368361649068,0.052591974777563166
LC:NCI-H322M,100,1,1.3871827731997093,1.3814112354936505,-0.00577153770605876
LC:NCI-H322M,100,2,1.3339963200640699,1.341741362408392,0.007745042344322162
LC:NCI-H322M,100,3,1.383090003038159,1.3820271224791951,-0.0010628805589638635
LC:NCI-H322M,100,4,1.3588956032084354,1.3979945086525716,0.03909890544413619
LC:NCI-H322M,100,5,1.3792680829446256,1.369823564394437,-0.009444518550188574
LC:NCI-H322M,100,6,1.3577561685585315,1.3329308177587917,-0.024825350799739798
LC:NCI-H322M,100,7,1.3809214913845347,1.3693523825363434,-0.01156910884819129
LC:NCI-H322M,100,8,1.3667743191796307,1.3675171114002649,0.0007427922206342252
LC:NCI-H322M,100,9,1.3882273510078782,1.3275364323636414,-0.06069091864423681
LC:NCI-H322M,100,10,1.3447097363683294,1.2997107614330161,-0.04499897493531324
LC:NCI-H322M,200,1,1.3504647382835848,1.3742376403461465,0.023772902062561663
LC:NCI-H322M,200,2,1.4082044165436551,1.4079524116811468,-0.0002520048625083149
LC:NCI-H322M,200,3,1.4081598433771618,1.411591118032786,0.0034312746556242057
LC:NCI-H322M,200,4,,1.4064963538874107,
LC:NCI-H322M,200,5,1.3776330261510532,1.3946021117203338,0.016969085569280562
LC:NCI-H322M,200,6,1.4070771598953087,1.408684008752852,0.0016068488575433637
LC:NCI-H322M,200,7,1.4117094735484657,1.412548419330879,0.0008389457824133917
LC:NCI-H322M,200,8,1.3829983813448823,1.3964909735936564,0.013492592248774082
LC:NCI-H322M,200,9,1.4087213924193793,1.4069224167631058,-0.001798975656273516
LC:NCI-H322M,200,10,1.4044859793662352,1.4127815079211719,0.008295528554936649
LC:NCI-H322M,500,1,1.3495530865889607,1.3484051192844724,-0.0011479673044882954
LC:NCI-H322M,500,2,1.3813320875495056,1.3769766126636598,-0.004355474885845867
LC:NCI-H322M,500,3,1.413201822178669,1.413741036828503,0.0005392146498339745
LC:NCI-H322M,500,4,1.4112085384173711,1.4120930736447157,0.0008845352273445517
LC:NCI-H322M,500,5,1.379490761714948,1.411203842046142,0.0317130803311938
LC:NCI-H322M,500,6,1.3662546993579674,1.3706419071158025,0.0043872077578350765
LC:NCI-H322M,500,7,1.3906959513619657,1.4140394266682605,0.02334347530629488
LC:NCI-H322M,500,8,1.41321482240361,1.411112067386617,-0.0021027550169929743
LC:NCI-H322M,500,9,1.4089108290015961,1.410924940361193,0.0020141113595968374
LC:NCI-H322M,500,10,1.4092078289467966,1.4083153634548047,-0.0008924654919919561
LC:NCI-H460,50,1,1.2793720431451356,1.2924621946078143,0.013090151462678667
LC:NCI-H460,50,2,1.330311873923967,1.2734974429500165,-0.05681443097395045
LC:NCI-H460,50,3,1.3527083481710915,1.371984570035407,0.019276221864315435
LC:NCI-H460,50,4,1.2895039387575298,1.2851949665955527,-0.00430897216197712
LC:NCI-H460,50,5,1.318203120042224,1.3529509980807233,0.034747878038499325
LC:NCI-H460,50,6,1.2358844538399631,1.2535949876257808,0.01771053378581766
LC:NCI-H460,50,7,1.2074152968869505,1.2081889736513014,0.0007736767643509168
LC:NCI-H460,50,8,1.2471016599090914,1.3247114026963136,0.07760974278722221
LC:NCI-H460,50,9,1.2574305642044266,1.2792447010711008,0.021814136866674216
LC:NCI-H460,50,10,1.3295901961604464,1.1998439902626075,-0.12974620589783892
LC:NCI-H460,100,1,1.3455083231399856,1.3546255822210846,0.00911725908109906
LC:NCI-H460,100,2,1.3944790520764498,1.391985311896731,-0.0024937401797189285
LC:NCI-H460,100,3,1.341697512153569,1.3278296443174573,-0.013867867836111714
LC:NCI-H460,100,4,1.3844661432003356,1.3981817056386392,0.01371556243830363
LC:NCI-H460,100,5,1.4037098234623173,1.4017146544101782,-0.001995169052139145
LC:NCI-H460,100,6,1.3961821807438288,1.4084535915459728,0.012271410802144
LC:NCI-H460,100,7,1.3481818600531654,1.3656493544068418,0.01746749435367634
LC:NCI-H460,100,8,1.390428261194136,1.3760059735602492,-0.014422287633886866
LC:NCI-H460,100,9,1.3079800693890833,1.2963410959046069,-0.0116389734844764
LC:NCI-H460,100,10,1.3896781624718673,1.3455701486447356,-0.0441080138271317
LC:NCI-H460,200,1,1.3948202271659245,1.3924616138050043,-0.0023586133609201365
LC:NCI-H460,200,2,1.3461127555493917,1.3574752628277333,0.01136250727834165
LC:NCI-H460,200,3,1.3510749122859451,1.3078715578462508,-0.043203354439694364
LC:NCI-H460,200,4,1.3807849291792151,1.3794523356585027,-0.0013325935207124662
LC:NCI-H460,200,5,1.4054913127165063,1.4060143401156986,0.0005230273991922996
LC:NCI-H460,200,6,1.3933258955964907,1.3977145577944923,0.004388662198001603
LC:NCI-H460,200,7,1.3521239204549491,1.3479607727469136,-0.004163147708035497
LC:NCI-H460,200,8,1.3269316180158663,1.2835979759483338,-0.04333364206753254
LC:NCI-H460,200,9,1.409435450821334,1.4120818205447105,0.002646369723376507
LC:NCI-H460,200,10,1.3587009851961351,1.3993957345331944,0.0406947493370593
LC:NCI-H460,500,1,1.4113056020787307,1.4130143146346368,0.0017087125559061
LC:NCI-H460,500,2,1.3983445113835988,1.4097327328154015,0.011388221431802625
LC:NCI-H460,500,3,1.4112148260533,1.4111394688233871,-7.535722991280913e-05
LC:NCI-H460,500,4,1.411487679504471,1.4112176584516285,-0.00027002105284257283
LC:NCI-H460,500,5,1.4011703762670236,1.4072636850467608,0.006093308779737239
LC:NCI-H460,500,6,1.4132362091136104,1.413387074807481,0.00015086569387068316
LC:NCI-H460,500,7,1.4122237656157308,1.4136911824418952,0.0014674168261643583
LC:NCI-H460,500,8,1.3847487224273674,1.381137394270185,-0.0036113281571823475
LC:NCI-H460,500,9,1.4101301645399251,1.4089262461618317,-0.001203918378093416
LC:NCI-H460,500,10,1.4027052386937153,1.4127842390826915,0.010079000388976134
LC:NCI-H522,50,1,1.3020727799499265,1.3552919549936215,0.053219175043695
LC:NCI-H522,50,2,1.2562074237859082,1.2042338391841327,-0.05197358460177548
LC:NCI-H522,50,3,1.2834979180498187,1.3121207313667866,0.02862281331696792
LC:NCI-H522,50,4,1.271708778320883,1.3220314373249797,0.050322659004096826
LC:NCI-H522,50,5,1.2497185367855699,1.2513834934850498,0.0016649566994799692
LC:NCI-H522,50,6,1.2133439771720838,1.2611905290860315,0.04784655191394771
LC:NCI-H522,50,7,1.3262263346716099,1.33375909572184,0.007532761050230041
LC:NCI-H522,50,8,1.2814910933644599,1.2607673846664273,-0.020723708698032528
LC:NCI-H522,50,9,1.362849144814789,1.3725978507885257,0.009748705973736671
LC:NCI-H522,50,10,1.3017819128499943,1.2070468033895547,-0.09473510946043961
LC:NCI-H522,100,1,1.3850642789509504,1.3825779639347637,-0.00248631501618668
LC:NCI-H522,100,2,1.339098649408001,1.304353901387606,-0.034744748020395066
LC:NCI-H522,100,3,1.3669049262367021,1.3677191426422006,0.0008142164054985024
LC:NCI-H522,100,4,1.4070429893368364,1.4070103901012003,-3.259923563603273e-05
LC:NCI-H522,100,5,1.378208815778995,1.3631486921429454,-0.015060123636049472
LC:NCI-H522,100,6,1.3858402744937008,1.3843135671757973,-0.0015267073179034973
LC:NCI-H522,100,7,1.3591310352176582,1.3657263474643022,0.006595312246644003
LC:NCI-H522,100,8,1.3856511053280232,1.3832927136890045,-0.002358391639018631
LC:NCI-H522,100,9,1.3781741957493836,1.3280577746005493,-0.0501164211488343
LC:NCI-H522,100,10,1.390103107470553,1.3823756238228435,-0.007727483647709477
LC:NCI-H522,200,1,1.3927320320273544,1.393385982341806,0.0006539503144515901
LC:NCI-H522,200,2,1.3850416396546075,1.4083074064527223,0.023265766798114873
LC:NCI-H522,200,3,1.3834145668186535,1.3867710965002074,0.003356529681553866
LC:NCI-H522,200,4,1.4038178813947146,1.3997304015658711,-0.004087479828843499
LC:NCI-H522,200,5,1.4058993568809142,1.407047271951111,0.0011479150701967367
LC:NCI-H522,200,6,1.362999411797504,1.406065155302953,0.04306574350544912
LC:NCI-H522,200,7,1.3655106789251694,1.365615684621502,0.00010500569633253853
LC:NCI-H522,200,8,1.3979165828261184,1.334557692146515,-0.06335889067960343
LC:NCI-H522,200,9,1.4133483241733116,1.413242607564744,-0.00010571660856761866
LC:NCI-H522,200,10,1.409895976390817,1.407817293077771,-0.002078683313045948
LC:NCI-H522,500,1,1.4118633078300638,1.403085693988793,-0.008777613841270737
LC:NCI-H522,500,2,1.413805282685856,1.4139908790490021,0.00018559636314607886
LC:NCI-H522,500,3,1.4097135248905612,1.4100487975278866,0.0003352726373253567
LC:NCI-H522,500,4,1.4058330562632946,1.4114365802502156,0.0056035239869209885
LC:NCI-H522,500,5,1.3413053596649778,1.3402684158082299,-0.0010369438567479072
LC:NCI-H522,500,6,1.4080927944900519,1.3876022504739565,-0.020490544016095402
LC:NCI-H522,500,7,1.4095218508687888,1.4113346661810584,0.0018128153122696222
LC:NCI-H522,500,8,1.3945196237150883,1.4006982658614084,0.006178642146320135
LC:NCI-H522,500,9,1.4133355393385336,1.4133288923127982,-6.64702573538456e-06
LC:NCI-H522,500,10,1.3835174646728505,1.3826573883891862,-0.0008600762836643572
OV:IGROV1,50,1,1.2353897853191074,1.2412793045489625,0.005889519229855145
OV:IGROV1,50,2,1.281227658893456,1.2440059970456778,-0.03722166184777809
OV:IGROV1,50,3,1.2872370995672284,1.3485463148642358,0.06130921529700739
OV:IGROV1,50,4,1.2211625712802616,1.220630745207441,-0.0005318260728206514
OV:IGROV1,50,5,1.280691001503796,1.2617214017676897,-0.018969599736106346
OV:IGROV1,50,6,1.219130316111645,1.226731888473121,0.007601572361476183
OV:IGROV1,50,7,1.2691646656901505,1.277579459842797,0.008414794152646454
OV:IGROV1,50,8,1.3680329422218231,1.3721030855415244,0.004070143319701236
OV:IGROV1,50,9,1.3439787004406814,1.353714256743779,0.009735556303097637
OV:IGROV1,50,10,1.2683839453447057,1.3831752566598787,0.11479131131517306
OV:IGROV1,100,1,1.3755493818520752,1.366203656821893,-0.009345725030182273
OV:IGROV1,100,2,1.3536557531454132,1.3212183469124323,-0.03243740623298086
OV:IGROV1,100,3,1.3698212457796999,1.3981448310614484,0.028323585281748498
OV:IGROV1,100,4,1.3227307668648927,1.3583873379953122,0.035656571130419534
OV:IGROV1,100,5,1.3640086214029952,1.3287630139851578,-0.03524560741783733
OV:IGROV1,100,6,1.3948323565651717,1.398369765860804,0.003537409295632399
OV:IGROV1,100,7,1.409018378634896,1.4080675739855288,-0.0009508046493671429
OV:IGROV1,100,8,1.3243748725904534,1.3691254586222297,0.044750586031776285
OV:IGROV1,100,9,1.3810798897263785,1.380410342822543,-0.0006695469038355828
OV:IGROV1,100,10,1.4031964352690927,1.4121803209248973,0.008983885655804658
OV:IGROV1,200,1,1.3885143968688822,1.3922812453200444,0.0037668484511621525
OV:IGROV1,200,2,1.3690892784845146,1.373242119956169,0.0041528414716545115
OV:IGROV1,200,3,1.357584186514255,1.3536326942792154,-0.003951492235039655
OV:IGROV1,200,4,1.3989711054883278,1.405761250366308,0.006790144877980131
OV:IGROV1,200,5,1.407836163512822,1.4068827700335382,-0.0009533934792838039
OV:IGROV1,200,6,1.3684614462941607,1.3810780834834728,0.012616637189312163
OV:IGROV1,200,7,1.3843681392630922,1.3748484354637696,-0.009519703799322654
OV:IGROV1,200,8,1.4110344873023632,1.4104250128414322,-0.0006094744609310698
OV:IGROV1,200,9,1.4021015067169802,1.4079415148773398,0.005840008160359567
OV:IGROV1,200,10,1.377692620861613,1.3977954529728591,0.020102832111246194
OV:IGROV1,500,1,1.4131750199943054,1.413159535639736,-1.5484354569439418e-05
OV:IGROV1,500,2,1.4073179335232087,1.4066096911467811,-0.0007082423764275259
OV:IGROV1,500,3,1.4090240172448443,1.407537358607468,-0.0014866586373762924
OV:IGROV1,500,4,1.409186093307111,1.4129417889961784,0.0037556956890674176
OV:IGROV1,500,5,1.412318563173186,1.4123234142549774,4.851081791379386e-06
OV:IGROV1,500,6,1.4066815254113156,1.4123930703761511,0.005711544964835502
OV:IGROV1,500,7,1.3999978961892119,1.4101031422049062,0.010105246015694291
OV:IGROV1,500,8,1.3713590750513043,1.3716925569337717,0.0003334818824674013
OV:IGROV1,500,9,1.4118443679029726,1.409627474372648,-0.002216893530324615
OV:IGROV1,500,10,1.411453242720692,1.4118770680715562,0.00042382535086415984
OV:OVCAR-3,50,1,1.2680917845550501,1.225197682590883,-0.0428941019641671
OV:OVCAR-3,50,2,1.273430997153718,1.2864272268103114,0.012996229656593306
OV:OVCAR-3,50,3,1.287682023114577,1.2638187306696695,-0.02386329244490737
OV:OVCAR-3,50,4,1.2715359887934705,1.2888482924654843,0.01731230367201375
OV:OVCAR-3,50,5,1.1301893205795799,1.158747738269751,0.0285584176901712
OV:OVCAR-3,50,6,1.2326216880867926,1.2820675621982247,0.04944587411143209
OV:OVCAR-3,50,7,1.2744544871785326,1.3431633206458766,0.06870883346734402
OV:OVCAR-3,50,8,1.3252327051865256,1.3261245863700897,0.0008918811835640916
OV:OVCAR-3,50,9,1.3306175992741467,1.3298165578531942,-0.0008010414209524974
OV:OVCAR-3,50,10,1.3260195247194029,1.3607184385114763,0.03469891379207346
OV:OVCAR-3,100,1,1.3478718394615765,1.3688354565214533,0.020963617059876816
OV:OVCAR-3,100,2,1.3780955779035284,1.3692227806174115,-0.008872797286116896
OV:OVCAR-3,100,3,1.3922563733397688,1.3922054795551515,-5.0893784617311866e-05
OV:OVCAR-3,100,4,1.33523311889004,1.308854037602062,-0.026379081287977835
OV:OVCAR-3,100,5,1.4017957858448493,1.393951685905639,-0.007844099939210425
OV:OVCAR-3,100,6,1.2812833270411583,1.3416896995402767,0.0604063724991184
OV:OVCAR-3,100,7,1.3330832126639904,1.322274792383343,-0.010808420280647546
OV:OVCAR-3,100,8,1.3486898981774877,1.4048086440723773,0.05611874589488952
OV:OVCAR-3,100,9,1.4061105645060459,1.4048165061474875,-0.0012940583585583365
OV:OVCAR-3,100,10,1.3407883809103978,1.342995234469521,0.002206853559123312
OV:OVCAR-3,200,1,,1.410770648620118,
OV:OVCAR-3,200,2,1.3999018265636318,1.3935499512818725,-0.006351875281759289
OV:OVCAR-3,200,3,,1.4066454922364615,
OV:OVCAR-3,200,4,1.3690242321546788,1.3723012500377898,0.0032770178831109664
OV:OVCAR-3,200,5,1.4045315752423,1.408113304241382,0.0035817289990820456
OV:OVCAR-3,200,6,1.3554532571006908,1.3844318698758638,0.028978612775172996
OV:OVCAR-3,200,7,1.3081957860525901,1.3026345491725597,-0.005561236880030407
OV:OVCAR-3,200,8,1.3824742591900439,1.3072353415687117,-0.07523891762133217
OV:OVCAR-3,200,9,1.4004791686977645,1.3914288436644,-0.009050325033364448
OV:OVCAR-3,200,10,1.372986528760214,1.4023032137273779,0.029316684967163775
OV:OVCAR-3,500,1,1.4133996332626082,1.4137893057185542,0.00038967245594601074
OV:OVCAR-3,500,2,1.411560579402615,1.4138759365731337,0.0023153571705187836
OV:OVCAR-3,500,3,1.4090688375694145,1.4090882549923258,1.9417422911338633e-05
OV:OVCAR-3,500,4,1.4121633608775588,1.4122726215858707,0.00010926070831196455
OV:OVCAR-3,500,5,1.4137307992498598,1.4126784902361367,-0.0010523090137231073
OV:OVCAR-3,500,6,1.4072103824892506,1.4090350516004775,0.0018246691112269176
OV:OVCAR-3,500,7,1.408312718470049,1.4109004587941563,0.002587740324107246
OV:OVCAR-3,500,8,1.2930381729263258,1.2947163226208922,0.0016781496945663665
OV:OVCAR-3,500,9,1.3813345036620956,1.4113220597153433,0.029987556053247655
OV:OVCAR-3,500,10,1.4137734720370683,1.4134701466948478,-0.0003033253422204396
OV:OVCAR-4,50,1,1.3615663976673302,1.3203052043640304,-0.041261193303299804
OV:OVCAR-4,50,2,1.287258348941068,1.2998605220794681,0.012602173138400063
OV:OVCAR-4,50,3,1.2929047664100173,1.333616623006115,0.04071185659609777
OV:OVCAR-4,50,4,1.324804688991249,1.3157221417826208,-0.009082547208628222
OV:OVCAR-4,50,5,1.3745836481234037,1.3560850645258256,-0.018498583597578167
OV:OVCAR-4,50,6,1.3581707389823694,1.3165436066146843,-0.041627132367685116
OV:OVCAR-4,50,7,1.296463374027739,1.3079252738103884,0.011461899782649443
OV:OVCAR-4,50,8,1.3293819105506868,1.3964258668399026,0.06704395628921578
OV:OVCAR-4,50,9,1.2490403067841451,1.2386009223925514,-0.010439384391593753
OV:OVCAR-4,50,10,1.2948991327601485,1.2944686132575631,-0.0004305195025853248
OV:OVCAR-4,100,1,1.330901041187214,1.306736496654487,-0.024164544532726984
OV:OVCAR-4,100,2,1.3603519962158,1.3595255229813146,-0.0008264732344853698
OV:OVCAR-4,100,3,1.3809836160552886,1.3818904654994357,0.0009068494441470953
OV:OVCAR-4,100,4,1.3623199634578538,1.3617231165790473,-0.0005968468788064563
OV:OVCAR-4,100,5,1.3527806258603228,1.339890855448169,-0.012889770412153778
OV:OVCAR-4,100,6,1.3561777761177758,1.3382306909324473,-0.017947085185328504
OV:OVCAR-4,100,7,1.3350341787446205,1.3083085058239141,-0.026725672920706378
OV:OVCAR-4,100,8,1.3257505545414006,1.3438167475955092,0.018066193054108615
OV:OVCAR-4,100,9,1.3740967823507395,1.3570648985085596,-0.017031883842179907
OV:OVCAR-4,100,10,1.3296907743393274,1.3233612208416534,-0.006329553497673945
OV:OVCAR-4,200,1,1.4053406499854006,1.4061099126794923,0.0007692626940916103
OV:OVCAR-4,200,2,1.369039310285891,1.3598486341971816,-0.009190676088709493
OV:OVCAR-4,200,3,1.4018977344798902,1.4006713036463596,-0.0012264308335305785
OV:OVCAR-4,200,4,1.4016352548655655,1.4034377431944478,0.0018024883288823013
OV:OVCAR-4,200,5,1.4002643619275459,1.3957006294023517,-0.004563732525194153
OV:OVCAR-4,200,6,1.4092725396691599,1.4069480784558925,-0.002324461213267348
OV:OVCAR-4,200,7,1.3883900050251745,1.3877123815486587,-0.0006776234765157874
OV:OVCAR-4,200,8,1.370676620719661,1.365858258638654,-0.004818362081006944
OV:OVCAR-4,200,9,1.4063323845869975,1.4049397221028037,-0.0013926624841937851
OV:OVCAR-4,200,10,1.3440777704997602,1.3507487547644634,0.00667098426470325
OV:OVCAR-4,500,1,1.4017460136272575,1.4024473487308697,0.000701335103612255
OV:OVCAR-4,500,2,1.3469831542131105,1.4085599827447113,0.061576828531600736
OV:OVCAR-4,500,3,1.4086995780147815,1.4046063120511323,-0.004093265963649229
OV:OVCAR-4,500,4,1.4071506189258465,1.4118000067374947,0.004649387811648253
OV:OVCAR-4,500,5,1.4112297633083375,1.4104759316868805,-0.0007538316214570351
OV:OVCAR-4,500,6,1.413597782554563,1.4126225577737572,-0.0009752247808056946
OV:OVCAR-4,500,7,1.4010056673277222,1.4009826297629002,-2.3037564822026013e-05
OV:OVCAR-4,500,8,1.408729479150061,1.408494529970791,-0.00023494917927013859
OV:OVCAR-4,500,9,1.2961381012901279,1.2943001358943709,-0.0018379653957569797
OV:OVCAR-4,500,10,1.4120390127992823,1.4126417810171805,0.0006027682178981753
OV:OVCAR-5,50,1,1.252768575201529,1.255349111700476,0.0025805364989470725
OV:OVCAR-5,50,2,1.274104122976288,1.3377088723927797,0.06360474941649175
OV:OVCAR-5,50,3,1.2799634046669006,1.2253896562457909,-0.054573748421109736
OV:OVCAR-5,50,4,1.2437178209208983,1.2326706664431089,-0.011047154477789478
OV:OVCAR-5,50,5,1.2126190191320125,1.213534584619541,0.0009155654875283581
OV:OVCAR-5,50,6,1.3568212808483426,1.3505270946924757,-0.006294186155866965
OV:OVCAR-5,50,7,1.1610121670268307,1.1811572480778278,0.020145081050997105
OV:OVCAR-5,50,8,1.325039049858383,1.3181555591727108,-0.006883490685672289
OV:OVCAR-5,50,9,1.3152014158759409,1.3697618658625879,0.054560449986647
OV:OVCAR-5,50,10,1.3367521087689993,1.3129388073142303,-0.02381330145476901
OV:OVCAR-5,100,1,1.3355898015360552,1.3547185331651623,0.01912873162910711
OV:OVCAR-5,100,2,1.3759061130912817,1.3833950553868437,0.007488942295561962
OV:OVCAR-5,100,3,1.3834362949431553,1.4013276434709263,0.017891348527770967
OV:OVCAR-5,100,4,1.3934185664698038,1.4124052685448665,0.0189867020750627
OV:OVCAR-5,100,5,1.4016244022364466,1.403412314520492,0.001787912284045401
OV:OVCAR-5,100,6,1.4001628525950427,1.3942351353245377,-0.005927717270505006
OV:OVCAR-5,100,7,1.4056587503625835,1.4000487871392848,-0.005609963223298653
OV:OVCAR-5,100,8,1.2660034456136093,1.2542179352272205,-0.011785510386388864
OV:OVCAR-5,100,9,1.334660489020277,1.3343973505323898,-0.0002631384878870602
OV:OVCAR-5,100,10,1.4093326920638536,1.4099709570835435,0.0006382650196898876
OV:OVCAR-5,200,1,1.3753403767069732,1.397962777732344,0.02262240102537083
OV:OVCAR-5,200,2,1.3694442954105375,1.4031255534824116,0.033681258071874165
OV:OVCAR-5,200,3,1.3549913590812839,1.3578210243806743,0.002829665299390438
OV:OVCAR-5,200,4,1.3766237871799212,1.4076519603537456,0.031028173173824447
OV:OVCAR-5,200,5,,1.361727498947089,
OV:OVCAR-5,200,6,1.3904158220458296,1.3993843160323904,0.008968493986560855
OV:OVCAR-5,200,7,1.3793354022480468,1.3830690261364544,0.003733623888407589
OV:OVCAR-5,200,8,1.3617279012126235,1.3561182566582055,-0.005609644554418036
OV:OVCAR-5,200,9,1.3585617260435006,1.4001188415427224,0.04155711549922181
OV:OVCAR-5,200,10,1.3976252572428947,1.4020584453017408,0.0044331880588461825
OV:OVCAR-5,500,1,1.4123031446349608,1.411796250313342,-0.0005068943216186561
OV:OVCAR-5,500,2,1.4101392910234707,1.4108410414131245,0.0007017503896538102
OV:OVCAR-5,500,3,1.3996111238854207,1.3991060240921136,-0.000505099793307151
OV:OVCAR-5,500,4,1.3963554584904807,1.4006302957616934,0.004274837271212695
OV:OVCAR-5,500,5,1.411355062952691,1.4133666072639322,0.0020115443112411757
OV:OVCAR-5,500,6,1.4098119500358501,1.4051292417754202,-0.004682708260429935
OV:OVCAR-5,500,7,1.4043689953605827,1.4087710032295944,0.0044020078690116815
OV:OVCAR-5,500,8,1.3191172290173976,1.3266512664900338,0.007534037472636257
OV:OVCAR-5,500,9,1.4087261785662095,1.4093137287632584,0.000587550197048925
OV:OVCAR-5,500,10,1.3959879566979863,1.4079627801027976,0.011974823404811374
OV:OVCAR-8,50,1,1.2739699635868535,1.3165364125222931,0.042566448935439594
OV:OVCAR-8,50,2,1.3162310524207692,1.3132637572684065,-0.0029672951523627145
OV:OVCAR-8,50,3,1.2886514728838434,1.2522489601855302,-0.03640251269831318
OV:OVCAR-8,50,4,1.3636570812398567,1.3596608490849553,-0.0039962321549014135
OV:OVCAR-8,50,5,1.2806718993538169,1.2664952552892939,-0.014176644064523014
OV:OVCAR-8,50,6,1.2752548290572483,1.282398571906237,0.007143742848988666
OV:OVCAR-8,50,7,1.238964613573582,1.1974324020011415,-0.04153221157244036
OV:OVCAR-8,50,8,1.3055009340830919,1.312654778030281,0.007153843947189209
OV:OVCAR-8,50,9,1.259370731348362,1.185243610205196,-0.074127121143166
OV:OVCAR-8,50,10,1.3245319107692732,1.356519859003869,0.03198794823459572
OV:OVCAR-8,100,1,1.306303754668313,1.3143967424510044,0.008092987782691408
OV:OVCAR-8,100,2,1.399645837019643,1.4030959908734828,0.0034501538538398435
OV:OVCAR-8,100,3,1.3861294616727418,1.3723009667634003,-0.01382849490934146
OV:OVCAR-8,100,4,1.3625954350141343,1.3238133378769674,-0.03878209713716685
OV:OVCAR-8,100,5,1.3998440537475594,1.327114098529796,-0.07272995521776338
OV:OVCAR-8,100,6,1.3991792091813842,1.3984099408013444,-0.000769268380039767
OV:OVCAR-8,100,7,1.376459696470218,1.364223145979832,-0.012236550490386078
OV:OVCAR-8,100,8,1.3974573181733563,1.3981408981963128,0.0006835800229565425
OV:OVCAR-8,100,9,1.391138168847974,1.3903392255845013,-0.00079894326347274
OV:OVCAR-8,100,10,1.2650499831711866,1.2640268058728386,-0.0010231772983479992
OV:OVCAR-8,200,1,1.3937487096016423,1.3981363829505842,0.004387673348941856
OV:OVCAR-8,200,2,1.4013939289336668,1.4091421102719806,0.0077481813383137865
OV:OVCAR-8,200,3,1.3521613896756548,1.3964042011680298,0.04424281149237497
OV:OVCAR-8,200,4,1.4072248202782345,1.3944926895266916,-0.012732130751542892
OV:OVCAR-8,200,5,1.3928120038270624,1.3780477752991713,-0.014764228527891055
OV:OVCAR-8,200,6,1.385304358924354,1.390171603159797,0.004867244235442936
OV:OVCAR-8,200,7,1.3960742011400686,1.4060908970911066,0.010016695951037935
OV:OVCAR-8,200,8,1.367125185508626,1.389865159924607,0.02273997441598108
OV:OVCAR-8,200,9,1.4009319330458896,1.4068216210697144,0.005889688023824835
OV:OVCAR-8,200,10,1.4105057992645906,1.4087755826907034,-0.0017302165738872777
OV:OVCAR-8,500,1,1.411408572968621,1.4125536168190143,0.001145043850393268
OV:OVCAR-8,500,2,1.4081099327316606,1.4075687306151698,-0.0005412021164907799
OV:OVCAR-8,500,3,1.3411046412004473,1.3369587004095844,-0.004145940790862834
OV:OVCAR-8,500,4,1.4097564049864382,1.4105736483561842,0.0008172433697459791
OV:OVCAR-8,500,5,1.4113587613983851,1.4099180607117234,-0.001440700686661689
OV:OVCAR-8,500,6,1.3371351739387536,1.4127761167898891,0.07564094285113554
OV:OVCAR-8,500,7,1.4093920040439718,1.4028211375451083,-0.006570866498863515
OV:OVCAR-8,500,8,1.3673171739555376,1.4051650710150734,0.03784789705953573
OV:OVCAR-8,500,9,1.412927510938569,1.4139143050053355,0.0009867940667664943
OV:OVCAR-8,500,10,1.3836170355784012,1.383719298297955,0.00010226271955371402
OV:SK-OV-3,50,1,1.2984130502166278,1.3255138882645954,0.02710083804796759
OV:SK-OV-3,50,2,1.325156194968988,1.3588588476456596,0.033702652676671496
OV:SK-OV-3,50,3,1.2500328146199307,1.241430543935171,-0.008602270684759716
OV:SK-OV-3,50,4,1.2908004172462968,1.3056780186079944,0.014877601361697579
OV:SK-OV-3,50,5,1.2303712623995127,1.2294443570732876,-0.0009269053262250804
OV:SK-OV-3,50,6,1.2557826773898961,1.1737565183361578,-0.08202615905373833
OV:SK-OV-3,50,7,1.373523480409999,1.2884080421422897,-0.08511543826770929
OV:SK-OV-3,50,8,1.3268081126424633,1.3486766831797241,0.021868570537260767
OV:SK-OV-3,50,9,1.2914361522988425,1.219889060430583,-0.07154709186825947
OV:SK-OV-3,50,10,1.3273020224536651,1.330268585398695,0.002966562945029949
OV:SK-OV-3,100,1,1.3317069289847068,1.327592642571359,-0.0041142864133478785
OV:SK-OV-3,100,2,1.294066991005553,1.272233554674458,-0.021833436331094802
OV:SK-OV-3,100,3,1.3994929702838423,1.398918492255961,-0.0005744780278813533
OV:SK-OV-3,100,4,1.3423858784226075,1.3137415784647335,-0.028644299957873987
OV:SK-OV-3,100,5,1.4029276923093046,1.3893972221786617,-0.013530470130642902
OV:SK-OV-3,100,6,1.3833889491493774,1.3590001339484596,-0.024388815200917735
OV:SK-OV-3,100,7,1.3289026149438479,1.327633588994354,-0.0012690259494938516
OV:SK-OV-3,100,8,1.3972422473750585,1.3744200588558133,-0.022822188519245223
OV:SK-OV-3,100,9,1.3513747299664334,1.3482311564320943,-0.003143573534339028
OV:SK-OV-3,100,10,1.376585151378519,1.3893714306352534,0.012786279256734367
OV:SK-OV-3,200,1,1.372297053527889,1.3831868535232568,0.010889799995367655
OV:SK-OV-3,200,2,1.3767297053021847,1.3972702745870949,0.020540569284910104
OV:SK-OV-3,200,3,1.4027991518836411,1.4046010290096749,0.0018018771260337463
OV:SK-OV-3,200,4,1.323370494912555,1.3378287552661046,0.014458260353549468
OV:SK-OV-3,200,5,1.3917013437057246,1.3947211983931953,0.00301985468747068
OV:SK-OV-3,200,6,1.395957199787516,1.3566546429303281,-0.039302556857187865
OV:SK-OV-3,200,7,1.4030518735711421,1.403165060316451,0.00011318674530880202
OV:SK-OV-3,200,8,1.4023898447013305,1.398030356599669,-0.004359488101661535
OV:SK-OV-3,200,9,,1.4080518315809512,
OV:SK-OV-3,200,10,1.3856849803894233,1.409541682013793,0.023856701624369592
OV:SK-OV-3,500,1,1.4102933125461474,1.4132850776081034,0.0029917650619559755
OV:SK-OV-3,500,2,1.411671947849592,1.414020016846879,0.0023480689972870117
OV:SK-OV-3,500,3,1.4074455023431482,1.4117913529411992,0.0043458505980509265
OV:SK-OV-3,500,4,1.4122719926508598,1.41242548495077,0.0001534922999102406
OV:SK-OV-3,500,5,1.3483847962663036,1.3490234085032276,0.0006386122369239633
OV:SK-OV-3,500,6,1.4115075817894136,1.376820195347309,-0.03468738644210467
OV:SK-OV-3,500,7,1.4130030146412627,1.413821827631369,0.0008188129901063324
OV:SK-OV-3,500,8,1.411928382545928,1.4120462575579427,0.00011787501201476758
OV:SK-OV-3,500,9,1.4099632576824703,1.4105145279264129,0.0005512702439425254
OV:SK-OV-3,500,10,1.4076775767351444,1.4115474821372944,0.0038699054021500423
OV:NCI/ADR-RES,50,1,1.2823306982093379,1.180341789898634,-0.10198890831070395
OV:NCI/ADR-RES,50,2,1.3467886282196695,1.3467195564686867,-6.90717509828076e-05
OV:NCI/ADR-RES,50,3,1.3274023044468264,1.2913032878206152,-0.03609901662621118
OV:NCI/ADR-RES,50,4,1.3033076946191413,1.345080518966001,0.04177282434685958
OV:NCI/ADR-RES,50,5,1.3025410244542044,1.2549982567640618,-0.04754276769014254
OV:NCI/ADR-RES,50,6,1.228865301345497,1.1593945178414125,-0.06947078350408464
OV:NCI/ADR-RES,50,7,1.264119675858308,1.2634793515903215,-0.0006403242679864363
OV:NCI/ADR-RES,50,8,1.2876115298816113,1.3070314481200778,0.01941991823846645
OV:NCI/ADR-RES,50,9,1.2203070086884367,1.2236857027303127,0.0033786940418760736
OV:NCI/ADR-RES,50,10,1.3231280219062715,1.286297603319424,-0.036830418586847546
OV:NCI/ADR-RES,100,1,1.341725884836232,1.2961161744448497,-0.045609710391382174
OV:NCI/ADR-RES,100,2,1.3998063271062882,1.3782284384429073,-0.02157788866338084
OV:NCI/ADR-RES,100,3,1.377602264760062,1.3523006832403437,-0.025301581519718397
OV:NCI/ADR-RES,100,4,1.3576220491250592,1.345674610191437,-0.011947438933622267
OV:NCI/ADR-RES,100,5,1.3652345863997846,1.3294887892650447,-0.03574579713473991
OV:NCI/ADR-RES,100,6,1.3622287659067465,1.3898929712823376,0.02766420537559111
OV:NCI/ADR-RES,100,7,1.3599086163762615,1.328923185852989,-0.030985430523272406
OV:NCI/ADR-RES,100,8,1.4077096450268844,1.409228483767247,0.001518838740362627
OV:NCI/ADR-RES,100,9,1.381191631950974,1.3722122004129522,-0.008979431538021831
OV:NCI/ADR-RES,100,10,1.3595960055889504,1.3512581662090877,-0.008337839379862766
OV:NCI/ADR-RES,200,1,1.4090888471052756,1.4111766434274025,0.002087796322126856
OV:NCI/ADR-RES,200,2,1.3864226150884376,1.3771294942598538,-0.0092931208285838
OV:NCI/ADR-RES,200,3,1.329017421656749,1.3399250424603528,0.010907620803603857
OV:NCI/ADR-RES,200,4,1.4037330428992711,1.40696668348153,0.0032336405822588343
OV:NCI/ADR-RES,200,5,1.3834064231442813,1.40269050891122,0.01928408576693874
OV:NCI/ADR-RES,200,6,1.3812892368387322,1.3989788681005246,0.01768963126179246
OV:NCI/ADR-RES,200,7,1.4128700304179254,1.4123432015601254,-0.0005268288577999769
OV:NCI/ADR-RES,200,8,1.4050971448696372,1.4008702121127157,-0.004226932756921542
OV:NCI/ADR-RES,200,9,1.3755399904602414,1.406070569838458,0.03053057937821646
OV:NCI/ADR-RES,200,10,1.3780273553014033,1.3856843486088888,0.007656993307485482
OV:NCI/ADR-RES,500,1,1.355836296608496,1.3547704214412275,-0.0010658751672685263
OV:NCI/ADR-RES,500,2,1.413283301714352,1.4135735279752262,0.00029022626087416015
OV:NCI/ADR-RES,500,3,1.4132686134094872,1.4105406025766258,-0.0027280108328613384
OV:NCI/ADR-RES,500,4,1.4099831642981446,1.4099716986320767,-1.1465666067911329e-05
OV:NCI/ADR-RES,500,5,1.3724476669991268,1.3759292649137,0.0034815979145732534
OV:NCI/ADR-RES,500,6,1.4049980468985888,1.4115729128045944,0.006574865906005645
OV:NCI/ADR-RES,500,7,1.4116380475088475,1.4130304226544013,0.0013923751455537925
OV:NCI/ADR-RES,500,8,1.411717979529138,1.4117551887649031,3.720923576522317e-05
OV:NCI/ADR-RES,500,9,1.4106415742571585,1.4130854532305592,0.002443878973400704
OV:NCI/ADR-RES,500,10,1.3627963587135337,1.3641947786237019,0.0013984199101682027
PR:PC-3,50,1,1.375925301023268,1.10484092274101,-0.27108437828225784
PR:PC-3,50,2,1.2814560678802467,1.001831865688107,-0.2796242021921398
PR:PC-3,50,3,1.2642899354179138,1.3127297898670514,0.048439854449137565
PR:PC-3,50,4,1.2166074448954585,1.1925002252273944,-0.02410721966806406
PR:PC-3,50,5,1.2369236235925227,1.1957626306238873,-0.0411609929686354
PR:PC-3,50,6,1.2488499522127487,1.2661869239919548,0.017336971779206012
PR:PC-3,50,7,1.1586564453826471,1.4004330136476182,0.24177656826497107
PR:PC-3,50,8,1.2828260094163009,1.2230819335775445,-0.059744075838756405
PR:PC-3,50,9,1.3343574300923315,1.378495633281823,0.044138203189491465
PR:PC-3,50,10,1.2272883743515313,1.1704715445493747,-0.05681682980215652
PR:PC-3,100,1,1.373556767271776,1.410831477876576,0.03727471060480014
PR:PC-3,100,2,1.3869735046892129,1.14869716437296,-0.2382763403162529
PR:PC-3,100,3,1.3420317821718317,1.3923328544972908,0.050301072325459106
PR:PC-3,100,4,1.3047241216177212,1.351327793102211,0.04660367148448974
PR:PC-3,100,5,1.3547051425565102,1.4033767182456882,0.048671575689178015
PR:PC-3,100,6,1.353989687035444,1.4031314809263238,0.049141793890879804
PR:PC-3,100,7,1.366470593241318,1.4027658811422656,0.036295287900947715
PR:PC-3,100,8,1.390319160819261,1.2948204525146445,-0.0954987083046166
PR:PC-3,100,9,1.2683676208456052,1.0304056955283183,-0.23796192531728688
PR:PC-3,100,10,1.3955686746242701,1.3856268870082746,-0.009941787615995512
PR:PC-3,200,1,1.4047741449382987,1.2243161194892318,-0.18045802544906686
PR:PC-3,200,2,1.4007226097003354,1.4138685534356352,0.01314594373529987
PR:PC-3,200,3,1.412139932720455,1.411497478436394,-0.0006424542840608449
PR:PC-3,200,4,1.4112743394173337,1.1973739338511085,-0.21390040556622525
PR:PC-3,200,5,1.4012657720296853,1.2245142076877185,-0.17675156434196682
PR:PC-3,200,6,1.3892164348836125,1.3463772590129206,-0.04283917587069186
PR:PC-3,200,7,1.339802684365328,1.3411970944926126,0.0013944101272846954
PR:PC-3,200,8,1.395192830266842,1.4107092407142188,0.015516410447376838
PR:PC-3,200,9,1.392551317449552,1.414213539749045,0.021662222299492884
PR:PC-3,200,10,1.3543444071951116,1.3272320383335539,-0.027112368861557767
PR:PC-3,500,1,1.3710212591703563,1.4135639290058144,0.04254266983545807
PR:PC-3,500,2,1.410561493102488,1.412075089712525,0.0015135966100370268
PR:PC-3,500,3,1.3643957946893435,1.3913183576489034,0.02692256295955997
PR:PC-3,500,4,1.4131183217203858,1.412758279845828,-0.0003600418745577372
PR:PC-3,500,5,1.4101013423795377,1.4030821820284285,-0.007019160351109166
PR:PC-3,500,6,1.4136435017138227,1.4141227690450482,0.0004792673312254969
PR:PC-3,500,7,1.413446940948166,1.4123526392604069,-0.0010943016877591472
PR:PC-3,500,8,1.3962075887768486,1.4114035767005153,0.01519598792366672
PR:PC-3,500,9,1.4101830585489976,1.4113870024743405,0.001203943925342843
PR:PC-3,500,10,1.4109189093737222,1.4105526105281407,-0.00036629884558148085
PR:DU-145,50,1,1.2619238720227228,1.298552245406951,0.036628373384228086
PR:DU-145,50,2,1.3089353214267254,1.3017368217139413,-0.007198499712784079
PR:DU-145,50,3,1.2963300622637615,1.269410443667213,-0.026919618596548567
PR:DU-145,50,4,1.2202319130604615,1.1766895649226903,-0.04354234813777125
PR:DU-145,50,5,1.2464313914174199,1.2920999793697652,0.045668587952345296
PR:DU-145,50,6,1.296799147368316,1.2957987925969832,-0.0010003547713328675
PR:DU-145,50,7,1.340783188312655,1.366095663963511,0.025312475650855815
PR:DU-145,50,8,1.3198386757183294,1.3399617213149735,0.02012304559664413
PR:DU-145,50,9,1.3350916143755593,1.274917029171645,-0.06017458520391439
PR:DU-145,50,10,1.2609168162473534,1.2980831685135175,0.03716635226616405
PR:DU-145,100,1,1.34374337462658,1.3107556529915598,-0.03298772163502006
PR:DU-145,100,2,1.3833062945776644,1.3833326862397688,2.6391662104385816e-05
PR:DU-145,100,3,1.3419864275466071,1.345741947081614,0.003755519535006968
PR:DU-145,100,4,1.3655825836648758,1.3478472058473594,-0.01773537781751644
PR:DU-145,100,5,1.366902773282358,1.4053838457589964,0.038481072476638456
PR:DU-145,100,6,1.3639002699363467,1.3563135821693122,-0.007586687767034528
PR:DU-145,100,7,1.3417266006577457,1.3361120508692028,-0.005614549788542922
PR:DU-145,100,8,1.3946846481071329,1.4014081790497053,0.006723530942572387
PR:DU-145,100,9,1.3378359272043332,1.364820455387779,0.026984528183445766
PR:DU-145,100,10,1.3242216389690318,1.348883293311991,0.024661654342959194
PR:DU-145,200,1,1.3565270360758415,1.344315827135451,-0.012211208940390517
PR:DU-145,200,2,1.4027551170184518,1.4026123451651704,-0.00014277185328137598
PR:DU-145,200,3,1.400069649150496,1.3962755513264988,-0.0037940978239972
PR:DU-145,200,4,1.3901017104779705,1.3702529212619539,-0.019848789216016627
PR:DU-145,200,5,1.3631667709758857,1.3954876904626259,0.03232091948674021
PR:DU-145,200,6,1.38909601087345,1.4010377410343355,0.011941730160885511
PR:DU-145,200,7,1.3822237218301223,1.3362141812656518,-0.046009540564470486
PR:DU-145,200,8,1.4085249251490835,1.375989934099809,-0.032534991049274486
PR:DU-145,200,9,1.3980783120312161,1.3868735777079186,-0.011204734323297494
PR:DU-145,200,10,1.380744897227065,1.3376186084637618,-0.04312628876330327
PR:DU-145,500,1,1.4126299551352748,1.410698343100024,-0.0019316120352508293
PR:DU-145,500,2,1.4135190258216979,1.4137290787453907,0.00021005292369280504
PR:DU-145,500,3,1.3970655738531672,1.396079536354497,-0.0009860374986701004
PR:DU-145,500,4,1.4119713378882428,1.4140187854047441,0.0020474475165013217
PR:DU-145,500,5,1.408915718225288,1.4092167290337292,0.0003010108084411378
PR:DU-145,500,6,1.410518971447079,1.4136785009244075,0.00315952947732856
PR:DU-145,500,7,1.4083005322268076,1.4123711893440312,0.004070657117223542
PR:DU-145,500,8,1.402085564943633,1.3926492162506323,-0.009436348693000696
PR:DU-145,500,9,1.4136593659502492,1.412739693590054,-0.0009196723601951895
PR:DU-145,500,10,1.4059054472291472,1.412240107937449,0.006334660708301687
RE:786-0,50,1,1.316280943631996,1.318205186619393,0.001924242987396907
RE:786-0,50,2,1.2707818942005653,1.2216515410607673,-0.049130353139797966
RE:786-0,50,3,1.2720907224318951,1.2683774422817746,-0.0037132801501205126
RE:786-0,50,4,1.3195513818636262,1.3188722440439886,-0.0006791378196375764
RE:786-0,50,5,1.2692127269032016,1.330057730876672,0.06084500397347026
RE:786-0,50,6,1.2458503461732267,1.2211032897207146,-0.024747056452512073
RE:786-0,50,7,1.2866465221386751,1.3006398851682135,0.013993363029538353
RE:786-0,50,8,1.2797797816515093,1.2622382478208385,-0.017541533830670808
RE:786-0,50,9,1.2369483233906085,1.268745219888939,0.03179689649833062
RE:786-0,50,10,1.306723175946516,1.3265185722775434,0.019795396331027337
RE:786-0,100,1,1.3367988508945876,1.3381326388500985,0.0013337879555108678
RE:786-0,100,2,1.3693901550414251,1.3680135865514849,-0.0013765684899402775
RE:786-0,100,3,1.3939996799709562,1.4018689059095257,0.007869225938569535
RE:786-0,100,4,1.388554589477034,1.389729472435956,0.0011748829589219856
RE:786-0,100,5,1.3690381808252108,1.3675128602792501,-0.0015253205459606622
RE:786-0,100,6,1.298198754574663,1.2506017623415766,-0.04759699223308633
RE:786-0,100,7,1.3261953770017119,1.2990005324899447,-0.027194844511767124
RE:786-0,100,8,1.4086045811186643,1.4072028828389418,-0.0014016982797224742
RE:786-0,100,9,1.3244664884757757,1.2676267849057588,-0.056839703570017
RE:786-0,100,10,1.4082321391535975,1.4098871248253084,0.0016549856717109623
RE:786-0,200,1,1.3872414682717424,1.3777949160703333,-0.009446552201409109
RE:786-0,200,2,,1.4098995339526674,
RE:786-0,200,3,1.4010985639667153,1.4061298136950786,0.0050312497283633295
RE:786-0,200,4,1.4032700790390502,1.3928888185071235,-0.010381260531926673
RE:786-0,200,5,1.393639016303705,1.4085071462246301,0.014868129920925233
RE:786-0,200,6,1.3973073863850434,1.3682264957244088,-0.029080890660634573
RE:786-0,200,7,1.3947486721416749,1.408468092764512,0.013719420622837042
RE:786-0,200,8,1.388559172421281,1.4118139971167327,0.023254824695451815
RE:786-0,200,9,1.4027443051048514,1.398586044168272,-0.004158260936579339
RE:786-0,200,10,1.378859838175185,1.4114643746222992,0.03260453644711414
RE:786-0,500,1,1.400428166243009,1.3981547640398453,-0.0022734022031636325
RE:786-0,500,2,1.412169136268745,1.4125153514301863,0.00034621516144128783
RE:786-0,500,3,1.4106619915017196,1.4110789912830066,0.00041699978128706405
RE:786-0,500,4,1.413401421865198,1.4122276135797642,-0.0011738082854337861
RE:786-0,500,5,1.4125065943535662,1.4123903953576609,-0.00011619899590531446
RE:786-0,500,6,1.410576820939352,1.4079485167461898,-0.0026283041931622897
RE:786-0,500,7,1.404298812111037,1.4081620657476523,0.003863253636615438
RE:786-0,500,8,1.4102416843937426,1.4086807270339663,-0.0015609573597763493
RE:786-0,500,9,1.401054098260665,1.4014513819150387,0.0003972836543737479
RE:786-0,500,10,1.3994067363287357,1.394931574952265,-0.004475161376470638
RE:A498,50,1,1.286114262038518,1.2096380325494875,-0.07647622948903043
RE:A498,50,2,1.1956123288145446,1.1841355803125346,-0.01147674850200997
RE:A498,50,3,1.374744025428181,1.315207810278918,-0.059536215149263105
RE:A498,50,4,1.2506965080529686,1.2286897263182528,-0.02200678173471582
RE:A498,50,5,1.3185061575800037,1.2551864829172266,-0.0633196746627771
RE:A498,50,6,1.2652128968520255,1.2953731894802103,0.03016029262818476
RE:A498,50,7,1.3286847608056016,1.3770782081798787,0.04839344737427709
RE:A498,50,8,1.3281755013704897,1.307354044510527,-0.020821456859962728
RE:A498,50,9,1.2327195809026157,1.1770140156724964,-0.05570556523011927
RE:A498,50,10,1.2982166360024427,1.2801622761556655,-0.01805435984677728
RE:A498,100,1,1.3794985083191451,1.3792555303022223,-0.0002429780169228568
RE:A498,100,2,1.3971903489567454,1.3944745140427668,-0.002715834913978643
RE:A498,100,3,1.3334064207848357,1.36998620634645,0.03657978556161434
RE:A498,100,4,1.3900074793054278,1.388433837733903,-0.001573641571524842
RE:A498,100,5,1.3612984289396437,1.3653802938687325,0.0040818649290887965
RE:A498,100,6,1.3968094060190055,1.3952571937670148,-0.0015522122519906478
RE:A498,100,7,1.3914608453360529,1.390897877659075,-0.0005629676769778325
RE:A498,100,8,1.4103752834956307,1.4074279659498807,-0.00294731754574995
RE:A498,100,9,1.3661675917371654,1.364329639141416,-0.0018379525957494813
RE:A498,100,10,1.3920413736029342,1.4005224004081005,0.00848102680516627
RE:A498,200,1,1.4117389619977512,1.4097296709568838,-0.0020092910408673337
RE:A498,200,2,1.3489098558125237,1.392225779762316,0.043315923949792445
RE:A498,200,3,1.364503343988839,1.3631652444212496,-0.001338099567589346
RE:A498,200,4,1.3941216605631808,1.3953775770435224,0.0012559164803416234
RE:A498,200,5,1.3826177730190419,1.3864180658683443,0.003800292849302389
RE:A498,200,6,1.4017843801478935,1.3899052504757605,-0.011879129672133004
RE:A498,200,7,,1.4037846132914042,
RE:A498,200,8,1.399994274356834,1.3624475936766285,-0.03754668068020561
RE:A498,200,9,1.4077919018576885,1.3581553689216486,-0.04963653293603998
RE:A498,200,10,1.3925589308456467,1.3970020827277778,0.004443151882131069
RE:A498,500,1,1.4030935104404643,1.4062595356037857,0.0031660251633214287
RE:A498,500,2,1.405984327405433,1.4066206235326788,0.0006362961272456946
RE:A498,500,3,1.4091563557927618,1.405588855675505,-0.0035675001172568166
RE:A498,500,4,1.4116534829182241,1.4115381454383742,-0.0001153374798499307
RE:A498,500,5,1.4064393275283822,1.406335135959649,-0.0001041915687332029
RE:A498,500,6,1.4076784313257684,1.406393740595929,-0.0012846907298393884
RE:A498,500,7,1.4121678388559684,1.4128475038662398,0.0006796650102713908
RE:A498,500,8,1.409996720882652,1.4091959107990726,-0.0008008100835794618
RE:A498,500,9,1.413048251747651,1.4139061520597223,0.0008579003120712247
RE:A498,500,10,1.4113091277109127,1.4100799592615434,-0.0012291684493692667
RE:ACHN,50,1,1.2975758570937856,1.257902390554262,-0.03967346653952375
RE:ACHN,50,2,1.3445602976647153,1.2902472219767682,-0.05431307568794708
RE:ACHN,50,3,1.3004867718217052,1.2740328740637188,-0.026453897757986455
RE:ACHN,50,4,1.36263264187399,1.3600009695927007,-0.0026316722812893545
RE:ACHN,50,5,1.303373049198756,1.3240247816649686,0.020651732466212547
RE:ACHN,50,6,1.2748881886055252,1.2632812974244543,-0.011606891181070944
RE:ACHN,50,7,1.3266824397052117,1.3260316098288398,-0.0006508298763718834
RE:ACHN,50,8,1.2665631008747704,1.2379528941943845,-0.02861020668038594
RE:ACHN,50,9,1.2737160444916946,1.2791058666340882,0.0053898221423935855
RE:ACHN,50,10,1.2429478832637133,1.281742780183737,0.0387948969200238
RE:ACHN,100,1,1.405670036394441,1.4060350029929654,0.0003649665985243633
RE:ACHN,100,2,1.4042599226116028,1.4010294956231095,-0.0032304269884932957
RE:ACHN,100,3,1.3632215484083545,1.3800938680919579,0.016872319683603365
RE:ACHN,100,4,1.4063783822486289,1.406591602480694,0.0002132202320650478
RE:ACHN,100,5,1.356957989906653,1.357157557495169,0.0001995675885160253
RE:ACHN,100,6,1.3942359290745323,1.3938987855914757,-0.00033714348305657893
RE:ACHN,100,7,1.3574205854608508,1.3558939322946764,-0.0015266531661743965
RE:ACHN,100,8,1.3424374763669056,1.325519172925096,-0.016918303441809668
RE:ACHN,100,9,1.3985907263654085,1.4127518664116743,0.014161140046265785
RE:ACHN,100,10,1.3094804752252198,1.3207826245865875,0.011302149361367642
RE:ACHN,200,1,1.409433094879886,1.3986376779257395,-0.010795416954146653
RE:ACHN,200,2,1.4009855891193963,1.399198270904545,-0.0017873182148513411
RE:ACHN,200,3,1.404830077225392,1.4104531281934114,0.005623050968019294
RE:ACHN,200,4,1.3842151218565133,1.3953674783408072,0.011152356484293913
RE:ACHN,200,5,1.407419666045529,1.4085607552819106,0.001141089236381676
RE:ACHN,200,6,,1.370467958689336,
RE:ACHN,200,7,,1.3853706736829774,
RE:ACHN,200,8,1.3636104621542744,1.405101684775613,0.04149122262133864
RE:ACHN,200,9,1.3899535197986177,1.3639596827065943,-0.02599383709202341
RE:ACHN,200,10,1.4005976088047287,1.4003005592175917,-0.00029704958713705487
RE:ACHN,500,1,1.4078088284804535,1.4120805432517167,0.004271714771263202
RE:ACHN,500,2,1.4117500698632153,1.411810930735054,6.086087183865274e-05
RE:ACHN,500,3,1.4125266733621278,1.4139652075571532,0.001438534195025376
RE:ACHN,500,4,1.3889215172386704,1.3894483486577758,0.0005268314191053669
RE:ACHN,500,5,1.4133174125078287,1.412743208574948,-0.000574203932880657
RE:ACHN,500,6,1.367466113003516,1.371543413327269,0.004077300323753086
RE:ACHN,500,7,1.4113646551623493,1.4111946977553738,-0.00016995740697556272
RE:ACHN,500,8,1.3609761161801492,1.360044170291748,-0.0009319458884011755
RE:ACHN,500,9,1.4135950017474959,1.4125663887505118,-0.0010286129969840907
RE:ACHN,500,10,1.3762014386893997,1.36923237960223,-0.0069690590871696045
RE:CAKI-1,50,1,1.3258521465069701,1.2641390263413097,-0.06171312016566044
RE:CAKI-1,50,2,1.3350471093935916,1.3283629948479279,-0.006684114545663755
RE:CAKI-1,50,3,1.285319402366746,1.269885934790636,-0.015433467576110083
RE:CAKI-1,50,4,1.325064477784939,1.3500304612957974,0.024965983510858436
RE:CAKI-1,50,5,1.3083622668184824,1.2610001037074674,-0.04736216311101504
RE:CAKI-1,50,6,1.2069376136262995,1.2072604489834247,0.0003228353571251841
RE:CAKI-1,50,7,1.3315736361139041,1.3288301519311199,-0.0027434841827842504
RE:CAKI-1,50,8,1.327593625889714,1.2938637906720785,-0.03372983521763562
RE:CAKI-1,50,9,1.3068497749166568,1.321652799745854,0.014803024829197264
RE:CAKI-1,50,10,1.3009143074928122,1.2950443573036368,-0.005869950189175466
RE:CAKI-1,100,1,1.4000776303992957,1.3973460121978463,-0.002731618201449404
RE:CAKI-1,100,2,1.397971783047293,1.3988006027666777,0.0008288197193846436
RE:CAKI-1,100,3,1.33022897761308,1.353823809961133,0.02359483234805304
RE:CAKI-1,100,4,1.3525172540645463,1.3507611977040375,-0.0017560563605087953
RE:CAKI-1,100,5,1.3399647513449289,1.3300714278094636,-0.009893323535465237
RE:CAKI-1,100,6,1.3751014021488337,1.397478194974789,0.022376792825955283
RE:CAKI-1,100,7,1.38277865863397,1.3993925111115582,0.016613852477588065
RE:CAKI-1,100,8,1.334916101983112,1.2968489717054033,-0.038067130277708694
RE:CAKI-1,100,9,1.3489810066954104,1.3446048781810245,-0.004376128514385957
RE:CAKI-1,100,10,1.3574813477164462,1.321392472379202,-0.03608887533724414
RE:CAKI-1,200,1,1.3715722165556963,1.404767250831421,0.03319503427572479
RE:CAKI-1,200,2,1.3962225494114244,1.388472892985248,-0.007749656426176532
RE:CAKI-1,200,3,1.36871674263349,1.4070436299483478,0.03832688731485767
RE:CAKI-1,200,4,1.3960457247994291,1.385892430546639,-0.010153294252790213
RE:CAKI-1,200,5,1.4022531610718054,1.387904173559407,-0.014348987512398326
RE:CAKI-1,200,6,1.401681101765599,1.402091601266067,0.00041049950046789796
RE:CAKI-1,200,7,1.3940327788096138,1.3921005962312611,-0.0019321825783527036
RE:CAKI-1,200,8,1.4132988192445275,1.4125476641241235,-0.0007511551204040234
RE:CAKI-1,200,9,1.4025795332420852,1.3972283185862902,-0.005351214655795022
RE:CAKI-1,200,10,,1.4118542695148255,
RE:CAKI-1,500,1,1.412295021164218,1.3504899611929275,-0.06180505997129049
RE:CAKI-1,500,2,1.4093836332517171,1.4052216702392826,-0.004161963012434544
RE:CAKI-1,500,3,1.4122037604556679,1.4130403234925164,0.0008365630368485366
RE:CAKI-1,500,4,1.4123135347389069,1.412507976371035,0.0001944416321282283
RE:CAKI-1,500,5,1.411074195128406,1.4071915407948516,-0.0038826543335543917
RE:CAKI-1,500,6,1.4113999322126705,1.41121832817665,-0.00018160403602052178
RE:CAKI-1,500,7,1.4066703657870714,1.4138371097385913,0.007166743951519949
RE:CAKI-1,500,8,1.4111989696811276,1.411263660965895,6.469128476749297e-05
RE:CAKI-1,500,9,1.4088928395839755,1.411655963545299,0.0027631239613234992
RE:CAKI-1,500,10,1.412976147933783,1.4129818466649333,5.698731150305392e-06
RE:RXF 393,50,1,1.2919383449333455,1.3871428195682671,0.09520447463492165
RE:RXF 393,50,2,1.3309967512660636,1.1653022872531846,-0.16569446401287902
RE:RXF 393,50,3,1.2987612997931848,1.19892776880901,-0.09983353098417469
RE:RXF 393,50,4,1.1662180970508447,1.3486818273505288,0.1824637302996841
RE:RXF 393,50,5,1.3174431501696924,1.1549802330894074,-0.16246291708028493
RE:RXF 393,50,6,1.2092638505835678,1.3361060156464566,0.1268421650628888
RE:RXF 393,50,7,1.3078496796542127,1.1652499293755803,-0.14259975027863248
RE:RXF 393,50,8,1.2530925046646988,1.1671404686064397,-0.08595203605825907
RE:RXF 393,50,9,1.2417889163071196,1.2926957695331796,0.05090685322605992
RE:RXF 393,50,10,1.2696613434264934,1.2441047084484425,-0.02555663497805094
RE:RXF 393,100,1,1.3594552630243675,1.3074752653919837,-0.05197999763238381
RE:RXF 393,100,2,1.3675918306104304,1.404192540115238,0.03660070950480754
RE:RXF 393,100,3,1.3919945130086737,1.3638395458762589,-0.028154967132414832
RE:RXF 393,100,4,1.412282761639994,1.2469888067218022,-0.16529395491819177
RE:RXF 393,100,5,1.4037347157958933,1.353624840217625,-0.05010987557826829
RE:RXF 393,100,6,1.3681020053733013,1.4059505981494056,0.037848592776104306
RE:RXF 393,100,7,1.3896183382091742,1.3868859694254716,-0.0027323687837026434
RE:RXF 393,100,8,1.3132765600537073,1.2316303299467695,-0.08164623010693783
RE:RXF 393,100,9,1.3836411894912857,1.3466988509510338,-0.03694233854025186
RE:RXF 393,100,10,1.3700498687811908,1.4051569319177846,0.03510706313659373
RE:RXF 393,200,1,1.4003930867546424,1.4131098242378175,0.012716737483175145
RE:RXF 393,200,2,1.3954644476437634,1.4014671582014806,0.0060027105577171724
RE:RXF 393,200,3,1.3956896877960667,1.3860908629365647,-0.009598824859502031
RE:RXF 393,200,4,1.3764165516645408,1.4026144697359009,0.02619791807136007
RE:RXF 393,200,5,1.4004597730890869,1.3965232266716698,-0.003936546417417031
RE:RXF 393,200,6,1.3814324615055027,1.3862159978717672,0.004783536366264496
RE:RXF 393,200,7,1.4037469829690892,1.381183195620248,-0.022563787348841124
RE:RXF 393,200,8,1.399846127076461,1.408989827099367,0.009143700022905987
RE:RXF 393,200,9,1.3988302897702607,1.3932479225597536,-0.005582367210507089
RE:RXF 393,200,10,1.3245665908775814,1.414196977109034,0.08963038623145247
RE:RXF 393,500,1,1.4046523019571286,1.21129311605788,-0.19335918589924872
RE:RXF 393,500,2,1.303696599843888,1.4130981601673211,0.10940156032343307
RE:RXF 393,500,3,1.3537921270118034,1.4136913309931698,0.05989920398136639
RE:RXF 393,500,4,1.399814931164677,1.4138116065713615,0.013996675406684478
RE:RXF 393,500,5,1.3867499495208624,1.4064645020737754,0.01971455255291299
RE:RXF 393,500,6,1.4042641723124427,1.3571434015347872,-0.04712077077765553
RE:RXF 393,500,7,1.413223836011799,1.413015197316328,-0.00020863869547094183
RE:RXF 393,500,8,1.4091870565619575,1.4003475383286832,-0.008839518233274335
RE:RXF 393,500,9,1.411427552769011,1.4098141646559847,-0.0016133881130262484
RE:RXF 393,500,10,1.4136006651941992,1.4063683996531224,-0.00723226554107681
RE:SN12C,50,1,1.2943682280457613,1.2955116204830572,0.001143392437295887
RE:SN12C,50,2,1.3754551673920725,1.3736357242194754,-0.0018194431725970794
RE:SN12C,50,3,1.2435359759116373,1.305498222544233,0.06196224663259575
RE:SN12C,50,4,1.2395017857191415,1.268731407122953,0.029229621403811468
RE:SN12C,50,5,1.2928624514903055,1.208167721834338,-0.08469472965596747
RE:SN12C,50,6,1.2916929968511432,1.3471630396513918,0.05547004280024859
RE:SN12C,50,7,1.336565073338605,1.327396732439997,-0.009168340898608074
RE:SN12C,50,8,1.3136037289900333,1.2703036648217414,-0.04330006416829191
RE:SN12C,50,9,1.2483803292633302,1.278789494041319,0.030409164777988718
RE:SN12C,50,10,1.2201973668725636,1.2374814157617933,0.01728404888922963
RE:SN12C,100,1,1.3221309969150092,1.3280217406311319,0.005890743716122637
RE:SN12C,100,2,1.3876047852905138,1.3223661230828352,-0.0652386622076786
RE:SN12C,100,3,1.3912225258126718,1.3908537085708137,-0.0003688172418581104
RE:SN12C,100,4,1.3792866498395682,1.3889288862818998,0.009642236442331642
RE:SN12C,100,5,1.3752886408223441,1.3752262329836107,-6.240783873345812e-05
RE:SN12C,100,6,1.3810197167674139,1.3803349878303812,-0.0006847289370326415
RE:SN12C,100,7,1.3956784073120778,1.3961400590903128,0.0004616517782349838
RE:SN12C,100,8,1.2951360405430574,1.29919871026672,0.0040626697236625375
RE:SN12C,100,9,1.3475182084463226,1.334467798976186,-0.013050409470136692
RE:SN12C,100,10,1.4112236602452428,1.4112567739410462,3.311369580338841e-05
RE:SN12C,200,1,1.3720772978105755,1.3847028415139104,0.012625543703334907
RE:SN12C,200,2,1.404422646513769,1.4113888798156313,0.006966233301862301
RE:SN12C,200,3,1.3944632342679124,1.407626669265624,0.013163434997711665
RE:SN12C,200,4,1.4058788500552146,1.4042199775550033,-0.0016588725002113502
RE:SN12C,200,5,1.406567113655045,1.4057284351081718,-0.0008386785468732505
RE:SN12C,200,6,1.386802939668114,1.351443054500274,-0.035359885167840055
RE:SN12C,200,7,1.3375125030630914,1.3796615115860753,0.042149008522983866
RE:SN12C,200,8,1.405551907180075,1.4061779772493994,0.0006260700693243582
RE:SN12C,200,9,1.3997051166422485,1.4006803929905265,0.0009752763482779869
RE:SN12C,200,10,1.390345159611022,1.405796454093689,0.015451294482667022
RE:SN12C,500,1,1.4116212070365117,1.4075006812861557,-0.004120525750356041
RE:SN12C,500,2,1.3998282258795616,1.4012110836580702,0.0013828577785086615
RE:SN12C,500,3,1.368103265108628,1.409659696971208,0.04155643186258007
RE:SN12C,500,4,1.3854809926587193,1.3844815039725662,-0.0009994886861530716
RE:SN12C,500,5,1.382315480803853,1.3830769435196326,0.0007614627157797038
RE:SN12C,500,6,1.4062128642949572,1.3602848545539197,-0.0459280097410375
RE:SN12C,500,7,1.388491549149057,1.4102925171830314,0.021800968033974355
RE:SN12C,500,8,1.394594901828868,1.4117362252408172,0.017141323411949294
RE:SN12C,500,9,1.4017080577039442,1.410792547744434,0.009084490040489834
RE:SN12C,500,10,1.4094067499940084,1.4133075259440375,0.003900775950029134
RE:TK-10,50,1,1.302823154398409,1.3085157351538628,0.005692580755453758
RE:TK-10,50,2,1.316848219823562,1.322402169009123,0.005553949185560958
RE:TK-10,50,3,1.2881616121773252,1.3630298427414786,0.07486823056415348
RE:TK-10,50,4,1.311260001467709,1.3108988254599017,-0.00036117600780727344
RE:TK-10,50,5,1.1580803215950572,1.1760575724370754,0.017977250842018178
RE:TK-10,50,6,1.085250406129735,1.0919495104659507,0.006699104336215678
RE:TK-10,50,7,1.2716955339248948,1.2874455008928873,0.01574996696799258
RE:TK-10,50,8,1.235667661997865,1.2432921985837277,0.007624536585862707
RE:TK-10,50,9,1.342550087442904,1.3440536462178945,0.0015035587749905321
RE:TK-10,50,10,1.2310327339124316,1.2781130465552217,0.04708031264279011
RE:TK-10,100,1,1.3123398282667755,1.254219441642665,-0.058120386624110454
RE:TK-10,100,2,1.3874742386760177,1.3447980541229063,-0.042676184553111396
RE:TK-10,100,3,1.3924307610917281,1.4030692888138052,0.010638527722077074
RE:TK-10,100,4,1.4070998266664998,1.404211120690323,-0.002888705976176853
RE:TK-10,100,5,1.3461316487686479,1.3555258137603925,0.009394164991744614
RE:TK-10,100,6,1.3780717937031683,1.3783045328258023,0.00023273912263399588
RE:TK-10,100,7,1.3761808817502317,1.3785786692163369,0.0023977874661051946
RE:TK-10,100,8,1.3868315530245037,1.3878669094435765,0.0010353564190728193
RE:TK-10,100,9,1.3177617540736595,1.2926093352402968,-0.025152418833362722
RE:TK-10,100,10,1.323273827788183,1.2675586346930792,-0.055715193095103865
RE:TK-10,200,1,1.4095865005388115,1.4128089708541027,0.003222470315291215
RE:TK-10,200,2,1.3959791085149367,1.4137671202888205,0.017788011773883783
RE:TK-10,200,3,1.381197932610442,1.337792742823497,-0.043405189786944964
RE:TK-10,200,4,1.4042846066570303,1.3555402800242926,-0.048744326632737645
RE:TK-10,200,5,1.3364172289774146,1.3290358838531704,-0.007381345124244154
RE:TK-10,200,6,1.407257766325321,1.4024385700594229,-0.004819196265898107
RE:TK-10,200,7,1.3423263831391525,1.3472726791501222,0.004946296010969631
RE:TK-10,200,8,1.401409932979723,1.4006811811808753,-0.0007287517988476822
RE:TK-10,200,9,1.4014551835753852,1.4043835200793477,0.002928336503962514
RE:TK-10,200,10,1.3881943303588835,1.4032433001044353,0.01504896974555181
RE:TK-10,500,1,1.4113527504746566,1.4114523231310903,9.957265643367741e-05
RE:TK-10,500,2,1.4114057760059802,1.411732216075044,0.00032644006906390466
RE:TK-10,500,3,1.385792365318195,1.4087899696312294,0.022997604313034437
RE:TK-10,500,4,1.4091929273443256,1.4100744038210231,0.0008814764766975625
RE:TK-10,500,5,1.3987309001135528,1.3999941314341908,0.001263231320637992
RE:TK-10,500,6,1.4100233041632193,1.4138410252486073,0.003817721085388026
RE:TK-10,500,7,1.4091463238695887,1.4139982782232556,0.004851954353666921
RE:TK-10,500,8,1.4097463290398216,1.4091613858534309,-0.0005849431863906851
RE:TK-10,500,9,1.3363942958134216,1.4128418092424184,0.0764475134289968
RE:TK-10,500,10,1.39706969728089,1.4126961286650432,0.015626431384153205
RE:UO-31,50,1,1.3273405042898698,1.2835475425205973,-0.0437929617692725
RE:UO-31,50,2,1.2752623371371865,1.2763623554875438,0.0011000183503573346
RE:UO-31,50,3,1.235475546801916,1.2158791850885304,-0.019596361713385635
RE:UO-31,50,4,1.23827156799849,1.2584393401536067,0.02016777215511678
RE:UO-31,50,5,1.224741082855718,1.228548935965518,0.00380785310980003
RE:UO-31,50,6,1.3288299223780702,1.2832501946975958,-0.04557972768047436
RE:UO-31,50,7,1.311875172803971,1.3094851479234462,-0.002390024880524866
RE:UO-31,50,8,1.300502066491684,1.3333191633269799,0.03281709683529588
RE:UO-31,50,9,1.2431345487312102,1.1769149003836532,-0.066219648347557
RE:UO-31,50,10,1.2702057035421719,1.3122030041404658,0.041997300598293874
RE:UO-31,100,1,1.3980949092385773,1.3973147771448593,-0.0007801320937179668
RE:UO-31,100,2,1.307004429096588,1.3095409541241936,0.002536525027605485
RE:UO-31,100,3,1.4018510268000395,1.4010859360157455,-0.0007650907842939869
RE:UO-31,100,4,1.3336739946487963,1.332214423690763,-0.001459570958033396
RE:UO-31,100,5,1.3482428568828175,1.3604648701433233,0.01222201326050576
RE:UO-31,100,6,1.3839593745528904,1.3702229050032186,-0.013736469549671781
RE:UO-31,100,7,1.393077867222107,1.4000227497056112,0.006944882483504333
RE:UO-31,100,8,1.3249375001718156,1.2948092709946766,-0.030128229177138977
RE:UO-31,100,9,1.2475525530901743,1.2479698626153877,0.00041730952521334963
RE:UO-31,100,10,1.3932904933409074,1.3972764467341552,0.00398595339324781
RE:UO-31,200,1,1.387220805510803,1.3907360675647737,0.0035152620539706803
RE:UO-31,200,2,1.3590873376009678,1.3964307517964851,0.037343414195517344
RE:UO-31,200,3,1.3844283209218404,1.4040865496489354,0.019658228727094995
RE:UO-31,200,4,1.3760561994333467,1.4040041303244584,0.027947930891111694
RE:UO-31,200,5,1.4108392615223762,1.4038218993421012,-0.007017362180274933
RE:UO-31,200,6,1.3925888461462657,1.398797472518261,0.006208626371995374
RE:UO-31,200,7,1.4089492830527295,1.4032463550612004,-0.00570292799152905
RE:UO-31,200,8,,1.411736973782257,
RE:UO-31,200,9,1.3504496457082114,1.3776688219709212,0.027219176262709865
RE:UO-31,200,10,1.403201816541802,1.4098258989764716,0.006624082434669498
RE:UO-31,500,1,1.4120700747800106,1.412099898308698,2.9823528687522582e-05
RE:UO-31,500,2,1.3589943902234387,1.358139809922099,-0.0008545803013397801
RE:UO-31,500,3,1.3954649837647997,1.4121699787998447,0.016704995035045078
RE:UO-31,500,4,1.3939970892517226,1.395747370576906,0.0017502813251832894
RE:UO-31,500,5,1.4102000283035852,1.4133349811051108,0.003134952801525648
RE:UO-31,500,6,1.338934286100787,1.3349470337952114,-0.003987252305575506
RE:UO-31,500,7,1.4130977173552146,1.4137149093908028,0.0006171920355881877
RE:UO-31,500,8,1.3670894679311807,1.4086659047743646,0.041576436843183906
RE:UO-31,500,9,1.4045646259904894,1.4118346436747788,0.007270017684289476
RE:UO-31,500,10,1.4124387268659668,1.4123893614456724,-4.9365420294433804e-05
