cell_line,panel_size,trial,panel_type,distortion,geometry_aware_distortion,random_mean_distortion,advantage,n_valid_random_trials,nontrivial_full_rank
BR:MCF7,50,1,random,1.3045165176177675,,,,,
BR:MCF7,50,2,random,1.1971247095291575,,,,,
BR:MCF7,50,3,random,1.3428590615738307,,,,,
BR:MCF7,50,4,random,1.1998261530722794,,,,,
BR:MCF7,50,5,random,1.2670898484395212,,,,,
BR:MCF7,50,6,random,1.3815238357716935,,,,,
BR:MCF7,50,7,random,1.1849917788271822,,,,,
BR:MCF7,50,8,random,1.2375971479505254,,,,,
BR:MCF7,50,9,random,1.3035610538077622,,,,,
BR:MCF7,50,10,random,1.347791323607444,,,,,
BR:MCF7,50,0,geometry_aware,1.10949943935558,,,,,
BR:MCF7,50,-1,summary,,1.10949943935558,1.2766881430197166,0.16718870366413663,10.0,15.0
BR:MCF7,100,1,random,1.3783897806379841,,,,,
BR:MCF7,100,2,random,1.3531293490667171,,,,,
BR:MCF7,100,3,random,1.3009088663258976,,,,,
BR:MCF7,100,4,random,1.2871320722451045,,,,,
BR:MCF7,100,5,random,1.3927021665870996,,,,,
BR:MCF7,100,6,random,1.3888424336515355,,,,,
BR:MCF7,100,7,random,1.3743376754394174,,,,,
BR:MCF7,100,8,random,1.3666849734259447,,,,,
BR:MCF7,100,9,random,1.3635062997728475,,,,,
BR:MCF7,100,10,random,1.3504945887128879,,,,,
BR:MCF7,100,0,geometry_aware,0.9902854892517114,,,,,
BR:MCF7,100,-1,summary,,0.9902854892517114,1.3556128205865436,0.3653273313348322,10.0,15.0
BR:MCF7,200,1,random,1.3843671581536774,,,,,
BR:MCF7,200,2,random,1.3963455012230532,,,,,
BR:MCF7,200,3,random,1.4107672962394022,,,,,
BR:MCF7,200,4,random,1.346033434393967,,,,,
BR:MCF7,200,5,random,1.4002349379933403,,,,,
BR:MCF7,200,6,random,1.392377092173866,,,,,
BR:MCF7,200,7,random,1.405994745603452,,,,,
BR:MCF7,200,8,random,1.3728022561255095,,,,,
BR:MCF7,200,9,random,1.4127861614565655,,,,,
BR:MCF7,200,10,random,1.358510446011499,,,,,
BR:MCF7,200,0,geometry_aware,0.9635452993562765,,,,,
BR:MCF7,200,-1,summary,,0.9635452993562765,1.3880219029374332,0.4244766035811567,10.0,15.0
BR:MCF7,500,1,random,1.4139140245106756,,,,,
BR:MCF7,500,2,random,1.410733939609209,,,,,
BR:MCF7,500,3,random,1.4073099248015106,,,,,
BR:MCF7,500,4,random,1.3529492208654494,,,,,
BR:MCF7,500,5,random,1.412521758170384,,,,,
BR:MCF7,500,6,random,1.405897361226701,,,,,
BR:MCF7,500,7,random,1.4120889714845457,,,,,
BR:MCF7,500,8,random,1.4132403153739252,,,,,
BR:MCF7,500,9,random,1.413488192373079,,,,,
BR:MCF7,500,10,random,1.4128950283742572,,,,,
BR:MCF7,500,0,geometry_aware,0.8379590523804894,,,,,
BR:MCF7,500,-1,summary,,0.8379590523804894,1.4055038736789736,0.5675448212984842,10.0,15.0
BR:MDA-MB-231,50,1,random,1.2384747542552486,,,,,
BR:MDA-MB-231,50,2,random,1.3086345714958865,,,,,
BR:MDA-MB-231,50,3,random,1.2102147552649918,,,,,
BR:MDA-MB-231,50,4,random,1.2879316540580068,,,,,
BR:MDA-MB-231,50,5,random,1.2940981326031633,,,,,
BR:MDA-MB-231,50,6,random,1.349751174541055,,,,,
BR:MDA-MB-231,50,7,random,1.2259831820013667,,,,,
BR:MDA-MB-231,50,8,random,1.2691958140188966,,,,,
BR:MDA-MB-231,50,9,random,1.3290780342747621,,,,,
BR:MDA-MB-231,50,10,random,1.2725807517001197,,,,,
BR:MDA-MB-231,50,0,geometry_aware,1.1088186955172084,,,,,
BR:MDA-MB-231,50,-1,summary,,1.1088186955172084,1.2785942824213499,0.16977558690414152,10.0,22.0
BR:MDA-MB-231,100,1,random,1.351863951939573,,,,,
BR:MDA-MB-231,100,2,random,1.3928506053188878,,,,,
BR:MDA-MB-231,100,3,random,1.3305427694593248,,,,,
BR:MDA-MB-231,100,4,random,1.3918993401333344,,,,,
BR:MDA-MB-231,100,5,random,1.383873004955734,,,,,
BR:MDA-MB-231,100,6,random,1.383622144966078,,,,,
BR:MDA-MB-231,100,7,random,1.3665339600785593,,,,,
BR:MDA-MB-231,100,8,random,1.3963229827754586,,,,,
BR:MDA-MB-231,100,9,random,1.3865620730643788,,,,,
BR:MDA-MB-231,100,10,random,1.3546214649322936,,,,,
BR:MDA-MB-231,100,0,geometry_aware,0.9879909053029619,,,,,
BR:MDA-MB-231,100,-1,summary,,0.9879909053029619,1.3738692297623623,0.3858783244594004,10.0,22.0
BR:MDA-MB-231,200,1,random,1.4135028809264587,,,,,
BR:MDA-MB-231,200,2,random,1.4074030093804375,,,,,
BR:MDA-MB-231,200,3,random,1.3654293440509429,,,,,
BR:MDA-MB-231,200,4,random,1.3922153426247714,,,,,
BR:MDA-MB-231,200,5,random,1.4065376436138715,,,,,
BR:MDA-MB-231,200,6,random,1.4030171315121494,,,,,
BR:MDA-MB-231,200,7,random,1.3749050085572496,,,,,
BR:MDA-MB-231,200,8,random,1.3907796578222196,,,,,
BR:MDA-MB-231,200,9,random,1.3989542761353844,,,,,
BR:MDA-MB-231,200,10,random,1.3957506851305967,,,,,
BR:MDA-MB-231,200,0,geometry_aware,0.9636075558742657,,,,,
BR:MDA-MB-231,200,-1,summary,,0.9636075558742657,1.3948494979754082,0.43124194210114253,10.0,22.0
BR:MDA-MB-231,500,1,random,1.396848524858926,,,,,
BR:MDA-MB-231,500,2,random,1.4103811975776355,,,,,
BR:MDA-MB-231,500,3,random,1.4114338585460315,,,,,
BR:MDA-MB-231,500,4,random,1.413705962028929,,,,,
BR:MDA-MB-231,500,5,random,1.4092037541169473,,,,,
BR:MDA-MB-231,500,6,random,1.4103245584483206,,,,,
BR:MDA-MB-231,500,7,random,1.410833953516196,,,,,
BR:MDA-MB-231,500,8,random,1.389643461370647,,,,,
BR:MDA-MB-231,500,9,random,1.4138764270096034,,,,,
BR:MDA-MB-231,500,10,random,1.4133904271175624,,,,,
BR:MDA-MB-231,500,0,geometry_aware,0.8375585315990792,,,,,
BR:MDA-MB-231,500,-1,summary,,0.8375585315990792,1.4079642124590799,0.5704056808600007,10.0,22.0
BR:HS 578T,50,1,random,1.271946633931209,,,,,
BR:HS 578T,50,2,random,1.2624852594406093,,,,,
BR:HS 578T,50,3,random,1.3384553566427697,,,,,
BR:HS 578T,50,4,random,1.3205443589322463,,,,,
BR:HS 578T,50,5,random,1.2766828281982565,,,,,
BR:HS 578T,50,6,random,1.3425097832650117,,,,,
BR:HS 578T,50,7,random,1.338050939797851,,,,,
BR:HS 578T,50,8,random,1.2991592377875685,,,,,
BR:HS 578T,50,9,random,1.3081868357287196,,,,,
BR:HS 578T,50,10,random,1.277350281414979,,,,,
BR:HS 578T,50,0,geometry_aware,1.1090656725139225,,,,,
BR:HS 578T,50,-1,summary,,1.1090656725139225,1.3035371515139222,0.19447147899999973,10.0,15.0
BR:HS 578T,100,1,random,1.3259597076504925,,,,,
BR:HS 578T,100,2,random,1.4029535004406344,,,,,
BR:HS 578T,100,3,random,1.3905804268006965,,,,,
BR:HS 578T,100,4,random,1.3722227508577984,,,,,
BR:HS 578T,100,5,random,1.312778143589939,,,,,
BR:HS 578T,100,6,random,1.3566583619080137,,,,,
BR:HS 578T,100,7,random,1.409832469937195,,,,,
BR:HS 578T,100,8,random,1.359991344708831,,,,,
BR:HS 578T,100,9,random,1.3906128358335699,,,,,
BR:HS 578T,100,10,random,1.2957671771329864,,,,,
BR:HS 578T,100,0,geometry_aware,0.987637008652756,,,,,
BR:HS 578T,100,-1,summary,,0.987637008652756,1.3617356718860159,0.3740986632332598,10.0,15.0
BR:HS 578T,200,1,random,1.3996999519614244,,,,,
BR:HS 578T,200,2,random,1.3328301348937117,,,,,
BR:HS 578T,200,3,random,1.3786675119694662,,,,,
BR:HS 578T,200,4,random,1.3823143876765316,,,,,
BR:HS 578T,200,5,random,1.3900981526603606,,,,,
BR:HS 578T,200,6,random,1.3700770401261546,,,,,
BR:HS 578T,200,7,random,1.410804131000274,,,,,
BR:HS 578T,200,8,random,1.4037876093844524,,,,,
BR:HS 578T,200,9,random,1.4048881044281978,,,,,
BR:HS 578T,200,10,random,1.3907772621129413,,,,,
BR:HS 578T,200,0,geometry_aware,0.9628209540037225,,,,,
BR:HS 578T,200,-1,summary,,0.9628209540037225,1.3863944286213514,0.42357347461762895,10.0,15.0
BR:HS 578T,500,1,random,1.4096589827013999,,,,,
BR:HS 578T,500,2,random,1.4095347295225353,,,,,
BR:HS 578T,500,3,random,1.4098426448269035,,,,,
BR:HS 578T,500,4,random,1.397020283817569,,,,,
BR:HS 578T,500,5,random,1.4078834102288045,,,,,
BR:HS 578T,500,6,random,1.4123354464836888,,,,,
BR:HS 578T,500,7,random,1.4125418297203873,,,,,
BR:HS 578T,500,8,random,1.4139223330854955,,,,,
BR:HS 578T,500,9,random,1.3901151953822648,,,,,
BR:HS 578T,500,10,random,1.4119357552684677,,,,,
BR:HS 578T,500,0,geometry_aware,0.8370558950541942,,,,,
BR:HS 578T,500,-1,summary,,0.8370558950541942,1.4074790611037515,0.5704231660495573,10.0,15.0
BR:BT-549,50,1,random,1.3053057762413545,,,,,
BR:BT-549,50,2,random,1.2964232242180052,,,,,
BR:BT-549,50,3,random,1.2288652781706453,,,,,
BR:BT-549,50,4,random,1.351220792967848,,,,,
BR:BT-549,50,5,random,1.2875230051634519,,,,,
BR:BT-549,50,6,random,1.2270636838331137,,,,,
BR:BT-549,50,7,random,1.280087206608435,,,,,
BR:BT-549,50,8,random,1.1511327386842511,,,,,
BR:BT-549,50,9,random,1.3330501071934113,,,,,
BR:BT-549,50,10,random,1.3571547140663263,,,,,
BR:BT-549,50,0,geometry_aware,1.1103658873731805,,,,,
BR:BT-549,50,-1,summary,,1.1103658873731805,1.2817826527146843,0.17141676534150374,10.0,22.0
BR:BT-549,100,1,random,1.389759358130844,,,,,
BR:BT-549,100,2,random,1.268869572255944,,,,,
BR:BT-549,100,3,random,1.360201549450675,,,,,
BR:BT-549,100,4,random,1.370805374168752,,,,,
BR:BT-549,100,5,random,1.3297737240321281,,,,,
BR:BT-549,100,6,random,1.3441325593471827,,,,,
BR:BT-549,100,7,random,1.4107767553563826,,,,,
BR:BT-549,100,8,random,1.3342778952385637,,,,,
BR:BT-549,100,9,random,1.3765750452290755,,,,,
BR:BT-549,100,10,random,1.405061302077742,,,,,
BR:BT-549,100,0,geometry_aware,0.9840837642054784,,,,,
BR:BT-549,100,-1,summary,,0.9840837642054784,1.359023313528729,0.3749395493232507,10.0,22.0
BR:BT-549,200,1,random,1.4097001793533357,,,,,
BR:BT-549,200,2,random,1.4118980306039257,,,,,
BR:BT-549,200,3,random,1.4117752825589676,,,,,
BR:BT-549,200,4,random,1.4063099033236326,,,,,
BR:BT-549,200,5,random,1.4118188245982313,,,,,
BR:BT-549,200,6,random,1.401009101931551,,,,,
BR:BT-549,200,7,random,1.3413762287460973,,,,,
BR:BT-549,200,8,random,1.4097655996034129,,,,,
BR:BT-549,200,9,random,1.3653564617218639,,,,,
BR:BT-549,200,10,random,1.3990272568742157,,,,,
BR:BT-549,200,0,geometry_aware,0.9627417699620318,,,,,
BR:BT-549,200,-1,summary,,0.9627417699620318,1.3968036869315235,0.4340619169694917,10.0,22.0
BR:BT-549,500,1,random,1.413422683876315,,,,,
BR:BT-549,500,2,random,1.407778373039037,,,,,
BR:BT-549,500,3,random,1.394385511431862,,,,,
BR:BT-549,500,4,random,1.4095314628575673,,,,,
BR:BT-549,500,5,random,1.3732689192462393,,,,,
BR:BT-549,500,6,random,1.4107408770725218,,,,,
BR:BT-549,500,7,random,1.4091312493305037,,,,,
BR:BT-549,500,8,random,1.3819341105405036,,,,,
BR:BT-549,500,9,random,1.3663829104426117,,,,,
BR:BT-549,500,10,random,1.3475944702628666,,,,,
BR:BT-549,500,0,geometry_aware,0.833982051237759,,,,,
BR:BT-549,500,-1,summary,,0.833982051237759,1.3914170568100028,0.5574350055722438,10.0,22.0
BR:T-47D,50,1,random,1.2973958845207914,,,,,
BR:T-47D,50,2,random,1.2756555143968633,,,,,
BR:T-47D,50,3,random,1.305276417210666,,,,,
BR:T-47D,50,4,random,1.335358641485992,,,,,
BR:T-47D,50,5,random,1.3110409215374146,,,,,
BR:T-47D,50,6,random,1.3223811134177663,,,,,
BR:T-47D,50,7,random,1.3462324646219692,,,,,
BR:T-47D,50,8,random,1.3109673312888814,,,,,
BR:T-47D,50,9,random,1.278421801671237,,,,,
BR:T-47D,50,10,random,1.1461473317163435,,,,,
BR:T-47D,50,0,geometry_aware,1.1087592296854578,,,,,
BR:T-47D,50,-1,summary,,1.1087592296854578,1.2928877421867928,0.184128512501335,10.0,22.0
BR:T-47D,100,1,random,1.3371826551473966,,,,,
BR:T-47D,100,2,random,1.2727924252061333,,,,,
BR:T-47D,100,3,random,1.3731883645898164,,,,,
BR:T-47D,100,4,random,1.3285451145966645,,,,,
BR:T-47D,100,5,random,1.4131548306314157,,,,,
BR:T-47D,100,6,random,1.3890545828407987,,,,,
BR:T-47D,100,7,random,1.402714926317809,,,,,
BR:T-47D,100,8,random,1.3486851423899915,,,,,
BR:T-47D,100,9,random,1.3997319403507202,,,,,
BR:T-47D,100,10,random,1.3119319038387651,,,,,
BR:T-47D,100,0,geometry_aware,0.991297757293404,,,,,
BR:T-47D,100,-1,summary,,0.991297757293404,1.3576981885909511,0.3664004312975472,10.0,22.0
BR:T-47D,200,1,random,1.4071895909293852,,,,,
BR:T-47D,200,2,random,1.4071830324847383,,,,,
BR:T-47D,200,3,random,1.3538988077838112,,,,,
BR:T-47D,200,4,random,1.358581126052974,,,,,
BR:T-47D,200,5,random,1.4124710568053978,,,,,
BR:T-47D,200,6,random,1.4058391235130598,,,,,
BR:T-47D,200,7,random,1.4119850296674838,,,,,
BR:T-47D,200,8,random,1.3987378681143159,,,,,
BR:T-47D,200,9,random,1.405945154123613,,,,,
BR:T-47D,200,10,random,1.3537970284213043,,,,,
BR:T-47D,200,0,geometry_aware,0.9634901662166169,,,,,
BR:T-47D,200,-1,summary,,0.9634901662166169,1.3915627817896081,0.42807261557299126,10.0,22.0
BR:T-47D,500,1,random,1.4139078085884378,,,,,
BR:T-47D,500,2,random,1.4111240952632134,,,,,
BR:T-47D,500,3,random,1.4126377264818726,,,,,
BR:T-47D,500,4,random,1.41152500341156,,,,,
BR:T-47D,500,5,random,1.4116530522795816,,,,,
BR:T-47D,500,6,random,1.4040012906514745,,,,,
BR:T-47D,500,7,random,1.413197843953827,,,,,
BR:T-47D,500,8,random,1.4139249685652657,,,,,
BR:T-47D,500,9,random,1.3926348198511087,,,,,
BR:T-47D,500,10,random,1.4098979467211554,,,,,
BR:T-47D,500,0,geometry_aware,0.8383597848155517,,,,,
BR:T-47D,500,-1,summary,,0.8383597848155517,1.4094504555767498,0.571090670761198,10.0,22.0
CNS:SF-268,50,1,random,1.3236689861937088,,,,,
CNS:SF-268,50,2,random,1.1888374079738313,,,,,
CNS:SF-268,50,3,random,1.1151005782696073,,,,,
CNS:SF-268,50,4,random,1.2246314673954226,,,,,
CNS:SF-268,50,5,random,1.2703509794726786,,,,,
CNS:SF-268,50,6,random,1.2623130129751117,,,,,
CNS:SF-268,50,7,random,1.3107641689411809,,,,,
CNS:SF-268,50,8,random,1.219656814866953,,,,,
CNS:SF-268,50,9,random,1.2905753986873472,,,,,
CNS:SF-268,50,10,random,1.2965544863063938,,,,,
CNS:SF-268,50,0,geometry_aware,1.1093920312616425,,,,,
CNS:SF-268,50,-1,summary,,1.1093920312616425,1.2502453301082235,0.14085329884658093,10.0,22.0
CNS:SF-268,100,1,random,1.3795847794067673,,,,,
CNS:SF-268,100,2,random,1.4114677504547137,,,,,
CNS:SF-268,100,3,random,1.3724744745006583,,,,,
CNS:SF-268,100,4,random,1.341538308110546,,,,,
CNS:SF-268,100,5,random,1.374617745609654,,,,,
CNS:SF-268,100,6,random,1.40337702573075,,,,,
CNS:SF-268,100,7,random,1.3970030455059719,,,,,
CNS:SF-268,100,8,random,1.3970735248074175,,,,,
CNS:SF-268,100,9,random,1.3909917878950964,,,,,
CNS:SF-268,100,10,random,1.2912510607618926,,,,,
CNS:SF-268,100,0,geometry_aware,0.9865635752498355,,,,,
CNS:SF-268,100,-1,summary,,0.9865635752498355,1.3759379502783469,0.38937437502851135,10.0,22.0
CNS:SF-268,200,1,random,1.3992520802500052,,,,,
CNS:SF-268,200,2,random,1.4101606098468988,,,,,
CNS:SF-268,200,3,random,1.4011514953327198,,,,,
CNS:SF-268,200,4,random,1.4024247281089863,,,,,
CNS:SF-268,200,5,random,1.391509969493588,,,,,
CNS:SF-268,200,6,random,1.4024265775350717,,,,,
CNS:SF-268,200,7,random,1.3990164424770584,,,,,
CNS:SF-268,200,8,random,1.4055714463798874,,,,,
CNS:SF-268,200,9,random,1.3943104617190736,,,,,
CNS:SF-268,200,10,random,1.3974620676843155,,,,,
CNS:SF-268,200,0,geometry_aware,0.9630609728573531,,,,,
CNS:SF-268,200,-1,summary,,0.9630609728573531,1.4003285878827605,0.43726761502540734,10.0,22.0
CNS:SF-268,500,1,random,1.4141292346378063,,,,,
CNS:SF-268,500,2,random,1.412989709150424,,,,,
CNS:SF-268,500,3,random,1.4065594917340989,,,,,
CNS:SF-268,500,4,random,1.411458454620809,,,,,
CNS:SF-268,500,5,random,1.397613065654755,,,,,
CNS:SF-268,500,6,random,1.409575297426651,,,,,
CNS:SF-268,500,7,random,1.409843914762679,,,,,
CNS:SF-268,500,8,random,1.410613342029336,,,,,
CNS:SF-268,500,9,random,1.405140954779202,,,,,
CNS:SF-268,500,10,random,1.4103724927928178,,,,,
CNS:SF-268,500,0,geometry_aware,0.8332402949463097,,,,,
CNS:SF-268,500,-1,summary,,0.8332402949463097,1.4088295957588581,0.5755893008125484,10.0,22.0
CNS:SF-295,50,1,random,1.2054632606179492,,,,,
CNS:SF-295,50,2,random,1.0684029120423255,,,,,
CNS:SF-295,50,3,random,1.2495884010368543,,,,,
CNS:SF-295,50,4,random,1.263505906286073,,,,,
CNS:SF-295,50,5,random,1.183641854431592,,,,,
CNS:SF-295,50,6,random,1.1745688683941033,,,,,
CNS:SF-295,50,7,random,1.0813483613029353,,,,,
CNS:SF-295,50,8,random,1.1240878773652816,,,,,
CNS:SF-295,50,9,random,1.3154329015106665,,,,,
CNS:SF-295,50,10,random,0.9528163399168263,,,,,
CNS:SF-295,50,0,geometry_aware,1.409236308603476,,,,,
CNS:SF-295,50,-1,summary,,1.409236308603476,1.1618856682904606,-0.24735064031301546,10.0,5.0
CNS:SF-295,100,1,random,1.3172500686065227,,,,,
CNS:SF-295,100,2,random,1.2741214573729838,,,,,
CNS:SF-295,100,3,random,1.2692627279247586,,,,,
CNS:SF-295,100,4,random,1.3508018957345,,,,,
CNS:SF-295,100,5,random,1.4062140231196212,,,,,
CNS:SF-295,100,6,random,1.291245544112068,,,,,
CNS:SF-295,100,7,random,1.3718497360588517,,,,,
CNS:SF-295,100,8,random,1.3552628853432491,,,,,
CNS:SF-295,100,9,random,1.3555587252521408,,,,,
CNS:SF-295,100,10,random,1.2292199209062886,,,,,
CNS:SF-295,100,0,geometry_aware,1.4102152971547246,,,,,
CNS:SF-295,100,-1,summary,,1.4102152971547246,1.3220786984430988,-0.08813659871162582,10.0,5.0
CNS:SF-295,200,1,random,1.2677310009475764,,,,,
CNS:SF-295,200,2,random,1.3607394581303955,,,,,
CNS:SF-295,200,3,random,1.2604979116733894,,,,,
CNS:SF-295,200,4,random,1.3983718879190472,,,,,
CNS:SF-295,200,5,random,1.3844000766183109,,,,,
CNS:SF-295,200,6,random,1.3863413960957254,,,,,
CNS:SF-295,200,7,random,1.3892200423597176,,,,,
CNS:SF-295,200,8,random,1.3714538707118884,,,,,
CNS:SF-295,200,9,random,1.360578072278431,,,,,
CNS:SF-295,200,10,random,1.3737282355747913,,,,,
CNS:SF-295,200,0,geometry_aware,1.4122562785797688,,,,,
CNS:SF-295,200,-1,summary,,1.4122562785797688,1.3553061952309273,-0.05695008334884144,10.0,5.0
CNS:SF-295,500,1,random,1.3293385647770906,,,,,
CNS:SF-295,500,2,random,1.4142135592475673,,,,,
CNS:SF-295,500,3,random,1.3818279668036824,,,,,
CNS:SF-295,500,4,random,1.4131555129903781,,,,,
CNS:SF-295,500,5,random,1.4139997184584052,,,,,
CNS:SF-295,500,6,random,1.4137175229493337,,,,,
CNS:SF-295,500,7,random,1.4138964047267395,,,,,
CNS:SF-295,500,8,random,1.4138435043053916,,,,,
CNS:SF-295,500,9,random,1.4118669887414232,,,,,
CNS:SF-295,500,10,random,1.4085493045451807,,,,,
CNS:SF-295,500,0,geometry_aware,1.4141563762980935,,,,,
CNS:SF-295,500,-1,summary,,1.4141563762980935,1.4014409047545193,-0.01271547154357422,10.0,5.0
CNS:SNB-19,50,1,random,1.3393324610160893,,,,,
CNS:SNB-19,50,2,random,1.2829667471489894,,,,,
CNS:SNB-19,50,3,random,1.3123187632809525,,,,,
CNS:SNB-19,50,4,random,1.2588113780824228,,,,,
CNS:SNB-19,50,5,random,1.3695333734050879,,,,,
CNS:SNB-19,50,6,random,1.0843325555269454,,,,,
CNS:SNB-19,50,7,random,1.387970481828548,,,,,
CNS:SNB-19,50,8,random,1.2206931015714395,,,,,
CNS:SNB-19,50,9,random,1.2849191802026136,,,,,
CNS:SNB-19,50,10,random,1.2761773052505776,,,,,
CNS:SNB-19,50,0,geometry_aware,1.1087873570531164,,,,,
CNS:SNB-19,50,-1,summary,,1.1087873570531164,1.2817055347313666,0.17291817767825024,10.0,22.0
CNS:SNB-19,100,1,random,1.3704690101204469,,,,,
CNS:SNB-19,100,2,random,1.2618757329567247,,,,,
CNS:SNB-19,100,3,random,1.3709530562550056,,,,,
CNS:SNB-19,100,4,random,1.407221451747652,,,,,
CNS:SNB-19,100,5,random,1.211530608109489,,,,,
CNS:SNB-19,100,6,random,1.405271460490768,,,,,
CNS:SNB-19,100,7,random,1.3678032187570115,,,,,
CNS:SNB-19,100,8,random,1.4126207852360195,,,,,
CNS:SNB-19,100,9,random,1.358146829634424,,,,,
CNS:SNB-19,100,10,random,1.3812578753113796,,,,,
CNS:SNB-19,100,0,geometry_aware,0.9873086693844273,,,,,
CNS:SNB-19,100,-1,summary,,0.9873086693844273,1.3547150028618922,0.3674063334774649,10.0,22.0
CNS:SNB-19,200,1,random,1.4020174819794968,,,,,
CNS:SNB-19,200,2,random,1.4010263730513564,,,,,
CNS:SNB-19,200,3,random,1.40563238808402,,,,,
CNS:SNB-19,200,4,random,1.4063747512561289,,,,,
CNS:SNB-19,200,5,random,1.3423578805310772,,,,,
CNS:SNB-19,200,6,random,1.3967335027046706,,,,,
CNS:SNB-19,200,7,random,1.3966935546637713,,,,,
CNS:SNB-19,200,8,random,1.368384279971129,,,,,
CNS:SNB-19,200,9,random,1.4064699121982651,,,,,
CNS:SNB-19,200,10,random,1.3959312366656225,,,,,
CNS:SNB-19,200,0,geometry_aware,0.9633029271890425,,,,,
CNS:SNB-19,200,-1,summary,,0.9633029271890425,1.3921621361105538,0.4288592089215113,10.0,22.0
CNS:SNB-19,500,1,random,1.403398570892851,,,,,
CNS:SNB-19,500,2,random,1.40874228510642,,,,,
CNS:SNB-19,500,3,random,1.3949156336425643,,,,,
CNS:SNB-19,500,4,random,1.4121270385110785,,,,,
CNS:SNB-19,500,5,random,1.411974800258016,,,,,
CNS:SNB-19,500,6,random,1.410762034059307,,,,,
CNS:SNB-19,500,7,random,1.4088345718748285,,,,,
CNS:SNB-19,500,8,random,1.4004576396202573,,,,,
CNS:SNB-19,500,9,random,1.4115053534893796,,,,,
CNS:SNB-19,500,10,random,1.4116784456759148,,,,,
CNS:SNB-19,500,0,geometry_aware,0.8334574712795536,,,,,
CNS:SNB-19,500,-1,summary,,0.8334574712795536,1.4074396373130615,0.5739821660335079,10.0,22.0
CNS:SNB-75,50,1,random,1.355975829378198,,,,,
CNS:SNB-75,50,2,random,1.2995046792856386,,,,,
CNS:SNB-75,50,3,random,1.3293178823476122,,,,,
CNS:SNB-75,50,4,random,1.315522980903129,,,,,
CNS:SNB-75,50,5,random,1.2087224517616384,,,,,
CNS:SNB-75,50,6,random,1.2482407536744886,,,,,
CNS:SNB-75,50,7,random,1.170305622660726,,,,,
CNS:SNB-75,50,8,random,1.2343034248447153,,,,,
CNS:SNB-75,50,9,random,1.279624010227251,,,,,
CNS:SNB-75,50,10,random,1.3242871800470783,,,,,
CNS:SNB-75,50,0,geometry_aware,1.109927471404964,,,,,
CNS:SNB-75,50,-1,summary,,1.109927471404964,1.2765804815130473,0.1666530101080832,10.0,22.0
CNS:SNB-75,100,1,random,1.3991213672618403,,,,,
CNS:SNB-75,100,2,random,1.3744628535731727,,,,,
CNS:SNB-75,100,3,random,1.382930694847013,,,,,
CNS:SNB-75,100,4,random,1.3175126203408893,,,,,
CNS:SNB-75,100,5,random,1.376706761675755,,,,,
CNS:SNB-75,100,6,random,1.365560591961354,,,,,
CNS:SNB-75,100,7,random,1.3929176395675025,,,,,
CNS:SNB-75,100,8,random,1.3583445690837208,,,,,
CNS:SNB-75,100,9,random,1.2427399087003994,,,,,
CNS:SNB-75,100,10,random,1.403052628137177,,,,,
CNS:SNB-75,100,0,geometry_aware,0.982816791737939,,,,,
CNS:SNB-75,100,-1,summary,,0.982816791737939,1.3613349635148821,0.37851817177694314,10.0,22.0
CNS:SNB-75,200,1,random,1.341883145973691,,,,,
CNS:SNB-75,200,2,random,1.3861141423647563,,,,,
CNS:SNB-75,200,3,random,1.3961460620552717,,,,,
CNS:SNB-75,200,4,random,1.323880517286647,,,,,
CNS:SNB-75,200,5,random,1.4033913860029206,,,,,
CNS:SNB-75,200,6,random,1.39521238882296,,,,,
CNS:SNB-75,200,7,random,1.3977994834033511,,,,,
CNS:SNB-75,200,8,random,1.3938555213559436,,,,,
CNS:SNB-75,200,9,random,1.3867670792453837,,,,,
CNS:SNB-75,200,10,random,1.406049253376727,,,,,
CNS:SNB-75,200,0,geometry_aware,0.9626563432895122,,,,,
CNS:SNB-75,200,-1,summary,,0.9626563432895122,1.3831098979887653,0.42045355469925305,10.0,22.0
CNS:SNB-75,500,1,random,1.2736613223410664,,,,,
CNS:SNB-75,500,2,random,1.4083951554281051,,,,,
CNS:SNB-75,500,3,random,1.4094016066434107,,,,,
CNS:SNB-75,500,4,random,1.411167185559248,,,,,
CNS:SNB-75,500,5,random,1.4094363740798408,,,,,
CNS:SNB-75,500,6,random,1.4121036115755792,,,,,
CNS:SNB-75,500,7,random,1.3861654545722755,,,,,
CNS:SNB-75,500,8,random,1.4121182453131924,,,,,
CNS:SNB-75,500,9,random,1.3919519194753442,,,,,
CNS:SNB-75,500,10,random,1.4119323320341743,,,,,
CNS:SNB-75,500,0,geometry_aware,0.8348857100095857,,,,,
CNS:SNB-75,500,-1,summary,,0.8348857100095857,1.3926333207022237,0.557747610692638,10.0,22.0
CNS:U251,50,1,random,1.2349018000581373,,,,,
CNS:U251,50,2,random,1.3048452343968007,,,,,
CNS:U251,50,3,random,1.221933545871717,,,,,
CNS:U251,50,4,random,1.2516863173231378,,,,,
CNS:U251,50,5,random,1.2970870153827208,,,,,
CNS:U251,50,6,random,1.2516500392710823,,,,,
CNS:U251,50,7,random,1.271582628474564,,,,,
CNS:U251,50,8,random,1.349960404692226,,,,,
CNS:U251,50,9,random,1.2937879043901916,,,,,
CNS:U251,50,10,random,1.2371471511146044,,,,,
CNS:U251,50,0,geometry_aware,1.1094717083779966,,,,,
CNS:U251,50,-1,summary,,1.1094717083779966,1.271458204097518,0.1619864957195214,10.0,22.0
CNS:U251,100,1,random,1.3861481021950945,,,,,
CNS:U251,100,2,random,1.3964365197974156,,,,,
CNS:U251,100,3,random,1.3316152309634024,,,,,
CNS:U251,100,4,random,1.3944637929575652,,,,,
CNS:U251,100,5,random,1.3904740398858504,,,,,
CNS:U251,100,6,random,1.3431739298814536,,,,,
CNS:U251,100,7,random,1.3178585406864478,,,,,
CNS:U251,100,8,random,1.3963132807135703,,,,,
CNS:U251,100,9,random,1.3589488179563174,,,,,
CNS:U251,100,10,random,1.3907246852063104,,,,,
CNS:U251,100,0,geometry_aware,0.9918878404293401,,,,,
CNS:U251,100,-1,summary,,0.9918878404293401,1.3706156940243428,0.3787278535950027,10.0,22.0
CNS:U251,200,1,random,1.4122701240597353,,,,,
CNS:U251,200,2,random,1.3991010698072668,,,,,
CNS:U251,200,3,random,1.4094613438002037,,,,,
CNS:U251,200,4,random,1.4063001559005943,,,,,
CNS:U251,200,5,random,1.4113225898114077,,,,,
CNS:U251,200,6,random,1.412663104431612,,,,,
CNS:U251,200,7,random,1.409189302267358,,,,,
CNS:U251,200,8,random,1.397559838207791,,,,,
CNS:U251,200,9,random,1.4082408167325888,,,,,
CNS:U251,200,10,random,1.3990482407245302,,,,,
CNS:U251,200,0,geometry_aware,0.9633320335486925,,,,,
CNS:U251,200,-1,summary,,0.9633320335486925,1.4065156585743088,0.44318362502561637,10.0,22.0
CNS:U251,500,1,random,1.4116266531566923,,,,,
CNS:U251,500,2,random,1.4083849336457928,,,,,
CNS:U251,500,3,random,1.4008796155964438,,,,,
CNS:U251,500,4,random,1.3572665605884733,,,,,
CNS:U251,500,5,random,1.3649897817262475,,,,,
CNS:U251,500,6,random,1.414103650630764,,,,,
CNS:U251,500,7,random,1.4111859452352593,,,,,
CNS:U251,500,8,random,1.344016817412997,,,,,
CNS:U251,500,9,random,1.4045132873312083,,,,,
CNS:U251,500,10,random,1.4134266881342261,,,,,
CNS:U251,500,0,geometry_aware,0.837399858676555,,,,,
CNS:U251,500,-1,summary,,0.837399858676555,1.3930393933458105,0.5556395346692555,10.0,22.0
CO:COLO 205,50,1,random,1.3061677263187688,,,,,
CO:COLO 205,50,2,random,1.2375053746087838,,,,,
CO:COLO 205,50,3,random,1.2227358671320487,,,,,
CO:COLO 205,50,4,random,1.28246391812024,,,,,
CO:COLO 205,50,5,random,1.3008927105471035,,,,,
CO:COLO 205,50,6,random,1.2015085340473464,,,,,
CO:COLO 205,50,7,random,1.16604379555819,,,,,
CO:COLO 205,50,8,random,1.2901925055703363,,,,,
CO:COLO 205,50,9,random,1.29963000781382,,,,,
CO:COLO 205,50,10,random,1.2220453642750682,,,,,
CO:COLO 205,50,0,geometry_aware,1.1093697488625132,,,,,
CO:COLO 205,50,-1,summary,,1.1093697488625132,1.2529185803991705,0.14354883153665732,10.0,22.0
CO:COLO 205,100,1,random,1.3701061098532628,,,,,
CO:COLO 205,100,2,random,1.3789547487095055,,,,,
CO:COLO 205,100,3,random,1.3863337235338835,,,,,
CO:COLO 205,100,4,random,1.3961208660964002,,,,,
CO:COLO 205,100,5,random,1.3465297451380354,,,,,
CO:COLO 205,100,6,random,1.3951178392727388,,,,,
CO:COLO 205,100,7,random,1.3368232474517283,,,,,
CO:COLO 205,100,8,random,1.3436657914421197,,,,,
CO:COLO 205,100,9,random,1.3951842613560468,,,,,
CO:COLO 205,100,10,random,1.3607910604605082,,,,,
CO:COLO 205,100,0,geometry_aware,0.9903193683718826,,,,,
CO:COLO 205,100,-1,summary,,0.9903193683718826,1.370962739331423,0.3806433709595404,10.0,22.0
CO:COLO 205,200,1,random,1.3571998354353159,,,,,
CO:COLO 205,200,2,random,1.4116051866131152,,,,,
CO:COLO 205,200,3,random,1.3841571153062602,,,,,
CO:COLO 205,200,4,random,1.3460342911646455,,,,,
CO:COLO 205,200,5,random,1.371937925199,,,,,
CO:COLO 205,200,6,random,1.3991149531094362,,,,,
CO:COLO 205,200,7,random,1.391318195405713,,,,,
CO:COLO 205,200,8,random,1.40123777795156,,,,,
CO:COLO 205,200,9,random,1.3974527499111224,,,,,
CO:COLO 205,200,10,random,1.4012967660290525,,,,,
CO:COLO 205,200,0,geometry_aware,0.9630126359667536,,,,,
CO:COLO 205,200,-1,summary,,0.9630126359667536,1.386135479612522,0.42312284364576846,10.0,22.0
CO:COLO 205,500,1,random,1.4022227065374138,,,,,
CO:COLO 205,500,2,random,1.3977862444058395,,,,,
CO:COLO 205,500,3,random,1.3860409606117754,,,,,
CO:COLO 205,500,4,random,1.4042434985297905,,,,,
CO:COLO 205,500,5,random,1.4024141809424187,,,,,
CO:COLO 205,500,6,random,1.345386155533932,,,,,
CO:COLO 205,500,7,random,1.41365612734386,,,,,
CO:COLO 205,500,8,random,1.403198849135389,,,,,
CO:COLO 205,500,9,random,1.4126092995861577,,,,,
CO:COLO 205,500,10,random,1.4108110214978444,,,,,
CO:COLO 205,500,0,geometry_aware,0.8341804852938004,,,,,
CO:COLO 205,500,-1,summary,,0.8341804852938004,1.3978369044124421,0.5636564191186417,10.0,22.0
CO:HCC-2998,50,1,random,1.2490848603971683,,,,,
CO:HCC-2998,50,2,random,1.2801030350416835,,,,,
CO:HCC-2998,50,3,random,1.3450492406472914,,,,,
CO:HCC-2998,50,4,random,1.3660131647661848,,,,,
CO:HCC-2998,50,5,random,1.2383428019618363,,,,,
CO:HCC-2998,50,6,random,1.3230782058691508,,,,,
CO:HCC-2998,50,7,random,1.348348812853872,,,,,
CO:HCC-2998,50,8,random,1.2499441179896915,,,,,
CO:HCC-2998,50,9,random,1.2592281145745479,,,,,
CO:HCC-2998,50,10,random,1.319876602956357,,,,,
CO:HCC-2998,50,0,geometry_aware,1.1124385428697772,,,,,
CO:HCC-2998,50,-1,summary,,1.1124385428697772,1.2979068957057784,0.18546835283600127,10.0,22.0
CO:HCC-2998,100,1,random,1.359057434158368,,,,,
CO:HCC-2998,100,2,random,1.3236958015938907,,,,,
CO:HCC-2998,100,3,random,1.2690180909801405,,,,,
CO:HCC-2998,100,4,random,1.3270752541723567,,,,,
CO:HCC-2998,100,5,random,1.3044564504353542,,,,,
CO:HCC-2998,100,6,random,1.2774708518541682,,,,,
CO:HCC-2998,100,7,random,1.395042841203393,,,,,
CO:HCC-2998,100,8,random,1.3714156484829172,,,,,
CO:HCC-2998,100,9,random,1.38650610126702,,,,,
CO:HCC-2998,100,10,random,1.3866942632834376,,,,,
CO:HCC-2998,100,0,geometry_aware,0.9903095776420995,,,,,
CO:HCC-2998,100,-1,summary,,0.9903095776420995,1.3400432737431047,0.34973369610100524,10.0,22.0
CO:HCC-2998,200,1,random,1.3787682555420107,,,,,
CO:HCC-2998,200,2,random,1.32718662090678,,,,,
CO:HCC-2998,200,3,random,1.3978288517035535,,,,,
CO:HCC-2998,200,4,random,1.3971376280885432,,,,,
CO:HCC-2998,200,5,random,1.372862815518671,,,,,
CO:HCC-2998,200,6,random,1.4106026330632058,,,,,
CO:HCC-2998,200,7,random,1.4074103817064054,,,,,
CO:HCC-2998,200,8,random,1.4071898097516444,,,,,
CO:HCC-2998,200,9,random,1.387880085569894,,,,,
CO:HCC-2998,200,10,random,1.408279830962344,,,,,
CO:HCC-2998,200,0,geometry_aware,0.9638114658961023,,,,,
CO:HCC-2998,200,-1,summary,,0.9638114658961023,1.3895146912813052,0.4257032253852029,10.0,22.0
CO:HCC-2998,500,1,random,1.4123549443197114,,,,,
CO:HCC-2998,500,2,random,1.4056821019794004,,,,,
CO:HCC-2998,500,3,random,1.3926127172012013,,,,,
CO:HCC-2998,500,4,random,1.407406318648224,,,,,
CO:HCC-2998,500,5,random,1.4079293216584545,,,,,
CO:HCC-2998,500,6,random,1.361643630447588,,,,,
CO:HCC-2998,500,7,random,1.4109544050262104,,,,,
CO:HCC-2998,500,8,random,1.4011680413074759,,,,,
CO:HCC-2998,500,9,random,1.283900288675147,,,,,
CO:HCC-2998,500,10,random,1.4127049113737569,,,,,
CO:HCC-2998,500,0,geometry_aware,0.9346357032210025,,,,,
CO:HCC-2998,500,-1,summary,,0.9346357032210025,1.389635668063717,0.45499996484271443,10.0,22.0
CO:HCT-116,50,1,random,1.2506553563292662,,,,,
CO:HCT-116,50,2,random,1.241043621725069,,,,,
CO:HCT-116,50,3,random,1.3202417462287206,,,,,
CO:HCT-116,50,4,random,1.3714643067136714,,,,,
CO:HCT-116,50,5,random,1.1954221490831953,,,,,
CO:HCT-116,50,6,random,1.2402746791319796,,,,,
CO:HCT-116,50,7,random,1.3209807440851593,,,,,
CO:HCT-116,50,8,random,1.2502787230014545,,,,,
CO:HCT-116,50,9,random,1.341008662834332,,,,,
CO:HCT-116,50,10,random,1.3760877484323255,,,,,
CO:HCT-116,50,0,geometry_aware,1.1091538067062003,,,,,
CO:HCT-116,50,-1,summary,,1.1091538067062003,1.2907457737565173,0.181591967050317,10.0,15.0
CO:HCT-116,100,1,random,1.3920911042492128,,,,,
CO:HCT-116,100,2,random,1.4035873918057424,,,,,
CO:HCT-116,100,3,random,1.378707921368493,,,,,
CO:HCT-116,100,4,random,1.4113354871045785,,,,,
CO:HCT-116,100,5,random,1.2854411733476365,,,,,
CO:HCT-116,100,6,random,1.4073499753435776,,,,,
CO:HCT-116,100,7,random,1.4119720181235842,,,,,
CO:HCT-116,100,8,random,1.4008864743045955,,,,,
CO:HCT-116,100,9,random,1.3548537986704392,,,,,
CO:HCT-116,100,10,random,1.2999100532937216,,,,,
CO:HCT-116,100,0,geometry_aware,0.9883936148090736,,,,,
CO:HCT-116,100,-1,summary,,0.9883936148090736,1.374613539761158,0.38621992495208446,10.0,15.0
CO:HCT-116,200,1,random,1.4078505615108907,,,,,
CO:HCT-116,200,2,random,1.4088230456785638,,,,,
CO:HCT-116,200,3,random,1.3791632967851568,,,,,
CO:HCT-116,200,4,random,1.3997754744804114,,,,,
CO:HCT-116,200,5,random,1.4063502896382682,,,,,
CO:HCT-116,200,6,random,1.3938375342446494,,,,,
CO:HCT-116,200,7,random,1.3450682672861423,,,,,
CO:HCT-116,200,8,random,1.4035925949449537,,,,,
CO:HCT-116,200,9,random,1.397603184420473,,,,,
CO:HCT-116,200,10,random,1.4103600247032857,,,,,
CO:HCT-116,200,0,geometry_aware,0.9635469083708081,,,,,
CO:HCT-116,200,-1,summary,,0.9635469083708081,1.3952424273692796,0.4316955189984715,10.0,15.0
CO:HCT-116,500,1,random,1.3957919661409546,,,,,
CO:HCT-116,500,2,random,1.414122333403733,,,,,
CO:HCT-116,500,3,random,1.403506192146573,,,,,
CO:HCT-116,500,4,random,1.38119383195432,,,,,
CO:HCT-116,500,5,random,1.4134945141635715,,,,,
CO:HCT-116,500,6,random,1.4097149637978512,,,,,
CO:HCT-116,500,7,random,1.4136064427980848,,,,,
CO:HCT-116,500,8,random,1.4138118151393604,,,,,
CO:HCT-116,500,9,random,1.4093493920102356,,,,,
CO:HCT-116,500,10,random,1.4121029893386523,,,,,
CO:HCT-116,500,0,geometry_aware,0.8378549347601238,,,,,
CO:HCT-116,500,-1,summary,,0.8378549347601238,1.4066694440893337,0.5688145093292098,10.0,15.0
CO:HCT-15,50,1,random,1.369251568257812,,,,,
CO:HCT-15,50,2,random,1.3551685146663157,,,,,
CO:HCT-15,50,3,random,1.4003956086247924,,,,,
CO:HCT-15,50,4,random,1.3262236852358427,,,,,
CO:HCT-15,50,5,random,1.3926502096408468,,,,,
CO:HCT-15,50,6,random,1.0636747409497433,,,,,
CO:HCT-15,50,7,random,1.3952797022890449,,,,,
CO:HCT-15,50,8,random,1.3188116679224433,,,,,
CO:HCT-15,50,9,random,1.4123830097159522,,,,,
CO:HCT-15,50,10,random,1.4073098258814578,,,,,
CO:HCT-15,50,0,geometry_aware,1.4089418605832547,,,,,
CO:HCT-15,50,-1,summary,,1.4089418605832547,1.3441148533184248,-0.06482700726482982,10.0,2.0
CO:HCT-15,100,1,random,1.3814210794422723,,,,,
CO:HCT-15,100,2,random,1.4132147579830563,,,,,
CO:HCT-15,100,3,random,1.4017190063104334,,,,,
CO:HCT-15,100,4,random,1.4066848550676605,,,,,
CO:HCT-15,100,5,random,1.1263910320612587,,,,,
CO:HCT-15,100,6,random,1.3863873718315631,,,,,
CO:HCT-15,100,7,random,1.3337928345258527,,,,,
CO:HCT-15,100,8,random,1.3811324562873541,,,,,
CO:HCT-15,100,9,random,1.3114081482419546,,,,,
CO:HCT-15,100,10,random,1.4035235703371969,,,,,
CO:HCT-15,100,0,geometry_aware,1.410616843127965,,,,,
CO:HCT-15,100,-1,summary,,1.410616843127965,1.3545675112088602,-0.05604933191910488,10.0,2.0
CO:HCT-15,200,1,random,1.375695729059111,,,,,
CO:HCT-15,200,2,random,1.4025869188412086,,,,,
CO:HCT-15,200,3,random,1.4140995053573733,,,,,
CO:HCT-15,200,4,random,1.4081230514314234,,,,,
CO:HCT-15,200,5,random,1.408799163235838,,,,,
CO:HCT-15,200,6,random,1.4013889408782834,,,,,
CO:HCT-15,200,7,random,1.4092584138285795,,,,,
CO:HCT-15,200,8,random,1.3912497099565906,,,,,
CO:HCT-15,200,9,random,1.4141610894612355,,,,,
CO:HCT-15,200,10,random,1.4087418680047414,,,,,
CO:HCT-15,200,0,geometry_aware,1.411573116445809,,,,,
CO:HCT-15,200,-1,summary,,1.411573116445809,1.4034104390054383,-0.008162677440370691,10.0,2.0
CO:HCT-15,500,1,random,1.414177445669934,,,,,
CO:HCT-15,500,2,random,1.4141956428100892,,,,,
CO:HCT-15,500,3,random,1.4073986598645698,,,,,
CO:HCT-15,500,4,random,1.41398893617188,,,,,
CO:HCT-15,500,5,random,1.4141713047677629,,,,,
CO:HCT-15,500,6,random,1.4105249233452204,,,,,
CO:HCT-15,500,7,random,1.4141052494040285,,,,,
CO:HCT-15,500,8,random,1.4089739793095288,,,,,
CO:HCT-15,500,9,random,1.4069468332577253,,,,,
CO:HCT-15,500,10,random,1.413851197297389,,,,,
CO:HCT-15,500,0,geometry_aware,1.4140458249376473,,,,,
CO:HCT-15,500,-1,summary,,1.4140458249376473,1.4118334171898126,-0.0022124077478347104,10.0,2.0
CO:HT29,50,1,random,1.2546428204934512,,,,,
CO:HT29,50,2,random,1.2858218714829037,,,,,
CO:HT29,50,3,random,1.202299647696937,,,,,
CO:HT29,50,4,random,1.3372613425488975,,,,,
CO:HT29,50,5,random,1.276683970708924,,,,,
CO:HT29,50,6,random,1.3190025912576,,,,,
CO:HT29,50,7,random,1.3166920435107667,,,,,
CO:HT29,50,8,random,1.2278510709236103,,,,,
CO:HT29,50,9,random,1.2792091577486115,,,,,
CO:HT29,50,10,random,1.2553121462595347,,,,,
CO:HT29,50,0,geometry_aware,1.1091729540805813,,,,,
CO:HT29,50,-1,summary,,1.1091729540805813,1.2754776662631238,0.1663047121825425,10.0,22.0
CO:HT29,100,1,random,1.370530080026261,,,,,
CO:HT29,100,2,random,1.3998546534955476,,,,,
CO:HT29,100,3,random,1.3302957972903533,,,,,
CO:HT29,100,4,random,1.3653882564738002,,,,,
CO:HT29,100,5,random,1.3602305196876776,,,,,
CO:HT29,100,6,random,1.3919876215875573,,,,,
CO:HT29,100,7,random,1.2564165669876934,,,,,
CO:HT29,100,8,random,1.390037918287918,,,,,
CO:HT29,100,9,random,1.3233219948740023,,,,,
CO:HT29,100,10,random,1.3272200916452326,,,,,
CO:HT29,100,0,geometry_aware,0.9906321725585377,,,,,
CO:HT29,100,-1,summary,,0.9906321725585377,1.3515283500356043,0.3608961774770666,10.0,22.0
CO:HT29,200,1,random,1.3937817258161826,,,,,
CO:HT29,200,2,random,1.399726146918364,,,,,
CO:HT29,200,3,random,1.4019424106337213,,,,,
CO:HT29,200,4,random,1.4028270292905431,,,,,
CO:HT29,200,5,random,1.394216769877976,,,,,
CO:HT29,200,6,random,1.3769729390088223,,,,,
CO:HT29,200,7,random,1.4130255134991723,,,,,
CO:HT29,200,8,random,1.4095548102300397,,,,,
CO:HT29,200,9,random,1.4053289102379514,,,,,
CO:HT29,200,10,random,1.3988782645368498,,,,,
CO:HT29,200,0,geometry_aware,0.9636174305183617,,,,,
CO:HT29,200,-1,summary,,0.9636174305183617,1.3996254520049622,0.43600802148660056,10.0,22.0
CO:HT29,500,1,random,1.3844544344249237,,,,,
CO:HT29,500,2,random,1.406935042997504,,,,,
CO:HT29,500,3,random,1.4098127501725515,,,,,
CO:HT29,500,4,random,1.4092833238339495,,,,,
CO:HT29,500,5,random,1.4127094599122265,,,,,
CO:HT29,500,6,random,1.4125758864031832,,,,,
CO:HT29,500,7,random,1.4113372674243196,,,,,
CO:HT29,500,8,random,1.4120200684583235,,,,,
CO:HT29,500,9,random,1.3506572282910998,,,,,
CO:HT29,500,10,random,1.4123658626660613,,,,,
CO:HT29,500,0,geometry_aware,0.8347492515806849,,,,,
CO:HT29,500,-1,summary,,0.8347492515806849,1.4022151324584142,0.5674658808777293,10.0,22.0
CO:KM12,50,1,random,1.2121625269763183,,,,,
CO:KM12,50,2,random,1.2380340717634228,,,,,
CO:KM12,50,3,random,1.3322025259154904,,,,,
CO:KM12,50,4,random,1.3386787521558778,,,,,
CO:KM12,50,5,random,1.2890965152605591,,,,,
CO:KM12,50,6,random,1.3035990012213332,,,,,
CO:KM12,50,7,random,1.3000926203164362,,,,,
CO:KM12,50,8,random,1.2308311338869002,,,,,
CO:KM12,50,9,random,1.359117033824115,,,,,
CO:KM12,50,10,random,1.3207912658672682,,,,,
CO:KM12,50,0,geometry_aware,1.1095333935810225,,,,,
CO:KM12,50,-1,summary,,1.1095333935810225,1.292460544718772,0.1829271511377495,10.0,22.0
CO:KM12,100,1,random,1.3949413813268887,,,,,
CO:KM12,100,2,random,1.39366607389812,,,,,
CO:KM12,100,3,random,1.393840733577957,,,,,
CO:KM12,100,4,random,1.320326851260962,,,,,
CO:KM12,100,5,random,1.407097268640193,,,,,
CO:KM12,100,6,random,1.3977507188289957,,,,,
CO:KM12,100,7,random,1.4120105696285714,,,,,
CO:KM12,100,8,random,1.333478596069955,,,,,
CO:KM12,100,9,random,1.3758637959986582,,,,,
CO:KM12,100,10,random,1.3198520173629862,,,,,
CO:KM12,100,0,geometry_aware,0.9910800508133933,,,,,
CO:KM12,100,-1,summary,,0.9910800508133933,1.3748828006593288,0.38380274984593543,10.0,22.0
CO:KM12,200,1,random,1.4068536893391859,,,,,
CO:KM12,200,2,random,1.405174353210438,,,,,
CO:KM12,200,3,random,1.4050452366551565,,,,,
CO:KM12,200,4,random,1.406531353498808,,,,,
CO:KM12,200,5,random,1.3988909830897895,,,,,
CO:KM12,200,6,random,1.4092007448557797,,,,,
CO:KM12,200,7,random,1.3968064386716463,,,,,
CO:KM12,200,8,random,1.39478279707665,,,,,
CO:KM12,200,9,random,1.4115206064355097,,,,,
CO:KM12,200,10,random,1.4116581648989084,,,,,
CO:KM12,200,0,geometry_aware,0.9633794444482844,,,,,
CO:KM12,200,-1,summary,,0.9633794444482844,1.404646436773187,0.44126699232490263,10.0,22.0
CO:KM12,500,1,random,1.4102677898944105,,,,,
CO:KM12,500,2,random,1.4067509914090301,,,,,
CO:KM12,500,3,random,1.407750882012598,,,,,
CO:KM12,500,4,random,1.4117768958204175,,,,,
CO:KM12,500,5,random,1.4127044811744356,,,,,
CO:KM12,500,6,random,1.40935380479543,,,,,
CO:KM12,500,7,random,1.4126681821567768,,,,,
CO:KM12,500,8,random,1.4122489526686244,,,,,
CO:KM12,500,9,random,1.4121410375462868,,,,,
CO:KM12,500,10,random,1.4135594273452705,,,,,
CO:KM12,500,0,geometry_aware,0.836620451758989,,,,,
CO:KM12,500,-1,summary,,0.836620451758989,1.4109222444823282,0.5743017927233391,10.0,22.0
CO:SW-620,50,1,random,1.2531708823626277,,,,,
CO:SW-620,50,2,random,1.2126964561379874,,,,,
CO:SW-620,50,3,random,1.3270570988138009,,,,,
CO:SW-620,50,4,random,1.269178507683257,,,,,
CO:SW-620,50,5,random,1.3334035075713362,,,,,
CO:SW-620,50,6,random,1.2758294867703541,,,,,
CO:SW-620,50,7,random,1.2479855415397254,,,,,
CO:SW-620,50,8,random,1.3601689560811496,,,,,
CO:SW-620,50,9,random,1.3223364249341778,,,,,
CO:SW-620,50,10,random,1.1815044531439978,,,,,
CO:SW-620,50,0,geometry_aware,1.108894700071323,,,,,
CO:SW-620,50,-1,summary,,1.108894700071323,1.2783331315038413,0.16943843143251835,10.0,22.0
CO:SW-620,100,1,random,1.3887573929934056,,,,,
CO:SW-620,100,2,random,1.4041671614085782,,,,,
CO:SW-620,100,3,random,1.3422451606567463,,,,,
CO:SW-620,100,4,random,1.2620517078045668,,,,,
CO:SW-620,100,5,random,1.3851520032606288,,,,,
CO:SW-620,100,6,random,1.3274682892551073,,,,,
CO:SW-620,100,7,random,1.3219398567234044,,,,,
CO:SW-620,100,8,random,1.402354657498547,,,,,
CO:SW-620,100,9,random,1.406944248985384,,,,,
CO:SW-620,100,10,random,1.3206322570508036,,,,,
CO:SW-620,100,0,geometry_aware,0.9888184814715182,,,,,
CO:SW-620,100,-1,summary,,0.9888184814715182,1.3561712735637175,0.3673527920921993,10.0,22.0
CO:SW-620,200,1,random,1.3737594839758742,,,,,
CO:SW-620,200,2,random,1.4109661627264238,,,,,
CO:SW-620,200,3,random,1.4058200617996872,,,,,
CO:SW-620,200,4,random,1.4014772423863306,,,,,
CO:SW-620,200,5,random,1.408532229884575,,,,,
CO:SW-620,200,6,random,1.399917347942806,,,,,
CO:SW-620,200,7,random,1.3776282096755783,,,,,
CO:SW-620,200,8,random,1.4009017104002592,,,,,
CO:SW-620,200,9,random,1.4021574456021941,,,,,
CO:SW-620,200,10,random,1.4102187136598543,,,,,
CO:SW-620,200,0,geometry_aware,0.9640442929563936,,,,,
CO:SW-620,200,-1,summary,,0.9640442929563936,1.3991378608053584,0.4350935678489648,10.0,22.0
CO:SW-620,500,1,random,1.4133507681217383,,,,,
CO:SW-620,500,2,random,1.357600671981665,,,,,
CO:SW-620,500,3,random,1.4011251156679556,,,,,
CO:SW-620,500,4,random,1.4112274886505547,,,,,
CO:SW-620,500,5,random,1.4025742395787053,,,,,
CO:SW-620,500,6,random,1.412927854881087,,,,,
CO:SW-620,500,7,random,1.4080084468477694,,,,,
CO:SW-620,500,8,random,1.4027462238659216,,,,,
CO:SW-620,500,9,random,1.4106886778965642,,,,,
CO:SW-620,500,10,random,1.3981973906031562,,,,,
CO:SW-620,500,0,geometry_aware,0.9379342309262169,,,,,
CO:SW-620,500,-1,summary,,0.9379342309262169,1.4018446878095117,0.4639104568832948,10.0,22.0
LE:CCRF-CEM,50,1,random,1.3428429267418145,,,,,
LE:CCRF-CEM,50,2,random,1.2514405274967275,,,,,
LE:CCRF-CEM,50,3,random,1.3067448235308328,,,,,
LE:CCRF-CEM,50,4,random,1.3050565358878925,,,,,
LE:CCRF-CEM,50,5,random,1.2744632260446978,,,,,
LE:CCRF-CEM,50,6,random,1.2944920697908726,,,,,
LE:CCRF-CEM,50,7,random,1.2993726725581471,,,,,
LE:CCRF-CEM,50,8,random,1.3481501926538202,,,,,
LE:CCRF-CEM,50,9,random,1.2266725921373658,,,,,
LE:CCRF-CEM,50,10,random,1.3392035471068415,,,,,
LE:CCRF-CEM,50,0,geometry_aware,1.1090692640346784,,,,,
LE:CCRF-CEM,50,-1,summary,,1.1090692640346784,1.298843911394901,0.18977464736022265,10.0,22.0
LE:CCRF-CEM,100,1,random,1.3778580964896086,,,,,
LE:CCRF-CEM,100,2,random,1.3891444367341654,,,,,
LE:CCRF-CEM,100,3,random,1.2298184161567278,,,,,
LE:CCRF-CEM,100,4,random,1.3529966324584892,,,,,
LE:CCRF-CEM,100,5,random,1.2350598792497998,,,,,
LE:CCRF-CEM,100,6,random,1.4102243565264612,,,,,
LE:CCRF-CEM,100,7,random,1.3984787187189953,,,,,
LE:CCRF-CEM,100,8,random,1.3522561776988178,,,,,
LE:CCRF-CEM,100,9,random,1.3281613230011404,,,,,
LE:CCRF-CEM,100,10,random,1.3922258179096707,,,,,
LE:CCRF-CEM,100,0,geometry_aware,0.9891967665428164,,,,,
LE:CCRF-CEM,100,-1,summary,,0.9891967665428164,1.3466223854943875,0.3574256189515711,10.0,22.0
LE:CCRF-CEM,200,1,random,1.4062900338948223,,,,,
LE:CCRF-CEM,200,2,random,1.400146011716444,,,,,
LE:CCRF-CEM,200,3,random,1.3885369278272854,,,,,
LE:CCRF-CEM,200,4,random,1.3609900227512357,,,,,
LE:CCRF-CEM,200,5,random,1.4061654150117706,,,,,
LE:CCRF-CEM,200,6,random,1.3486659124243614,,,,,
LE:CCRF-CEM,200,7,random,1.3937580111391066,,,,,
LE:CCRF-CEM,200,8,random,1.381472822854304,,,,,
LE:CCRF-CEM,200,9,random,1.3986949518753908,,,,,
LE:CCRF-CEM,200,10,random,1.3943963016304446,,,,,
LE:CCRF-CEM,200,0,geometry_aware,0.9640554670103392,,,,,
LE:CCRF-CEM,200,-1,summary,,0.9640554670103392,1.3879116411125163,0.42385617410217713,10.0,22.0
LE:CCRF-CEM,500,1,random,1.409671891974396,,,,,
LE:CCRF-CEM,500,2,random,1.4074816582361216,,,,,
LE:CCRF-CEM,500,3,random,1.4094086766514555,,,,,
LE:CCRF-CEM,500,4,random,1.409437468609005,,,,,
LE:CCRF-CEM,500,5,random,1.4129081327587611,,,,,
LE:CCRF-CEM,500,6,random,1.410680965380087,,,,,
LE:CCRF-CEM,500,7,random,1.4077025856972012,,,,,
LE:CCRF-CEM,500,8,random,1.39962674304096,,,,,
LE:CCRF-CEM,500,9,random,1.4075979336121118,,,,,
LE:CCRF-CEM,500,10,random,1.4121378490990042,,,,,
LE:CCRF-CEM,500,0,geometry_aware,0.8379865876781177,,,,,
LE:CCRF-CEM,500,-1,summary,,0.8379865876781177,1.4086653905059103,0.5706788028277926,10.0,22.0
LE:HL-60(TB),50,1,random,1.3480200722113662,,,,,
LE:HL-60(TB),50,2,random,1.2302505404702695,,,,,
LE:HL-60(TB),50,3,random,1.1730408733114197,,,,,
LE:HL-60(TB),50,4,random,1.2300191021512392,,,,,
LE:HL-60(TB),50,5,random,1.2178119931048992,,,,,
LE:HL-60(TB),50,6,random,1.2470912169767545,,,,,
LE:HL-60(TB),50,7,random,1.2897235845781398,,,,,
LE:HL-60(TB),50,8,random,1.2939107071989193,,,,,
LE:HL-60(TB),50,9,random,1.1891135399308252,,,,,
LE:HL-60(TB),50,10,random,1.293483669352577,,,,,
LE:HL-60(TB),50,0,geometry_aware,1.1083802955097577,,,,,
LE:HL-60(TB),50,-1,summary,,1.1083802955097577,1.251246529928641,0.14286623441888335,10.0,22.0
LE:HL-60(TB),100,1,random,1.370895630110884,,,,,
LE:HL-60(TB),100,2,random,1.3614451645686065,,,,,
LE:HL-60(TB),100,3,random,1.3895239649167428,,,,,
LE:HL-60(TB),100,4,random,1.3994290354378804,,,,,
LE:HL-60(TB),100,5,random,1.3291843774808976,,,,,
LE:HL-60(TB),100,6,random,1.3012688353303519,,,,,
LE:HL-60(TB),100,7,random,1.35417559932935,,,,,
LE:HL-60(TB),100,8,random,1.3644739367748024,,,,,
LE:HL-60(TB),100,9,random,1.3926244240938768,,,,,
LE:HL-60(TB),100,10,random,1.37873542530723,,,,,
LE:HL-60(TB),100,0,geometry_aware,0.9862930389428257,,,,,
LE:HL-60(TB),100,-1,summary,,0.9862930389428257,1.3641756393350621,0.3778826003922364,10.0,22.0
LE:HL-60(TB),200,1,random,1.3746134177982876,,,,,
LE:HL-60(TB),200,2,random,1.4067823559470227,,,,,
LE:HL-60(TB),200,3,random,1.3696183274608373,,,,,
LE:HL-60(TB),200,4,random,1.374268179920525,,,,,
LE:HL-60(TB),200,5,random,1.4042331638607883,,,,,
LE:HL-60(TB),200,6,random,1.3988724557772185,,,,,
LE:HL-60(TB),200,7,random,1.402209356167489,,,,,
LE:HL-60(TB),200,8,random,1.3945933505412191,,,,,
LE:HL-60(TB),200,9,random,1.4137127934878073,,,,,
LE:HL-60(TB),200,10,random,1.3561925645418393,,,,,
LE:HL-60(TB),200,0,geometry_aware,0.962611526396471,,,,,
LE:HL-60(TB),200,-1,summary,,0.962611526396471,1.3895095965503035,0.4268980701538325,10.0,22.0
LE:HL-60(TB),500,1,random,1.4124124162429799,,,,,
LE:HL-60(TB),500,2,random,1.4123774897378414,,,,,
LE:HL-60(TB),500,3,random,1.3790409410878524,,,,,
LE:HL-60(TB),500,4,random,1.413998820162306,,,,,
LE:HL-60(TB),500,5,random,1.4087954605737494,,,,,
LE:HL-60(TB),500,6,random,1.4138442348760314,,,,,
LE:HL-60(TB),500,7,random,1.4112531958069954,,,,,
LE:HL-60(TB),500,8,random,1.4134770265833687,,,,,
LE:HL-60(TB),500,9,random,1.4136503833922498,,,,,
LE:HL-60(TB),500,10,random,1.4061726435418773,,,,,
LE:HL-60(TB),500,0,geometry_aware,0.8344432295505853,,,,,
LE:HL-60(TB),500,-1,summary,,0.8344432295505853,1.4085022612005251,0.5740590316499399,10.0,22.0
LE:K-562,50,1,random,1.1918494488780962,,,,,
LE:K-562,50,2,random,1.2589833967363708,,,,,
LE:K-562,50,3,random,1.1607881643210831,,,,,
LE:K-562,50,4,random,1.311356675441309,,,,,
LE:K-562,50,5,random,1.3023947342782032,,,,,
LE:K-562,50,6,random,1.147432123305154,,,,,
LE:K-562,50,7,random,1.2868718915165867,,,,,
LE:K-562,50,8,random,1.2834698195470817,,,,,
LE:K-562,50,9,random,1.1322649168576786,,,,,
LE:K-562,50,10,random,1.2346967063840142,,,,,
LE:K-562,50,0,geometry_aware,1.109187119067023,,,,,
LE:K-562,50,-1,summary,,1.109187119067023,1.2310107877265577,0.12182366865953465,10.0,22.0
LE:K-562,100,1,random,1.374611477680144,,,,,
LE:K-562,100,2,random,1.3723000470765603,,,,,
LE:K-562,100,3,random,1.406729387467808,,,,,
LE:K-562,100,4,random,1.3806405990457453,,,,,
LE:K-562,100,5,random,1.3916792532334439,,,,,
LE:K-562,100,6,random,1.3454047951642754,,,,,
LE:K-562,100,7,random,1.3972337429072788,,,,,
LE:K-562,100,8,random,1.3318157341736405,,,,,
LE:K-562,100,9,random,1.2776083728412972,,,,,
LE:K-562,100,10,random,1.3730660107333712,,,,,
LE:K-562,100,0,geometry_aware,0.9907693756634877,,,,,
LE:K-562,100,-1,summary,,0.9907693756634877,1.3651089420323566,0.3743395663688689,10.0,22.0
LE:K-562,200,1,random,1.4055756104958077,,,,,
LE:K-562,200,2,random,1.4119596855333492,,,,,
LE:K-562,200,3,random,1.3795522946751817,,,,,
LE:K-562,200,4,random,1.387625547814075,,,,,
LE:K-562,200,5,random,1.40308970131875,,,,,
LE:K-562,200,6,random,1.410015414382237,,,,,
LE:K-562,200,7,random,1.410351439546701,,,,,
LE:K-562,200,8,random,1.4077296984711856,,,,,
LE:K-562,200,9,random,1.3547186084571436,,,,,
LE:K-562,200,10,random,1.3977860525718944,,,,,
LE:K-562,200,0,geometry_aware,0.9632270806430022,,,,,
LE:K-562,200,-1,summary,,0.9632270806430022,1.3968404053266326,0.43361332468363034,10.0,22.0
LE:K-562,500,1,random,1.4010356618748159,,,,,
LE:K-562,500,2,random,1.4136694175966418,,,,,
LE:K-562,500,3,random,1.413316136386897,,,,,
LE:K-562,500,4,random,1.4126790648921905,,,,,
LE:K-562,500,5,random,1.3412270492832272,,,,,
LE:K-562,500,6,random,1.4077884453531428,,,,,
LE:K-562,500,7,random,1.412957287795848,,,,,
LE:K-562,500,8,random,1.3947545181350032,,,,,
LE:K-562,500,9,random,1.4117772372188515,,,,,
LE:K-562,500,10,random,1.3439703451731053,,,,,
LE:K-562,500,0,geometry_aware,0.9343106634857146,,,,,
LE:K-562,500,-1,summary,,0.9343106634857146,1.3953175163709723,0.4610068528852578,10.0,22.0
LE:MOLT-4,50,1,random,1.2019094692914791,,,,,
LE:MOLT-4,50,2,random,1.1541518641345898,,,,,
LE:MOLT-4,50,3,random,1.3151524050213645,,,,,
LE:MOLT-4,50,4,random,1.3060963260692386,,,,,
LE:MOLT-4,50,5,random,1.3023830543980948,,,,,
LE:MOLT-4,50,6,random,1.2774098267979939,,,,,
LE:MOLT-4,50,7,random,1.189350768137941,,,,,
LE:MOLT-4,50,8,random,1.2197129922753007,,,,,
LE:MOLT-4,50,9,random,1.3105238787842324,,,,,
LE:MOLT-4,50,10,random,1.3397055635388182,,,,,
LE:MOLT-4,50,0,geometry_aware,1.1091826031989642,,,,,
LE:MOLT-4,50,-1,summary,,1.1091826031989642,1.2616396148449054,0.15245701164594117,10.0,15.0
LE:MOLT-4,100,1,random,1.3897782883389271,,,,,
LE:MOLT-4,100,2,random,1.3878973209871737,,,,,
LE:MOLT-4,100,3,random,1.3522044217248934,,,,,
LE:MOLT-4,100,4,random,1.3612128234895116,,,,,
LE:MOLT-4,100,5,random,1.3814062952273936,,,,,
LE:MOLT-4,100,6,random,1.3996478242111805,,,,,
LE:MOLT-4,100,7,random,1.3989228371318838,,,,,
LE:MOLT-4,100,8,random,1.3813919758468889,,,,,
LE:MOLT-4,100,9,random,1.3885599935150443,,,,,
LE:MOLT-4,100,10,random,1.4092938323018998,,,,,
LE:MOLT-4,100,0,geometry_aware,0.9856161990964649,,,,,
LE:MOLT-4,100,-1,summary,,0.9856161990964649,1.3850315612774797,0.3994153621810148,10.0,15.0
LE:MOLT-4,200,1,random,1.3989921392636921,,,,,
LE:MOLT-4,200,2,random,1.373112249947617,,,,,
LE:MOLT-4,200,3,random,1.396503529515412,,,,,
LE:MOLT-4,200,4,random,1.3948612004516658,,,,,
LE:MOLT-4,200,5,random,1.3892037717565995,,,,,
LE:MOLT-4,200,6,random,1.397551735510069,,,,,
LE:MOLT-4,200,7,random,1.401546899760021,,,,,
LE:MOLT-4,200,8,random,1.389199146334089,,,,,
LE:MOLT-4,200,9,random,1.3997218932350173,,,,,
LE:MOLT-4,200,10,random,1.385278707527691,,,,,
LE:MOLT-4,200,0,geometry_aware,0.9634524646707903,,,,,
LE:MOLT-4,200,-1,summary,,0.9634524646707903,1.3925971273301874,0.4291446626593971,10.0,15.0
LE:MOLT-4,500,1,random,1.3573100026482967,,,,,
LE:MOLT-4,500,2,random,1.40570321123039,,,,,
LE:MOLT-4,500,3,random,1.408418906417173,,,,,
LE:MOLT-4,500,4,random,1.392732379838633,,,,,
LE:MOLT-4,500,5,random,1.4069585844266608,,,,,
LE:MOLT-4,500,6,random,1.4125367862329197,,,,,
LE:MOLT-4,500,7,random,1.412320346394159,,,,,
LE:MOLT-4,500,8,random,1.3550699295793498,,,,,
LE:MOLT-4,500,9,random,1.4100716675756948,,,,,
LE:MOLT-4,500,10,random,1.405846023041696,,,,,
LE:MOLT-4,500,0,geometry_aware,0.8354414369879929,,,,,
LE:MOLT-4,500,-1,summary,,0.8354414369879929,1.3966967837384971,0.5612553467505043,10.0,15.0
LE:RPMI-8226,50,1,random,1.3681530120161849,,,,,
LE:RPMI-8226,50,2,random,1.1913736859294517,,,,,
LE:RPMI-8226,50,3,random,1.3446937593671118,,,,,
LE:RPMI-8226,50,4,random,1.3606934776003494,,,,,
LE:RPMI-8226,50,5,random,1.235677211376293,,,,,
LE:RPMI-8226,50,6,random,1.3175324681554077,,,,,
LE:RPMI-8226,50,7,random,1.2766768433095264,,,,,
LE:RPMI-8226,50,8,random,1.3481141195400599,,,,,
LE:RPMI-8226,50,9,random,1.235259696535707,,,,,
LE:RPMI-8226,50,10,random,1.278171021169513,,,,,
LE:RPMI-8226,50,0,geometry_aware,1.1099892437413468,,,,,
LE:RPMI-8226,50,-1,summary,,1.1099892437413468,1.2956345294999605,0.18564528575861372,10.0,22.0
LE:RPMI-8226,100,1,random,1.402750305963763,,,,,
LE:RPMI-8226,100,2,random,1.3788148939559561,,,,,
LE:RPMI-8226,100,3,random,1.3362294379024222,,,,,
LE:RPMI-8226,100,4,random,1.3877959395989472,,,,,
LE:RPMI-8226,100,5,random,1.370869297668846,,,,,
LE:RPMI-8226,100,6,random,1.4125370011757519,,,,,
LE:RPMI-8226,100,7,random,1.39768152289785,,,,,
LE:RPMI-8226,100,8,random,1.348926433120147,,,,,
LE:RPMI-8226,100,9,random,1.4095662883402722,,,,,
LE:RPMI-8226,100,10,random,1.3611425870888694,,,,,
LE:RPMI-8226,100,0,geometry_aware,0.990478730537233,,,,,
LE:RPMI-8226,100,-1,summary,,0.990478730537233,1.3806313707712825,0.3901526402340495,10.0,22.0
LE:RPMI-8226,200,1,random,1.4043708115587317,,,,,
LE:RPMI-8226,200,2,random,1.4031498659199984,,,,,
LE:RPMI-8226,200,3,random,1.4057131927373723,,,,,
LE:RPMI-8226,200,4,random,1.384559781288592,,,,,
LE:RPMI-8226,200,5,random,1.3851722215828268,,,,,
LE:RPMI-8226,200,6,random,1.3982956800811284,,,,,
LE:RPMI-8226,200,7,random,1.30307771254925,,,,,
LE:RPMI-8226,200,8,random,1.3515701659147707,,,,,
LE:RPMI-8226,200,9,random,1.392850061131558,,,,,
LE:RPMI-8226,200,10,random,1.4010741104662603,,,,,
LE:RPMI-8226,200,0,geometry_aware,0.9632403771828144,,,,,
LE:RPMI-8226,200,-1,summary,,0.9632403771828144,1.3829833603230488,0.4197429831402344,10.0,22.0
LE:RPMI-8226,500,1,random,1.3636027999380258,,,,,
LE:RPMI-8226,500,2,random,1.4003785201547956,,,,,
LE:RPMI-8226,500,3,random,1.3531892165147112,,,,,
LE:RPMI-8226,500,4,random,1.4124132054568055,,,,,
LE:RPMI-8226,500,5,random,1.413622106621167,,,,,
LE:RPMI-8226,500,6,random,1.4130120694129311,,,,,
LE:RPMI-8226,500,7,random,1.4138846919628123,,,,,
LE:RPMI-8226,500,8,random,1.410452237528556,,,,,
LE:RPMI-8226,500,9,random,1.4007176608069896,,,,,
LE:RPMI-8226,500,10,random,1.412023822088185,,,,,
LE:RPMI-8226,500,0,geometry_aware,0.8377586178672515,,,,,
LE:RPMI-8226,500,-1,summary,,0.8377586178672515,1.399329633048498,0.5615710151812464,10.0,22.0
LE:SR,50,1,random,1.2020539366875929,,,,,
LE:SR,50,2,random,1.3370993780896565,,,,,
LE:SR,50,3,random,1.3592715471771335,,,,,
LE:SR,50,4,random,1.387346477237779,,,,,
LE:SR,50,5,random,1.2952894217204616,,,,,
LE:SR,50,6,random,1.2270510602124713,,,,,
LE:SR,50,7,random,1.3247780239883051,,,,,
LE:SR,50,8,random,1.1606471128809428,,,,,
LE:SR,50,9,random,1.356785145820583,,,,,
LE:SR,50,10,random,1.2489695861748171,,,,,
LE:SR,50,0,geometry_aware,1.1094315301172268,,,,,
LE:SR,50,-1,summary,,1.1094315301172268,1.2899291689989743,0.1804976388817474,10.0,22.0
LE:SR,100,1,random,1.3523140699321123,,,,,
LE:SR,100,2,random,1.3983741442438014,,,,,
LE:SR,100,3,random,1.4003620670913886,,,,,
LE:SR,100,4,random,1.3443218558491634,,,,,
LE:SR,100,5,random,1.3197118560828258,,,,,
LE:SR,100,6,random,1.360573978630918,,,,,
LE:SR,100,7,random,1.366530149817955,,,,,
LE:SR,100,8,random,1.3916035774053217,,,,,
LE:SR,100,9,random,1.4123786252925172,,,,,
LE:SR,100,10,random,1.3958255945168139,,,,,
LE:SR,100,0,geometry_aware,0.9904655399287003,,,,,
LE:SR,100,-1,summary,,0.9904655399287003,1.3741995918862817,0.38373405195758137,10.0,22.0
LE:SR,200,1,random,1.4113073940402416,,,,,
LE:SR,200,2,random,1.4035711857555053,,,,,
LE:SR,200,3,random,1.4074520410638165,,,,,
LE:SR,200,4,random,1.4115528486937603,,,,,
LE:SR,200,5,random,1.3736086592474428,,,,,
LE:SR,200,6,random,1.410240341752443,,,,,
LE:SR,200,7,random,1.281652200994482,,,,,
LE:SR,200,8,random,1.4108796554202996,,,,,
LE:SR,200,9,random,1.3727381624297845,,,,,
LE:SR,200,10,random,1.4019311948493032,,,,,
LE:SR,200,0,geometry_aware,0.963241907387322,,,,,
LE:SR,200,-1,summary,,0.963241907387322,1.3884933684247076,0.42525146103738565,10.0,22.0
LE:SR,500,1,random,1.3624168586436605,,,,,
LE:SR,500,2,random,1.4131951760988306,,,,,
LE:SR,500,3,random,1.3896595388008437,,,,,
LE:SR,500,4,random,1.4134574727829916,,,,,
LE:SR,500,5,random,1.4024568336910552,,,,,
LE:SR,500,6,random,1.4127668562797937,,,,,
LE:SR,500,7,random,1.407471398734081,,,,,
LE:SR,500,8,random,1.350716395988831,,,,,
LE:SR,500,9,random,1.4117863923966991,,,,,
LE:SR,500,10,random,1.271064217819472,,,,,
LE:SR,500,0,geometry_aware,0.835536016263071,,,,,
LE:SR,500,-1,summary,,0.835536016263071,1.383499114123626,0.547963097860555,10.0,22.0
ME:LOX IMVI,50,1,random,1.255562123890556,,,,,
ME:LOX IMVI,50,2,random,1.1649377705943866,,,,,
ME:LOX IMVI,50,3,random,1.359883445718113,,,,,
ME:LOX IMVI,50,4,random,1.260429899001971,,,,,
ME:LOX IMVI,50,5,random,1.3403198079149714,,,,,
ME:LOX IMVI,50,6,random,1.2389789838489027,,,,,
ME:LOX IMVI,50,7,random,1.2295728929650496,,,,,
ME:LOX IMVI,50,8,random,1.3066514209413311,,,,,
ME:LOX IMVI,50,9,random,1.2886169138567836,,,,,
ME:LOX IMVI,50,10,random,1.3263669453158227,,,,,
ME:LOX IMVI,50,0,geometry_aware,1.1095221389253718,,,,,
ME:LOX IMVI,50,-1,summary,,1.1095221389253718,1.2771320204047887,0.1676098814794169,10.0,22.0
ME:LOX IMVI,100,1,random,1.3773158119219298,,,,,
ME:LOX IMVI,100,2,random,1.3552725330432758,,,,,
ME:LOX IMVI,100,3,random,1.3926330102599618,,,,,
ME:LOX IMVI,100,4,random,1.34910755262483,,,,,
ME:LOX IMVI,100,5,random,1.368763424947203,,,,,
ME:LOX IMVI,100,6,random,1.3326278053313996,,,,,
ME:LOX IMVI,100,7,random,1.3214755330653905,,,,,
ME:LOX IMVI,100,8,random,1.3678048937495895,,,,,
ME:LOX IMVI,100,9,random,1.3810191297014622,,,,,
ME:LOX IMVI,100,10,random,1.3384812915513302,,,,,
ME:LOX IMVI,100,0,geometry_aware,0.9893724357746375,,,,,
ME:LOX IMVI,100,-1,summary,,0.9893724357746375,1.3584500986196373,0.36907766284499977,10.0,22.0
ME:LOX IMVI,200,1,random,1.398367640955486,,,,,
ME:LOX IMVI,200,2,random,1.3968807415757654,,,,,
ME:LOX IMVI,200,3,random,1.4066227341846693,,,,,
ME:LOX IMVI,200,4,random,1.3137703522958737,,,,,
ME:LOX IMVI,200,5,random,1.4037640497566377,,,,,
ME:LOX IMVI,200,6,random,1.4048596013561083,,,,,
ME:LOX IMVI,200,7,random,1.3982815731986746,,,,,
ME:LOX IMVI,200,8,random,1.3857709197448689,,,,,
ME:LOX IMVI,200,9,random,1.4045790711431847,,,,,
ME:LOX IMVI,200,10,random,1.379273539378592,,,,,
ME:LOX IMVI,200,0,geometry_aware,0.9636047920694077,,,,,
ME:LOX IMVI,200,-1,summary,,0.9636047920694077,1.3892170223589861,0.4256122302895784,10.0,22.0
ME:LOX IMVI,500,1,random,1.4136834896479944,,,,,
ME:LOX IMVI,500,2,random,1.411535816323809,,,,,
ME:LOX IMVI,500,3,random,1.4104943107026153,,,,,
ME:LOX IMVI,500,4,random,1.3304244586335316,,,,,
ME:LOX IMVI,500,5,random,1.4126350111372832,,,,,
ME:LOX IMVI,500,6,random,1.3542845114818258,,,,,
ME:LOX IMVI,500,7,random,1.402015504660859,,,,,
ME:LOX IMVI,500,8,random,1.4130987684623006,,,,,
ME:LOX IMVI,500,9,random,1.3564954024516063,,,,,
ME:LOX IMVI,500,10,random,1.412333087872331,,,,,
ME:LOX IMVI,500,0,geometry_aware,0.8376291019927081,,,,,
ME:LOX IMVI,500,-1,summary,,0.8376291019927081,1.3917000361374157,0.5540709341447075,10.0,22.0
ME:MALME-3M,50,1,random,1.2977672535413405,,,,,
ME:MALME-3M,50,2,random,1.3374205736565299,,,,,
ME:MALME-3M,50,3,random,1.3057342210690608,,,,,
ME:MALME-3M,50,4,random,1.3516066181584143,,,,,
ME:MALME-3M,50,5,random,1.3181423470904403,,,,,
ME:MALME-3M,50,6,random,1.2913970312518799,,,,,
ME:MALME-3M,50,7,random,1.3279881725588727,,,,,
ME:MALME-3M,50,8,random,1.3744407027283525,,,,,
ME:MALME-3M,50,9,random,1.3632324246529328,,,,,
ME:MALME-3M,50,10,random,1.3020743344197465,,,,,
ME:MALME-3M,50,0,geometry_aware,1.1098440305928714,,,,,
ME:MALME-3M,50,-1,summary,,1.1098440305928714,1.3269803679127572,0.2171363373198858,10.0,22.0
ME:MALME-3M,100,1,random,1.321595887545744,,,,,
ME:MALME-3M,100,2,random,1.4056728776558884,,,,,
ME:MALME-3M,100,3,random,1.3724465658599678,,,,,
ME:MALME-3M,100,4,random,1.363197327611532,,,,,
ME:MALME-3M,100,5,random,1.40170040916889,,,,,
ME:MALME-3M,100,6,random,1.4020999904316664,,,,,
ME:MALME-3M,100,7,random,1.302887142056302,,,,,
ME:MALME-3M,100,8,random,1.3793630026614223,,,,,
ME:MALME-3M,100,9,random,1.355260491190592,,,,,
ME:MALME-3M,100,10,random,1.3836925866407819,,,,,
ME:MALME-3M,100,0,geometry_aware,0.9883792658215512,,,,,
ME:MALME-3M,100,-1,summary,,0.9883792658215512,1.3687916280822787,0.3804123622607275,10.0,22.0
ME:MALME-3M,200,1,random,1.4003986912587996,,,,,
ME:MALME-3M,200,2,random,1.404790864355793,,,,,
ME:MALME-3M,200,3,random,1.3847428565711435,,,,,
ME:MALME-3M,200,4,random,1.411355450593113,,,,,
ME:MALME-3M,200,5,random,1.380546832279081,,,,,
ME:MALME-3M,200,6,random,1.395730184780797,,,,,
ME:MALME-3M,200,7,random,1.3977949051322798,,,,,
ME:MALME-3M,200,8,random,1.413991220397772,,,,,
ME:MALME-3M,200,9,random,1.3564842053805204,,,,,
ME:MALME-3M,200,10,random,1.3450495467736527,,,,,
ME:MALME-3M,200,0,geometry_aware,0.9628984611392477,,,,,
ME:MALME-3M,200,-1,summary,,0.9628984611392477,1.389088475752295,0.4261900146130473,10.0,22.0
ME:MALME-3M,500,1,random,1.3940267996135354,,,,,
ME:MALME-3M,500,2,random,1.4095850352978065,,,,,
ME:MALME-3M,500,3,random,1.40713007458234,,,,,
ME:MALME-3M,500,4,random,1.3681628749687125,,,,,
ME:MALME-3M,500,5,random,1.4009063687141254,,,,,
ME:MALME-3M,500,6,random,1.3411905798166912,,,,,
ME:MALME-3M,500,7,random,1.4128258555973012,,,,,
ME:MALME-3M,500,8,random,1.3499896272953051,,,,,
ME:MALME-3M,500,9,random,1.4091538925434526,,,,,
ME:MALME-3M,500,10,random,1.4134887663353546,,,,,
ME:MALME-3M,500,0,geometry_aware,0.8327812453542953,,,,,
ME:MALME-3M,500,-1,summary,,0.8327812453542953,1.3906459874764625,0.5578647421221672,10.0,22.0
ME:M14,50,1,random,1.2196133924217718,,,,,
ME:M14,50,2,random,1.2111467974294157,,,,,
ME:M14,50,3,random,1.3384315713105697,,,,,
ME:M14,50,4,random,1.2176770139951865,,,,,
ME:M14,50,5,random,1.2400976151095864,,,,,
ME:M14,50,6,random,1.3642084471187252,,,,,
ME:M14,50,7,random,1.227797244668795,,,,,
ME:M14,50,8,random,1.3617537819651724,,,,,
ME:M14,50,9,random,1.3017023607037617,,,,,
ME:M14,50,10,random,1.253681377866553,,,,,
ME:M14,50,0,geometry_aware,1.108945619239772,,,,,
ME:M14,50,-1,summary,,1.108945619239772,1.2736109602589536,0.16466534101918162,10.0,22.0
ME:M14,100,1,random,1.3348559179381276,,,,,
ME:M14,100,2,random,1.390498517387369,,,,,
ME:M14,100,3,random,1.3663150772017887,,,,,
ME:M14,100,4,random,1.4042366033218192,,,,,
ME:M14,100,5,random,1.3345139669166082,,,,,
ME:M14,100,6,random,1.4037994406096215,,,,,
ME:M14,100,7,random,1.3880120407267107,,,,,
ME:M14,100,8,random,1.3666613576335653,,,,,
ME:M14,100,9,random,1.4079237429769489,,,,,
ME:M14,100,10,random,1.4086047602103826,,,,,
ME:M14,100,0,geometry_aware,0.9886136011858344,,,,,
ME:M14,100,-1,summary,,0.9886136011858344,1.3805421424922941,0.3919285413064597,10.0,22.0
ME:M14,200,1,random,1.3631329609318767,,,,,
ME:M14,200,2,random,1.4097995206003353,,,,,
ME:M14,200,3,random,1.4091196958479628,,,,,
ME:M14,200,4,random,1.3494596823495562,,,,,
ME:M14,200,5,random,1.405052053485317,,,,,
ME:M14,200,6,random,1.3255559826268404,,,,,
ME:M14,200,7,random,1.3763103281925306,,,,,
ME:M14,200,8,random,1.3853365142523415,,,,,
ME:M14,200,9,random,1.4036075151060425,,,,,
ME:M14,200,10,random,1.404303008166459,,,,,
ME:M14,200,0,geometry_aware,0.9640457952641501,,,,,
ME:M14,200,-1,summary,,0.9640457952641501,1.383167726155926,0.41912193089177596,10.0,22.0
ME:M14,500,1,random,1.383349864362957,,,,,
ME:M14,500,2,random,1.4075681761806922,,,,,
ME:M14,500,3,random,1.4091024839370057,,,,,
ME:M14,500,4,random,1.4138997706870982,,,,,
ME:M14,500,5,random,1.3837117437377258,,,,,
ME:M14,500,6,random,1.4095416403393384,,,,,
ME:M14,500,7,random,1.4113945311002525,,,,,
ME:M14,500,8,random,1.4098567949917271,,,,,
ME:M14,500,9,random,1.4120501804171013,,,,,
ME:M14,500,10,random,1.4128916709739632,,,,,
ME:M14,500,0,geometry_aware,0.8344935971443799,,,,,
ME:M14,500,-1,summary,,0.8344935971443799,1.4053366856727858,0.5708430885284059,10.0,22.0
ME:SK-MEL-2,50,1,random,1.3979779604377847,,,,,
ME:SK-MEL-2,50,2,random,1.2476145307596023,,,,,
ME:SK-MEL-2,50,3,random,1.3060644549918183,,,,,
ME:SK-MEL-2,50,4,random,1.3020110298209964,,,,,
ME:SK-MEL-2,50,5,random,1.3383206678944064,,,,,
ME:SK-MEL-2,50,6,random,1.201094871203892,,,,,
ME:SK-MEL-2,50,7,random,1.297891158552536,,,,,
ME:SK-MEL-2,50,8,random,1.343435751153283,,,,,
ME:SK-MEL-2,50,9,random,1.2573947772822047,,,,,
ME:SK-MEL-2,50,10,random,1.251088730225704,,,,,
ME:SK-MEL-2,50,0,geometry_aware,1.1098071086307617,,,,,
ME:SK-MEL-2,50,-1,summary,,1.1098071086307617,1.2942893932322228,0.1844822846014611,10.0,22.0
ME:SK-MEL-2,100,1,random,1.354171362867869,,,,,
ME:SK-MEL-2,100,2,random,1.373717334449214,,,,,
ME:SK-MEL-2,100,3,random,1.3745195863790476,,,,,
ME:SK-MEL-2,100,4,random,1.3307423956779834,,,,,
ME:SK-MEL-2,100,5,random,1.3996976927337028,,,,,
ME:SK-MEL-2,100,6,random,1.4023553154356563,,,,,
ME:SK-MEL-2,100,7,random,1.376249624451804,,,,,
ME:SK-MEL-2,100,8,random,1.3425740987615031,,,,,
ME:SK-MEL-2,100,9,random,1.3812204695877313,,,,,
ME:SK-MEL-2,100,10,random,1.3894337872829274,,,,,
ME:SK-MEL-2,100,0,geometry_aware,0.9911784429572593,,,,,
ME:SK-MEL-2,100,-1,summary,,0.9911784429572593,1.3724681667627439,0.38128972380548454,10.0,22.0
ME:SK-MEL-2,200,1,random,1.3972674243797587,,,,,
ME:SK-MEL-2,200,2,random,1.3804573093364894,,,,,
ME:SK-MEL-2,200,3,random,1.3958820105601293,,,,,
ME:SK-MEL-2,200,4,random,1.3968081744006624,,,,,
ME:SK-MEL-2,200,5,random,1.34791255685534,,,,,
ME:SK-MEL-2,200,6,random,1.3796880559418367,,,,,
ME:SK-MEL-2,200,7,random,1.402939604377753,,,,,
ME:SK-MEL-2,200,8,random,1.3902881192538163,,,,,
ME:SK-MEL-2,200,9,random,1.286701765648545,,,,,
ME:SK-MEL-2,200,10,random,1.4043078635362893,,,,,
ME:SK-MEL-2,200,0,geometry_aware,0.9637100220500734,,,,,
ME:SK-MEL-2,200,-1,summary,,0.9637100220500734,1.378225288429062,0.4145152663789886,10.0,22.0
ME:SK-MEL-2,500,1,random,1.3599066747034336,,,,,
ME:SK-MEL-2,500,2,random,1.4128750375526915,,,,,
ME:SK-MEL-2,500,3,random,1.4092730021288533,,,,,
ME:SK-MEL-2,500,4,random,1.4117932832050386,,,,,
ME:SK-MEL-2,500,5,random,1.3999921839035827,,,,,
ME:SK-MEL-2,500,6,random,1.413762615620459,,,,,
ME:SK-MEL-2,500,7,random,1.412323540991992,,,,,
ME:SK-MEL-2,500,8,random,1.3576164392846746,,,,,
ME:SK-MEL-2,500,9,random,1.4110888850423728,,,,,
ME:SK-MEL-2,500,10,random,1.3427257174914713,,,,,
ME:SK-MEL-2,500,0,geometry_aware,0.8376408789942515,,,,,
ME:SK-MEL-2,500,-1,summary,,0.8376408789942515,1.393135737992457,0.5554948589982054,10.0,22.0
ME:SK-MEL-28,50,1,random,1.3268301089044647,,,,,
ME:SK-MEL-28,50,2,random,1.373273243140012,,,,,
ME:SK-MEL-28,50,3,random,1.2743589339946493,,,,,
ME:SK-MEL-28,50,4,random,1.2217996460644216,,,,,
ME:SK-MEL-28,50,5,random,1.183608792784542,,,,,
ME:SK-MEL-28,50,6,random,1.3424437447909512,,,,,
ME:SK-MEL-28,50,7,random,1.2033252988708265,,,,,
ME:SK-MEL-28,50,8,random,1.358010583274722,,,,,
ME:SK-MEL-28,50,9,random,1.32321199423002,,,,,
ME:SK-MEL-28,50,10,random,1.3052844280071147,,,,,
ME:SK-MEL-28,50,0,geometry_aware,1.1104544731129342,,,,,
ME:SK-MEL-28,50,-1,summary,,1.1104544731129342,1.2912146774061726,0.18076020429323836,10.0,22.0
ME:SK-MEL-28,100,1,random,1.3163479619677982,,,,,
ME:SK-MEL-28,100,2,random,1.3402257056048634,,,,,
ME:SK-MEL-28,100,3,random,1.4112252640605112,,,,,
ME:SK-MEL-28,100,4,random,1.2679700531929825,,,,,
ME:SK-MEL-28,100,5,random,1.3028084495536647,,,,,
ME:SK-MEL-28,100,6,random,1.3761529367492522,,,,,
ME:SK-MEL-28,100,7,random,1.379572284131174,,,,,
ME:SK-MEL-28,100,8,random,1.3240818318211705,,,,,
ME:SK-MEL-28,100,9,random,1.3451289194681397,,,,,
ME:SK-MEL-28,100,10,random,1.3836100004652478,,,,,
ME:SK-MEL-28,100,0,geometry_aware,0.9883040023452125,,,,,
ME:SK-MEL-28,100,-1,summary,,0.9883040023452125,1.3447123407014803,0.35640833835626773,10.0,22.0
ME:SK-MEL-28,200,1,random,1.3930962171832866,,,,,
ME:SK-MEL-28,200,2,random,1.357817748123518,,,,,
ME:SK-MEL-28,200,3,random,1.390484395286054,,,,,
ME:SK-MEL-28,200,4,random,1.3917377997013058,,,,,
ME:SK-MEL-28,200,5,random,1.4079161133311837,,,,,
ME:SK-MEL-28,200,6,random,1.3983982924697191,,,,,
ME:SK-MEL-28,200,7,random,1.3940304530972818,,,,,
ME:SK-MEL-28,200,8,random,1.4052766252522895,,,,,
ME:SK-MEL-28,200,9,random,1.3808042006661894,,,,,
ME:SK-MEL-28,200,10,random,1.4008334974241676,,,,,
ME:SK-MEL-28,200,0,geometry_aware,0.9633312094300199,,,,,
ME:SK-MEL-28,200,-1,summary,,0.9633312094300199,1.3920395342534995,0.42870832482347954,10.0,22.0
ME:SK-MEL-28,500,1,random,1.413196673693527,,,,,
ME:SK-MEL-28,500,2,random,1.4059179946009404,,,,,
ME:SK-MEL-28,500,3,random,1.4115648649802621,,,,,
ME:SK-MEL-28,500,4,random,1.3938697359142094,,,,,
ME:SK-MEL-28,500,5,random,1.407116779428585,,,,,
ME:SK-MEL-28,500,6,random,1.3986188468062664,,,,,
ME:SK-MEL-28,500,7,random,1.4113798434780933,,,,,
ME:SK-MEL-28,500,8,random,1.3889253434426656,,,,,
ME:SK-MEL-28,500,9,random,1.4110340087944293,,,,,
ME:SK-MEL-28,500,10,random,1.3649827234214904,,,,,
ME:SK-MEL-28,500,0,geometry_aware,0.8384726374101314,,,,,
ME:SK-MEL-28,500,-1,summary,,0.8384726374101314,1.400660681456047,0.5621880440459155,10.0,22.0
ME:SK-MEL-5,50,1,random,1.296246839890159,,,,,
ME:SK-MEL-5,50,2,random,1.305360025247298,,,,,
ME:SK-MEL-5,50,3,random,1.3197637794584802,,,,,
ME:SK-MEL-5,50,4,random,1.2706798736164115,,,,,
ME:SK-MEL-5,50,5,random,1.3052573868140467,,,,,
ME:SK-MEL-5,50,6,random,1.3347139877242304,,,,,
ME:SK-MEL-5,50,7,random,1.1919468989629431,,,,,
ME:SK-MEL-5,50,8,random,1.2456011820129649,,,,,
ME:SK-MEL-5,50,9,random,1.3622944297187094,,,,,
ME:SK-MEL-5,50,10,random,1.2895558362524802,,,,,
ME:SK-MEL-5,50,0,geometry_aware,1.1096666275065104,,,,,
ME:SK-MEL-5,50,-1,summary,,1.1096666275065104,1.2921420239697723,0.18247539646326194,10.0,22.0
ME:SK-MEL-5,100,1,random,1.3119392983251312,,,,,
ME:SK-MEL-5,100,2,random,1.3420501976127903,,,,,
ME:SK-MEL-5,100,3,random,1.3808049723164,,,,,
ME:SK-MEL-5,100,4,random,1.36704746726356,,,,,
ME:SK-MEL-5,100,5,random,1.3731827424108303,,,,,
ME:SK-MEL-5,100,6,random,1.377238657556454,,,,,
ME:SK-MEL-5,100,7,random,1.3400717709449936,,,,,
ME:SK-MEL-5,100,8,random,1.3890264837033446,,,,,
ME:SK-MEL-5,100,9,random,1.338473560699019,,,,,
ME:SK-MEL-5,100,10,random,1.4038449243032265,,,,,
ME:SK-MEL-5,100,0,geometry_aware,0.9905253205324204,,,,,
ME:SK-MEL-5,100,-1,summary,,0.9905253205324204,1.3623680075135751,0.37184268698115475,10.0,22.0
ME:SK-MEL-5,200,1,random,1.4058094999762774,,,,,
ME:SK-MEL-5,200,2,random,1.3994543007768745,,,,,
ME:SK-MEL-5,200,3,random,1.4035906778044966,,,,,
ME:SK-MEL-5,200,4,random,1.3332186168441782,,,,,
ME:SK-MEL-5,200,5,random,1.4117174999546602,,,,,
ME:SK-MEL-5,200,6,random,1.3918536116277431,,,,,
ME:SK-MEL-5,200,7,random,1.362400696197567,,,,,
ME:SK-MEL-5,200,8,random,1.4030097250532019,,,,,
ME:SK-MEL-5,200,9,random,1.4118880165737029,,,,,
ME:SK-MEL-5,200,10,random,1.392637203395849,,,,,
ME:SK-MEL-5,200,0,geometry_aware,0.9634624043977351,,,,,
ME:SK-MEL-5,200,-1,summary,,0.9634624043977351,1.3915579848204551,0.42809558042272,10.0,22.0
ME:SK-MEL-5,500,1,random,1.4137135340410611,,,,,
ME:SK-MEL-5,500,2,random,1.4125460710418631,,,,,
ME:SK-MEL-5,500,3,random,1.402223219494468,,,,,
ME:SK-MEL-5,500,4,random,1.4137460045730985,,,,,
ME:SK-MEL-5,500,5,random,1.4140548984991332,,,,,
ME:SK-MEL-5,500,6,random,1.413146498020215,,,,,
ME:SK-MEL-5,500,7,random,1.413180847416885,,,,,
ME:SK-MEL-5,500,8,random,1.4134585957641776,,,,,
ME:SK-MEL-5,500,9,random,1.4028203378456083,,,,,
ME:SK-MEL-5,500,10,random,1.3507113507188926,,,,,
ME:SK-MEL-5,500,0,geometry_aware,0.8382779361598811,,,,,
ME:SK-MEL-5,500,-1,summary,,0.8382779361598811,1.4049601357415402,0.5666821995816591,10.0,22.0
ME:UACC-257,50,1,random,1.20579687533301,,,,,
ME:UACC-257,50,2,random,1.3781956263413189,,,,,
ME:UACC-257,50,3,random,1.3492404108170106,,,,,
ME:UACC-257,50,4,random,1.2956557082156366,,,,,
ME:UACC-257,50,5,random,1.3038068074156426,,,,,
ME:UACC-257,50,6,random,1.2445822159365676,,,,,
ME:UACC-257,50,7,random,1.2764493117308913,,,,,
ME:UACC-257,50,8,random,1.2274182897480026,,,,,
ME:UACC-257,50,9,random,1.2906872827537978,,,,,
ME:UACC-257,50,10,random,1.2697584151595918,,,,,
ME:UACC-257,50,0,geometry_aware,1.1084409354663816,,,,,
ME:UACC-257,50,-1,summary,,1.1084409354663816,1.284159094345147,0.17571815887876552,10.0,22.0
ME:UACC-257,100,1,random,1.3587674159814358,,,,,
ME:UACC-257,100,2,random,1.3638887425425115,,,,,
ME:UACC-257,100,3,random,1.3804918367144354,,,,,
ME:UACC-257,100,4,random,1.3897562536780816,,,,,
ME:UACC-257,100,5,random,1.3852015114338667,,,,,
ME:UACC-257,100,6,random,1.3866777748886732,,,,,
ME:UACC-257,100,7,random,1.3741361547455395,,,,,
ME:UACC-257,100,8,random,1.3525332996355566,,,,,
ME:UACC-257,100,9,random,1.3047332717648432,,,,,
ME:UACC-257,100,10,random,1.377402891061852,,,,,
ME:UACC-257,100,0,geometry_aware,0.9846403754752248,,,,,
ME:UACC-257,100,-1,summary,,0.9846403754752248,1.3673589152446795,0.3827185397694547,10.0,22.0
ME:UACC-257,200,1,random,1.4070833576232065,,,,,
ME:UACC-257,200,2,random,1.3716669250992213,,,,,
ME:UACC-257,200,3,random,1.4118312860173166,,,,,
ME:UACC-257,200,4,random,1.4047942537663538,,,,,
ME:UACC-257,200,5,random,1.3814811269189728,,,,,
ME:UACC-257,200,6,random,1.372845981980775,,,,,
ME:UACC-257,200,7,random,1.4070387930729422,,,,,
ME:UACC-257,200,8,random,1.4113579538622243,,,,,
ME:UACC-257,200,9,random,1.3486087974556826,,,,,
ME:UACC-257,200,10,random,1.3973857094090525,,,,,
ME:UACC-257,200,0,geometry_aware,0.9629548422081935,,,,,
ME:UACC-257,200,-1,summary,,0.9629548422081935,1.3914094185205745,0.42845457631238104,10.0,22.0
ME:UACC-257,500,1,random,1.409828877726148,,,,,
ME:UACC-257,500,2,random,1.4114771774351804,,,,,
ME:UACC-257,500,3,random,1.410447684079604,,,,,
ME:UACC-257,500,4,random,1.409839617791173,,,,,
ME:UACC-257,500,5,random,1.4024378135444542,,,,,
ME:UACC-257,500,6,random,1.4133594690695468,,,,,
ME:UACC-257,500,7,random,1.3407962736276562,,,,,
ME:UACC-257,500,8,random,1.4092996279727954,,,,,
ME:UACC-257,500,9,random,1.3892121320072777,,,,,
ME:UACC-257,500,10,random,1.411177816680766,,,,,
ME:UACC-257,500,0,geometry_aware,0.8377947468882775,,,,,
ME:UACC-257,500,-1,summary,,0.8377947468882775,1.4007876489934603,0.5629929021051828,10.0,22.0
ME:UACC-62,50,1,random,1.2933687993962089,,,,,
ME:UACC-62,50,2,random,1.294531106349042,,,,,
ME:UACC-62,50,3,random,1.313367093379701,,,,,
ME:UACC-62,50,4,random,1.3772469483614007,,,,,
ME:UACC-62,50,5,random,1.3321079918417082,,,,,
ME:UACC-62,50,6,random,1.3459533204588359,,,,,
ME:UACC-62,50,7,random,1.2945676416123477,,,,,
ME:UACC-62,50,8,random,1.319551941425435,,,,,
ME:UACC-62,50,9,random,1.3372907241454937,,,,,
ME:UACC-62,50,10,random,1.323301557291243,,,,,
ME:UACC-62,50,0,geometry_aware,1.1097895156062665,,,,,
ME:UACC-62,50,-1,summary,,1.1097895156062665,1.3231287124261415,0.213339196819875,10.0,22.0
ME:UACC-62,100,1,random,1.3741408883617787,,,,,
ME:UACC-62,100,2,random,1.364266051821723,,,,,
ME:UACC-62,100,3,random,1.3325034138741065,,,,,
ME:UACC-62,100,4,random,1.3972332901474391,,,,,
ME:UACC-62,100,5,random,1.3408028978553022,,,,,
ME:UACC-62,100,6,random,1.3913233557954725,,,,,
ME:UACC-62,100,7,random,1.394592874435942,,,,,
ME:UACC-62,100,8,random,1.3435828908204526,,,,,
ME:UACC-62,100,9,random,1.3544614264606225,,,,,
ME:UACC-62,100,10,random,1.3609109757713564,,,,,
ME:UACC-62,100,0,geometry_aware,0.987617141741078,,,,,
ME:UACC-62,100,-1,summary,,0.987617141741078,1.3653818065344194,0.3777646647933415,10.0,22.0
ME:UACC-62,200,1,random,1.4092533764678012,,,,,
ME:UACC-62,200,2,random,1.407318391141317,,,,,
ME:UACC-62,200,3,random,1.407098033369008,,,,,
ME:UACC-62,200,4,random,1.3195045273881378,,,,,
ME:UACC-62,200,5,random,1.3781065543180118,,,,,
ME:UACC-62,200,6,random,1.4105001801384116,,,,,
ME:UACC-62,200,7,random,1.3432855310181044,,,,,
ME:UACC-62,200,8,random,1.4006397619861226,,,,,
ME:UACC-62,200,9,random,1.4103576245986653,,,,,
ME:UACC-62,200,10,random,1.4003977522100046,,,,,
ME:UACC-62,200,0,geometry_aware,0.9629258286757719,,,,,
ME:UACC-62,200,-1,summary,,0.9629258286757719,1.3886461732635584,0.4257203445877865,10.0,22.0
ME:UACC-62,500,1,random,1.4071249000113204,,,,,
ME:UACC-62,500,2,random,1.4118785960260967,,,,,
ME:UACC-62,500,3,random,1.3773577136045756,,,,,
ME:UACC-62,500,4,random,1.4126609059052047,,,,,
ME:UACC-62,500,5,random,1.3536699419511609,,,,,
ME:UACC-62,500,6,random,1.3341873036763876,,,,,
ME:UACC-62,500,7,random,1.4021514327783455,,,,,
ME:UACC-62,500,8,random,1.412776634831688,,,,,
ME:UACC-62,500,9,random,1.3678371509129732,,,,,
ME:UACC-62,500,10,random,1.4110742001701675,,,,,
ME:UACC-62,500,0,geometry_aware,0.8367075297859133,,,,,
ME:UACC-62,500,-1,summary,,0.8367075297859133,1.3890718779867919,0.5523643482008785,10.0,22.0
ME:MDA-MB-435,50,1,random,1.3204694988162202,,,,,
ME:MDA-MB-435,50,2,random,1.3783536260322713,,,,,
ME:MDA-MB-435,50,3,random,1.3379899796678085,,,,,
ME:MDA-MB-435,50,4,random,1.2932567654258653,,,,,
ME:MDA-MB-435,50,5,random,1.2614976698979676,,,,,
ME:MDA-MB-435,50,6,random,1.1497000690142651,,,,,
ME:MDA-MB-435,50,7,random,1.3599558872085435,,,,,
ME:MDA-MB-435,50,8,random,1.2806106470041583,,,,,
ME:MDA-MB-435,50,9,random,1.380064741467538,,,,,
ME:MDA-MB-435,50,10,random,1.3370354717124946,,,,,
ME:MDA-MB-435,50,0,geometry_aware,1.1104586922289021,,,,,
ME:MDA-MB-435,50,-1,summary,,1.1104586922289021,1.3098934356247134,0.19943474339581124,10.0,22.0
ME:MDA-MB-435,100,1,random,1.2302563307295702,,,,,
ME:MDA-MB-435,100,2,random,1.3819649909473368,,,,,
ME:MDA-MB-435,100,3,random,1.380509719874732,,,,,
ME:MDA-MB-435,100,4,random,1.3760249150371806,,,,,
ME:MDA-MB-435,100,5,random,1.3499407888965576,,,,,
ME:MDA-MB-435,100,6,random,1.3920818356768125,,,,,
ME:MDA-MB-435,100,7,random,1.37311660203801,,,,,
ME:MDA-MB-435,100,8,random,1.3359413027237412,,,,,
ME:MDA-MB-435,100,9,random,1.3636307867885902,,,,,
ME:MDA-MB-435,100,10,random,1.40740807422157,,,,,
ME:MDA-MB-435,100,0,geometry_aware,1.0056476574630242,,,,,
ME:MDA-MB-435,100,-1,summary,,1.0056476574630242,1.3590875346934101,0.35343987723038595,10.0,22.0
ME:MDA-MB-435,200,1,random,1.4005203001109006,,,,,
ME:MDA-MB-435,200,2,random,1.4036566794118146,,,,,
ME:MDA-MB-435,200,3,random,1.3817475601144829,,,,,
ME:MDA-MB-435,200,4,random,1.3944390961842539,,,,,
ME:MDA-MB-435,200,5,random,1.3937259934146924,,,,,
ME:MDA-MB-435,200,6,random,1.3917952742973199,,,,,
ME:MDA-MB-435,200,7,random,1.4036460171504224,,,,,
ME:MDA-MB-435,200,8,random,1.368061399897498,,,,,
ME:MDA-MB-435,200,9,random,1.3881587956158494,,,,,
ME:MDA-MB-435,200,10,random,1.3900827494718964,,,,,
ME:MDA-MB-435,200,0,geometry_aware,0.9640538138478858,,,,,
ME:MDA-MB-435,200,-1,summary,,0.9640538138478858,1.391583386566913,0.42752957271902714,10.0,22.0
ME:MDA-MB-435,500,1,random,1.4129662429667562,,,,,
ME:MDA-MB-435,500,2,random,1.404239915306015,,,,,
ME:MDA-MB-435,500,3,random,1.408278222098878,,,,,
ME:MDA-MB-435,500,4,random,1.4062604000224683,,,,,
ME:MDA-MB-435,500,5,random,1.4031410256037296,,,,,
ME:MDA-MB-435,500,6,random,1.4134446953339095,,,,,
ME:MDA-MB-435,500,7,random,1.410937852735934,,,,,
ME:MDA-MB-435,500,8,random,1.3961782895403074,,,,,
ME:MDA-MB-435,500,9,random,1.4105309138977724,,,,,
ME:MDA-MB-435,500,10,random,1.4098041184362955,,,,,
ME:MDA-MB-435,500,0,geometry_aware,0.8345472835686476,,,,,
ME:MDA-MB-435,500,-1,summary,,0.8345472835686476,1.4075781675942065,0.5730308840255589,10.0,22.0
LC:A549/ATCC,50,1,random,1.3099200465946343,,,,,
LC:A549/ATCC,50,2,random,1.2541109333197251,,,,,
LC:A549/ATCC,50,3,random,1.2613229863453197,,,,,
LC:A549/ATCC,50,4,random,1.3461325357475848,,,,,
LC:A549/ATCC,50,5,random,1.3334671809041443,,,,,
LC:A549/ATCC,50,6,random,1.2901330409928367,,,,,
LC:A549/ATCC,50,7,random,1.2712965062996724,,,,,
LC:A549/ATCC,50,8,random,1.333123353213178,,,,,
LC:A549/ATCC,50,9,random,1.241789186273643,,,,,
LC:A549/ATCC,50,10,random,1.2747933991934344,,,,,
LC:A549/ATCC,50,0,geometry_aware,1.108991889353516,,,,,
LC:A549/ATCC,50,-1,summary,,1.108991889353516,1.2916089168884173,0.18261702753490128,10.0,22.0
LC:A549/ATCC,100,1,random,1.3591483595094238,,,,,
LC:A549/ATCC,100,2,random,1.3821591257842474,,,,,
LC:A549/ATCC,100,3,random,1.3680907691005983,,,,,
LC:A549/ATCC,100,4,random,1.3795362531863782,,,,,
LC:A549/ATCC,100,5,random,1.3393001921480217,,,,,
LC:A549/ATCC,100,6,random,1.405128394594317,,,,,
LC:A549/ATCC,100,7,random,1.380357063616266,,,,,
LC:A549/ATCC,100,8,random,1.386645947622021,,,,,
LC:A549/ATCC,100,9,random,1.3812190065749084,,,,,
LC:A549/ATCC,100,10,random,1.3472832587946093,,,,,
LC:A549/ATCC,100,0,geometry_aware,0.988203960552904,,,,,
LC:A549/ATCC,100,-1,summary,,0.988203960552904,1.3728868370930791,0.3846828765401751,10.0,22.0
LC:A549/ATCC,200,1,random,1.4091293152149404,,,,,
LC:A549/ATCC,200,2,random,1.407322475937332,,,,,
LC:A549/ATCC,200,3,random,1.3841594089354778,,,,,
LC:A549/ATCC,200,4,random,1.3221717184781565,,,,,
LC:A549/ATCC,200,5,random,1.4030709194986581,,,,,
LC:A549/ATCC,200,6,random,1.4026577983026494,,,,,
LC:A549/ATCC,200,7,random,1.4110791589389073,,,,,
LC:A549/ATCC,200,8,random,1.4005297148866414,,,,,
LC:A549/ATCC,200,9,random,1.413309922613227,,,,,
LC:A549/ATCC,200,10,random,1.3721567039792413,,,,,
LC:A549/ATCC,200,0,geometry_aware,0.9625826529752308,,,,,
LC:A549/ATCC,200,-1,summary,,0.9625826529752308,1.3925587136785231,0.4299760607032923,10.0,22.0
LC:A549/ATCC,500,1,random,1.413931583735219,,,,,
LC:A549/ATCC,500,2,random,1.3804055835596662,,,,,
LC:A549/ATCC,500,3,random,1.4119590607690908,,,,,
LC:A549/ATCC,500,4,random,1.4111353629571008,,,,,
LC:A549/ATCC,500,5,random,1.4092499100229638,,,,,
LC:A549/ATCC,500,6,random,1.3720436723495864,,,,,
LC:A549/ATCC,500,7,random,1.3979547506100582,,,,,
LC:A549/ATCC,500,8,random,1.408693378487145,,,,,
LC:A549/ATCC,500,9,random,1.4117977076180983,,,,,
LC:A549/ATCC,500,10,random,1.3833303877701362,,,,,
LC:A549/ATCC,500,0,geometry_aware,0.8377947755067712,,,,,
LC:A549/ATCC,500,-1,summary,,0.8377947755067712,1.4000501397879066,0.5622553642811354,10.0,22.0
LC:EKVX,50,1,random,1.3414447964902774,,,,,
LC:EKVX,50,2,random,1.2949528269926027,,,,,
LC:EKVX,50,3,random,1.352126376203463,,,,,
LC:EKVX,50,4,random,1.2959915444575043,,,,,
LC:EKVX,50,5,random,1.2345836571111362,,,,,
LC:EKVX,50,6,random,1.2276911263637573,,,,,
LC:EKVX,50,7,random,1.365859631178299,,,,,
LC:EKVX,50,8,random,1.3357505344742229,,,,,
LC:EKVX,50,9,random,1.274677939101277,,,,,
LC:EKVX,50,10,random,1.257269879469645,,,,,
LC:EKVX,50,0,geometry_aware,1.108346312000308,,,,,
LC:EKVX,50,-1,summary,,1.108346312000308,1.2980348311842183,0.18968851918391016,10.0,22.0
LC:EKVX,100,1,random,1.363779555525819,,,,,
LC:EKVX,100,2,random,1.388384044528946,,,,,
LC:EKVX,100,3,random,1.3841151453985998,,,,,
LC:EKVX,100,4,random,1.4082141827741252,,,,,
LC:EKVX,100,5,random,1.3762303322388156,,,,,
LC:EKVX,100,6,random,1.3950577270935385,,,,,
LC:EKVX,100,7,random,1.3990231709897338,,,,,
LC:EKVX,100,8,random,1.3540901812988115,,,,,
LC:EKVX,100,9,random,1.3271651797121014,,,,,
LC:EKVX,100,10,random,1.330625419657897,,,,,
LC:EKVX,100,0,geometry_aware,0.9859583385093349,,,,,
LC:EKVX,100,-1,summary,,0.9859583385093349,1.372668493921839,0.3867101554125041,10.0,22.0
LC:EKVX,200,1,random,1.4072835063077087,,,,,
LC:EKVX,200,2,random,1.4091878516393657,,,,,
LC:EKVX,200,3,random,1.41010954597655,,,,,
LC:EKVX,200,4,random,1.4088495927352922,,,,,
LC:EKVX,200,5,random,1.4054395722178659,,,,,
LC:EKVX,200,6,random,1.378147601732286,,,,,
LC:EKVX,200,7,random,1.409993248610376,,,,,
LC:EKVX,200,8,random,1.405492863658397,,,,,
LC:EKVX,200,9,random,1.4120070275087964,,,,,
LC:EKVX,200,10,random,1.4081426271122588,,,,,
LC:EKVX,200,0,geometry_aware,0.9628946254203248,,,,,
LC:EKVX,200,-1,summary,,0.9628946254203248,1.4054653437498896,0.44257071832956485,10.0,22.0
LC:EKVX,500,1,random,1.3982109505989582,,,,,
LC:EKVX,500,2,random,1.4097604694870205,,,,,
LC:EKVX,500,3,random,1.400995969650045,,,,,
LC:EKVX,500,4,random,1.4116092798786408,,,,,
LC:EKVX,500,5,random,1.4083874465599635,,,,,
LC:EKVX,500,6,random,1.4105227715922624,,,,,
LC:EKVX,500,7,random,1.407106935479193,,,,,
LC:EKVX,500,8,random,1.4137750979299,,,,,
LC:EKVX,500,9,random,1.393312678229603,,,,,
LC:EKVX,500,10,random,1.4035960304381703,,,,,
LC:EKVX,500,0,geometry_aware,0.8376412939449468,,,,,
LC:EKVX,500,-1,summary,,0.8376412939449468,1.4057277629843756,0.5680864690394288,10.0,22.0
LC:HOP-62,50,1,random,1.381509179676083,,,,,
LC:HOP-62,50,2,random,1.3700650017896423,,,,,
LC:HOP-62,50,3,random,1.2234206037042992,,,,,
LC:HOP-62,50,4,random,1.3267219188494574,,,,,
LC:HOP-62,50,5,random,1.4141173558856877,,,,,
LC:HOP-62,50,6,random,1.2535441140009365,,,,,
LC:HOP-62,50,7,random,1.36966584069806,,,,,
LC:HOP-62,50,8,random,1.330818233200008,,,,,
LC:HOP-62,50,9,random,1.2812433660578266,,,,,
LC:HOP-62,50,10,random,1.3279560010683211,,,,,
LC:HOP-62,50,0,geometry_aware,1.1088337700442836,,,,,
LC:HOP-62,50,-1,summary,,1.1088337700442836,1.3279061614930323,0.21907239144874868,10.0,22.0
LC:HOP-62,100,1,random,1.3960529280650393,,,,,
LC:HOP-62,100,2,random,1.3600326939832001,,,,,
LC:HOP-62,100,3,random,1.3637848284454894,,,,,
LC:HOP-62,100,4,random,1.3946736559895858,,,,,
LC:HOP-62,100,5,random,1.3378236683238163,,,,,
LC:HOP-62,100,6,random,1.3547766150034017,,,,,
LC:HOP-62,100,7,random,1.4010695932191772,,,,,
LC:HOP-62,100,8,random,1.2993457176351113,,,,,
LC:HOP-62,100,9,random,1.3844027485431099,,,,,
LC:HOP-62,100,10,random,1.324123928854751,,,,,
LC:HOP-62,100,0,geometry_aware,0.9838622477331886,,,,,
LC:HOP-62,100,-1,summary,,0.9838622477331886,1.3616086378062682,0.37774639007307953,10.0,22.0
LC:HOP-62,200,1,random,1.396687024780902,,,,,
LC:HOP-62,200,2,random,1.3665286471059248,,,,,
LC:HOP-62,200,3,random,1.400327166410366,,,,,
LC:HOP-62,200,4,random,1.4105022265462583,,,,,
LC:HOP-62,200,5,random,1.4056874345902766,,,,,
LC:HOP-62,200,6,random,1.406467545531044,,,,,
LC:HOP-62,200,7,random,1.398598106515976,,,,,
LC:HOP-62,200,8,random,1.4094608170160174,,,,,
LC:HOP-62,200,9,random,1.4075831431630543,,,,,
LC:HOP-62,200,10,random,1.317681744256034,,,,,
LC:HOP-62,200,0,geometry_aware,0.9629140531304442,,,,,
LC:HOP-62,200,-1,summary,,0.9629140531304442,1.3919523855915852,0.429038332461141,10.0,22.0
LC:HOP-62,500,1,random,1.408677672145174,,,,,
LC:HOP-62,500,2,random,1.4017073446018362,,,,,
LC:HOP-62,500,3,random,1.4138476531431987,,,,,
LC:HOP-62,500,4,random,1.4023665713444955,,,,,
LC:HOP-62,500,5,random,1.4118048470494564,,,,,
LC:HOP-62,500,6,random,1.4085906463964977,,,,,
LC:HOP-62,500,7,random,1.4126025958717807,,,,,
LC:HOP-62,500,8,random,1.4065019976210926,,,,,
LC:HOP-62,500,9,random,1.3905409715760229,,,,,
LC:HOP-62,500,10,random,1.4094209466055407,,,,,
LC:HOP-62,500,0,geometry_aware,0.8371053634902366,,,,,
LC:HOP-62,500,-1,summary,,0.8371053634902366,1.4066061246355095,0.5695007611452729,10.0,22.0
LC:HOP-92,50,1,random,1.301776474864348,,,,,
LC:HOP-92,50,2,random,1.2464644950760104,,,,,
LC:HOP-92,50,3,random,1.2575470134533187,,,,,
LC:HOP-92,50,4,random,1.2926613447581585,,,,,
LC:HOP-92,50,5,random,1.252777595878569,,,,,
LC:HOP-92,50,6,random,1.2997396500595435,,,,,
LC:HOP-92,50,7,random,1.3533193171749223,,,,,
LC:HOP-92,50,8,random,1.2766347314433064,,,,,
LC:HOP-92,50,9,random,1.3011051365991932,,,,,
LC:HOP-92,50,10,random,1.3701264496531445,,,,,
LC:HOP-92,50,0,geometry_aware,1.109570209263468,,,,,
LC:HOP-92,50,-1,summary,,1.109570209263468,1.2952152208960515,0.1856450116325834,10.0,22.0
LC:HOP-92,100,1,random,1.3639956671052884,,,,,
LC:HOP-92,100,2,random,1.3299837744860212,,,,,
LC:HOP-92,100,3,random,1.4065837027259145,,,,,
LC:HOP-92,100,4,random,1.2888369561062096,,,,,
LC:HOP-92,100,5,random,1.3357188795719825,,,,,
LC:HOP-92,100,6,random,1.3986276319218771,,,,,
LC:HOP-92,100,7,random,1.3735931196000153,,,,,
LC:HOP-92,100,8,random,1.3587333160207677,,,,,
LC:HOP-92,100,9,random,1.3682037610389959,,,,,
LC:HOP-92,100,10,random,1.356998615022478,,,,,
LC:HOP-92,100,0,geometry_aware,0.9883281035634551,,,,,
LC:HOP-92,100,-1,summary,,0.9883281035634551,1.3581275423599553,0.3697994387965001,10.0,22.0
LC:HOP-92,200,1,random,1.4035571484720024,,,,,
LC:HOP-92,200,2,random,1.376816993751787,,,,,
LC:HOP-92,200,3,random,1.4048791164088652,,,,,
LC:HOP-92,200,4,random,1.4093037228904215,,,,,
LC:HOP-92,200,5,random,1.3694751374820384,,,,,
LC:HOP-92,200,6,random,1.4102152764068019,,,,,
LC:HOP-92,200,7,random,1.4025441778101209,,,,,
LC:HOP-92,200,8,random,1.3822942892896048,,,,,
LC:HOP-92,200,9,random,1.40603555571664,,,,,
LC:HOP-92,200,10,random,1.4093275043543303,,,,,
LC:HOP-92,200,0,geometry_aware,0.9631461055219542,,,,,
LC:HOP-92,200,-1,summary,,0.9631461055219542,1.3974448922582612,0.43429878673630695,10.0,22.0
LC:HOP-92,500,1,random,1.4123790355550654,,,,,
LC:HOP-92,500,2,random,1.4136179847612746,,,,,
LC:HOP-92,500,3,random,1.3382731407538144,,,,,
LC:HOP-92,500,4,random,1.410382210801498,,,,,
LC:HOP-92,500,5,random,1.413628156404759,,,,,
LC:HOP-92,500,6,random,1.4114635715735537,,,,,
LC:HOP-92,500,7,random,1.3596403488021507,,,,,
LC:HOP-92,500,8,random,1.4128570845551411,,,,,
LC:HOP-92,500,9,random,1.4119569506567509,,,,,
LC:HOP-92,500,10,random,1.4106983226722485,,,,,
LC:HOP-92,500,0,geometry_aware,0.8368994713764422,,,,,
LC:HOP-92,500,-1,summary,,0.8368994713764422,1.3994896806536254,0.5625902092771833,10.0,22.0
LC:NCI-H226,50,1,random,1.3183594504798546,,,,,
LC:NCI-H226,50,2,random,1.2956581273727594,,,,,
LC:NCI-H226,50,3,random,1.3196409853259272,,,,,
LC:NCI-H226,50,4,random,1.2047418708892024,,,,,
LC:NCI-H226,50,5,random,1.3360096655908558,,,,,
LC:NCI-H226,50,6,random,1.3173295018521354,,,,,
LC:NCI-H226,50,7,random,1.3276701687479369,,,,,
LC:NCI-H226,50,8,random,1.1155601567822309,,,,,
LC:NCI-H226,50,9,random,1.3331941679924355,,,,,
LC:NCI-H226,50,10,random,1.2834501151511344,,,,,
LC:NCI-H226,50,0,geometry_aware,1.109828039063604,,,,,
LC:NCI-H226,50,-1,summary,,1.109828039063604,1.2851614210184474,0.1753333819548435,10.0,22.0
LC:NCI-H226,100,1,random,1.3327431999305002,,,,,
LC:NCI-H226,100,2,random,1.357197482504865,,,,,
LC:NCI-H226,100,3,random,1.275245192601972,,,,,
LC:NCI-H226,100,4,random,1.3903444681083557,,,,,
LC:NCI-H226,100,5,random,1.3066618800091478,,,,,
LC:NCI-H226,100,6,random,1.3932043756254813,,,,,
LC:NCI-H226,100,7,random,1.3511169447963498,,,,,
LC:NCI-H226,100,8,random,1.3771357047942923,,,,,
LC:NCI-H226,100,9,random,1.402819094476633,,,,,
LC:NCI-H226,100,10,random,1.369561823112579,,,,,
LC:NCI-H226,100,0,geometry_aware,0.9853964988812492,,,,,
LC:NCI-H226,100,-1,summary,,0.9853964988812492,1.3556030165960178,0.37020651771476853,10.0,22.0
LC:NCI-H226,200,1,random,1.4089020706508717,,,,,
LC:NCI-H226,200,2,random,1.4096738584662498,,,,,
LC:NCI-H226,200,3,random,1.412383606067781,,,,,
LC:NCI-H226,200,4,random,1.362832899042306,,,,,
LC:NCI-H226,200,5,random,1.4111808935650043,,,,,
LC:NCI-H226,200,6,random,1.4092040758909767,,,,,
LC:NCI-H226,200,7,random,1.3436939128133505,,,,,
LC:NCI-H226,200,8,random,1.3315717905316715,,,,,
LC:NCI-H226,200,9,random,1.3691113925125789,,,,,
LC:NCI-H226,200,10,random,1.3640752341792903,,,,,
LC:NCI-H226,200,0,geometry_aware,0.9625526224317669,,,,,
LC:NCI-H226,200,-1,summary,,0.9625526224317669,1.3822629733720082,0.41971035094024134,10.0,22.0
LC:NCI-H226,500,1,random,1.3742838874185954,,,,,
LC:NCI-H226,500,2,random,1.401395402477458,,,,,
LC:NCI-H226,500,3,random,1.380687276223996,,,,,
LC:NCI-H226,500,4,random,1.410228382531993,,,,,
LC:NCI-H226,500,5,random,1.4103722252293012,,,,,
LC:NCI-H226,500,6,random,1.4056450102900464,,,,,
LC:NCI-H226,500,7,random,1.4103192153956867,,,,,
LC:NCI-H226,500,8,random,1.4104755677861371,,,,,
LC:NCI-H226,500,9,random,1.4127831163626074,,,,,
LC:NCI-H226,500,10,random,1.36720315653274,,,,,
LC:NCI-H226,500,0,geometry_aware,0.8370020526174962,,,,,
LC:NCI-H226,500,-1,summary,,0.8370020526174962,1.3983393240248563,0.5613372714073601,10.0,22.0
LC:NCI-H322M,50,1,random,1.277757950233071,,,,,
LC:NCI-H322M,50,2,random,1.2446287086278938,,,,,
LC:NCI-H322M,50,3,random,1.344305214050822,,,,,
LC:NCI-H322M,50,4,random,1.2195517253980397,,,,,
LC:NCI-H322M,50,5,random,1.2970379263012992,,,,,
LC:NCI-H322M,50,6,random,1.2011331842758435,,,,,
LC:NCI-H322M,50,7,random,1.379182169008433,,,,,
LC:NCI-H322M,50,8,random,1.2772700638097123,,,,,
LC:NCI-H322M,50,9,random,1.3698581348760321,,,,,
LC:NCI-H322M,50,10,random,1.2965740188475554,,,,,
LC:NCI-H322M,50,0,geometry_aware,1.1078777008078688,,,,,
LC:NCI-H322M,50,-1,summary,,1.1078777008078688,1.2907299095428704,0.18285220873500152,10.0,22.0
LC:NCI-H322M,100,1,random,1.4093158095673435,,,,,
LC:NCI-H322M,100,2,random,1.324927008354872,,,,,
LC:NCI-H322M,100,3,random,1.400064214983828,,,,,
LC:NCI-H322M,100,4,random,1.313702219168235,,,,,
LC:NCI-H322M,100,5,random,1.3378878579908695,,,,,
LC:NCI-H322M,100,6,random,1.3669472493120873,,,,,
LC:NCI-H322M,100,7,random,1.396432672655875,,,,,
LC:NCI-H322M,100,8,random,1.3006322922959983,,,,,
LC:NCI-H322M,100,9,random,1.3973534039903577,,,,,
LC:NCI-H322M,100,10,random,1.341326980137548,,,,,
LC:NCI-H322M,100,0,geometry_aware,0.9778586594103561,,,,,
LC:NCI-H322M,100,-1,summary,,0.9778586594103561,1.3588589708457015,0.3810003114353454,10.0,22.0
LC:NCI-H322M,200,1,random,1.344623514557854,,,,,
LC:NCI-H322M,200,2,random,1.3971167878531532,,,,,
LC:NCI-H322M,200,3,random,1.4140432333369497,,,,,
LC:NCI-H322M,200,4,random,1.4015267945660355,,,,,
LC:NCI-H322M,200,5,random,1.3468034682523526,,,,,
LC:NCI-H322M,200,6,random,1.400038800011466,,,,,
LC:NCI-H322M,200,7,random,1.4045296267404173,,,,,
LC:NCI-H322M,200,8,random,1.4085183960140417,,,,,
LC:NCI-H322M,200,9,random,1.3441527608237855,,,,,
LC:NCI-H322M,200,10,random,1.3896994170566277,,,,,
LC:NCI-H322M,200,0,geometry_aware,0.9631363854882442,,,,,
LC:NCI-H322M,200,-1,summary,,0.9631363854882442,1.3851052799212682,0.421968894433024,10.0,22.0
LC:NCI-H322M,500,1,random,1.4095468378750042,,,,,
LC:NCI-H322M,500,2,random,1.4130489770420784,,,,,
LC:NCI-H322M,500,3,random,1.4119748382823056,,,,,
LC:NCI-H322M,500,4,random,1.4078675445609652,,,,,
LC:NCI-H322M,500,5,random,1.4123212160876297,,,,,
LC:NCI-H322M,500,6,random,1.3985658747257097,,,,,
LC:NCI-H322M,500,7,random,1.4039762531907312,,,,,
LC:NCI-H322M,500,8,random,1.3958948212839182,,,,,
LC:NCI-H322M,500,9,random,1.413541001131699,,,,,
LC:NCI-H322M,500,10,random,1.3710533014639685,,,,,
LC:NCI-H322M,500,0,geometry_aware,0.8372018761143368,,,,,
LC:NCI-H322M,500,-1,summary,,0.8372018761143368,1.403779066564401,0.5665771904500642,10.0,22.0
LC:NCI-H460,50,1,random,1.2546271824172668,,,,,
LC:NCI-H460,50,2,random,1.3175223283759783,,,,,
LC:NCI-H460,50,3,random,1.3452340995701135,,,,,
LC:NCI-H460,50,4,random,1.299409970856541,,,,,
LC:NCI-H460,50,5,random,1.201092395506848,,,,,
LC:NCI-H460,50,6,random,1.298103108000493,,,,,
LC:NCI-H460,50,7,random,1.32515742619715,,,,,
LC:NCI-H460,50,8,random,1.2271791828728513,,,,,
LC:NCI-H460,50,9,random,1.22997468042631,,,,,
LC:NCI-H460,50,10,random,1.252989161474597,,,,,
LC:NCI-H460,50,0,geometry_aware,1.1082383991576101,,,,,
LC:NCI-H460,50,-1,summary,,1.1082383991576101,1.2751289535698147,0.16689055441220457,10.0,22.0
LC:NCI-H460,100,1,random,1.3822116192494602,,,,,
LC:NCI-H460,100,2,random,1.3520706520308081,,,,,
LC:NCI-H460,100,3,random,1.3835415597672924,,,,,
LC:NCI-H460,100,4,random,1.398215132376097,,,,,
LC:NCI-H460,100,5,random,1.3693375850752654,,,,,
LC:NCI-H460,100,6,random,1.3271746209872537,,,,,
LC:NCI-H460,100,7,random,1.379213706634936,,,,,
LC:NCI-H460,100,8,random,1.3595032111936622,,,,,
LC:NCI-H460,100,9,random,1.3273123328085283,,,,,
LC:NCI-H460,100,10,random,1.3671425492149303,,,,,
LC:NCI-H460,100,0,geometry_aware,0.9802781101574239,,,,,
LC:NCI-H460,100,-1,summary,,0.9802781101574239,1.3645722969338234,0.3842941867763995,10.0,22.0
LC:NCI-H460,200,1,random,1.377703086732304,,,,,
LC:NCI-H460,200,2,random,1.4071996455441234,,,,,
LC:NCI-H460,200,3,random,1.4024752887680436,,,,,
LC:NCI-H460,200,4,random,1.4071439424049275,,,,,
LC:NCI-H460,200,5,random,1.3869197768977823,,,,,
LC:NCI-H460,200,6,random,1.4027393998970419,,,,,
LC:NCI-H460,200,7,random,1.4122248499906074,,,,,
LC:NCI-H460,200,8,random,1.4003049711038889,,,,,
LC:NCI-H460,200,9,random,1.4042608903996858,,,,,
LC:NCI-H460,200,10,random,1.411969416407466,,,,,
LC:NCI-H460,200,0,geometry_aware,0.9631188376972044,,,,,
LC:NCI-H460,200,-1,summary,,0.9631188376972044,1.401294126814587,0.4381752891173827,10.0,22.0
LC:NCI-H460,500,1,random,1.3488685885169627,,,,,
LC:NCI-H460,500,2,random,1.3766126165926693,,,,,
LC:NCI-H460,500,3,random,1.4137358349985616,,,,,
LC:NCI-H460,500,4,random,1.4100670493451757,,,,,
LC:NCI-H460,500,5,random,1.4124400078214092,,,,,
LC:NCI-H460,500,6,random,1.37101354789049,,,,,
LC:NCI-H460,500,7,random,1.4139715834485225,,,,,
LC:NCI-H460,500,8,random,1.4109478057912355,,,,,
LC:NCI-H460,500,9,random,1.4108769295769599,,,,,
LC:NCI-H460,500,10,random,1.4083663269343802,,,,,
LC:NCI-H460,500,0,geometry_aware,0.835167735526228,,,,,
LC:NCI-H460,500,-1,summary,,0.835167735526228,1.3976900290916368,0.5625222935654087,10.0,22.0
LC:NCI-H522,50,1,random,1.3017649841953336,,,,,
LC:NCI-H522,50,2,random,1.3486365530138884,,,,,
LC:NCI-H522,50,3,random,1.337863274320982,,,,,
LC:NCI-H522,50,4,random,1.3086077492644874,,,,,
LC:NCI-H522,50,5,random,1.3425063781114608,,,,,
LC:NCI-H522,50,6,random,1.3195215204275144,,,,,
LC:NCI-H522,50,7,random,1.208019066606189,,,,,
LC:NCI-H522,50,8,random,1.3278875406597475,,,,,
LC:NCI-H522,50,9,random,1.2805473302758184,,,,,
LC:NCI-H522,50,10,random,1.1992290977671267,,,,,
LC:NCI-H522,50,0,geometry_aware,1.1083932763065047,,,,,
LC:NCI-H522,50,-1,summary,,1.1083932763065047,1.2974583494642546,0.1890650731577499,10.0,15.0
LC:NCI-H522,100,1,random,1.355291640273392,,,,,
LC:NCI-H522,100,2,random,1.3951805474643661,,,,,
LC:NCI-H522,100,3,random,1.3260391873665243,,,,,
LC:NCI-H522,100,4,random,1.3977084810532925,,,,,
LC:NCI-H522,100,5,random,1.4011063149854897,,,,,
LC:NCI-H522,100,6,random,1.408329925633974,,,,,
LC:NCI-H522,100,7,random,1.3450923798021022,,,,,
LC:NCI-H522,100,8,random,1.3643543376359093,,,,,
LC:NCI-H522,100,9,random,1.3169338701511146,,,,,
LC:NCI-H522,100,10,random,1.345550772871762,,,,,
LC:NCI-H522,100,0,geometry_aware,0.9819844271884006,,,,,
LC:NCI-H522,100,-1,summary,,0.9819844271884006,1.3655587457237925,0.3835743185353919,10.0,15.0
LC:NCI-H522,200,1,random,1.399001189687406,,,,,
LC:NCI-H522,200,2,random,1.397713818087931,,,,,
LC:NCI-H522,200,3,random,1.3500936526582252,,,,,
LC:NCI-H522,200,4,random,1.4109776666925455,,,,,
LC:NCI-H522,200,5,random,1.4098328101860353,,,,,
LC:NCI-H522,200,6,random,1.4004465927480407,,,,,
LC:NCI-H522,200,7,random,1.341530714734217,,,,,
LC:NCI-H522,200,8,random,1.2851038511762574,,,,,
LC:NCI-H522,200,9,random,1.408733684571124,,,,,
LC:NCI-H522,200,10,random,1.392217167446232,,,,,
LC:NCI-H522,200,0,geometry_aware,0.9632784793153133,,,,,
LC:NCI-H522,200,-1,summary,,0.9632784793153133,1.3795651147988013,0.416286635483488,10.0,15.0
LC:NCI-H522,500,1,random,1.4122140077757888,,,,,
LC:NCI-H522,500,2,random,1.413570473107465,,,,,
LC:NCI-H522,500,3,random,1.40584114662038,,,,,
LC:NCI-H522,500,4,random,1.4114296569330136,,,,,
LC:NCI-H522,500,5,random,1.4074632816066335,,,,,
LC:NCI-H522,500,6,random,1.41338870235883,,,,,
LC:NCI-H522,500,7,random,1.4136929461684165,,,,,
LC:NCI-H522,500,8,random,1.3803108390465404,,,,,
LC:NCI-H522,500,9,random,1.4101209473192633,,,,,
LC:NCI-H522,500,10,random,1.4126076206265055,,,,,
LC:NCI-H522,500,0,geometry_aware,0.8389526987232371,,,,,
LC:NCI-H522,500,-1,summary,,0.8389526987232371,1.4080639621562838,0.5691112634330467,10.0,15.0
OV:IGROV1,50,1,random,1.322166759618581,,,,,
OV:IGROV1,50,2,random,1.202137097145163,,,,,
OV:IGROV1,50,3,random,1.3111481895484638,,,,,
OV:IGROV1,50,4,random,1.2722762180191198,,,,,
OV:IGROV1,50,5,random,1.2698305619936572,,,,,
OV:IGROV1,50,6,random,1.1785869597843632,,,,,
OV:IGROV1,50,7,random,1.3333800084163399,,,,,
OV:IGROV1,50,8,random,1.261577822892202,,,,,
OV:IGROV1,50,9,random,1.35906420843807,,,,,
OV:IGROV1,50,10,random,1.201840952105677,,,,,
OV:IGROV1,50,0,geometry_aware,1.1092988398536134,,,,,
OV:IGROV1,50,-1,summary,,1.1092988398536134,1.2712008777961636,0.1619020379425502,10.0,22.0
OV:IGROV1,100,1,random,1.3800428408246055,,,,,
OV:IGROV1,100,2,random,1.308367990301027,,,,,
OV:IGROV1,100,3,random,1.3679164020352463,,,,,
OV:IGROV1,100,4,random,1.4069854967130342,,,,,
OV:IGROV1,100,5,random,1.3572665452936448,,,,,
OV:IGROV1,100,6,random,1.391274783478295,,,,,
OV:IGROV1,100,7,random,1.3625079262278041,,,,,
OV:IGROV1,100,8,random,1.3832768686002939,,,,,
OV:IGROV1,100,9,random,1.3291944583024276,,,,,
OV:IGROV1,100,10,random,1.3822290927737342,,,,,
OV:IGROV1,100,0,geometry_aware,0.9861929698925448,,,,,
OV:IGROV1,100,-1,summary,,0.9861929698925448,1.3669062404550112,0.3807132705624664,10.0,22.0
OV:IGROV1,200,1,random,1.3771048493309666,,,,,
OV:IGROV1,200,2,random,1.39899149692146,,,,,
OV:IGROV1,200,3,random,1.3884816512762999,,,,,
OV:IGROV1,200,4,random,1.3832257420643053,,,,,
OV:IGROV1,200,5,random,1.4043571283943543,,,,,
OV:IGROV1,200,6,random,1.3650528876256842,,,,,
OV:IGROV1,200,7,random,1.3695372777598809,,,,,
OV:IGROV1,200,8,random,1.362614467449689,,,,,
OV:IGROV1,200,9,random,1.41339398560909,,,,,
OV:IGROV1,200,10,random,1.4088228628974646,,,,,
OV:IGROV1,200,0,geometry_aware,0.9631745200550664,,,,,
OV:IGROV1,200,-1,summary,,0.9631745200550664,1.3871582349329195,0.423983714877853,10.0,22.0
OV:IGROV1,500,1,random,1.4020951446170091,,,,,
OV:IGROV1,500,2,random,1.4139883817599643,,,,,
OV:IGROV1,500,3,random,1.4100505143813717,,,,,
OV:IGROV1,500,4,random,1.4100454730756047,,,,,
OV:IGROV1,500,5,random,1.3402094300680372,,,,,
OV:IGROV1,500,6,random,1.388265966472129,,,,,
OV:IGROV1,500,7,random,1.4100208092933988,,,,,
OV:IGROV1,500,8,random,1.4007515653929066,,,,,
OV:IGROV1,500,9,random,1.413314396891598,,,,,
OV:IGROV1,500,10,random,1.3818964353311056,,,,,
OV:IGROV1,500,0,geometry_aware,0.8385700212585442,,,,,
OV:IGROV1,500,-1,summary,,0.8385700212585442,1.3970638117283127,0.5584937904697685,10.0,22.0
OV:OVCAR-3,50,1,random,1.1824582706720586,,,,,
OV:OVCAR-3,50,2,random,1.0951105745295435,,,,,
OV:OVCAR-3,50,3,random,0.9070953257804945,,,,,
OV:OVCAR-3,50,4,random,1.2898126799776908,,,,,
OV:OVCAR-3,50,5,random,1.1540131112830534,,,,,
OV:OVCAR-3,50,6,random,1.2276942825119168,,,,,
OV:OVCAR-3,50,7,random,1.100721450324925,,,,,
OV:OVCAR-3,50,8,random,1.0991319150778545,,,,,
OV:OVCAR-3,50,9,random,1.3939597661235041,,,,,
OV:OVCAR-3,50,10,random,1.0980987275608218,,,,,
OV:OVCAR-3,50,0,geometry_aware,1.4084058663323213,,,,,
OV:OVCAR-3,50,-1,summary,,1.4084058663323213,1.1548096103841865,-0.25359625594813484,10.0,5.0
OV:OVCAR-3,100,1,random,1.2184201617214938,,,,,
OV:OVCAR-3,100,2,random,1.2586290624535605,,,,,
OV:OVCAR-3,100,3,random,1.2437595820154972,,,,,
OV:OVCAR-3,100,4,random,1.1442882323366723,,,,,
OV:OVCAR-3,100,5,random,1.3788893405018594,,,,,
OV:OVCAR-3,100,6,random,1.4005498587504912,,,,,
OV:OVCAR-3,100,7,random,1.3431431020840463,,,,,
OV:OVCAR-3,100,8,random,1.1851642512817173,,,,,
OV:OVCAR-3,100,9,random,1.3295365138288038,,,,,
OV:OVCAR-3,100,10,random,1.2554169579298373,,,,,
OV:OVCAR-3,100,0,geometry_aware,1.4092003223693443,,,,,
OV:OVCAR-3,100,-1,summary,,1.4092003223693443,1.2757797062903982,-0.13342061607894617,10.0,5.0
OV:OVCAR-3,200,1,random,1.377243966282133,,,,,
OV:OVCAR-3,200,2,random,1.2666970250910008,,,,,
OV:OVCAR-3,200,3,random,1.3418734405643096,,,,,
OV:OVCAR-3,200,4,random,1.4064514707509816,,,,,
OV:OVCAR-3,200,5,random,1.3313335040134104,,,,,
OV:OVCAR-3,200,6,random,1.3522021644529432,,,,,
OV:OVCAR-3,200,7,random,1.4098599830649459,,,,,
OV:OVCAR-3,200,8,random,1.2940580514437416,,,,,
OV:OVCAR-3,200,9,random,1.2626055524169075,,,,,
OV:OVCAR-3,200,10,random,1.3817681402275013,,,,,
OV:OVCAR-3,200,0,geometry_aware,1.4127289727464283,,,,,
OV:OVCAR-3,200,-1,summary,,1.4127289727464283,1.3424093298307875,-0.07031964291564075,10.0,5.0
OV:OVCAR-3,500,1,random,1.4137466820880815,,,,,
OV:OVCAR-3,500,2,random,1.4142135502424824,,,,,
OV:OVCAR-3,500,3,random,1.4141693277195293,,,,,
OV:OVCAR-3,500,4,random,1.4137341578640084,,,,,
OV:OVCAR-3,500,5,random,1.4099385047467679,,,,,
OV:OVCAR-3,500,6,random,1.4065813004787595,,,,,
OV:OVCAR-3,500,7,random,1.4135797316297745,,,,,
OV:OVCAR-3,500,8,random,1.4123370635512604,,,,,
OV:OVCAR-3,500,9,random,1.4104031344500685,,,,,
OV:OVCAR-3,500,10,random,1.4083413349840856,,,,,
OV:OVCAR-3,500,0,geometry_aware,1.4140212374358934,,,,,
OV:OVCAR-3,500,-1,summary,,1.4140212374358934,1.4117044787754816,-0.0023167586604118107,10.0,5.0
OV:OVCAR-4,50,1,random,1.1852935914038385,,,,,
OV:OVCAR-4,50,2,random,1.3080967321112311,,,,,
OV:OVCAR-4,50,3,random,1.263727160359677,,,,,
OV:OVCAR-4,50,4,random,1.2895174617959544,,,,,
OV:OVCAR-4,50,5,random,1.1592200301700775,,,,,
OV:OVCAR-4,50,6,random,1.2187396936424337,,,,,
OV:OVCAR-4,50,7,random,1.2584618730887778,,,,,
OV:OVCAR-4,50,8,random,1.328042091851145,,,,,
OV:OVCAR-4,50,9,random,1.3315354101060612,,,,,
OV:OVCAR-4,50,10,random,1.270933508578461,,,,,
OV:OVCAR-4,50,0,geometry_aware,1.1092295388070592,,,,,
OV:OVCAR-4,50,-1,summary,,1.1092295388070592,1.2613567553107656,0.15212721650370642,10.0,22.0
OV:OVCAR-4,100,1,random,1.3651571809282286,,,,,
OV:OVCAR-4,100,2,random,1.3659634880076648,,,,,
OV:OVCAR-4,100,3,random,1.3682970409742754,,,,,
OV:OVCAR-4,100,4,random,1.3001644580661034,,,,,
OV:OVCAR-4,100,5,random,1.3938568398876734,,,,,
OV:OVCAR-4,100,6,random,1.2699393538312969,,,,,
OV:OVCAR-4,100,7,random,1.3236518565946764,,,,,
OV:OVCAR-4,100,8,random,1.4044579228987724,,,,,
OV:OVCAR-4,100,9,random,1.4045241388817133,,,,,
OV:OVCAR-4,100,10,random,1.3318604106313607,,,,,
OV:OVCAR-4,100,0,geometry_aware,0.9864317692187622,,,,,
OV:OVCAR-4,100,-1,summary,,0.9864317692187622,1.3527872690701765,0.36635549985141436,10.0,22.0
OV:OVCAR-4,200,1,random,1.411200585640065,,,,,
OV:OVCAR-4,200,2,random,1.3947213543606225,,,,,
OV:OVCAR-4,200,3,random,1.4070489454004598,,,,,
OV:OVCAR-4,200,4,random,1.3729421844994827,,,,,
OV:OVCAR-4,200,5,random,1.4110112752367971,,,,,
OV:OVCAR-4,200,6,random,1.3887000992963263,,,,,
OV:OVCAR-4,200,7,random,1.307233740973427,,,,,
OV:OVCAR-4,200,8,random,1.3968175294914085,,,,,
OV:OVCAR-4,200,9,random,1.4052064066173515,,,,,
OV:OVCAR-4,200,10,random,1.3671777873911533,,,,,
OV:OVCAR-4,200,0,geometry_aware,0.9629116781233537,,,,,
OV:OVCAR-4,200,-1,summary,,0.9629116781233537,1.3862059908907094,0.42329431276735574,10.0,22.0
OV:OVCAR-4,500,1,random,1.4137730516917093,,,,,
OV:OVCAR-4,500,2,random,1.4122871926686043,,,,,
OV:OVCAR-4,500,3,random,1.4082155752256647,,,,,
OV:OVCAR-4,500,4,random,1.412265144614499,,,,,
OV:OVCAR-4,500,5,random,1.412661065399463,,,,,
OV:OVCAR-4,500,6,random,1.4097268625524404,,,,,
OV:OVCAR-4,500,7,random,1.4119590589050535,,,,,
OV:OVCAR-4,500,8,random,1.2948058925875678,,,,,
OV:OVCAR-4,500,9,random,1.4111224287456077,,,,,
OV:OVCAR-4,500,10,random,1.4133586251799954,,,,,
OV:OVCAR-4,500,0,geometry_aware,0.9342621423760331,,,,,
OV:OVCAR-4,500,-1,summary,,0.9342621423760331,1.4000174897570603,0.4657553473810272,10.0,22.0
OV:OVCAR-5,50,1,random,1.2516628881711642,,,,,
OV:OVCAR-5,50,2,random,1.2738666916882633,,,,,
OV:OVCAR-5,50,3,random,1.2500046547814918,,,,,
OV:OVCAR-5,50,4,random,1.3126549145749404,,,,,
OV:OVCAR-5,50,5,random,1.374293977504305,,,,,
OV:OVCAR-5,50,6,random,1.3070123987020894,,,,,
OV:OVCAR-5,50,7,random,1.3076640558753645,,,,,
OV:OVCAR-5,50,8,random,1.3237656211402977,,,,,
OV:OVCAR-5,50,9,random,1.2468554713368423,,,,,
OV:OVCAR-5,50,10,random,1.2944225185102347,,,,,
OV:OVCAR-5,50,0,geometry_aware,1.1093604521106273,,,,,
OV:OVCAR-5,50,-1,summary,,1.1093604521106273,1.2942203192284993,0.18485986711787206,10.0,22.0
OV:OVCAR-5,100,1,random,1.3097748371900242,,,,,
OV:OVCAR-5,100,2,random,1.3590222531182263,,,,,
OV:OVCAR-5,100,3,random,1.38176110742885,,,,,
OV:OVCAR-5,100,4,random,1.3616937979666126,,,,,
OV:OVCAR-5,100,5,random,1.3621673830472276,,,,,
OV:OVCAR-5,100,6,random,1.3460940238861487,,,,,
OV:OVCAR-5,100,7,random,1.3027140776046755,,,,,
OV:OVCAR-5,100,8,random,1.3406054790755777,,,,,
OV:OVCAR-5,100,9,random,1.370953371079806,,,,,
OV:OVCAR-5,100,10,random,1.3237909229073126,,,,,
OV:OVCAR-5,100,0,geometry_aware,0.9894297987351962,,,,,
OV:OVCAR-5,100,-1,summary,,0.9894297987351962,1.345857725330446,0.3564279265952498,10.0,22.0
OV:OVCAR-5,200,1,random,1.4034004237258497,,,,,
OV:OVCAR-5,200,2,random,1.3626042123337785,,,,,
OV:OVCAR-5,200,3,random,1.3985816005491187,,,,,
OV:OVCAR-5,200,4,random,1.4038781640472369,,,,,
OV:OVCAR-5,200,5,random,1.3841948788077592,,,,,
OV:OVCAR-5,200,6,random,1.406628359554563,,,,,
OV:OVCAR-5,200,7,random,1.3857279182453224,,,,,
OV:OVCAR-5,200,8,random,1.3810956350509043,,,,,
OV:OVCAR-5,200,9,random,1.4099612555086156,,,,,
OV:OVCAR-5,200,10,random,1.411421737012611,,,,,
OV:OVCAR-5,200,0,geometry_aware,0.9635796139473469,,,,,
OV:OVCAR-5,200,-1,summary,,0.9635796139473469,1.394749418483576,0.4311698045362291,10.0,22.0
OV:OVCAR-5,500,1,random,1.4062614736042385,,,,,
OV:OVCAR-5,500,2,random,1.4073730640791176,,,,,
OV:OVCAR-5,500,3,random,1.4048946517437892,,,,,
OV:OVCAR-5,500,4,random,1.410439881684209,,,,,
OV:OVCAR-5,500,5,random,1.4105685317001757,,,,,
OV:OVCAR-5,500,6,random,1.4126013415529448,,,,,
OV:OVCAR-5,500,7,random,1.4008779904420494,,,,,
OV:OVCAR-5,500,8,random,1.4107841569060955,,,,,
OV:OVCAR-5,500,9,random,1.2948941677860755,,,,,
OV:OVCAR-5,500,10,random,1.4126532454296694,,,,,
OV:OVCAR-5,500,0,geometry_aware,0.8377702271597799,,,,,
OV:OVCAR-5,500,-1,summary,,0.8377702271597799,1.3971348504928367,0.5593646233330568,10.0,22.0
OV:OVCAR-8,50,1,random,1.2082195871920467,,,,,
OV:OVCAR-8,50,2,random,1.3222743973242232,,,,,
OV:OVCAR-8,50,3,random,1.2691043867141614,,,,,
OV:OVCAR-8,50,4,random,1.2316520797392083,,,,,
OV:OVCAR-8,50,5,random,1.2134990390311806,,,,,
OV:OVCAR-8,50,6,random,1.3517178215324992,,,,,
OV:OVCAR-8,50,7,random,1.1856850239331795,,,,,
OV:OVCAR-8,50,8,random,1.3186356927579268,,,,,
OV:OVCAR-8,50,9,random,1.2712310523811876,,,,,
OV:OVCAR-8,50,10,random,1.3108789887171506,,,,,
OV:OVCAR-8,50,0,geometry_aware,1.1097447124647009,,,,,
OV:OVCAR-8,50,-1,summary,,1.1097447124647009,1.2682898069322763,0.15854509446757548,10.0,22.0
OV:OVCAR-8,100,1,random,1.358403140173946,,,,,
OV:OVCAR-8,100,2,random,1.3836973260496324,,,,,
OV:OVCAR-8,100,3,random,1.3934611734201712,,,,,
OV:OVCAR-8,100,4,random,1.3928289504711788,,,,,
OV:OVCAR-8,100,5,random,1.4016055845384823,,,,,
OV:OVCAR-8,100,6,random,1.3937934957219866,,,,,
OV:OVCAR-8,100,7,random,1.3999977816562483,,,,,
OV:OVCAR-8,100,8,random,1.254520849919154,,,,,
OV:OVCAR-8,100,9,random,1.3321172752427897,,,,,
OV:OVCAR-8,100,10,random,1.4100081302185323,,,,,
OV:OVCAR-8,100,0,geometry_aware,0.9880296568799363,,,,,
OV:OVCAR-8,100,-1,summary,,0.9880296568799363,1.3720433707412123,0.38401371386127603,10.0,22.0
OV:OVCAR-8,200,1,random,1.3944297912023218,,,,,
OV:OVCAR-8,200,2,random,1.3585990853748535,,,,,
OV:OVCAR-8,200,3,random,1.3683388307017643,,,,,
OV:OVCAR-8,200,4,random,1.3752904516972697,,,,,
OV:OVCAR-8,200,5,random,1.35991356230274,,,,,
OV:OVCAR-8,200,6,random,1.403128901489413,,,,,
OV:OVCAR-8,200,7,random,1.3828886425290723,,,,,
OV:OVCAR-8,200,8,random,1.382815669885899,,,,,
OV:OVCAR-8,200,9,random,1.406891939245153,,,,,
OV:OVCAR-8,200,10,random,1.3991716048751637,,,,,
OV:OVCAR-8,200,0,geometry_aware,0.9628225083479275,,,,,
OV:OVCAR-8,200,-1,summary,,0.9628225083479275,1.3831468479303652,0.42032433958243776,10.0,22.0
OV:OVCAR-8,500,1,random,1.4118479123243908,,,,,
OV:OVCAR-8,500,2,random,1.4119127207060747,,,,,
OV:OVCAR-8,500,3,random,1.4000577937366183,,,,,
OV:OVCAR-8,500,4,random,1.3992262054251323,,,,,
OV:OVCAR-8,500,5,random,1.413419806221273,,,,,
OV:OVCAR-8,500,6,random,1.4048238851160488,,,,,
OV:OVCAR-8,500,7,random,1.408827830851472,,,,,
OV:OVCAR-8,500,8,random,1.3268600803183517,,,,,
OV:OVCAR-8,500,9,random,1.409290641601449,,,,,
OV:OVCAR-8,500,10,random,1.407702478220714,,,,,
OV:OVCAR-8,500,0,geometry_aware,0.8335243032138775,,,,,
OV:OVCAR-8,500,-1,summary,,0.8335243032138775,1.3993969354521523,0.5658726322382748,10.0,22.0
OV:SK-OV-3,50,1,random,1.3094587857401963,,,,,
OV:SK-OV-3,50,2,random,1.3434104260086697,,,,,
OV:SK-OV-3,50,3,random,1.3020496082596338,,,,,
OV:SK-OV-3,50,4,random,1.3646568639367553,,,,,
OV:SK-OV-3,50,5,random,1.2754993672232715,,,,,
OV:SK-OV-3,50,6,random,1.2831321239200302,,,,,
OV:SK-OV-3,50,7,random,1.2647313999715268,,,,,
OV:SK-OV-3,50,8,random,1.3515432816724262,,,,,
OV:SK-OV-3,50,9,random,1.1215849750514488,,,,,
OV:SK-OV-3,50,10,random,1.3539672888550052,,,,,
OV:SK-OV-3,50,0,geometry_aware,1.1085411368058107,,,,,
OV:SK-OV-3,50,-1,summary,,1.1085411368058107,1.2970034120638962,0.18846227525808557,10.0,22.0
OV:SK-OV-3,100,1,random,1.3531566677951439,,,,,
OV:SK-OV-3,100,2,random,1.4004215217331377,,,,,
OV:SK-OV-3,100,3,random,1.3774716532627291,,,,,
OV:SK-OV-3,100,4,random,1.3678644752832954,,,,,
OV:SK-OV-3,100,5,random,1.3274201104294363,,,,,
OV:SK-OV-3,100,6,random,1.3991527899986784,,,,,
OV:SK-OV-3,100,7,random,1.3633891036023924,,,,,
OV:SK-OV-3,100,8,random,1.398014002154366,,,,,
OV:SK-OV-3,100,9,random,1.3907473421434327,,,,,
OV:SK-OV-3,100,10,random,1.264448107534326,,,,,
OV:SK-OV-3,100,0,geometry_aware,0.9853764756320265,,,,,
OV:SK-OV-3,100,-1,summary,,0.9853764756320265,1.3642085773936938,0.3788321017616674,10.0,22.0
OV:SK-OV-3,200,1,random,1.390218606774739,,,,,
OV:SK-OV-3,200,2,random,1.4113151176674774,,,,,
OV:SK-OV-3,200,3,random,1.3875567585925825,,,,,
OV:SK-OV-3,200,4,random,1.3962621914552222,,,,,
OV:SK-OV-3,200,5,random,1.3794816277949267,,,,,
OV:SK-OV-3,200,6,random,1.3899542623728731,,,,,
OV:SK-OV-3,200,7,random,1.4027434964429997,,,,,
OV:SK-OV-3,200,8,random,1.3867283523060623,,,,,
OV:SK-OV-3,200,9,random,1.4094576839323558,,,,,
OV:SK-OV-3,200,10,random,1.412044814732767,,,,,
OV:SK-OV-3,200,0,geometry_aware,0.9630379582564003,,,,,
OV:SK-OV-3,200,-1,summary,,0.9630379582564003,1.3965762912072006,0.43353833295080035,10.0,22.0
OV:SK-OV-3,500,1,random,1.4124388107515529,,,,,
OV:SK-OV-3,500,2,random,1.4057722910827752,,,,,
OV:SK-OV-3,500,3,random,1.3381766413186051,,,,,
OV:SK-OV-3,500,4,random,1.4134020715304059,,,,,
OV:SK-OV-3,500,5,random,1.4083914602604046,,,,,
OV:SK-OV-3,500,6,random,1.4127930331592407,,,,,
OV:SK-OV-3,500,7,random,1.4101602678746639,,,,,
OV:SK-OV-3,500,8,random,1.4051415273223853,,,,,
OV:SK-OV-3,500,9,random,1.4138844412440932,,,,,
OV:SK-OV-3,500,10,random,1.3827708221022166,,,,,
OV:SK-OV-3,500,0,geometry_aware,0.8371219651886805,,,,,
OV:SK-OV-3,500,-1,summary,,0.8371219651886805,1.4002931366646343,0.5631711714759537,10.0,22.0
OV:NCI/ADR-RES,50,1,random,1.3153015274647168,,,,,
OV:NCI/ADR-RES,50,2,random,1.356752326117768,,,,,
OV:NCI/ADR-RES,50,3,random,1.3211089588567229,,,,,
OV:NCI/ADR-RES,50,4,random,1.3138690013312813,,,,,
OV:NCI/ADR-RES,50,5,random,1.3523335809639692,,,,,
OV:NCI/ADR-RES,50,6,random,1.3261929731914368,,,,,
OV:NCI/ADR-RES,50,7,random,1.4128834856064556,,,,,
OV:NCI/ADR-RES,50,8,random,1.347047217509292,,,,,
OV:NCI/ADR-RES,50,9,random,1.3115331705845872,,,,,
OV:NCI/ADR-RES,50,10,random,1.3360341633180628,,,,,
OV:NCI/ADR-RES,50,0,geometry_aware,1.0731011035178912,,,,,
OV:NCI/ADR-RES,50,-1,summary,,1.0731011035178912,1.3393056404944292,0.266204536976538,10.0,8.0
OV:NCI/ADR-RES,100,1,random,1.3333600397181518,,,,,
OV:NCI/ADR-RES,100,2,random,1.2816646429857426,,,,,
OV:NCI/ADR-RES,100,3,random,1.4053641596273054,,,,,
OV:NCI/ADR-RES,100,4,random,1.3681462156308448,,,,,
OV:NCI/ADR-RES,100,5,random,1.4025737260543554,,,,,
OV:NCI/ADR-RES,100,6,random,1.3732770478164391,,,,,
OV:NCI/ADR-RES,100,7,random,1.3236709451336788,,,,,
OV:NCI/ADR-RES,100,8,random,1.4034936914566758,,,,,
OV:NCI/ADR-RES,100,9,random,1.3357306573321133,,,,,
OV:NCI/ADR-RES,100,10,random,1.397797464332371,,,,,
OV:NCI/ADR-RES,100,0,geometry_aware,1.0591027180953594,,,,,
OV:NCI/ADR-RES,100,-1,summary,,1.0591027180953594,1.3625078590087678,0.3034051409134084,10.0,8.0
OV:NCI/ADR-RES,200,1,random,1.3951263122861088,,,,,
OV:NCI/ADR-RES,200,2,random,1.333707077089305,,,,,
OV:NCI/ADR-RES,200,3,random,1.4108514665691567,,,,,
OV:NCI/ADR-RES,200,4,random,1.326398118681506,,,,,
OV:NCI/ADR-RES,200,5,random,1.3932784757480532,,,,,
OV:NCI/ADR-RES,200,6,random,1.3875194700874662,,,,,
OV:NCI/ADR-RES,200,7,random,1.4004389931913463,,,,,
OV:NCI/ADR-RES,200,8,random,1.3908660548591893,,,,,
OV:NCI/ADR-RES,200,9,random,1.4068423904774423,,,,,
OV:NCI/ADR-RES,200,10,random,1.4132690336419904,,,,,
OV:NCI/ADR-RES,200,0,geometry_aware,1.0265001718294113,,,,,
OV:NCI/ADR-RES,200,-1,summary,,1.0265001718294113,1.3858297392631562,0.3593295674337449,10.0,8.0
OV:NCI/ADR-RES,500,1,random,1.4141316328678761,,,,,
OV:NCI/ADR-RES,500,2,random,1.4140553102924438,,,,,
OV:NCI/ADR-RES,500,3,random,1.4119141249024458,,,,,
OV:NCI/ADR-RES,500,4,random,1.4132705137481236,,,,,
OV:NCI/ADR-RES,500,5,random,1.3339379551003108,,,,,
OV:NCI/ADR-RES,500,6,random,1.4124090013713804,,,,,
OV:NCI/ADR-RES,500,7,random,1.41399822943688,,,,,
OV:NCI/ADR-RES,500,8,random,1.4117180185546814,,,,,
OV:NCI/ADR-RES,500,9,random,1.4081913373406285,,,,,
OV:NCI/ADR-RES,500,10,random,1.4115131104953893,,,,,
OV:NCI/ADR-RES,500,0,geometry_aware,1.0733261091089932,,,,,
OV:NCI/ADR-RES,500,-1,summary,,1.0733261091089932,1.4045139234110162,0.33118781430202304,10.0,8.0
PR:PC-3,50,1,random,1.2697967500775953,,,,,
PR:PC-3,50,2,random,1.346211873318463,,,,,
PR:PC-3,50,3,random,1.3347283363723694,,,,,
PR:PC-3,50,4,random,1.3451325366736369,,,,,
PR:PC-3,50,5,random,1.2870400258321562,,,,,
PR:PC-3,50,6,random,1.235097191659625,,,,,
PR:PC-3,50,7,random,1.2633844301055692,,,,,
PR:PC-3,50,8,random,1.283255181500625,,,,,
PR:PC-3,50,9,random,1.2705847713363168,,,,,
PR:PC-3,50,10,random,1.2856719711508167,,,,,
PR:PC-3,50,0,geometry_aware,1.1090537072777569,,,,,
PR:PC-3,50,-1,summary,,1.1090537072777569,1.2920903068027174,0.18303659952496054,10.0,22.0
PR:PC-3,100,1,random,1.3296958258812508,,,,,
PR:PC-3,100,2,random,1.3786305069150093,,,,,
PR:PC-3,100,3,random,1.3522269048528512,,,,,
PR:PC-3,100,4,random,1.3433325775694962,,,,,
PR:PC-3,100,5,random,1.3294131047266893,,,,,
PR:PC-3,100,6,random,1.3905429593963536,,,,,
PR:PC-3,100,7,random,1.4021873085352436,,,,,
PR:PC-3,100,8,random,1.4059948414918848,,,,,
PR:PC-3,100,9,random,1.3723188457447442,,,,,
PR:PC-3,100,10,random,1.3384834209139889,,,,,
PR:PC-3,100,0,geometry_aware,0.991843958778272,,,,,
PR:PC-3,100,-1,summary,,0.991843958778272,1.364282629602751,0.372438670824479,10.0,22.0
PR:PC-3,200,1,random,1.4079117373367416,,,,,
PR:PC-3,200,2,random,1.3771772742110113,,,,,
PR:PC-3,200,3,random,1.3336216703261068,,,,,
PR:PC-3,200,4,random,1.394347725192289,,,,,
PR:PC-3,200,5,random,1.393178946049214,,,,,
PR:PC-3,200,6,random,1.3861048642233236,,,,,
PR:PC-3,200,7,random,1.41238405013697,,,,,
PR:PC-3,200,8,random,1.4089707105579374,,,,,
PR:PC-3,200,9,random,1.3891758836980075,,,,,
PR:PC-3,200,10,random,1.3603885528627488,,,,,
PR:PC-3,200,0,geometry_aware,0.9637586894672742,,,,,
PR:PC-3,200,-1,summary,,0.9637586894672742,1.3863261414594352,0.42256745199216106,10.0,22.0
PR:PC-3,500,1,random,1.3548387452427846,,,,,
PR:PC-3,500,2,random,1.413567401347639,,,,,
PR:PC-3,500,3,random,1.410509281285162,,,,,
PR:PC-3,500,4,random,1.4101626390940072,,,,,
PR:PC-3,500,5,random,1.3722952017226004,,,,,
PR:PC-3,500,6,random,1.4115762066541275,,,,,
PR:PC-3,500,7,random,1.4130290002372947,,,,,
PR:PC-3,500,8,random,1.4117009978723678,,,,,
PR:PC-3,500,9,random,1.413137267818608,,,,,
PR:PC-3,500,10,random,1.364418346069288,,,,,
PR:PC-3,500,0,geometry_aware,0.8343768855951017,,,,,
PR:PC-3,500,-1,summary,,0.8343768855951017,1.397523508734388,0.5631466231392863,10.0,22.0
PR:DU-145,50,1,random,1.3696920885522317,,,,,
PR:DU-145,50,2,random,1.2322378095958346,,,,,
PR:DU-145,50,3,random,1.2546141905441648,,,,,
PR:DU-145,50,4,random,1.2474186196016603,,,,,
PR:DU-145,50,5,random,1.2360603920506026,,,,,
PR:DU-145,50,6,random,1.2133085200444111,,,,,
PR:DU-145,50,7,random,1.1597050849055965,,,,,
PR:DU-145,50,8,random,1.2190728075280919,,,,,
PR:DU-145,50,9,random,1.3274544512044457,,,,,
PR:DU-145,50,10,random,1.1680969608641714,,,,,
PR:DU-145,50,0,geometry_aware,1.111052547312662,,,,,
PR:DU-145,50,-1,summary,,1.111052547312662,1.2427660924891208,0.13171354517645883,10.0,22.0
PR:DU-145,100,1,random,1.3744881063982746,,,,,
PR:DU-145,100,2,random,1.4020146773613082,,,,,
PR:DU-145,100,3,random,1.3360026825866322,,,,,
PR:DU-145,100,4,random,1.3084165711598637,,,,,
PR:DU-145,100,5,random,1.367007475440673,,,,,
PR:DU-145,100,6,random,1.3604578385350818,,,,,
PR:DU-145,100,7,random,1.3624628126470972,,,,,
PR:DU-145,100,8,random,1.3898393444869874,,,,,
PR:DU-145,100,9,random,1.3149623416260428,,,,,
PR:DU-145,100,10,random,1.3996004256602494,,,,,
PR:DU-145,100,0,geometry_aware,0.9876655884698239,,,,,
PR:DU-145,100,-1,summary,,0.9876655884698239,1.3615252275902212,0.3738596391203973,10.0,22.0
PR:DU-145,200,1,random,1.4046567381821324,,,,,
PR:DU-145,200,2,random,1.4037498225745237,,,,,
PR:DU-145,200,3,random,1.4107006800022333,,,,,
PR:DU-145,200,4,random,1.4100040248091692,,,,,
PR:DU-145,200,5,random,1.402531999091772,,,,,
PR:DU-145,200,6,random,1.4038551793862,,,,,
PR:DU-145,200,7,random,1.3601741451369513,,,,,
PR:DU-145,200,8,random,1.3953699474144288,,,,,
PR:DU-145,200,9,random,1.3936609169932581,,,,,
PR:DU-145,200,10,random,1.344078480801448,,,,,
PR:DU-145,200,0,geometry_aware,0.9623943748612508,,,,,
PR:DU-145,200,-1,summary,,0.9623943748612508,1.3928781934392118,0.43048381857796103,10.0,22.0
PR:DU-145,500,1,random,1.372069247445579,,,,,
PR:DU-145,500,2,random,1.4133653942121924,,,,,
PR:DU-145,500,3,random,1.4116369550379921,,,,,
PR:DU-145,500,4,random,1.4138441711204515,,,,,
PR:DU-145,500,5,random,1.40972601980019,,,,,
PR:DU-145,500,6,random,1.4136741209430783,,,,,
PR:DU-145,500,7,random,1.4138582570448803,,,,,
PR:DU-145,500,8,random,1.4086159298502094,,,,,
PR:DU-145,500,9,random,1.410962054553421,,,,,
PR:DU-145,500,10,random,1.4140028656026826,,,,,
PR:DU-145,500,0,geometry_aware,0.9367908087579048,,,,,
PR:DU-145,500,-1,summary,,0.9367908087579048,1.4081755015610677,0.471384692803163,10.0,22.0
RE:786-0,50,1,random,1.2048278013493994,,,,,
RE:786-0,50,2,random,1.1162373383399373,,,,,
RE:786-0,50,3,random,1.2737754080346824,,,,,
RE:786-0,50,4,random,1.1616525128365405,,,,,
RE:786-0,50,5,random,1.2361068717518287,,,,,
RE:786-0,50,6,random,1.095073988150713,,,,,
RE:786-0,50,7,random,1.0618290901927825,,,,,
RE:786-0,50,8,random,1.261088150195429,,,,,
RE:786-0,50,9,random,1.0089021289068791,,,,,
RE:786-0,50,10,random,1.2284633805155032,,,,,
RE:786-0,50,0,geometry_aware,1.4130672703435978,,,,,
RE:786-0,50,-1,summary,,1.4130672703435978,1.1647956670273694,-0.24827160331622844,10.0,5.0
RE:786-0,100,1,random,1.2632427583428143,,,,,
RE:786-0,100,2,random,1.3063669197509684,,,,,
RE:786-0,100,3,random,1.3079998422175785,,,,,
RE:786-0,100,4,random,1.360122314280462,,,,,
RE:786-0,100,5,random,1.3871681389599864,,,,,
RE:786-0,100,6,random,1.2908706312318308,,,,,
RE:786-0,100,7,random,1.3624859525407096,,,,,
RE:786-0,100,8,random,1.2466763077217733,,,,,
RE:786-0,100,9,random,1.3706645633489047,,,,,
RE:786-0,100,10,random,1.2792068510452645,,,,,
RE:786-0,100,0,geometry_aware,1.411157884794815,,,,,
RE:786-0,100,-1,summary,,1.411157884794815,1.3174804279440293,-0.09367745685078566,10.0,5.0
RE:786-0,200,1,random,1.3874592873875307,,,,,
RE:786-0,200,2,random,1.4129301646233319,,,,,
RE:786-0,200,3,random,1.4123287943906184,,,,,
RE:786-0,200,4,random,1.3763802972859314,,,,,
RE:786-0,200,5,random,1.3490099984863808,,,,,
RE:786-0,200,6,random,1.3904304364871272,,,,,
RE:786-0,200,7,random,1.4140600397793843,,,,,
RE:786-0,200,8,random,1.3683140035015657,,,,,
RE:786-0,200,9,random,1.4089159141228356,,,,,
RE:786-0,200,10,random,1.3933046265343174,,,,,
RE:786-0,200,0,geometry_aware,1.4127261193387932,,,,,
RE:786-0,200,-1,summary,,1.4127261193387932,1.3913133562599023,-0.02141276307889095,10.0,5.0
RE:786-0,500,1,random,1.411998643242204,,,,,
RE:786-0,500,2,random,1.4073165098826743,,,,,
RE:786-0,500,3,random,1.393733442499893,,,,,
RE:786-0,500,4,random,1.4004020159656416,,,,,
RE:786-0,500,5,random,1.4083144554713583,,,,,
RE:786-0,500,6,random,1.414041804604222,,,,,
RE:786-0,500,7,random,1.4099080153659045,,,,,
RE:786-0,500,8,random,1.4131104461186124,,,,,
RE:786-0,500,9,random,1.4140500198151034,,,,,
RE:786-0,500,10,random,1.4142106919767898,,,,,
RE:786-0,500,0,geometry_aware,1.4141443949312091,,,,,
RE:786-0,500,-1,summary,,1.4141443949312091,1.4087086044942405,-0.005435790436968624,10.0,5.0
RE:A498,50,1,random,1.3175630084696166,,,,,
RE:A498,50,2,random,1.1503398584499949,,,,,
RE:A498,50,3,random,1.2644854290157825,,,,,
RE:A498,50,4,random,1.2720964180009546,,,,,
RE:A498,50,5,random,1.3458251224508004,,,,,
RE:A498,50,6,random,1.2146481258622295,,,,,
RE:A498,50,7,random,1.2576939842392505,,,,,
RE:A498,50,8,random,1.253490848232219,,,,,
RE:A498,50,9,random,1.2671888525669899,,,,,
RE:A498,50,10,random,1.285833064193014,,,,,
RE:A498,50,0,geometry_aware,1.1084094430752556,,,,,
RE:A498,50,-1,summary,,1.1084094430752556,1.2629164711480851,0.15450702807282957,10.0,22.0
RE:A498,100,1,random,1.3363973696780755,,,,,
RE:A498,100,2,random,1.3675135728141807,,,,,
RE:A498,100,3,random,1.400038051223599,,,,,
RE:A498,100,4,random,1.390422552891604,,,,,
RE:A498,100,5,random,1.3679386893518848,,,,,
RE:A498,100,6,random,1.2564488531179498,,,,,
RE:A498,100,7,random,1.315662811772154,,,,,
RE:A498,100,8,random,1.4074959624497547,,,,,
RE:A498,100,9,random,1.2997009856276258,,,,,
RE:A498,100,10,random,1.4093993838593804,,,,,
RE:A498,100,0,geometry_aware,0.9870492370303325,,,,,
RE:A498,100,-1,summary,,0.9870492370303325,1.3551018232786207,0.3680525862482882,10.0,22.0
RE:A498,200,1,random,1.3892621727681045,,,,,
RE:A498,200,2,random,1.4098185057185129,,,,,
RE:A498,200,3,random,1.4070208614267108,,,,,
RE:A498,200,4,random,1.3855569492510629,,,,,
RE:A498,200,5,random,1.3936046721254534,,,,,
RE:A498,200,6,random,1.3653301335476244,,,,,
RE:A498,200,7,random,1.4077227259524379,,,,,
RE:A498,200,8,random,1.4131421919014724,,,,,
RE:A498,200,9,random,1.3948858278211147,,,,,
RE:A498,200,10,random,1.371109453113095,,,,,
RE:A498,200,0,geometry_aware,0.9639427953996748,,,,,
RE:A498,200,-1,summary,,0.9639427953996748,1.393745349362559,0.42980255396288414,10.0,22.0
RE:A498,500,1,random,1.380550447006502,,,,,
RE:A498,500,2,random,1.4124947459468136,,,,,
RE:A498,500,3,random,1.4099427030593032,,,,,
RE:A498,500,4,random,1.4122226276016328,,,,,
RE:A498,500,5,random,1.3812543794069203,,,,,
RE:A498,500,6,random,1.4093646494446577,,,,,
RE:A498,500,7,random,1.404749945400196,,,,,
RE:A498,500,8,random,1.4070513394382385,,,,,
RE:A498,500,9,random,1.3990071359978788,,,,,
RE:A498,500,10,random,1.391182315526883,,,,,
RE:A498,500,0,geometry_aware,0.9378247188411916,,,,,
RE:A498,500,-1,summary,,0.9378247188411916,1.4007820288829027,0.46295731004171115,10.0,22.0
RE:ACHN,50,1,random,1.3578531439108354,,,,,
RE:ACHN,50,2,random,1.3960172494989938,,,,,
RE:ACHN,50,3,random,1.3984833371432583,,,,,
RE:ACHN,50,4,random,1.3019293873116924,,,,,
RE:ACHN,50,5,random,1.3122444891635547,,,,,
RE:ACHN,50,6,random,1.329182421004116,,,,,
RE:ACHN,50,7,random,1.4071017884476917,,,,,
RE:ACHN,50,8,random,1.3885741166631103,,,,,
RE:ACHN,50,9,random,1.301820316610312,,,,,
RE:ACHN,50,10,random,1.3183733371713755,,,,,
RE:ACHN,50,0,geometry_aware,1.0661987531305257,,,,,
RE:ACHN,50,-1,summary,,1.0661987531305257,1.3511579586924942,0.2849592055619685,10.0,7.0
RE:ACHN,100,1,random,1.377502114444526,,,,,
RE:ACHN,100,2,random,1.403087590493676,,,,,
RE:ACHN,100,3,random,1.4020511381934453,,,,,
RE:ACHN,100,4,random,1.3966126296907926,,,,,
RE:ACHN,100,5,random,1.3592306394495657,,,,,
RE:ACHN,100,6,random,1.4077287392628657,,,,,
RE:ACHN,100,7,random,1.3884567531876315,,,,,
RE:ACHN,100,8,random,1.4126373493499602,,,,,
RE:ACHN,100,9,random,1.4026440898199015,,,,,
RE:ACHN,100,10,random,1.4096229589368796,,,,,
RE:ACHN,100,0,geometry_aware,1.1068784314770361,,,,,
RE:ACHN,100,-1,summary,,1.1068784314770361,1.3959574002829243,0.2890789688058881,10.0,7.0
RE:ACHN,200,1,random,1.4117262533564547,,,,,
RE:ACHN,200,2,random,1.3851745324186566,,,,,
RE:ACHN,200,3,random,1.3665359649196622,,,,,
RE:ACHN,200,4,random,1.4067158136761413,,,,,
RE:ACHN,200,5,random,1.3998862066369935,,,,,
RE:ACHN,200,6,random,1.4031962099339876,,,,,
RE:ACHN,200,7,random,1.4045788481937267,,,,,
RE:ACHN,200,8,random,1.3964798129948865,,,,,
RE:ACHN,200,9,random,1.4071015646922098,,,,,
RE:ACHN,200,10,random,1.4124798716253764,,,,,
RE:ACHN,200,0,geometry_aware,1.0284801060783642,,,,,
RE:ACHN,200,-1,summary,,1.0284801060783642,1.3993875078448095,0.3709074017664453,10.0,7.0
RE:ACHN,500,1,random,1.4095295224004527,,,,,
RE:ACHN,500,2,random,1.4091183258015896,,,,,
RE:ACHN,500,3,random,1.4103099824844507,,,,,
RE:ACHN,500,4,random,1.4139277059244078,,,,,
RE:ACHN,500,5,random,1.4116796366302486,,,,,
RE:ACHN,500,6,random,1.4090805310522645,,,,,
RE:ACHN,500,7,random,1.4127442072495606,,,,,
RE:ACHN,500,8,random,1.4072348557730876,,,,,
RE:ACHN,500,9,random,1.4141458279596515,,,,,
RE:ACHN,500,10,random,1.4138930661876703,,,,,
RE:ACHN,500,0,geometry_aware,1.0174347913472999,,,,,
RE:ACHN,500,-1,summary,,1.0174347913472999,1.4111663661463383,0.3937315747990384,10.0,7.0
RE:CAKI-1,50,1,random,1.2189014803037248,,,,,
RE:CAKI-1,50,2,random,1.2868271540789948,,,,,
RE:CAKI-1,50,3,random,1.2737229720875243,,,,,
RE:CAKI-1,50,4,random,1.3597825453527033,,,,,
RE:CAKI-1,50,5,random,1.3185478674083306,,,,,
RE:CAKI-1,50,6,random,1.2628602535512663,,,,,
RE:CAKI-1,50,7,random,1.3265738577401813,,,,,
RE:CAKI-1,50,8,random,1.2437860220545942,,,,,
RE:CAKI-1,50,9,random,1.2214214451082315,,,,,
RE:CAKI-1,50,10,random,1.2825028372926022,,,,,
RE:CAKI-1,50,0,geometry_aware,1.1092041841155542,,,,,
RE:CAKI-1,50,-1,summary,,1.1092041841155542,1.2794926434978153,0.17028845938226111,10.0,15.0
RE:CAKI-1,100,1,random,1.4059889156937497,,,,,
RE:CAKI-1,100,2,random,1.4004136247764152,,,,,
RE:CAKI-1,100,3,random,1.3843121163285563,,,,,
RE:CAKI-1,100,4,random,1.4064560266424113,,,,,
RE:CAKI-1,100,5,random,1.3582830210558472,,,,,
RE:CAKI-1,100,6,random,1.3938643238031274,,,,,
RE:CAKI-1,100,7,random,1.3562065191684138,,,,,
RE:CAKI-1,100,8,random,1.3483954962749911,,,,,
RE:CAKI-1,100,9,random,1.4127380839832049,,,,,
RE:CAKI-1,100,10,random,1.3640363897789782,,,,,
RE:CAKI-1,100,0,geometry_aware,1.0046034138075457,,,,,
RE:CAKI-1,100,-1,summary,,1.0046034138075457,1.3830694517505697,0.378466037943024,10.0,15.0
RE:CAKI-1,200,1,random,1.403398114654156,,,,,
RE:CAKI-1,200,2,random,1.3905525107576606,,,,,
RE:CAKI-1,200,3,random,1.4109168374363588,,,,,
RE:CAKI-1,200,4,random,1.3837412843878787,,,,,
RE:CAKI-1,200,5,random,1.4093564003029895,,,,,
RE:CAKI-1,200,6,random,1.370031587958298,,,,,
RE:CAKI-1,200,7,random,1.3552803895205092,,,,,
RE:CAKI-1,200,8,random,1.3982590391470466,,,,,
RE:CAKI-1,200,9,random,1.400408790863313,,,,,
RE:CAKI-1,200,10,random,1.3977534398587743,,,,,
RE:CAKI-1,200,0,geometry_aware,0.9628201999482794,,,,,
RE:CAKI-1,200,-1,summary,,0.9628201999482794,1.3919698394886986,0.4291496395404192,10.0,15.0
RE:CAKI-1,500,1,random,1.412023516640799,,,,,
RE:CAKI-1,500,2,random,1.4118551288493026,,,,,
RE:CAKI-1,500,3,random,1.4138269585386853,,,,,
RE:CAKI-1,500,4,random,1.3895183657807741,,,,,
RE:CAKI-1,500,5,random,1.412752952197586,,,,,
RE:CAKI-1,500,6,random,1.3715101408607897,,,,,
RE:CAKI-1,500,7,random,1.413858165117291,,,,,
RE:CAKI-1,500,8,random,1.3593307430588475,,,,,
RE:CAKI-1,500,9,random,1.4125576186489248,,,,,
RE:CAKI-1,500,10,random,1.3693294128226048,,,,,
RE:CAKI-1,500,0,geometry_aware,0.8372590108280803,,,,,
RE:CAKI-1,500,-1,summary,,0.8372590108280803,1.3966563002515606,0.5593972894234803,10.0,15.0
RE:RXF 393,50,1,random,1.2241784967677862,,,,,
RE:RXF 393,50,2,random,1.2578521247026389,,,,,
RE:RXF 393,50,3,random,1.2000709345903215,,,,,
RE:RXF 393,50,4,random,1.3621250249568568,,,,,
RE:RXF 393,50,5,random,1.2521514631468729,,,,,
RE:RXF 393,50,6,random,1.2290405639875994,,,,,
RE:RXF 393,50,7,random,1.3220442419565626,,,,,
RE:RXF 393,50,8,random,1.2390219412372108,,,,,
RE:RXF 393,50,9,random,1.2886004079803246,,,,,
RE:RXF 393,50,10,random,1.3473550559430258,,,,,
RE:RXF 393,50,0,geometry_aware,1.0462820840310796,,,,,
RE:RXF 393,50,-1,summary,,1.0462820840310796,1.27224402552692,0.22596194149584048,10.0,4.0
RE:RXF 393,100,1,random,1.3946298680234028,,,,,
RE:RXF 393,100,2,random,1.346914781543238,,,,,
RE:RXF 393,100,3,random,1.2940610247632287,,,,,
RE:RXF 393,100,4,random,1.327758681703278,,,,,
RE:RXF 393,100,5,random,1.3502227338874953,,,,,
RE:RXF 393,100,6,random,1.337362920285928,,,,,
RE:RXF 393,100,7,random,1.2938636266773134,,,,,
RE:RXF 393,100,8,random,1.344756649755827,,,,,
RE:RXF 393,100,9,random,1.3508598214478762,,,,,
RE:RXF 393,100,10,random,1.2894299471753174,,,,,
RE:RXF 393,100,0,geometry_aware,1.2056125777136628,,,,,
RE:RXF 393,100,-1,summary,,1.2056125777136628,1.3329860055262905,0.12737342781262773,10.0,4.0
RE:RXF 393,200,1,random,1.3871330355718028,,,,,
RE:RXF 393,200,2,random,1.383626363895047,,,,,
RE:RXF 393,200,3,random,1.364843326388118,,,,,
RE:RXF 393,200,4,random,1.4098531409890636,,,,,
RE:RXF 393,200,5,random,1.3451889252476572,,,,,
RE:RXF 393,200,6,random,1.407581263554918,,,,,
RE:RXF 393,200,7,random,1.3890749399870854,,,,,
RE:RXF 393,200,8,random,1.4055891352412577,,,,,
RE:RXF 393,200,9,random,1.4141385266593673,,,,,
RE:RXF 393,200,10,random,1.368963069184639,,,,,
RE:RXF 393,200,0,geometry_aware,1.2252700913171084,,,,,
RE:RXF 393,200,-1,summary,,1.2252700913171084,1.3875991726718957,0.1623290813547873,10.0,4.0
RE:RXF 393,500,1,random,1.412737772086898,,,,,
RE:RXF 393,500,2,random,1.4025545731342912,,,,,
RE:RXF 393,500,3,random,1.411787383072347,,,,,
RE:RXF 393,500,4,random,1.4114987777083732,,,,,
RE:RXF 393,500,5,random,1.402490816689898,,,,,
RE:RXF 393,500,6,random,1.4113850103873558,,,,,
RE:RXF 393,500,7,random,1.4132598656200845,,,,,
RE:RXF 393,500,8,random,1.4142121128956369,,,,,
RE:RXF 393,500,9,random,1.4022087798076555,,,,,
RE:RXF 393,500,10,random,1.40209570879935,,,,,
RE:RXF 393,500,0,geometry_aware,1.1872467991339928,,,,,
RE:RXF 393,500,-1,summary,,1.1872467991339928,1.4084230800201891,0.22117628088619634,10.0,4.0
RE:SN12C,50,1,random,1.2822624052000355,,,,,
RE:SN12C,50,2,random,1.3366042721689282,,,,,
RE:SN12C,50,3,random,1.3310540693343058,,,,,
RE:SN12C,50,4,random,1.1853378415055373,,,,,
RE:SN12C,50,5,random,1.2794735572751659,,,,,
RE:SN12C,50,6,random,1.2743086718105754,,,,,
RE:SN12C,50,7,random,1.2887011098712056,,,,,
RE:SN12C,50,8,random,1.2518271799294864,,,,,
RE:SN12C,50,9,random,1.252668861579353,,,,,
RE:SN12C,50,10,random,1.2522754344546339,,,,,
RE:SN12C,50,0,geometry_aware,1.1083483322861354,,,,,
RE:SN12C,50,-1,summary,,1.1083483322861354,1.2734513403129228,0.16510300802678746,10.0,22.0
RE:SN12C,100,1,random,1.3588546219512017,,,,,
RE:SN12C,100,2,random,1.3458190360258981,,,,,
RE:SN12C,100,3,random,1.391856306579796,,,,,
RE:SN12C,100,4,random,1.4120963212926914,,,,,
RE:SN12C,100,5,random,1.402106330283571,,,,,
RE:SN12C,100,6,random,1.3689117022560724,,,,,
RE:SN12C,100,7,random,1.388279336962853,,,,,
RE:SN12C,100,8,random,1.2416123354385673,,,,,
RE:SN12C,100,9,random,1.3346025751509585,,,,,
RE:SN12C,100,10,random,1.3705873717632984,,,,,
RE:SN12C,100,0,geometry_aware,0.9852991318365513,,,,,
RE:SN12C,100,-1,summary,,0.9852991318365513,1.3614725937704908,0.3761734619339395,10.0,22.0
RE:SN12C,200,1,random,1.3945568915617128,,,,,
RE:SN12C,200,2,random,1.4024364088996455,,,,,
RE:SN12C,200,3,random,1.4095339643753688,,,,,
RE:SN12C,200,4,random,1.3523437529620266,,,,,
RE:SN12C,200,5,random,1.394918451564873,,,,,
RE:SN12C,200,6,random,1.3951012842368933,,,,,
RE:SN12C,200,7,random,1.4069018611543662,,,,,
RE:SN12C,200,8,random,1.389970927290777,,,,,
RE:SN12C,200,9,random,1.3954365537897462,,,,,
RE:SN12C,200,10,random,1.323927036841293,,,,,
RE:SN12C,200,0,geometry_aware,0.9627649252148549,,,,,
RE:SN12C,200,-1,summary,,0.9627649252148549,1.3865127132676704,0.42374778805281554,10.0,22.0
RE:SN12C,500,1,random,1.409541626587708,,,,,
RE:SN12C,500,2,random,1.3038972073961355,,,,,
RE:SN12C,500,3,random,1.3492057083106792,,,,,
RE:SN12C,500,4,random,1.4115792438435395,,,,,
RE:SN12C,500,5,random,1.411225948968042,,,,,
RE:SN12C,500,6,random,1.3987776521919422,,,,,
RE:SN12C,500,7,random,1.413873839786748,,,,,
RE:SN12C,500,8,random,1.4122070337634252,,,,,
RE:SN12C,500,9,random,1.4113435246681805,,,,,
RE:SN12C,500,10,random,1.413729876876675,,,,,
RE:SN12C,500,0,geometry_aware,0.9375797524570386,,,,,
RE:SN12C,500,-1,summary,,0.9375797524570386,1.3935381662393076,0.455958413782269,10.0,22.0
RE:TK-10,50,1,random,1.2946039237613403,,,,,
RE:TK-10,50,2,random,1.3760947129338372,,,,,
RE:TK-10,50,3,random,1.2937004466616022,,,,,
RE:TK-10,50,4,random,1.2842412421964744,,,,,
RE:TK-10,50,5,random,1.3151356227517066,,,,,
RE:TK-10,50,6,random,1.3394714187778338,,,,,
RE:TK-10,50,7,random,1.3481080561227836,,,,,
RE:TK-10,50,8,random,1.2720811071379121,,,,,
RE:TK-10,50,9,random,1.2610617429120414,,,,,
RE:TK-10,50,10,random,1.1858806516723055,,,,,
RE:TK-10,50,0,geometry_aware,1.1091623722556536,,,,,
RE:TK-10,50,-1,summary,,1.1091623722556536,1.2970378924927837,0.18787552023713006,10.0,22.0
RE:TK-10,100,1,random,1.3008153165477416,,,,,
RE:TK-10,100,2,random,1.3318633339325112,,,,,
RE:TK-10,100,3,random,1.3950495407822063,,,,,
RE:TK-10,100,4,random,1.3944915759983534,,,,,
RE:TK-10,100,5,random,1.375595413803771,,,,,
RE:TK-10,100,6,random,1.380529519447571,,,,,
RE:TK-10,100,7,random,1.3959602237184674,,,,,
RE:TK-10,100,8,random,1.327717196553861,,,,,
RE:TK-10,100,9,random,1.3331358083176996,,,,,
RE:TK-10,100,10,random,1.4109077187291381,,,,,
RE:TK-10,100,0,geometry_aware,0.9880131376299812,,,,,
RE:TK-10,100,-1,summary,,0.9880131376299812,1.364606564783132,0.3765934271531508,10.0,22.0
RE:TK-10,200,1,random,1.3947645424247286,,,,,
RE:TK-10,200,2,random,1.4106288799776188,,,,,
RE:TK-10,200,3,random,1.399934736455416,,,,,
RE:TK-10,200,4,random,1.4043453893179363,,,,,
RE:TK-10,200,5,random,1.407526940756631,,,,,
RE:TK-10,200,6,random,1.3515553099634592,,,,,
RE:TK-10,200,7,random,1.3708555246114482,,,,,
RE:TK-10,200,8,random,1.4122263066114293,,,,,
RE:TK-10,200,9,random,1.4076870553468797,,,,,
RE:TK-10,200,10,random,1.3628260427692247,,,,,
RE:TK-10,200,0,geometry_aware,0.9623620551905439,,,,,
RE:TK-10,200,-1,summary,,0.9623620551905439,1.3922350728234771,0.4298730176329333,10.0,22.0
RE:TK-10,500,1,random,1.4110444373311253,,,,,
RE:TK-10,500,2,random,1.4011174342184665,,,,,
RE:TK-10,500,3,random,1.4121587301598968,,,,,
RE:TK-10,500,4,random,1.3875652485328858,,,,,
RE:TK-10,500,5,random,1.383038813915567,,,,,
RE:TK-10,500,6,random,1.410592212313092,,,,,
RE:TK-10,500,7,random,1.4104405875555124,,,,,
RE:TK-10,500,8,random,1.413902476566429,,,,,
RE:TK-10,500,9,random,1.4125530812459755,,,,,
RE:TK-10,500,10,random,1.4133410594938403,,,,,
RE:TK-10,500,0,geometry_aware,0.8374208742994342,,,,,
RE:TK-10,500,-1,summary,,0.8374208742994342,1.405575408133279,0.5681545338338447,10.0,22.0
RE:UO-31,50,1,random,1.3093723788743115,,,,,
RE:UO-31,50,2,random,1.3068548198783128,,,,,
RE:UO-31,50,3,random,1.3280415441435987,,,,,
RE:UO-31,50,4,random,1.312017792035328,,,,,
RE:UO-31,50,5,random,1.1760937212667513,,,,,
RE:UO-31,50,6,random,1.0663715335025035,,,,,
RE:UO-31,50,7,random,1.2872612230018676,,,,,
RE:UO-31,50,8,random,1.2437341470914398,,,,,
RE:UO-31,50,9,random,1.3420079578573205,,,,,
RE:UO-31,50,10,random,1.2784739174356068,,,,,
RE:UO-31,50,0,geometry_aware,1.1097038870919131,,,,,
RE:UO-31,50,-1,summary,,1.1097038870919131,1.265022903508704,0.1553190164167908,10.0,22.0
RE:UO-31,100,1,random,1.2721033481594692,,,,,
RE:UO-31,100,2,random,1.345240544355067,,,,,
RE:UO-31,100,3,random,1.3885730709178017,,,,,
RE:UO-31,100,4,random,1.3992269598364788,,,,,
RE:UO-31,100,5,random,1.3370801271575947,,,,,
RE:UO-31,100,6,random,1.3734875767281456,,,,,
RE:UO-31,100,7,random,1.3787508523750187,,,,,
RE:UO-31,100,8,random,1.388016631276098,,,,,
RE:UO-31,100,9,random,1.2921256731606132,,,,,
RE:UO-31,100,10,random,1.297079330350747,,,,,
RE:UO-31,100,0,geometry_aware,0.9901719053034029,,,,,
RE:UO-31,100,-1,summary,,0.9901719053034029,1.3471684114317035,0.3569965061283006,10.0,22.0
RE:UO-31,200,1,random,1.412162691623498,,,,,
RE:UO-31,200,2,random,1.3901138086014673,,,,,
RE:UO-31,200,3,random,1.3689202224181187,,,,,
RE:UO-31,200,4,random,1.356412594350642,,,,,
RE:UO-31,200,5,random,1.3361435297524218,,,,,
RE:UO-31,200,6,random,1.4091322072659258,,,,,
RE:UO-31,200,7,random,1.346292232037929,,,,,
RE:UO-31,200,8,random,1.4103533864990643,,,,,
RE:UO-31,200,9,random,1.4053556396053104,,,,,
RE:UO-31,200,10,random,1.4111300770718262,,,,,
RE:UO-31,200,0,geometry_aware,0.9635983486072877,,,,,
RE:UO-31,200,-1,summary,,0.9635983486072877,1.3846016389226206,0.4210032903153329,10.0,22.0
RE:UO-31,500,1,random,1.4116148313874275,,,,,
RE:UO-31,500,2,random,1.4117167090114344,,,,,
RE:UO-31,500,3,random,1.40906653254763,,,,,
RE:UO-31,500,4,random,1.4100979181237596,,,,,
RE:UO-31,500,5,random,1.4000864244781677,,,,,
RE:UO-31,500,6,random,1.4138526790391188,,,,,
RE:UO-31,500,7,random,1.4140012316250197,,,,,
RE:UO-31,500,8,random,1.4092376398535233,,,,,
RE:UO-31,500,9,random,1.409265906719798,,,,,
RE:UO-31,500,10,random,1.4130247288214088,,,,,
RE:UO-31,500,0,geometry_aware,0.8381531215156501,,,,,
RE:UO-31,500,-1,summary,,0.8381531215156501,1.4101964601607286,0.5720433386450785,10.0,22.0
